PatientID,BodyType,SliceIndex,LowDosePath,Threshold_HU,NumPixels,CorrectionAt130_HU,CorrectionSupportAt130_Count,FlipUp_Count,FlipUp_MeanDistance_HU,FlipUp_Within1HU_pct,FlipUp_Within2HU_pct,FlipUp_Within5HU_pct,FlipUp_Within10HU_pct,FlipUp_Within20HU_pct,FlipDown_Count,FlipDown_MeanDistance_HU,FlipDown_Within1HU_pct,FlipDown_Within2HU_pct,FlipDown_Within5HU_pct,FlipDown_Within10HU_pct,FlipDown_Within20HU_pct,NewDisagree_Count,NewDisagree_MeanDistance_HU,NewDisagree_Within1HU_pct,NewDisagree_Within2HU_pct,NewDisagree_Within5HU_pct,NewDisagree_Within10HU_pct,NewDisagree_Within20HU_pct,ResolvedDisagree_Count,ResolvedDisagree_MeanDistance_HU,ResolvedDisagree_Within1HU_pct,ResolvedDisagree_Within2HU_pct,ResolvedDisagree_Within5HU_pct,ResolvedDisagree_Within10HU_pct,ResolvedDisagree_Within20HU_pct
C121,Chest,0,test/C121/Low_Dose/00000152.dcm,130.0,262144,0.0,110,0,,,,,,,0,,,,,,,0,,,,,,,0,,,,,,
C121,Chest,1,test/C121/Low_Dose/00000312.dcm,130.0,262144,0.0,83,0,,,,,,,0,,,,,,,0,,,,,,,0,,,,,,
C121,Chest,2,test/C121/Low_Dose/00000246.dcm,130.0,262144,0.0,96,0,,,,,,,0,,,,,,,0,,,,,,,0,,,,,,
C121,Chest,3,test/C121/Low_Dose/00000259.dcm,130.0,262144,0.0,83,0,,,,,,,0,,,,,,,0,,,,,,,0,,,,,,
C121,Chest,4,test/C121/Low_Dose/00000378.dcm,130.0,262144,0.0,78,0,,,,,,,0,,,,,,,0,,,,,,,0,,,,,,
C121,Chest,5,test/C121/Low_Dose/00000209.dcm,130.0,262144,0.0,73,0,,,,,,,0,,,,,,,0,,,,,,,0,,,,,,
C121,Chest,6,test/C121/Low_Dose/00000315.dcm,130.0,262144,0.0,78,0,,,,,,,0,,,,,,,0,,,,,,,0,,,,,,
C121,Chest,7,test/C121/Low_Dose/00000148.dcm,130.0,262144,0.0,75,0,,,,,,,0,,,,,,,0,,,,,,,0,,,,,,
C121,Chest,8,test/C121/Low_Dose/00000217.dcm,130.0,262144,0.0,81,0,,,,,,,0,,,,,,,0,,,,,,,0,,,,,,
C121,Chest,9,test/C121/Low_Dose/00000147.dcm,130.0,262144,0.0,54,0,,,,,,,0,,,,,,,0,,,,,,,0,,,,,,
C121,Chest,10,test/C121/Low_Dose/00000092.dcm,130.0,262144,0.0,52,0,,,,,,,0,,,,,,,0,,,,,,,0,,,,,,
C121,Chest,11,test/C121/Low_Dose/00000255.dcm,130.0,262144,0.0,60,0,,,,,,,0,,,,,,,0,,,,,,,0,,,,,,
C121,Chest,12,test/C121/Low_Dose/00000304.dcm,130.0,262144,0.0,42,0,,,,,,,0,,,,,,,0,,,,,,,0,,,,,,
C121,Chest,13,test/C121/Low_Dose/00000019.dcm,130.0,262144,0.0,72,0,,,,,,,0,,,,,,,0,,,,,,,0,,,,,,
C121,Chest,14,test/C121/Low_Dose/00000351.dcm,130.0,262144,0.0,65,0,,,,,,,0,,,,,,,0,,,,,,,0,,,,,,
C121,Chest,15,test/C121/Low_Dose/00000107.dcm,130.0,262144,0.0,49,0,,,,,,,0,,,,,,,0,,,,,,,0,,,,,,
C121,Chest,16,test/C121/Low_Dose/00000257.dcm,130.0,262144,0.0,58,0,,,,,,,0,,,,,,,0,,,,,,,0,,,,,,
C121,Chest,17,test/C121/Low_Dose/00000192.dcm,130.0,262144,0.0,40,0,,,,,,,0,,,,,,,0,,,,,,,0,,,,,,
C121,Chest,18,test/C121/Low_Dose/00000367.dcm,130.0,262144,0.0,56,0,,,,,,,0,,,,,,,0,,,,,,,0,,,,,,
C121,Chest,19,test/C121/Low_Dose/00000278.dcm,130.0,262144,0.0,39,0,,,,,,,0,,,,,,,0,,,,,,,0,,,,,,
C121,Chest,20,test/C121/Low_Dose/00000356.dcm,130.0,262144,0.0,56,0,,,,,,,0,,,,,,,0,,,,,,,0,,,,,,
C121,Chest,21,test/C121/Low_Dose/00000219.dcm,130.0,262144,0.0,41,0,,,,,,,0,,,,,,,0,,,,,,,0,,,,,,
C121,Chest,22,test/C121/Low_Dose/00000206.dcm,130.0,262144,0.0,51,0,,,,,,,0,,,,,,,0,,,,,,,0,,,,,,
C121,Chest,23,test/C121/Low_Dose/00000082.dcm,130.0,262144,0.0,38,0,,,,,,,0,,,,,,,0,,,,,,,0,,,,,,
C121,Chest,24,test/C121/Low_Dose/00000006.dcm,130.0,262144,0.0,43,0,,,,,,,0,,,,,,,0,,,,,,,0,,,,,,
C121,Chest,25,test/C121/Low_Dose/00000142.dcm,130.0,262144,0.0,46,0,,,,,,,0,,,,,,,0,,,,,,,0,,,,,,
C121,Chest,26,test/C121/Low_Dose/00000040.dcm,130.0,262144,0.0,36,0,,,,,,,0,,,,,,,0,,,,,,,0,,,,,,
C121,Chest,27,test/C121/Low_Dose/00000205.dcm,130.0,262144,0.0,51,0,,,,,,,0,,,,,,,0,,,,,,,0,,,,,,
C121,Chest,28,test/C121/Low_Dose/00000099.dcm,130.0,262144,0.0,58,0,,,,,,,0,,,,,,,0,,,,,,,0,,,,,,
C121,Chest,29,test/C121/Low_Dose/00000187.dcm,130.0,262144,0.0,45,0,,,,,,,0,,,,,,,0,,,,,,,0,,,,,,
C121,Chest,30,test/C121/Low_Dose/00000349.dcm,130.0,262144,0.0,51,0,,,,,,,0,,,,,,,0,,,,,,,0,,,,,,
C121,Chest,31,test/C121/Low_Dose/00000256.dcm,130.0,262144,0.0,43,0,,,,,,,0,,,,,,,0,,,,,,,0,,,,,,
C121,Chest,32,test/C121/Low_Dose/00000355.dcm,130.0,262144,0.0,50,0,,,,,,,0,,,,,,,0,,,,,,,0,,,,,,
C121,Chest,33,test/C121/Low_Dose/00000173.dcm,130.0,262144,0.0,37,0,,,,,,,0,,,,,,,0,,,,,,,0,,,,,,
C121,Chest,34,test/C121/Low_Dose/00000373.dcm,130.0,262144,0.0,55,0,,,,,,,0,,,,,,,0,,,,,,,0,,,,,,
C121,Chest,35,test/C121/Low_Dose/00000065.dcm,130.0,262144,0.0,37,0,,,,,,,0,,,,,,,0,,,,,,,0,,,,,,
C121,Chest,36,test/C121/Low_Dose/00000249.dcm,130.0,262144,0.0,35,0,,,,,,,0,,,,,,,0,,,,,,,0,,,,,,
C121,Chest,37,test/C121/Low_Dose/00000268.dcm,130.0,262144,0.0,42,0,,,,,,,0,,,,,,,0,,,,,,,0,,,,,,
C121,Chest,38,test/C121/Low_Dose/00000392.dcm,130.0,262144,0.0,34,0,,,,,,,0,,,,,,,0,,,,,,,0,,,,,,
C121,Chest,39,test/C121/Low_Dose/00000170.dcm,130.0,262144,0.0,30,0,,,,,,,0,,,,,,,0,,,,,,,0,,,,,,
C121,Chest,40,test/C121/Low_Dose/00000145.dcm,130.0,262144,0.0,49,0,,,,,,,0,,,,,,,0,,,,,,,0,,,,,,
C121,Chest,41,test/C121/Low_Dose/00000160.dcm,130.0,262144,0.0,32,0,,,,,,,0,,,,,,,0,,,,,,,0,,,,,,
C121,Chest,42,test/C121/Low_Dose/00000322.dcm,130.0,262144,0.0,38,0,,,,,,,0,,,,,,,0,,,,,,,0,,,,,,
C121,Chest,43,test/C121/Low_Dose/00000200.dcm,130.0,262144,0.0,42,0,,,,,,,0,,,,,,,0,,,,,,,0,,,,,,
C121,Chest,44,test/C121/Low_Dose/00000108.dcm,130.0,262144,0.0,40,0,,,,,,,0,,,,,,,0,,,,,,,0,,,,,,
C121,Chest,45,test/C121/Low_Dose/00000352.dcm,130.0,262144,0.0,39,0,,,,,,,0,,,,,,,0,,,,,,,0,,,,,,
C121,Chest,46,test/C121/Low_Dose/00000120.dcm,130.0,262144,0.0,25,0,,,,,,,0,,,,,,,0,,,,,,,0,,,,,,
C121,Chest,47,test/C121/Low_Dose/00000261.dcm,130.0,262144,0.0,41,0,,,,,,,0,,,,,,,0,,,,,,,0,,,,,,
C121,Chest,48,test/C121/Low_Dose/00000081.dcm,130.0,262144,0.0,37,0,,,,,,,0,,,,,,,0,,,,,,,0,,,,,,
C121,Chest,49,test/C121/Low_Dose/00000084.dcm,130.0,262144,0.0,41,0,,,,,,,0,,,,,,,0,,,,,,,0,,,,,,
C121,Chest,50,test/C121/Low_Dose/00000188.dcm,130.0,262144,0.0,41,0,,,,,,,0,,,,,,,0,,,,,,,0,,,,,,
C121,Chest,51,test/C121/Low_Dose/00000234.dcm,130.0,262144,0.0,48,0,,,,,,,0,,,,,,,0,,,,,,,0,,,,,,
C121,Chest,52,test/C121/Low_Dose/00000267.dcm,130.0,262144,0.0,49,0,,,,,,,0,,,,,,,0,,,,,,,0,,,,,,
C121,Chest,53,test/C121/Low_Dose/00000061.dcm,130.0,262144,0.0,50,0,,,,,,,0,,,,,,,0,,,,,,,0,,,,,,
C121,Chest,54,test/C121/Low_Dose/00000339.dcm,130.0,262144,0.0,32,0,,,,,,,0,,,,,,,0,,,,,,,0,,,,,,
C121,Chest,55,test/C121/Low_Dose/00000382.dcm,130.0,262144,0.0,45,0,,,,,,,0,,,,,,,0,,,,,,,0,,,,,,
C121,Chest,56,test/C121/Low_Dose/00000175.dcm,130.0,262144,0.0,37,0,,,,,,,0,,,,,,,0,,,,,,,0,,,,,,
C121,Chest,57,test/C121/Low_Dose/00000282.dcm,130.0,262144,0.0,35,0,,,,,,,0,,,,,,,0,,,,,,,0,,,,,,
C121,Chest,58,test/C121/Low_Dose/00000306.dcm,130.0,262144,0.0,40,0,,,,,,,0,,,,,,,0,,,,,,,0,,,,,,
C121,Chest,59,test/C121/Low_Dose/00000041.dcm,130.0,262144,0.0,30,0,,,,,,,0,,,,,,,0,,,,,,,0,,,,,,
C121,Chest,60,test/C121/Low_Dose/00000028.dcm,130.0,262144,0.0,24,0,,,,,,,0,,,,,,,0,,,,,,,0,,,,,,
C121,Chest,61,test/C121/Low_Dose/00000216.dcm,130.0,262144,0.0,54,0,,,,,,,0,,,,,,,0,,,,,,,0,,,,,,
C121,Chest,62,test/C121/Low_Dose/00000243.dcm,130.0,262144,0.0,39,0,,,,,,,0,,,,,,,0,,,,,,,0,,,,,,
C121,Chest,63,test/C121/Low_Dose/00000307.dcm,130.0,262144,0.0,30,0,,,,,,,0,,,,,,,0,,,,,,,0,,,,,,
C121,Chest,64,test/C121/Low_Dose/00000253.dcm,130.0,262144,0.0,26,0,,,,,,,0,,,,,,,0,,,,,,,0,,,,,,
C121,Chest,65,test/C121/Low_Dose/00000327.dcm,130.0,262144,0.0,32,0,,,,,,,0,,,,,,,0,,,,,,,0,,,,,,
C121,Chest,66,test/C121/Low_Dose/00000183.dcm,130.0,262144,0.0,39,0,,,,,,,0,,,,,,,0,,,,,,,0,,,,,,
C121,Chest,67,test/C121/Low_Dose/00000258.dcm,130.0,262144,0.0,29,0,,,,,,,0,,,,,,,0,,,,,,,0,,,,,,
C121,Chest,68,test/C121/Low_Dose/00000004.dcm,130.0,262144,0.0,17,0,,,,,,,0,,,,,,,0,,,,,,,0,,,,,,
C121,Chest,69,test/C121/Low_Dose/00000134.dcm,130.0,262144,0.0,34,0,,,,,,,0,,,,,,,0,,,,,,,0,,,,,,
C121,Chest,70,test/C121/Low_Dose/00000325.dcm,130.0,262144,0.0,21,0,,,,,,,0,,,,,,,0,,,,,,,0,,,,,,
C121,Chest,71,test/C121/Low_Dose/00000136.dcm,130.0,262144,0.0,27,0,,,,,,,0,,,,,,,0,,,,,,,0,,,,,,
C121,Chest,72,test/C121/Low_Dose/00000045.dcm,130.0,262144,0.0,23,0,,,,,,,0,,,,,,,0,,,,,,,0,,,,,,
C121,Chest,73,test/C121/Low_Dose/00000298.dcm,130.0,262144,0.0,25,0,,,,,,,0,,,,,,,0,,,,,,,0,,,,,,
C121,Chest,74,test/C121/Low_Dose/00000103.dcm,130.0,262144,0.0,24,0,,,,,,,0,,,,,,,0,,,,,,,0,,,,,,
C121,Chest,75,test/C121/Low_Dose/00000080.dcm,130.0,262144,0.0,35,0,,,,,,,0,,,,,,,0,,,,,,,0,,,,,,
C121,Chest,76,test/C121/Low_Dose/00000124.dcm,130.0,262144,0.0,20,0,,,,,,,0,,,,,,,0,,,,,,,0,,,,,,
C121,Chest,77,test/C121/Low_Dose/00000330.dcm,130.0,262144,0.0,27,0,,,,,,,0,,,,,,,0,,,,,,,0,,,,,,
C121,Chest,78,test/C121/Low_Dose/00000346.dcm,130.0,262144,0.0,37,0,,,,,,,0,,,,,,,0,,,,,,,0,,,,,,
C121,Chest,79,test/C121/Low_Dose/00000317.dcm,130.0,262144,0.0,31,0,,,,,,,0,,,,,,,0,,,,,,,0,,,,,,
C121,Chest,80,test/C121/Low_Dose/00000154.dcm,130.0,262144,0.0,26,0,,,,,,,0,,,,,,,0,,,,,,,0,,,,,,
C121,Chest,81,test/C121/Low_Dose/00000287.dcm,130.0,262144,0.0,34,0,,,,,,,0,,,,,,,0,,,,,,,0,,,,,,
C121,Chest,82,test/C121/Low_Dose/00000158.dcm,130.0,262144,0.0,36,0,,,,,,,0,,,,,,,0,,,,,,,0,,,,,,
C121,Chest,83,test/C121/Low_Dose/00000190.dcm,130.0,262144,0.0,35,0,,,,,,,0,,,,,,,0,,,,,,,0,,,,,,
C121,Chest,84,test/C121/Low_Dose/00000319.dcm,130.0,262144,0.0,43,0,,,,,,,0,,,,,,,0,,,,,,,0,,,,,,
C121,Chest,85,test/C121/Low_Dose/00000139.dcm,130.0,262144,0.0,52,0,,,,,,,0,,,,,,,0,,,,,,,0,,,,,,
C121,Chest,86,test/C121/Low_Dose/00000043.dcm,130.0,262144,0.0,51,0,,,,,,,0,,,,,,,0,,,,,,,0,,,,,,
C121,Chest,87,test/C121/Low_Dose/00000168.dcm,130.0,262144,0.0,40,0,,,,,,,0,,,,,,,0,,,,,,,0,,,,,,
C121,Chest,88,test/C121/Low_Dose/00000051.dcm,130.0,262144,0.0,52,0,,,,,,,0,,,,,,,0,,,,,,,0,,,,,,
C121,Chest,89,test/C121/Low_Dose/00000118.dcm,130.0,262144,0.0,37,0,,,,,,,0,,,,,,,0,,,,,,,0,,,,,,
C121,Chest,90,test/C121/Low_Dose/00000387.dcm,130.0,262144,0.0,45,0,,,,,,,0,,,,,,,0,,,,,,,0,,,,,,
C121,Chest,91,test/C121/Low_Dose/00000064.dcm,130.0,262144,0.0,44,0,,,,,,,0,,,,,,,0,,,,,,,0,,,,,,
C121,Chest,92,test/C121/Low_Dose/00000106.dcm,130.0,262144,0.0,34,0,,,,,,,0,,,,,,,0,,,,,,,0,,,,,,
C121,Chest,93,test/C121/Low_Dose/00000162.dcm,130.0,262144,0.0,42,0,,,,,,,0,,,,,,,0,,,,,,,0,,,,,,
C121,Chest,94,test/C121/Low_Dose/00000226.dcm,130.0,262144,0.0,32,0,,,,,,,0,,,,,,,0,,,,,,,0,,,,,,
C121,Chest,95,test/C121/Low_Dose/00000076.dcm,130.0,262144,0.0,24,0,,,,,,,0,,,,,,,0,,,,,,,0,,,,,,
C121,Chest,96,test/C121/Low_Dose/00000277.dcm,130.0,262144,0.0,40,0,,,,,,,0,,,,,,,0,,,,,,,0,,,,,,
C121,Chest,97,test/C121/Low_Dose/00000166.dcm,130.0,262144,0.0,27,0,,,,,,,0,,,,,,,0,,,,,,,0,,,,,,
C121,Chest,98,test/C121/Low_Dose/00000321.dcm,130.0,262144,0.0,36,0,,,,,,,0,,,,,,,0,,,,,,,0,,,,,,
C121,Chest,99,test/C121/Low_Dose/00000316.dcm,130.0,262144,0.0,27,0,,,,,,,0,,,,,,,0,,,,,,,0,,,,,,
C121,Chest,100,test/C121/Low_Dose/00000345.dcm,130.0,262144,0.0,24,0,,,,,,,0,,,,,,,0,,,,,,,0,,,,,,
C121,Chest,101,test/C121/Low_Dose/00000180.dcm,130.0,262144,0.0,24,0,,,,,,,0,,,,,,,0,,,,,,,0,,,,,,
C121,Chest,102,test/C121/Low_Dose/00000294.dcm,130.0,262144,0.0,29,0,,,,,,,0,,,,,,,0,,,,,,,0,,,,,,
C121,Chest,103,test/C121/Low_Dose/00000163.dcm,130.0,262144,0.0,24,0,,,,,,,0,,,,,,,0,,,,,,,0,,,,,,
C121,Chest,104,test/C121/Low_Dose/00000271.dcm,130.0,262144,0.0,22,0,,,,,,,0,,,,,,,0,,,,,,,0,,,,,,
C121,Chest,105,test/C121/Low_Dose/00000203.dcm,130.0,262144,0.0,27,0,,,,,,,0,,,,,,,0,,,,,,,0,,,,,,
C121,Chest,106,test/C121/Low_Dose/00000344.dcm,130.0,262144,0.0,18,0,,,,,,,0,,,,,,,0,,,,,,,0,,,,,,
C121,Chest,107,test/C121/Low_Dose/00000233.dcm,130.0,262144,0.0,27,0,,,,,,,0,,,,,,,0,,,,,,,0,,,,,,
C121,Chest,108,test/C121/Low_Dose/00000039.dcm,130.0,262144,0.0,33,0,,,,,,,0,,,,,,,0,,,,,,,0,,,,,,
C121,Chest,109,test/C121/Low_Dose/00000247.dcm,130.0,262144,0.0,32,0,,,,,,,0,,,,,,,0,,,,,,,0,,,,,,
C121,Chest,110,test/C121/Low_Dose/00000293.dcm,130.0,262144,0.0,33,0,,,,,,,0,,,,,,,0,,,,,,,0,,,,,,
C121,Chest,111,test/C121/Low_Dose/00000354.dcm,130.0,262144,0.0,32,0,,,,,,,0,,,,,,,0,,,,,,,0,,,,,,
C121,Chest,112,test/C121/Low_Dose/00000017.dcm,130.0,262144,0.0,39,0,,,,,,,0,,,,,,,0,,,,,,,0,,,,,,
C121,Chest,113,test/C121/Low_Dose/00000003.dcm,130.0,262144,0.0,32,0,,,,,,,0,,,,,,,0,,,,,,,0,,,,,,
C121,Chest,114,test/C121/Low_Dose/00000222.dcm,130.0,262144,0.0,57,0,,,,,,,0,,,,,,,0,,,,,,,0,,,,,,
C121,Chest,115,test/C121/Low_Dose/00000372.dcm,130.0,262144,0.0,42,0,,,,,,,0,,,,,,,0,,,,,,,0,,,,,,
C121,Chest,116,test/C121/Low_Dose/00000379.dcm,130.0,262144,0.0,53,0,,,,,,,0,,,,,,,0,,,,,,,0,,,,,,
C121,Chest,117,test/C121/Low_Dose/00000242.dcm,130.0,262144,0.0,35,0,,,,,,,0,,,,,,,0,,,,,,,0,,,,,,
C121,Chest,118,test/C121/Low_Dose/00000157.dcm,130.0,262144,0.0,48,0,,,,,,,0,,,,,,,0,,,,,,,0,,,,,,
C121,Chest,119,test/C121/Low_Dose/00000052.dcm,130.0,262144,0.0,39,0,,,,,,,0,,,,,,,0,,,,,,,0,,,,,,
C121,Chest,120,test/C121/Low_Dose/00000008.dcm,130.0,262144,0.0,36,0,,,,,,,0,,,,,,,0,,,,,,,0,,,,,,
C121,Chest,121,test/C121/Low_Dose/00000077.dcm,130.0,262144,0.0,45,0,,,,,,,0,,,,,,,0,,,,,,,0,,,,,,
C121,Chest,122,test/C121/Low_Dose/00000232.dcm,130.0,262144,0.0,31,0,,,,,,,0,,,,,,,0,,,,,,,0,,,,,,
C121,Chest,123,test/C121/Low_Dose/00000391.dcm,130.0,262144,0.0,32,0,,,,,,,0,,,,,,,0,,,,,,,0,,,,,,
C121,Chest,124,test/C121/Low_Dose/00000208.dcm,130.0,262144,0.0,32,0,,,,,,,0,,,,,,,0,,,,,,,0,,,,,,
C121,Chest,125,test/C121/Low_Dose/00000132.dcm,130.0,262144,0.0,29,0,,,,,,,0,,,,,,,0,,,,,,,0,,,,,,
C121,Chest,126,test/C121/Low_Dose/00000121.dcm,130.0,262144,0.0,32,0,,,,,,,0,,,,,,,0,,,,,,,0,,,,,,
C121,Chest,127,test/C121/Low_Dose/00000381.dcm,130.0,262144,0.0,19,0,,,,,,,0,,,,,,,0,,,,,,,0,,,,,,
C121,Chest,128,test/C121/Low_Dose/00000241.dcm,130.0,262144,0.0,37,0,,,,,,,0,,,,,,,0,,,,,,,0,,,,,,
C121,Chest,129,test/C121/Low_Dose/00000221.dcm,130.0,262144,0.0,27,0,,,,,,,0,,,,,,,0,,,,,,,0,,,,,,
C121,Chest,130,test/C121/Low_Dose/00000229.dcm,130.0,262144,0.0,27,0,,,,,,,0,,,,,,,0,,,,,,,0,,,,,,
C121,Chest,131,test/C121/Low_Dose/00000075.dcm,130.0,262144,0.0,34,0,,,,,,,0,,,,,,,0,,,,,,,0,,,,,,
C121,Chest,132,test/C121/Low_Dose/00000159.dcm,130.0,262144,0.0,29,0,,,,,,,0,,,,,,,0,,,,,,,0,,,,,,
C121,Chest,133,test/C121/Low_Dose/00000149.dcm,130.0,262144,0.0,28,0,,,,,,,0,,,,,,,0,,,,,,,0,,,,,,
C121,Chest,134,test/C121/Low_Dose/00000198.dcm,130.0,262144,0.0,30,0,,,,,,,0,,,,,,,0,,,,,,,0,,,,,,
C121,Chest,135,test/C121/Low_Dose/00000153.dcm,130.0,262144,0.0,28,0,,,,,,,0,,,,,,,0,,,,,,,0,,,,,,
C121,Chest,136,test/C121/Low_Dose/00000375.dcm,130.0,262144,0.0,39,0,,,,,,,0,,,,,,,0,,,,,,,0,,,,,,
C121,Chest,137,test/C121/Low_Dose/00000038.dcm,130.0,262144,0.0,37,0,,,,,,,0,,,,,,,0,,,,,,,0,,,,,,
C121,Chest,138,test/C121/Low_Dose/00000274.dcm,130.0,262144,0.0,49,0,,,,,,,0,,,,,,,0,,,,,,,0,,,,,,
C121,Chest,139,test/C121/Low_Dose/00000286.dcm,130.0,262144,0.0,42,0,,,,,,,0,,,,,,,0,,,,,,,0,,,,,,
C121,Chest,140,test/C121/Low_Dose/00000329.dcm,130.0,262144,0.0,20,0,,,,,,,0,,,,,,,0,,,,,,,0,,,,,,
C121,Chest,141,test/C121/Low_Dose/00000350.dcm,130.0,262144,0.0,28,0,,,,,,,0,,,,,,,0,,,,,,,0,,,,,,
C121,Chest,142,test/C121/Low_Dose/00000320.dcm,130.0,262144,0.0,30,0,,,,,,,0,,,,,,,0,,,,,,,0,,,,,,
C121,Chest,143,test/C121/Low_Dose/00000074.dcm,130.0,262144,0.0,31,0,,,,,,,0,,,,,,,0,,,,,,,0,,,,,,
C121,Chest,144,test/C121/Low_Dose/00000155.dcm,130.0,262144,0.0,37,0,,,,,,,0,,,,,,,0,,,,,,,0,,,,,,
C121,Chest,145,test/C121/Low_Dose/00000094.dcm,130.0,262144,0.0,38,0,,,,,,,0,,,,,,,0,,,,,,,0,,,,,,
C121,Chest,146,test/C121/Low_Dose/00000101.dcm,130.0,262144,0.0,42,0,,,,,,,0,,,,,,,0,,,,,,,0,,,,,,
C121,Chest,147,test/C121/Low_Dose/00000376.dcm,130.0,262144,0.0,45,0,,,,,,,0,,,,,,,0,,,,,,,0,,,,,,
C121,Chest,148,test/C121/Low_Dose/00000127.dcm,130.0,262144,0.0,38,0,,,,,,,0,,,,,,,0,,,,,,,0,,,,,,
C121,Chest,149,test/C121/Low_Dose/00000032.dcm,130.0,262144,0.0,33,0,,,,,,,0,,,,,,,0,,,,,,,0,,,,,,
C121,Chest,150,test/C121/Low_Dose/00000207.dcm,130.0,262144,0.0,37,0,,,,,,,0,,,,,,,0,,,,,,,0,,,,,,
C121,Chest,151,test/C121/Low_Dose/00000066.dcm,130.0,262144,0.0,26,0,,,,,,,0,,,,,,,0,,,,,,,0,,,,,,
C121,Chest,152,test/C121/Low_Dose/00000323.dcm,130.0,262144,0.0,26,0,,,,,,,0,,,,,,,0,,,,,,,0,,,,,,
C121,Chest,153,test/C121/Low_Dose/00000047.dcm,130.0,262144,0.0,29,0,,,,,,,0,,,,,,,0,,,,,,,0,,,,,,
C121,Chest,154,test/C121/Low_Dose/00000137.dcm,130.0,262144,0.0,33,0,,,,,,,0,,,,,,,0,,,,,,,0,,,,,,
C121,Chest,155,test/C121/Low_Dose/00000368.dcm,130.0,262144,0.0,34,0,,,,,,,0,,,,,,,0,,,,,,,0,,,,,,
C121,Chest,156,test/C121/Low_Dose/00000058.dcm,130.0,262144,0.0,33,0,,,,,,,0,,,,,,,0,,,,,,,0,,,,,,
C121,Chest,157,test/C121/Low_Dose/00000302.dcm,130.0,262144,0.0,37,0,,,,,,,0,,,,,,,0,,,,,,,0,,,,,,
C121,Chest,158,test/C121/Low_Dose/00000048.dcm,130.0,262144,0.0,34,0,,,,,,,0,,,,,,,0,,,,,,,0,,,,,,
C121,Chest,159,test/C121/Low_Dose/00000133.dcm,130.0,262144,0.0,25,0,,,,,,,0,,,,,,,0,,,,,,,0,,,,,,
C121,Chest,160,test/C121/Low_Dose/00000194.dcm,130.0,262144,0.0,34,0,,,,,,,0,,,,,,,0,,,,,,,0,,,,,,
C121,Chest,161,test/C121/Low_Dose/00000042.dcm,130.0,262144,0.0,21,0,,,,,,,0,,,,,,,0,,,,,,,0,,,,,,
C121,Chest,162,test/C121/Low_Dose/00000377.dcm,130.0,262144,0.0,27,0,,,,,,,0,,,,,,,0,,,,,,,0,,,,,,
C121,Chest,163,test/C121/Low_Dose/00000013.dcm,130.0,262144,0.0,57,0,,,,,,,0,,,,,,,0,,,,,,,0,,,,,,
C121,Chest,164,test/C121/Low_Dose/00000111.dcm,130.0,262144,0.0,51,0,,,,,,,0,,,,,,,0,,,,,,,0,,,,,,
C121,Chest,165,test/C121/Low_Dose/00000151.dcm,130.0,262144,0.0,37,0,,,,,,,0,,,,,,,0,,,,,,,0,,,,,,
C121,Chest,166,test/C121/Low_Dose/00000165.dcm,130.0,262144,0.0,27,0,,,,,,,0,,,,,,,0,,,,,,,0,,,,,,
C121,Chest,167,test/C121/Low_Dose/00000097.dcm,130.0,262144,0.0,29,0,,,,,,,0,,,,,,,0,,,,,,,0,,,,,,
C121,Chest,168,test/C121/Low_Dose/00000141.dcm,130.0,262144,0.0,24,0,,,,,,,0,,,,,,,0,,,,,,,0,,,,,,
C121,Chest,169,test/C121/Low_Dose/00000231.dcm,130.0,262144,0.0,40,0,,,,,,,0,,,,,,,0,,,,,,,0,,,,,,
C121,Chest,170,test/C121/Low_Dose/00000001.dcm,130.0,262144,0.0,35,0,,,,,,,0,,,,,,,0,,,,,,,0,,,,,,
C121,Chest,171,test/C121/Low_Dose/00000384.dcm,130.0,262144,0.0,36,0,,,,,,,0,,,,,,,0,,,,,,,0,,,,,,
C121,Chest,172,test/C121/Low_Dose/00000130.dcm,130.0,262144,0.0,35,0,,,,,,,0,,,,,,,0,,,,,,,0,,,,,,
C121,Chest,173,test/C121/Low_Dose/00000264.dcm,130.0,262144,0.0,30,0,,,,,,,0,,,,,,,0,,,,,,,0,,,,,,
C121,Chest,174,test/C121/Low_Dose/00000295.dcm,130.0,262144,0.0,40,0,,,,,,,0,,,,,,,0,,,,,,,0,,,,,,
C121,Chest,175,test/C121/Low_Dose/00000073.dcm,130.0,262144,0.0,42,0,,,,,,,0,,,,,,,0,,,,,,,0,,,,,,
C121,Chest,176,test/C121/Low_Dose/00000289.dcm,130.0,262144,0.0,45,0,,,,,,,0,,,,,,,0,,,,,,,0,,,,,,
C121,Chest,177,test/C121/Low_Dose/00000185.dcm,130.0,262144,0.0,37,0,,,,,,,0,,,,,,,0,,,,,,,0,,,,,,
C121,Chest,178,test/C121/Low_Dose/00000280.dcm,130.0,262144,0.0,41,0,,,,,,,0,,,,,,,0,,,,,,,0,,,,,,
C121,Chest,179,test/C121/Low_Dose/00000313.dcm,130.0,262144,0.0,31,0,,,,,,,0,,,,,,,0,,,,,,,0,,,,,,
C121,Chest,180,test/C121/Low_Dose/00000005.dcm,130.0,262144,0.0,31,0,,,,,,,0,,,,,,,0,,,,,,,0,,,,,,
C121,Chest,181,test/C121/Low_Dose/00000112.dcm,130.0,262144,0.0,35,0,,,,,,,0,,,,,,,0,,,,,,,0,,,,,,
C121,Chest,182,test/C121/Low_Dose/00000265.dcm,130.0,262144,0.0,27,0,,,,,,,0,,,,,,,0,,,,,,,0,,,,,,
C121,Chest,183,test/C121/Low_Dose/00000087.dcm,130.0,262144,0.0,27,0,,,,,,,0,,,,,,,0,,,,,,,0,,,,,,
C121,Chest,184,test/C121/Low_Dose/00000050.dcm,130.0,262144,0.0,25,0,,,,,,,0,,,,,,,0,,,,,,,0,,,,,,
C121,Chest,185,test/C121/Low_Dose/00000105.dcm,130.0,262144,0.0,23,0,,,,,,,0,,,,,,,0,,,,,,,0,,,,,,
C121,Chest,186,test/C121/Low_Dose/00000260.dcm,130.0,262144,0.0,27,0,,,,,,,0,,,,,,,0,,,,,,,0,,,,,,
C121,Chest,187,test/C121/Low_Dose/00000046.dcm,130.0,262144,0.0,28,0,,,,,,,0,,,,,,,0,,,,,,,0,,,,,,
C121,Chest,188,test/C121/Low_Dose/00000196.dcm,130.0,262144,0.0,32,0,,,,,,,0,,,,,,,0,,,,,,,0,,,,,,
C121,Chest,189,test/C121/Low_Dose/00000301.dcm,130.0,262144,0.0,30,0,,,,,,,0,,,,,,,0,,,,,,,0,,,,,,
C121,Chest,190,test/C121/Low_Dose/00000044.dcm,130.0,262144,0.0,34,0,,,,,,,0,,,,,,,0,,,,,,,0,,,,,,
C121,Chest,191,test/C121/Low_Dose/00000290.dcm,130.0,262144,0.0,37,0,,,,,,,0,,,,,,,0,,,,,,,0,,,,,,
C121,Chest,192,test/C121/Low_Dose/00000337.dcm,130.0,262144,0.0,29,0,,,,,,,0,,,,,,,0,,,,,,,0,,,,,,
C121,Chest,193,test/C121/Low_Dose/00000389.dcm,130.0,262144,0.0,24,0,,,,,,,0,,,,,,,0,,,,,,,0,,,,,,
C121,Chest,194,test/C121/Low_Dose/00000036.dcm,130.0,262144,0.0,28,0,,,,,,,0,,,,,,,0,,,,,,,0,,,,,,
C121,Chest,195,test/C121/Low_Dose/00000083.dcm,130.0,262144,0.0,35,0,,,,,,,0,,,,,,,0,,,,,,,0,,,,,,
C121,Chest,196,test/C121/Low_Dose/00000035.dcm,130.0,262144,0.0,34,0,,,,,,,0,,,,,,,0,,,,,,,0,,,,,,
C121,Chest,197,test/C121/Low_Dose/00000179.dcm,130.0,262144,0.0,39,0,,,,,,,0,,,,,,,0,,,,,,,0,,,,,,
C121,Chest,198,test/C121/Low_Dose/00000348.dcm,130.0,262144,0.0,33,0,,,,,,,0,,,,,,,0,,,,,,,0,,,,,,
C121,Chest,199,test/C121/Low_Dose/00000361.dcm,130.0,262144,0.0,43,0,,,,,,,0,,,,,,,0,,,,,,,0,,,,,,
C121,Chest,200,test/C121/Low_Dose/00000380.dcm,130.0,262144,0.0,32,0,,,,,,,0,,,,,,,0,,,,,,,0,,,,,,
C121,Chest,201,test/C121/Low_Dose/00000031.dcm,130.0,262144,0.0,35,0,,,,,,,0,,,,,,,0,,,,,,,0,,,,,,
C121,Chest,202,test/C121/Low_Dose/00000026.dcm,130.0,262144,0.0,40,0,,,,,,,0,,,,,,,0,,,,,,,0,,,,,,
C121,Chest,203,test/C121/Low_Dose/00000023.dcm,130.0,262144,0.0,42,0,,,,,,,0,,,,,,,0,,,,,,,0,,,,,,
C121,Chest,204,test/C121/Low_Dose/00000244.dcm,130.0,262144,0.0,39,0,,,,,,,0,,,,,,,0,,,,,,,0,,,,,,
C121,Chest,205,test/C121/Low_Dose/00000201.dcm,130.0,262144,0.0,28,0,,,,,,,0,,,,,,,0,,,,,,,0,,,,,,
C121,Chest,206,test/C121/Low_Dose/00000228.dcm,130.0,262144,0.0,55,0,,,,,,,0,,,,,,,0,,,,,,,0,,,,,,
C121,Chest,207,test/C121/Low_Dose/00000144.dcm,130.0,262144,0.0,41,0,,,,,,,0,,,,,,,0,,,,,,,0,,,,,,
C121,Chest,208,test/C121/Low_Dose/00000129.dcm,130.0,262144,0.0,43,0,,,,,,,0,,,,,,,0,,,,,,,0,,,,,,
C121,Chest,209,test/C121/Low_Dose/00000374.dcm,130.0,262144,0.0,40,0,,,,,,,0,,,,,,,0,,,,,,,0,,,,,,
C121,Chest,210,test/C121/Low_Dose/00000223.dcm,130.0,262144,0.0,28,0,,,,,,,0,,,,,,,0,,,,,,,0,,,,,,
C121,Chest,211,test/C121/Low_Dose/00000251.dcm,130.0,262144,0.0,39,0,,,,,,,0,,,,,,,0,,,,,,,0,,,,,,
C121,Chest,212,test/C121/Low_Dose/00000098.dcm,130.0,262144,0.0,39,0,,,,,,,0,,,,,,,0,,,,,,,0,,,,,,
C121,Chest,213,test/C121/Low_Dose/00000308.dcm,130.0,262144,0.0,31,0,,,,,,,0,,,,,,,0,,,,,,,0,,,,,,
C121,Chest,214,test/C121/Low_Dose/00000063.dcm,130.0,262144,0.0,38,0,,,,,,,0,,,,,,,0,,,,,,,0,,,,,,
C121,Chest,215,test/C121/Low_Dose/00000117.dcm,130.0,262144,0.0,28,0,,,,,,,0,,,,,,,0,,,,,,,0,,,,,,
C121,Chest,216,test/C121/Low_Dose/00000240.dcm,130.0,262144,0.0,28,0,,,,,,,0,,,,,,,0,,,,,,,0,,,,,,
C121,Chest,217,test/C121/Low_Dose/00000388.dcm,130.0,262144,0.0,45,0,,,,,,,0,,,,,,,0,,,,,,,0,,,,,,
C121,Chest,218,test/C121/Low_Dose/00000314.dcm,130.0,262144,0.0,35,0,,,,,,,0,,,,,,,0,,,,,,,0,,,,,,
C121,Chest,219,test/C121/Low_Dose/00000146.dcm,130.0,262144,0.0,36,0,,,,,,,0,,,,,,,0,,,,,,,0,,,,,,
C121,Chest,220,test/C121/Low_Dose/00000093.dcm,130.0,262144,0.0,29,0,,,,,,,0,,,,,,,0,,,,,,,0,,,,,,
C121,Chest,221,test/C121/Low_Dose/00000096.dcm,130.0,262144,0.0,36,0,,,,,,,0,,,,,,,0,,,,,,,0,,,,,,
C121,Chest,222,test/C121/Low_Dose/00000332.dcm,130.0,262144,0.0,29,0,,,,,,,0,,,,,,,0,,,,,,,0,,,,,,
C121,Chest,223,test/C121/Low_Dose/00000211.dcm,130.0,262144,0.0,30,0,,,,,,,0,,,,,,,0,,,,,,,0,,,,,,
C121,Chest,224,test/C121/Low_Dose/00000341.dcm,130.0,262144,0.0,21,0,,,,,,,0,,,,,,,0,,,,,,,0,,,,,,
C121,Chest,225,test/C121/Low_Dose/00000088.dcm,130.0,262144,0.0,45,0,,,,,,,0,,,,,,,0,,,,,,,0,,,,,,
C121,Chest,226,test/C121/Low_Dose/00000299.dcm,130.0,262144,0.0,41,0,,,,,,,0,,,,,,,0,,,,,,,0,,,,,,
C121,Chest,227,test/C121/Low_Dose/00000034.dcm,130.0,262144,0.0,44,0,,,,,,,0,,,,,,,0,,,,,,,0,,,,,,
C121,Chest,228,test/C121/Low_Dose/00000027.dcm,130.0,262144,0.0,34,0,,,,,,,0,,,,,,,0,,,,,,,0,,,,,,
C121,Chest,229,test/C121/Low_Dose/00000184.dcm,130.0,262144,0.0,39,0,,,,,,,0,,,,,,,0,,,,,,,0,,,,,,
C121,Chest,230,test/C121/Low_Dose/00000060.dcm,130.0,262144,0.0,19,0,,,,,,,0,,,,,,,0,,,,,,,0,,,,,,
C121,Chest,231,test/C121/Low_Dose/00000310.dcm,130.0,262144,0.0,29,0,,,,,,,0,,,,,,,0,,,,,,,0,,,,,,
C121,Chest,232,test/C121/Low_Dose/00000335.dcm,130.0,262144,0.0,35,0,,,,,,,0,,,,,,,0,,,,,,,0,,,,,,
C121,Chest,233,test/C121/Low_Dose/00000086.dcm,130.0,262144,0.0,35,0,,,,,,,0,,,,,,,0,,,,,,,0,,,,,,
C121,Chest,234,test/C121/Low_Dose/00000123.dcm,130.0,262144,0.0,45,0,,,,,,,0,,,,,,,0,,,,,,,0,,,,,,
C121,Chest,235,test/C121/Low_Dose/00000049.dcm,130.0,262144,0.0,35,0,,,,,,,0,,,,,,,0,,,,,,,0,,,,,,
C121,Chest,236,test/C121/Low_Dose/00000164.dcm,130.0,262144,0.0,33,0,,,,,,,0,,,,,,,0,,,,,,,0,,,,,,
C121,Chest,237,test/C121/Low_Dose/00000122.dcm,130.0,262144,0.0,32,0,,,,,,,0,,,,,,,0,,,,,,,0,,,,,,
C121,Chest,238,test/C121/Low_Dose/00000204.dcm,130.0,262144,0.0,36,0,,,,,,,0,,,,,,,0,,,,,,,0,,,,,,
C121,Chest,239,test/C121/Low_Dose/00000191.dcm,130.0,262144,0.0,36,0,,,,,,,0,,,,,,,0,,,,,,,0,,,,,,
C121,Chest,240,test/C121/Low_Dose/00000011.dcm,130.0,262144,0.0,32,0,,,,,,,0,,,,,,,0,,,,,,,0,,,,,,
C121,Chest,241,test/C121/Low_Dose/00000029.dcm,130.0,262144,0.0,28,0,,,,,,,0,,,,,,,0,,,,,,,0,,,,,,
C121,Chest,242,test/C121/Low_Dose/00000347.dcm,130.0,262144,0.0,34,0,,,,,,,0,,,,,,,0,,,,,,,0,,,,,,
C121,Chest,243,test/C121/Low_Dose/00000357.dcm,130.0,262144,0.0,34,0,,,,,,,0,,,,,,,0,,,,,,,0,,,,,,
C121,Chest,244,test/C121/Low_Dose/00000250.dcm,130.0,262144,0.0,25,0,,,,,,,0,,,,,,,0,,,,,,,0,,,,,,
C121,Chest,245,test/C121/Low_Dose/00000336.dcm,130.0,262144,0.0,29,0,,,,,,,0,,,,,,,0,,,,,,,0,,,,,,
C121,Chest,246,test/C121/Low_Dose/00000252.dcm,130.0,262144,0.0,43,0,,,,,,,0,,,,,,,0,,,,,,,0,,,,,,
C121,Chest,247,test/C121/Low_Dose/00000091.dcm,130.0,262144,0.0,43,0,,,,,,,0,,,,,,,0,,,,,,,0,,,,,,
C121,Chest,248,test/C121/Low_Dose/00000186.dcm,130.0,262144,0.0,61,0,,,,,,,0,,,,,,,0,,,,,,,0,,,,,,
C121,Chest,249,test/C121/Low_Dose/00000109.dcm,130.0,262144,0.0,37,0,,,,,,,0,,,,,,,0,,,,,,,0,,,,,,
C121,Chest,250,test/C121/Low_Dose/00000150.dcm,130.0,262144,0.0,31,0,,,,,,,0,,,,,,,0,,,,,,,0,,,,,,
C121,Chest,251,test/C121/Low_Dose/00000062.dcm,130.0,262144,0.0,34,0,,,,,,,0,,,,,,,0,,,,,,,0,,,,,,
C121,Chest,252,test/C121/Low_Dose/00000161.dcm,130.0,262144,0.0,44,0,,,,,,,0,,,,,,,0,,,,,,,0,,,,,,
C121,Chest,253,test/C121/Low_Dose/00000383.dcm,130.0,262144,0.0,34,0,,,,,,,0,,,,,,,0,,,,,,,0,,,,,,
C121,Chest,254,test/C121/Low_Dose/00000311.dcm,130.0,262144,0.0,52,0,,,,,,,0,,,,,,,0,,,,,,,0,,,,,,
C121,Chest,255,test/C121/Low_Dose/00000283.dcm,130.0,262144,0.0,45,0,,,,,,,0,,,,,,,0,,,,,,,0,,,,,,
C121,Chest,256,test/C121/Low_Dose/00000116.dcm,130.0,262144,0.0,29,0,,,,,,,0,,,,,,,0,,,,,,,0,,,,,,
C121,Chest,257,test/C121/Low_Dose/00000254.dcm,130.0,262144,0.0,37,0,,,,,,,0,,,,,,,0,,,,,,,0,,,,,,
C121,Chest,258,test/C121/Low_Dose/00000018.dcm,130.0,262144,0.0,46,0,,,,,,,0,,,,,,,0,,,,,,,0,,,,,,
C121,Chest,259,test/C121/Low_Dose/00000177.dcm,130.0,262144,0.0,45,0,,,,,,,0,,,,,,,0,,,,,,,0,,,,,,
C121,Chest,260,test/C121/Low_Dose/00000331.dcm,130.0,262144,0.0,35,0,,,,,,,0,,,,,,,0,,,,,,,0,,,,,,
C121,Chest,261,test/C121/Low_Dose/00000189.dcm,130.0,262144,0.0,37,0,,,,,,,0,,,,,,,0,,,,,,,0,,,,,,
C121,Chest,262,test/C121/Low_Dose/00000360.dcm,130.0,262144,0.0,47,0,,,,,,,0,,,,,,,0,,,,,,,0,,,,,,
C121,Chest,263,test/C121/Low_Dose/00000353.dcm,130.0,262144,0.0,46,0,,,,,,,0,,,,,,,0,,,,,,,0,,,,,,
C121,Chest,264,test/C121/Low_Dose/00000053.dcm,130.0,262144,0.0,35,0,,,,,,,0,,,,,,,0,,,,,,,0,,,,,,
C121,Chest,265,test/C121/Low_Dose/00000002.dcm,130.0,262144,0.0,39,0,,,,,,,0,,,,,,,0,,,,,,,0,,,,,,
C121,Chest,266,test/C121/Low_Dose/00000070.dcm,130.0,262144,0.0,55,0,,,,,,,0,,,,,,,0,,,,,,,0,,,,,,
C121,Chest,267,test/C121/Low_Dose/00000138.dcm,130.0,262144,0.0,34,0,,,,,,,0,,,,,,,0,,,,,,,0,,,,,,
C121,Chest,268,test/C121/Low_Dose/00000176.dcm,130.0,262144,0.0,39,0,,,,,,,0,,,,,,,0,,,,,,,0,,,,,,
C121,Chest,269,test/C121/Low_Dose/00000230.dcm,130.0,262144,0.0,32,0,,,,,,,0,,,,,,,0,,,,,,,0,,,,,,
C121,Chest,270,test/C121/Low_Dose/00000213.dcm,130.0,262144,0.0,31,0,,,,,,,0,,,,,,,0,,,,,,,0,,,,,,
C121,Chest,271,test/C121/Low_Dose/00000010.dcm,130.0,262144,0.0,34,0,,,,,,,0,,,,,,,0,,,,,,,0,,,,,,
C121,Chest,272,test/C121/Low_Dose/00000262.dcm,130.0,262144,0.0,30,0,,,,,,,0,,,,,,,0,,,,,,,0,,,,,,
C121,Chest,273,test/C121/Low_Dose/00000297.dcm,130.0,262144,0.0,45,0,,,,,,,0,,,,,,,0,,,,,,,0,,,,,,
C121,Chest,274,test/C121/Low_Dose/00000079.dcm,130.0,262144,0.0,52,0,,,,,,,0,,,,,,,0,,,,,,,0,,,,,,
C121,Chest,275,test/C121/Low_Dose/00000281.dcm,130.0,262144,0.0,33,0,,,,,,,0,,,,,,,0,,,,,,,0,,,,,,
C121,Chest,276,test/C121/Low_Dose/00000340.dcm,130.0,262144,0.0,61,0,,,,,,,0,,,,,,,0,,,,,,,0,,,,,,
C121,Chest,277,test/C121/Low_Dose/00000202.dcm,130.0,262144,0.0,63,0,,,,,,,0,,,,,,,0,,,,,,,0,,,,,,
C121,Chest,278,test/C121/Low_Dose/00000210.dcm,130.0,262144,0.0,69,0,,,,,,,0,,,,,,,0,,,,,,,0,,,,,,
C121,Chest,279,test/C121/Low_Dose/00000016.dcm,130.0,262144,0.0,72,0,,,,,,,0,,,,,,,0,,,,,,,0,,,,,,
C121,Chest,280,test/C121/Low_Dose/00000012.dcm,130.0,262144,0.0,75,0,,,,,,,0,,,,,,,0,,,,,,,0,,,,,,
C121,Chest,281,test/C121/Low_Dose/00000364.dcm,130.0,262144,0.0,65,0,,,,,,,0,,,,,,,0,,,,,,,0,,,,,,
C121,Chest,282,test/C121/Low_Dose/00000199.dcm,130.0,262144,0.0,64,0,,,,,,,0,,,,,,,0,,,,,,,0,,,,,,
C121,Chest,283,test/C121/Low_Dose/00000248.dcm,130.0,262144,0.0,72,0,,,,,,,0,,,,,,,0,,,,,,,0,,,,,,
C121,Chest,284,test/C121/Low_Dose/00000072.dcm,130.0,262144,0.0,71,0,,,,,,,0,,,,,,,0,,,,,,,0,,,,,,
C121,Chest,285,test/C121/Low_Dose/00000245.dcm,130.0,262144,0.0,77,0,,,,,,,0,,,,,,,0,,,,,,,0,,,,,,
C121,Chest,286,test/C121/Low_Dose/00000386.dcm,130.0,262144,0.0,43,0,,,,,,,0,,,,,,,0,,,,,,,0,,,,,,
C121,Chest,287,test/C121/Low_Dose/00000085.dcm,130.0,262144,0.0,58,0,,,,,,,0,,,,,,,0,,,,,,,0,,,,,,
C121,Chest,288,test/C121/Low_Dose/00000071.dcm,130.0,262144,0.0,49,0,,,,,,,0,,,,,,,0,,,,,,,0,,,,,,
C121,Chest,289,test/C121/Low_Dose/00000056.dcm,130.0,262144,0.0,64,0,,,,,,,0,,,,,,,0,,,,,,,0,,,,,,
C121,Chest,290,test/C121/Low_Dose/00000059.dcm,130.0,262144,0.0,55,0,,,,,,,0,,,,,,,0,,,,,,,0,,,,,,
C121,Chest,291,test/C121/Low_Dose/00000359.dcm,130.0,262144,0.0,60,0,,,,,,,0,,,,,,,0,,,,,,,0,,,,,,
C121,Chest,292,test/C121/Low_Dose/00000195.dcm,130.0,262144,0.0,63,0,,,,,,,0,,,,,,,0,,,,,,,0,,,,,,
C121,Chest,293,test/C121/Low_Dose/00000305.dcm,130.0,262144,0.0,53,0,,,,,,,0,,,,,,,0,,,,,,,0,,,,,,
C121,Chest,294,test/C121/Low_Dose/00000291.dcm,130.0,262144,0.0,43,0,,,,,,,0,,,,,,,0,,,,,,,0,,,,,,
C121,Chest,295,test/C121/Low_Dose/00000078.dcm,130.0,262144,0.0,51,0,,,,,,,0,,,,,,,0,,,,,,,0,,,,,,
C121,Chest,296,test/C121/Low_Dose/00000363.dcm,130.0,262144,0.0,59,0,,,,,,,0,,,,,,,0,,,,,,,0,,,,,,
C121,Chest,297,test/C121/Low_Dose/00000334.dcm,130.0,262144,0.0,46,0,,,,,,,0,,,,,,,0,,,,,,,0,,,,,,
C121,Chest,298,test/C121/Low_Dose/00000143.dcm,130.0,262144,0.0,57,0,,,,,,,0,,,,,,,0,,,,,,,0,,,,,,
C121,Chest,299,test/C121/Low_Dose/00000172.dcm,130.0,262144,0.0,50,0,,,,,,,0,,,,,,,0,,,,,,,0,,,,,,
C121,Chest,300,test/C121/Low_Dose/00000033.dcm,130.0,262144,0.0,51,0,,,,,,,0,,,,,,,0,,,,,,,0,,,,,,
C121,Chest,301,test/C121/Low_Dose/00000007.dcm,130.0,262144,0.0,65,0,,,,,,,0,,,,,,,0,,,,,,,0,,,,,,
C121,Chest,302,test/C121/Low_Dose/00000119.dcm,130.0,262144,0.0,46,0,,,,,,,0,,,,,,,0,,,,,,,0,,,,,,
C121,Chest,303,test/C121/Low_Dose/00000140.dcm,130.0,262144,0.0,43,0,,,,,,,0,,,,,,,0,,,,,,,0,,,,,,
C121,Chest,304,test/C121/Low_Dose/00000125.dcm,130.0,262144,0.0,44,0,,,,,,,0,,,,,,,0,,,,,,,0,,,,,,
C121,Chest,305,test/C121/Low_Dose/00000269.dcm,130.0,262144,0.0,39,0,,,,,,,0,,,,,,,0,,,,,,,0,,,,,,
C121,Chest,306,test/C121/Low_Dose/00000300.dcm,130.0,262144,0.0,33,0,,,,,,,0,,,,,,,0,,,,,,,0,,,,,,
C121,Chest,307,test/C121/Low_Dose/00000102.dcm,130.0,262144,0.0,42,0,,,,,,,0,,,,,,,0,,,,,,,0,,,,,,
C121,Chest,308,test/C121/Low_Dose/00000215.dcm,130.0,262144,0.0,48,0,,,,,,,0,,,,,,,0,,,,,,,0,,,,,,
C121,Chest,309,test/C121/Low_Dose/00000326.dcm,130.0,262144,0.0,52,0,,,,,,,0,,,,,,,0,,,,,,,0,,,,,,
C121,Chest,310,test/C121/Low_Dose/00000296.dcm,130.0,262144,0.0,65,0,,,,,,,0,,,,,,,0,,,,,,,0,,,,,,
C121,Chest,311,test/C121/Low_Dose/00000236.dcm,130.0,262144,0.0,67,0,,,,,,,0,,,,,,,0,,,,,,,0,,,,,,
C121,Chest,312,test/C121/Low_Dose/00000113.dcm,130.0,262144,0.0,55,0,,,,,,,0,,,,,,,0,,,,,,,0,,,,,,
C121,Chest,313,test/C121/Low_Dose/00000197.dcm,130.0,262144,0.0,71,0,,,,,,,0,,,,,,,0,,,,,,,0,,,,,,
C121,Chest,314,test/C121/Low_Dose/00000114.dcm,130.0,262144,0.0,61,0,,,,,,,0,,,,,,,0,,,,,,,0,,,,,,
C121,Chest,315,test/C121/Low_Dose/00000288.dcm,130.0,262144,0.0,79,0,,,,,,,0,,,,,,,0,,,,,,,0,,,,,,
C121,Chest,316,test/C121/Low_Dose/00000218.dcm,130.0,262144,0.0,61,0,,,,,,,0,,,,,,,0,,,,,,,0,,,,,,
C121,Chest,317,test/C121/Low_Dose/00000276.dcm,130.0,262144,0.0,52,0,,,,,,,0,,,,,,,0,,,,,,,0,,,,,,
C121,Chest,318,test/C121/Low_Dose/00000069.dcm,130.0,262144,0.0,59,0,,,,,,,0,,,,,,,0,,,,,,,0,,,,,,
C121,Chest,319,test/C121/Low_Dose/00000303.dcm,130.0,262144,0.0,63,0,,,,,,,0,,,,,,,0,,,,,,,0,,,,,,
C121,Chest,320,test/C121/Low_Dose/00000224.dcm,130.0,262144,0.0,53,0,,,,,,,0,,,,,,,0,,,,,,,0,,,,,,
C121,Chest,321,test/C121/Low_Dose/00000104.dcm,130.0,262144,0.0,62,0,,,,,,,0,,,,,,,0,,,,,,,0,,,,,,
C121,Chest,322,test/C121/Low_Dose/00000371.dcm,130.0,262144,0.0,56,0,,,,,,,0,,,,,,,0,,,,,,,0,,,,,,
C121,Chest,323,test/C121/Low_Dose/00000263.dcm,130.0,262144,0.0,58,0,,,,,,,0,,,,,,,0,,,,,,,0,,,,,,
C121,Chest,324,test/C121/Low_Dose/00000285.dcm,130.0,262144,0.0,43,0,,,,,,,0,,,,,,,0,,,,,,,0,,,,,,
C121,Chest,325,test/C121/Low_Dose/00000275.dcm,130.0,262144,0.0,43,0,,,,,,,0,,,,,,,0,,,,,,,0,,,,,,
C121,Chest,326,test/C121/Low_Dose/00000292.dcm,130.0,262144,0.0,47,0,,,,,,,0,,,,,,,0,,,,,,,0,,,,,,
C121,Chest,327,test/C121/Low_Dose/00000009.dcm,130.0,262144,0.0,39,0,,,,,,,0,,,,,,,0,,,,,,,0,,,,,,
C121,Chest,328,test/C121/Low_Dose/00000324.dcm,130.0,262144,0.0,47,0,,,,,,,0,,,,,,,0,,,,,,,0,,,,,,
C121,Chest,329,test/C121/Low_Dose/00000333.dcm,130.0,262144,0.0,34,0,,,,,,,0,,,,,,,0,,,,,,,0,,,,,,
C121,Chest,330,test/C121/Low_Dose/00000022.dcm,130.0,262144,0.0,32,0,,,,,,,0,,,,,,,0,,,,,,,0,,,,,,
C121,Chest,331,test/C121/Low_Dose/00000171.dcm,130.0,262144,0.0,34,0,,,,,,,0,,,,,,,0,,,,,,,0,,,,,,
C121,Chest,332,test/C121/Low_Dose/00000174.dcm,130.0,262144,0.0,36,0,,,,,,,0,,,,,,,0,,,,,,,0,,,,,,
C121,Chest,333,test/C121/Low_Dose/00000225.dcm,130.0,262144,0.0,35,0,,,,,,,0,,,,,,,0,,,,,,,0,,,,,,
C121,Chest,334,test/C121/Low_Dose/00000365.dcm,130.0,262144,0.0,30,0,,,,,,,0,,,,,,,0,,,,,,,0,,,,,,
C121,Chest,335,test/C121/Low_Dose/00000169.dcm,130.0,262144,0.0,27,0,,,,,,,0,,,,,,,0,,,,,,,0,,,,,,
C121,Chest,336,test/C121/Low_Dose/00000272.dcm,130.0,262144,0.0,34,0,,,,,,,0,,,,,,,0,,,,,,,0,,,,,,
C121,Chest,337,test/C121/Low_Dose/00000135.dcm,130.0,262144,0.0,42,0,,,,,,,0,,,,,,,0,,,,,,,0,,,,,,
C121,Chest,338,test/C121/Low_Dose/00000238.dcm,130.0,262144,0.0,28,0,,,,,,,0,,,,,,,0,,,,,,,0,,,,,,
C121,Chest,339,test/C121/Low_Dose/00000131.dcm,130.0,262144,0.0,27,0,,,,,,,0,,,,,,,0,,,,,,,0,,,,,,
C121,Chest,340,test/C121/Low_Dose/00000385.dcm,130.0,262144,0.0,31,0,,,,,,,0,,,,,,,0,,,,,,,0,,,,,,
C121,Chest,341,test/C121/Low_Dose/00000025.dcm,130.0,262144,0.0,23,0,,,,,,,0,,,,,,,0,,,,,,,0,,,,,,
C121,Chest,342,test/C121/Low_Dose/00000057.dcm,130.0,262144,0.0,24,0,,,,,,,0,,,,,,,0,,,,,,,0,,,,,,
C121,Chest,343,test/C121/Low_Dose/00000362.dcm,130.0,262144,0.0,25,0,,,,,,,0,,,,,,,0,,,,,,,0,,,,,,
C121,Chest,344,test/C121/Low_Dose/00000167.dcm,130.0,262144,0.0,30,0,,,,,,,0,,,,,,,0,,,,,,,0,,,,,,
C121,Chest,345,test/C121/Low_Dose/00000343.dcm,130.0,262144,0.0,32,0,,,,,,,0,,,,,,,0,,,,,,,0,,,,,,
C121,Chest,346,test/C121/Low_Dose/00000338.dcm,130.0,262144,0.0,44,0,,,,,,,0,,,,,,,0,,,,,,,0,,,,,,
C121,Chest,347,test/C121/Low_Dose/00000054.dcm,130.0,262144,0.0,45,0,,,,,,,0,,,,,,,0,,,,,,,0,,,,,,
C121,Chest,348,test/C121/Low_Dose/00000235.dcm,130.0,262144,0.0,38,0,,,,,,,0,,,,,,,0,,,,,,,0,,,,,,
C121,Chest,349,test/C121/Low_Dose/00000126.dcm,130.0,262144,0.0,46,0,,,,,,,0,,,,,,,0,,,,,,,0,,,,,,
C121,Chest,350,test/C121/Low_Dose/00000090.dcm,130.0,262144,0.0,45,0,,,,,,,0,,,,,,,0,,,,,,,0,,,,,,
C121,Chest,351,test/C121/Low_Dose/00000178.dcm,130.0,262144,0.0,45,0,,,,,,,0,,,,,,,0,,,,,,,0,,,,,,
C121,Chest,352,test/C121/Low_Dose/00000193.dcm,130.0,262144,0.0,43,0,,,,,,,0,,,,,,,0,,,,,,,0,,,,,,
C121,Chest,353,test/C121/Low_Dose/00000100.dcm,130.0,262144,0.0,37,0,,,,,,,0,,,,,,,0,,,,,,,0,,,,,,
C121,Chest,354,test/C121/Low_Dose/00000030.dcm,130.0,262144,0.0,33,0,,,,,,,0,,,,,,,0,,,,,,,0,,,,,,
C121,Chest,355,test/C121/Low_Dose/00000214.dcm,130.0,262144,0.0,29,0,,,,,,,0,,,,,,,0,,,,,,,0,,,,,,
C121,Chest,356,test/C121/Low_Dose/00000115.dcm,130.0,262144,0.0,49,0,,,,,,,0,,,,,,,0,,,,,,,0,,,,,,
C121,Chest,357,test/C121/Low_Dose/00000089.dcm,130.0,262144,0.0,32,0,,,,,,,0,,,,,,,0,,,,,,,0,,,,,,
C121,Chest,358,test/C121/Low_Dose/00000284.dcm,130.0,262144,0.0,39,0,,,,,,,0,,,,,,,0,,,,,,,0,,,,,,
C121,Chest,359,test/C121/Low_Dose/00000279.dcm,130.0,262144,0.0,32,0,,,,,,,0,,,,,,,0,,,,,,,0,,,,,,
C121,Chest,360,test/C121/Low_Dose/00000342.dcm,130.0,262144,0.0,30,0,,,,,,,0,,,,,,,0,,,,,,,0,,,,,,
C121,Chest,361,test/C121/Low_Dose/00000015.dcm,130.0,262144,0.0,37,0,,,,,,,0,,,,,,,0,,,,,,,0,,,,,,
C121,Chest,362,test/C121/Low_Dose/00000239.dcm,130.0,262144,0.0,25,0,,,,,,,0,,,,,,,0,,,,,,,0,,,,,,
C121,Chest,363,test/C121/Low_Dose/00000024.dcm,130.0,262144,0.0,21,0,,,,,,,0,,,,,,,0,,,,,,,0,,,,,,
C121,Chest,364,test/C121/Low_Dose/00000037.dcm,130.0,262144,0.0,34,0,,,,,,,0,,,,,,,0,,,,,,,0,,,,,,
C121,Chest,365,test/C121/Low_Dose/00000309.dcm,130.0,262144,0.0,31,0,,,,,,,0,,,,,,,0,,,,,,,0,,,,,,
C121,Chest,366,test/C121/Low_Dose/00000068.dcm,130.0,262144,0.0,36,0,,,,,,,0,,,,,,,0,,,,,,,0,,,,,,
C121,Chest,367,test/C121/Low_Dose/00000366.dcm,130.0,262144,0.0,30,0,,,,,,,0,,,,,,,0,,,,,,,0,,,,,,
C121,Chest,368,test/C121/Low_Dose/00000014.dcm,130.0,262144,0.0,35,0,,,,,,,0,,,,,,,0,,,,,,,0,,,,,,
C121,Chest,369,test/C121/Low_Dose/00000128.dcm,130.0,262144,0.0,33,0,,,,,,,0,,,,,,,0,,,,,,,0,,,,,,
C121,Chest,370,test/C121/Low_Dose/00000328.dcm,130.0,262144,0.0,19,0,,,,,,,0,,,,,,,0,,,,,,,0,,,,,,
C121,Chest,371,test/C121/Low_Dose/00000227.dcm,130.0,262144,0.0,26,0,,,,,,,0,,,,,,,0,,,,,,,0,,,,,,
C121,Chest,372,test/C121/Low_Dose/00000369.dcm,130.0,262144,0.0,28,0,,,,,,,0,,,,,,,0,,,,,,,0,,,,,,
C121,Chest,373,test/C121/Low_Dose/00000273.dcm,130.0,262144,0.0,26,0,,,,,,,0,,,,,,,0,,,,,,,0,,,,,,
C121,Chest,374,test/C121/Low_Dose/00000067.dcm,130.0,262144,0.0,27,0,,,,,,,0,,,,,,,0,,,,,,,0,,,,,,
C121,Chest,375,test/C121/Low_Dose/00000020.dcm,130.0,262144,0.0,29,0,,,,,,,0,,,,,,,0,,,,,,,0,,,,,,
C121,Chest,376,test/C121/Low_Dose/00000220.dcm,130.0,262144,0.0,25,0,,,,,,,0,,,,,,,0,,,,,,,0,,,,,,
C121,Chest,377,test/C121/Low_Dose/00000182.dcm,130.0,262144,0.0,26,0,,,,,,,0,,,,,,,0,,,,,,,0,,,,,,
C121,Chest,378,test/C121/Low_Dose/00000390.dcm,130.0,262144,0.0,32,0,,,,,,,0,,,,,,,0,,,,,,,0,,,,,,
C121,Chest,379,test/C121/Low_Dose/00000110.dcm,130.0,262144,0.0,22,0,,,,,,,0,,,,,,,0,,,,,,,0,,,,,,
C121,Chest,380,test/C121/Low_Dose/00000370.dcm,130.0,262144,0.0,10,0,,,,,,,0,,,,,,,0,,,,,,,0,,,,,,
C121,Chest,381,test/C121/Low_Dose/00000212.dcm,130.0,262144,0.0,14,0,,,,,,,0,,,,,,,0,,,,,,,0,,,,,,
C121,Chest,382,test/C121/Low_Dose/00000237.dcm,130.0,262144,0.0,14,0,,,,,,,0,,,,,,,0,,,,,,,0,,,,,,
C121,Chest,383,test/C121/Low_Dose/00000021.dcm,130.0,262144,0.0,20,0,,,,,,,0,,,,,,,0,,,,,,,0,,,,,,
C121,Chest,384,test/C121/Low_Dose/00000095.dcm,130.0,262144,0.0,5,0,,,,,,,0,,,,,,,0,,,,,,,0,,,,,,
C121,Chest,385,test/C121/Low_Dose/00000156.dcm,130.0,262144,0.0,9,0,,,,,,,0,,,,,,,0,,,,,,,0,,,,,,
C121,Chest,386,test/C121/Low_Dose/00000266.dcm,130.0,262144,0.0,7,0,,,,,,,0,,,,,,,0,,,,,,,0,,,,,,
C121,Chest,387,test/C121/Low_Dose/00000055.dcm,130.0,262144,0.0,7,0,,,,,,,0,,,,,,,0,,,,,,,0,,,,,,
C121,Chest,388,test/C121/Low_Dose/00000270.dcm,130.0,262144,0.0,2,0,,,,,,,0,,,,,,,0,,,,,,,0,,,,,,
C121,Chest,389,test/C121/Low_Dose/00000358.dcm,130.0,262144,0.0,3,0,,,,,,,0,,,,,,,0,,,,,,,0,,,,,,
C121,Chest,390,test/C121/Low_Dose/00000181.dcm,130.0,262144,0.0,2,0,,,,,,,0,,,,,,,0,,,,,,,0,,,,,,
C121,Chest,391,test/C121/Low_Dose/00000318.dcm,130.0,262144,0.0,2,0,,,,,,,0,,,,,,,0,,,,,,,0,,,,,,
C135,Chest,0,test/C135/Low_Dose/00000082.dcm,130.0,262144,0.0,57,0,,,,,,,0,,,,,,,0,,,,,,,0,,,,,,
C135,Chest,1,test/C135/Low_Dose/00000174.dcm,130.0,262144,0.0,54,0,,,,,,,0,,,,,,,0,,,,,,,0,,,,,,
C135,Chest,2,test/C135/Low_Dose/00000355.dcm,130.0,262144,0.0,54,0,,,,,,,0,,,,,,,0,,,,,,,0,,,,,,
C135,Chest,3,test/C135/Low_Dose/00000295.dcm,130.0,262144,0.0,68,0,,,,,,,0,,,,,,,0,,,,,,,0,,,,,,
C135,Chest,4,test/C135/Low_Dose/00000070.dcm,130.0,262144,0.0,43,0,,,,,,,0,,,,,,,0,,,,,,,0,,,,,,
C135,Chest,5,test/C135/Low_Dose/00000026.dcm,130.0,262144,0.0,44,0,,,,,,,0,,,,,,,0,,,,,,,0,,,,,,
C135,Chest,6,test/C135/Low_Dose/00000219.dcm,130.0,262144,0.0,70,0,,,,,,,0,,,,,,,0,,,,,,,0,,,,,,
C135,Chest,7,test/C135/Low_Dose/00000131.dcm,130.0,262144,0.0,69,0,,,,,,,0,,,,,,,0,,,,,,,0,,,,,,
C135,Chest,8,test/C135/Low_Dose/00000272.dcm,130.0,262144,0.0,72,0,,,,,,,0,,,,,,,0,,,,,,,0,,,,,,
C135,Chest,9,test/C135/Low_Dose/00000204.dcm,130.0,262144,0.0,68,0,,,,,,,0,,,,,,,0,,,,,,,0,,,,,,
C135,Chest,10,test/C135/Low_Dose/00000281.dcm,130.0,262144,0.0,66,0,,,,,,,0,,,,,,,0,,,,,,,0,,,,,,
C135,Chest,11,test/C135/Low_Dose/00000157.dcm,130.0,262144,0.0,56,0,,,,,,,0,,,,,,,0,,,,,,,0,,,,,,
C135,Chest,12,test/C135/Low_Dose/00000083.dcm,130.0,262144,0.0,37,0,,,,,,,0,,,,,,,0,,,,,,,0,,,,,,
C135,Chest,13,test/C135/Low_Dose/00000249.dcm,130.0,262144,0.0,67,0,,,,,,,0,,,,,,,0,,,,,,,0,,,,,,
C135,Chest,14,test/C135/Low_Dose/00000245.dcm,130.0,262144,0.0,70,0,,,,,,,0,,,,,,,0,,,,,,,0,,,,,,
C135,Chest,15,test/C135/Low_Dose/00000202.dcm,130.0,262144,0.0,51,0,,,,,,,0,,,,,,,0,,,,,,,0,,,,,,
C135,Chest,16,test/C135/Low_Dose/00000123.dcm,130.0,262144,0.0,61,0,,,,,,,0,,,,,,,0,,,,,,,0,,,,,,
C135,Chest,17,test/C135/Low_Dose/00000164.dcm,130.0,262144,0.0,53,0,,,,,,,0,,,,,,,0,,,,,,,0,,,,,,
C135,Chest,18,test/C135/Low_Dose/00000011.dcm,130.0,262144,0.0,47,0,,,,,,,0,,,,,,,0,,,,,,,0,,,,,,
C135,Chest,19,test/C135/Low_Dose/00000155.dcm,130.0,262144,0.0,42,0,,,,,,,0,,,,,,,0,,,,,,,0,,,,,,
C135,Chest,20,test/C135/Low_Dose/00000086.dcm,130.0,262144,0.0,54,0,,,,,,,0,,,,,,,0,,,,,,,0,,,,,,
C135,Chest,21,test/C135/Low_Dose/00000265.dcm,130.0,262144,0.0,41,0,,,,,,,0,,,,,,,0,,,,,,,0,,,,,,
C135,Chest,22,test/C135/Low_Dose/00000115.dcm,130.0,262144,0.0,38,0,,,,,,,0,,,,,,,0,,,,,,,0,,,,,,
C135,Chest,23,test/C135/Low_Dose/00000335.dcm,130.0,262144,0.0,57,0,,,,,,,0,,,,,,,0,,,,,,,0,,,,,,
C135,Chest,24,test/C135/Low_Dose/00000139.dcm,130.0,262144,0.0,46,0,,,,,,,0,,,,,,,0,,,,,,,0,,,,,,
C135,Chest,25,test/C135/Low_Dose/00000241.dcm,130.0,262144,0.0,47,0,,,,,,,0,,,,,,,0,,,,,,,0,,,,,,
C135,Chest,26,test/C135/Low_Dose/00000273.dcm,130.0,262144,0.0,49,0,,,,,,,0,,,,,,,0,,,,,,,0,,,,,,
C135,Chest,27,test/C135/Low_Dose/00000179.dcm,130.0,262144,0.0,52,0,,,,,,,0,,,,,,,0,,,,,,,0,,,,,,
C135,Chest,28,test/C135/Low_Dose/00000293.dcm,130.0,262144,0.0,43,0,,,,,,,0,,,,,,,0,,,,,,,0,,,,,,
C135,Chest,29,test/C135/Low_Dose/00000057.dcm,130.0,262144,0.0,57,0,,,,,,,0,,,,,,,0,,,,,,,0,,,,,,
C135,Chest,30,test/C135/Low_Dose/00000039.dcm,130.0,262144,0.0,58,0,,,,,,,0,,,,,,,0,,,,,,,0,,,,,,
C135,Chest,31,test/C135/Low_Dose/00000127.dcm,130.0,262144,0.0,57,0,,,,,,,0,,,,,,,0,,,,,,,0,,,,,,
C135,Chest,32,test/C135/Low_Dose/00000004.dcm,130.0,262144,0.0,76,0,,,,,,,0,,,,,,,0,,,,,,,0,,,,,,
C135,Chest,33,test/C135/Low_Dose/00000105.dcm,130.0,262144,0.0,38,0,,,,,,,0,,,,,,,0,,,,,,,0,,,,,,
C135,Chest,34,test/C135/Low_Dose/00000049.dcm,130.0,262144,0.0,40,0,,,,,,,0,,,,,,,0,,,,,,,0,,,,,,
C135,Chest,35,test/C135/Low_Dose/00000213.dcm,130.0,262144,0.0,75,0,,,,,,,0,,,,,,,0,,,,,,,0,,,,,,
C135,Chest,36,test/C135/Low_Dose/00000090.dcm,130.0,262144,0.0,80,0,,,,,,,0,,,,,,,0,,,,,,,0,,,,,,
C135,Chest,37,test/C135/Low_Dose/00000283.dcm,130.0,262144,0.0,67,0,,,,,,,0,,,,,,,0,,,,,,,0,,,,,,
C135,Chest,38,test/C135/Low_Dose/00000126.dcm,130.0,262144,0.0,58,0,,,,,,,0,,,,,,,0,,,,,,,0,,,,,,
C135,Chest,39,test/C135/Low_Dose/00000092.dcm,130.0,262144,0.0,71,0,,,,,,,0,,,,,,,0,,,,,,,0,,,,,,
C135,Chest,40,test/C135/Low_Dose/00000027.dcm,130.0,262144,0.0,78,0,,,,,,,0,,,,,,,0,,,,,,,0,,,,,,
C135,Chest,41,test/C135/Low_Dose/00000079.dcm,130.0,262144,0.0,58,0,,,,,,,0,,,,,,,0,,,,,,,0,,,,,,
C135,Chest,42,test/C135/Low_Dose/00000072.dcm,130.0,262144,0.0,63,0,,,,,,,0,,,,,,,0,,,,,,,0,,,,,,
C135,Chest,43,test/C135/Low_Dose/00000270.dcm,130.0,262144,0.0,36,0,,,,,,,0,,,,,,,0,,,,,,,0,,,,,,
C135,Chest,44,test/C135/Low_Dose/00000089.dcm,130.0,262144,0.0,48,0,,,,,,,0,,,,,,,0,,,,,,,0,,,,,,
C135,Chest,45,test/C135/Low_Dose/00000299.dcm,130.0,262144,0.0,67,0,,,,,,,0,,,,,,,0,,,,,,,0,,,,,,
C135,Chest,46,test/C135/Low_Dose/00000064.dcm,130.0,262144,0.0,48,0,,,,,,,0,,,,,,,0,,,,,,,0,,,,,,
C135,Chest,47,test/C135/Low_Dose/00000172.dcm,130.0,262144,0.0,55,0,,,,,,,0,,,,,,,0,,,,,,,0,,,,,,
C135,Chest,48,test/C135/Low_Dose/00000165.dcm,130.0,262144,0.0,56,0,,,,,,,0,,,,,,,0,,,,,,,0,,,,,,
C135,Chest,49,test/C135/Low_Dose/00000237.dcm,130.0,262144,0.0,48,0,,,,,,,0,,,,,,,0,,,,,,,0,,,,,,
C135,Chest,50,test/C135/Low_Dose/00000239.dcm,130.0,262144,0.0,60,0,,,,,,,0,,,,,,,0,,,,,,,0,,,,,,
C135,Chest,51,test/C135/Low_Dose/00000320.dcm,130.0,262144,0.0,52,0,,,,,,,0,,,,,,,0,,,,,,,0,,,,,,
C135,Chest,52,test/C135/Low_Dose/00000181.dcm,130.0,262144,0.0,70,0,,,,,,,0,,,,,,,0,,,,,,,0,,,,,,
C135,Chest,53,test/C135/Low_Dose/00000238.dcm,130.0,262144,0.0,57,0,,,,,,,0,,,,,,,0,,,,,,,0,,,,,,
C135,Chest,54,test/C135/Low_Dose/00000170.dcm,130.0,262144,0.0,61,0,,,,,,,0,,,,,,,0,,,,,,,0,,,,,,
C135,Chest,55,test/C135/Low_Dose/00000101.dcm,130.0,262144,0.0,56,0,,,,,,,0,,,,,,,0,,,,,,,0,,,,,,
C135,Chest,56,test/C135/Low_Dose/00000047.dcm,130.0,262144,0.0,56,0,,,,,,,0,,,,,,,0,,,,,,,0,,,,,,
C135,Chest,57,test/C135/Low_Dose/00000296.dcm,130.0,262144,0.0,56,0,,,,,,,0,,,,,,,0,,,,,,,0,,,,,,
C135,Chest,58,test/C135/Low_Dose/00000191.dcm,130.0,262144,0.0,50,0,,,,,,,0,,,,,,,0,,,,,,,0,,,,,,
C135,Chest,59,test/C135/Low_Dose/00000254.dcm,130.0,262144,0.0,52,0,,,,,,,0,,,,,,,0,,,,,,,0,,,,,,
C135,Chest,60,test/C135/Low_Dose/00000305.dcm,130.0,262144,0.0,33,0,,,,,,,0,,,,,,,0,,,,,,,0,,,,,,
C135,Chest,61,test/C135/Low_Dose/00000074.dcm,130.0,262144,0.0,54,0,,,,,,,0,,,,,,,0,,,,,,,0,,,,,,
C135,Chest,62,test/C135/Low_Dose/00000176.dcm,130.0,262144,0.0,37,0,,,,,,,0,,,,,,,0,,,,,,,0,,,,,,
C135,Chest,63,test/C135/Low_Dose/00000214.dcm,130.0,262144,0.0,44,0,,,,,,,0,,,,,,,0,,,,,,,0,,,,,,
C135,Chest,64,test/C135/Low_Dose/00000138.dcm,130.0,262144,0.0,41,0,,,,,,,0,,,,,,,0,,,,,,,0,,,,,,
C135,Chest,65,test/C135/Low_Dose/00000217.dcm,130.0,262144,0.0,47,0,,,,,,,0,,,,,,,0,,,,,,,0,,,,,,
C135,Chest,66,test/C135/Low_Dose/00000266.dcm,130.0,262144,0.0,36,0,,,,,,,0,,,,,,,0,,,,,,,0,,,,,,
C135,Chest,67,test/C135/Low_Dose/00000216.dcm,130.0,262144,0.0,44,0,,,,,,,0,,,,,,,0,,,,,,,0,,,,,,
C135,Chest,68,test/C135/Low_Dose/00000114.dcm,130.0,262144,0.0,44,0,,,,,,,0,,,,,,,0,,,,,,,0,,,,,,
C135,Chest,69,test/C135/Low_Dose/00000160.dcm,130.0,262144,0.0,50,0,,,,,,,0,,,,,,,0,,,,,,,0,,,,,,
C135,Chest,70,test/C135/Low_Dose/00000012.dcm,130.0,262144,0.0,59,0,,,,,,,0,,,,,,,0,,,,,,,0,,,,,,
C135,Chest,71,test/C135/Low_Dose/00000084.dcm,130.0,262144,0.0,49,0,,,,,,,0,,,,,,,0,,,,,,,0,,,,,,
C135,Chest,72,test/C135/Low_Dose/00000268.dcm,130.0,262144,0.0,46,0,,,,,,,0,,,,,,,0,,,,,,,0,,,,,,
C135,Chest,73,test/C135/Low_Dose/00000231.dcm,130.0,262144,0.0,37,0,,,,,,,0,,,,,,,0,,,,,,,0,,,,,,
C135,Chest,74,test/C135/Low_Dose/00000194.dcm,130.0,262144,0.0,54,0,,,,,,,0,,,,,,,0,,,,,,,0,,,,,,
C135,Chest,75,test/C135/Low_Dose/00000071.dcm,130.0,262144,0.0,65,0,,,,,,,0,,,,,,,0,,,,,,,0,,,,,,
C135,Chest,76,test/C135/Low_Dose/00000129.dcm,130.0,262144,0.0,39,0,,,,,,,0,,,,,,,0,,,,,,,0,,,,,,
C135,Chest,77,test/C135/Low_Dose/00000192.dcm,130.0,262144,0.0,51,0,,,,,,,0,,,,,,,0,,,,,,,0,,,,,,
C135,Chest,78,test/C135/Low_Dose/00000113.dcm,130.0,262144,0.0,42,0,,,,,,,0,,,,,,,0,,,,,,,0,,,,,,
C135,Chest,79,test/C135/Low_Dose/00000292.dcm,130.0,262144,0.0,46,0,,,,,,,0,,,,,,,0,,,,,,,0,,,,,,
C135,Chest,80,test/C135/Low_Dose/00000328.dcm,130.0,262144,0.0,43,0,,,,,,,0,,,,,,,0,,,,,,,0,,,,,,
C135,Chest,81,test/C135/Low_Dose/00000038.dcm,130.0,262144,0.0,32,0,,,,,,,0,,,,,,,0,,,,,,,0,,,,,,
C135,Chest,82,test/C135/Low_Dose/00000227.dcm,130.0,262144,0.0,32,0,,,,,,,0,,,,,,,0,,,,,,,0,,,,,,
C135,Chest,83,test/C135/Low_Dose/00000352.dcm,130.0,262144,0.0,32,0,,,,,,,0,,,,,,,0,,,,,,,0,,,,,,
C135,Chest,84,test/C135/Low_Dose/00000095.dcm,130.0,262144,0.0,34,0,,,,,,,0,,,,,,,0,,,,,,,0,,,,,,
C135,Chest,85,test/C135/Low_Dose/00000337.dcm,130.0,262144,0.0,38,0,,,,,,,0,,,,,,,0,,,,,,,0,,,,,,
C135,Chest,86,test/C135/Low_Dose/00000223.dcm,130.0,262144,0.0,31,0,,,,,,,0,,,,,,,0,,,,,,,0,,,,,,
C135,Chest,87,test/C135/Low_Dose/00000240.dcm,130.0,262144,0.0,45,0,,,,,,,0,,,,,,,0,,,,,,,0,,,,,,
C135,Chest,88,test/C135/Low_Dose/00000118.dcm,130.0,262144,0.0,51,0,,,,,,,0,,,,,,,0,,,,,,,0,,,,,,
C135,Chest,89,test/C135/Low_Dose/00000317.dcm,130.0,262144,0.0,54,0,,,,,,,0,,,,,,,0,,,,,,,0,,,,,,
C135,Chest,90,test/C135/Low_Dose/00000087.dcm,130.0,262144,0.0,43,0,,,,,,,0,,,,,,,0,,,,,,,0,,,,,,
C135,Chest,91,test/C135/Low_Dose/00000190.dcm,130.0,262144,0.0,51,0,,,,,,,0,,,,,,,0,,,,,,,0,,,,,,
C135,Chest,92,test/C135/Low_Dose/00000258.dcm,130.0,262144,0.0,54,0,,,,,,,0,,,,,,,0,,,,,,,0,,,,,,
C135,Chest,93,test/C135/Low_Dose/00000009.dcm,130.0,262144,0.0,43,0,,,,,,,0,,,,,,,0,,,,,,,0,,,,,,
C135,Chest,94,test/C135/Low_Dose/00000330.dcm,130.0,262144,0.0,47,0,,,,,,,0,,,,,,,0,,,,,,,0,,,,,,
C135,Chest,95,test/C135/Low_Dose/00000019.dcm,130.0,262144,0.0,46,0,,,,,,,0,,,,,,,0,,,,,,,0,,,,,,
C135,Chest,96,test/C135/Low_Dose/00000078.dcm,130.0,262144,0.0,50,0,,,,,,,0,,,,,,,0,,,,,,,0,,,,,,
C135,Chest,97,test/C135/Low_Dose/00000205.dcm,130.0,262144,0.0,42,0,,,,,,,0,,,,,,,0,,,,,,,0,,,,,,
C135,Chest,98,test/C135/Low_Dose/00000322.dcm,130.0,262144,0.0,47,0,,,,,,,0,,,,,,,0,,,,,,,0,,,,,,
C135,Chest,99,test/C135/Low_Dose/00000023.dcm,130.0,262144,0.0,68,0,,,,,,,0,,,,,,,0,,,,,,,0,,,,,,
C135,Chest,100,test/C135/Low_Dose/00000112.dcm,130.0,262144,0.0,63,0,,,,,,,0,,,,,,,0,,,,,,,0,,,,,,
C135,Chest,101,test/C135/Low_Dose/00000106.dcm,130.0,262144,0.0,49,0,,,,,,,0,,,,,,,0,,,,,,,0,,,,,,
C135,Chest,102,test/C135/Low_Dose/00000098.dcm,130.0,262144,0.0,51,0,,,,,,,0,,,,,,,0,,,,,,,0,,,,,,
C135,Chest,103,test/C135/Low_Dose/00000267.dcm,130.0,262144,0.0,42,0,,,,,,,0,,,,,,,0,,,,,,,0,,,,,,
C135,Chest,104,test/C135/Low_Dose/00000228.dcm,130.0,262144,0.0,54,0,,,,,,,0,,,,,,,0,,,,,,,0,,,,,,
C135,Chest,105,test/C135/Low_Dose/00000346.dcm,130.0,262144,0.0,50,0,,,,,,,0,,,,,,,0,,,,,,,0,,,,,,
C135,Chest,106,test/C135/Low_Dose/00000134.dcm,130.0,262144,0.0,51,0,,,,,,,0,,,,,,,0,,,,,,,0,,,,,,
C135,Chest,107,test/C135/Low_Dose/00000148.dcm,130.0,262144,0.0,48,0,,,,,,,0,,,,,,,0,,,,,,,0,,,,,,
C135,Chest,108,test/C135/Low_Dose/00000028.dcm,130.0,262144,0.0,51,0,,,,,,,0,,,,,,,0,,,,,,,0,,,,,,
C135,Chest,109,test/C135/Low_Dose/00000150.dcm,130.0,262144,0.0,46,0,,,,,,,0,,,,,,,0,,,,,,,0,,,,,,
C135,Chest,110,test/C135/Low_Dose/00000037.dcm,130.0,262144,0.0,54,0,,,,,,,0,,,,,,,0,,,,,,,0,,,,,,
C135,Chest,111,test/C135/Low_Dose/00000354.dcm,130.0,262144,0.0,52,0,,,,,,,0,,,,,,,0,,,,,,,0,,,,,,
C135,Chest,112,test/C135/Low_Dose/00000242.dcm,130.0,262144,0.0,44,0,,,,,,,0,,,,,,,0,,,,,,,0,,,,,,
C135,Chest,113,test/C135/Low_Dose/00000255.dcm,130.0,262144,0.0,49,0,,,,,,,0,,,,,,,0,,,,,,,0,,,,,,
C135,Chest,114,test/C135/Low_Dose/00000161.dcm,130.0,262144,0.0,66,0,,,,,,,0,,,,,,,0,,,,,,,0,,,,,,
C135,Chest,115,test/C135/Low_Dose/00000271.dcm,130.0,262144,0.0,50,0,,,,,,,0,,,,,,,0,,,,,,,0,,,,,,
C135,Chest,116,test/C135/Low_Dose/00000347.dcm,130.0,262144,0.0,56,0,,,,,,,0,,,,,,,0,,,,,,,0,,,,,,
C135,Chest,117,test/C135/Low_Dose/00000353.dcm,130.0,262144,0.0,48,0,,,,,,,0,,,,,,,0,,,,,,,0,,,,,,
C135,Chest,118,test/C135/Low_Dose/00000314.dcm,130.0,262144,0.0,48,0,,,,,,,0,,,,,,,0,,,,,,,0,,,,,,
C135,Chest,119,test/C135/Low_Dose/00000056.dcm,130.0,262144,0.0,45,0,,,,,,,0,,,,,,,0,,,,,,,0,,,,,,
C135,Chest,120,test/C135/Low_Dose/00000018.dcm,130.0,262144,0.0,57,0,,,,,,,0,,,,,,,0,,,,,,,0,,,,,,
C135,Chest,121,test/C135/Low_Dose/00000323.dcm,130.0,262144,0.0,70,0,,,,,,,0,,,,,,,0,,,,,,,0,,,,,,
C135,Chest,122,test/C135/Low_Dose/00000099.dcm,130.0,262144,0.0,63,0,,,,,,,0,,,,,,,0,,,,,,,0,,,,,,
C135,Chest,123,test/C135/Low_Dose/00000048.dcm,130.0,262144,0.0,63,0,,,,,,,0,,,,,,,0,,,,,,,0,,,,,,
C135,Chest,124,test/C135/Low_Dose/00000054.dcm,130.0,262144,0.0,57,0,,,,,,,0,,,,,,,0,,,,,,,0,,,,,,
C135,Chest,125,test/C135/Low_Dose/00000315.dcm,130.0,262144,0.0,54,0,,,,,,,0,,,,,,,0,,,,,,,0,,,,,,
C135,Chest,126,test/C135/Low_Dose/00000342.dcm,130.0,262144,0.0,42,0,,,,,,,0,,,,,,,0,,,,,,,0,,,,,,
C135,Chest,127,test/C135/Low_Dose/00000243.dcm,130.0,262144,0.0,58,0,,,,,,,0,,,,,,,0,,,,,,,0,,,,,,
C135,Chest,128,test/C135/Low_Dose/00000286.dcm,130.0,262144,0.0,49,0,,,,,,,0,,,,,,,0,,,,,,,0,,,,,,
C135,Chest,129,test/C135/Low_Dose/00000339.dcm,130.0,262144,0.0,42,0,,,,,,,0,,,,,,,0,,,,,,,0,,,,,,
C135,Chest,130,test/C135/Low_Dose/00000104.dcm,130.0,262144,0.0,50,0,,,,,,,0,,,,,,,0,,,,,,,0,,,,,,
C135,Chest,131,test/C135/Low_Dose/00000197.dcm,130.0,262144,0.0,49,0,,,,,,,0,,,,,,,0,,,,,,,0,,,,,,
C135,Chest,132,test/C135/Low_Dose/00000171.dcm,130.0,262144,0.0,52,0,,,,,,,0,,,,,,,0,,,,,,,0,,,,,,
C135,Chest,133,test/C135/Low_Dose/00000261.dcm,130.0,262144,0.0,76,0,,,,,,,0,,,,,,,0,,,,,,,0,,,,,,
C135,Chest,134,test/C135/Low_Dose/00000142.dcm,130.0,262144,0.0,60,0,,,,,,,0,,,,,,,0,,,,,,,0,,,,,,
C135,Chest,135,test/C135/Low_Dose/00000253.dcm,130.0,262144,0.0,51,0,,,,,,,0,,,,,,,0,,,,,,,0,,,,,,
C135,Chest,136,test/C135/Low_Dose/00000144.dcm,130.0,262144,0.0,57,0,,,,,,,0,,,,,,,0,,,,,,,0,,,,,,
C135,Chest,137,test/C135/Low_Dose/00000318.dcm,130.0,262144,0.0,45,0,,,,,,,0,,,,,,,0,,,,,,,0,,,,,,
C135,Chest,138,test/C135/Low_Dose/00000010.dcm,130.0,262144,0.0,58,0,,,,,,,0,,,,,,,0,,,,,,,0,,,,,,
C135,Chest,139,test/C135/Low_Dose/00000032.dcm,130.0,262144,0.0,52,0,,,,,,,0,,,,,,,0,,,,,,,0,,,,,,
C135,Chest,140,test/C135/Low_Dose/00000107.dcm,130.0,262144,0.0,44,0,,,,,,,0,,,,,,,0,,,,,,,0,,,,,,
C135,Chest,141,test/C135/Low_Dose/00000235.dcm,130.0,262144,0.0,51,0,,,,,,,0,,,,,,,0,,,,,,,0,,,,,,
C135,Chest,142,test/C135/Low_Dose/00000008.dcm,130.0,262144,0.0,62,0,,,,,,,0,,,,,,,0,,,,,,,0,,,,,,
C135,Chest,143,test/C135/Low_Dose/00000066.dcm,130.0,262144,0.0,71,0,,,,,,,0,,,,,,,0,,,,,,,0,,,,,,
C135,Chest,144,test/C135/Low_Dose/00000040.dcm,130.0,262144,0.0,72,0,,,,,,,0,,,,,,,0,,,,,,,0,,,,,,
C135,Chest,145,test/C135/Low_Dose/00000097.dcm,130.0,262144,0.0,74,0,,,,,,,0,,,,,,,0,,,,,,,0,,,,,,
C135,Chest,146,test/C135/Low_Dose/00000289.dcm,130.0,262144,0.0,63,0,,,,,,,0,,,,,,,0,,,,,,,0,,,,,,
C135,Chest,147,test/C135/Low_Dose/00000336.dcm,130.0,262144,0.0,62,0,,,,,,,0,,,,,,,0,,,,,,,0,,,,,,
C135,Chest,148,test/C135/Low_Dose/00000177.dcm,130.0,262144,0.0,62,0,,,,,,,0,,,,,,,0,,,,,,,0,,,,,,
C135,Chest,149,test/C135/Low_Dose/00000208.dcm,130.0,262144,0.0,61,0,,,,,,,0,,,,,,,0,,,,,,,0,,,,,,
C135,Chest,150,test/C135/Low_Dose/00000151.dcm,130.0,262144,0.0,69,0,,,,,,,0,,,,,,,0,,,,,,,0,,,,,,
C135,Chest,151,test/C135/Low_Dose/00000081.dcm,130.0,262144,0.0,60,0,,,,,,,0,,,,,,,0,,,,,,,0,,,,,,
C135,Chest,152,test/C135/Low_Dose/00000215.dcm,130.0,262144,0.0,68,0,,,,,,,0,,,,,,,0,,,,,,,0,,,,,,
C135,Chest,153,test/C135/Low_Dose/00000034.dcm,130.0,262144,0.0,70,0,,,,,,,0,,,,,,,0,,,,,,,0,,,,,,
C135,Chest,154,test/C135/Low_Dose/00000225.dcm,130.0,262144,0.0,69,0,,,,,,,0,,,,,,,0,,,,,,,0,,,,,,
C135,Chest,155,test/C135/Low_Dose/00000350.dcm,130.0,262144,0.0,66,0,,,,,,,0,,,,,,,0,,,,,,,0,,,,,,
C135,Chest,156,test/C135/Low_Dose/00000145.dcm,130.0,262144,0.0,71,0,,,,,,,0,,,,,,,0,,,,,,,0,,,,,,
C135,Chest,157,test/C135/Low_Dose/00000278.dcm,130.0,262144,0.0,66,0,,,,,,,0,,,,,,,0,,,,,,,0,,,,,,
C135,Chest,158,test/C135/Low_Dose/00000076.dcm,130.0,262144,0.0,63,0,,,,,,,0,,,,,,,0,,,,,,,0,,,,,,
C135,Chest,159,test/C135/Low_Dose/00000137.dcm,130.0,262144,0.0,70,0,,,,,,,0,,,,,,,0,,,,,,,0,,,,,,
C135,Chest,160,test/C135/Low_Dose/00000091.dcm,130.0,262144,0.0,70,0,,,,,,,0,,,,,,,0,,,,,,,0,,,,,,
C135,Chest,161,test/C135/Low_Dose/00000015.dcm,130.0,262144,0.0,60,0,,,,,,,0,,,,,,,0,,,,,,,0,,,,,,
C135,Chest,162,test/C135/Low_Dose/00000260.dcm,130.0,262144,0.0,63,0,,,,,,,0,,,,,,,0,,,,,,,0,,,,,,
C135,Chest,163,test/C135/Low_Dose/00000201.dcm,130.0,262144,0.0,53,0,,,,,,,0,,,,,,,0,,,,,,,0,,,,,,
C135,Chest,164,test/C135/Low_Dose/00000193.dcm,130.0,262144,0.0,54,0,,,,,,,0,,,,,,,0,,,,,,,0,,,,,,
C135,Chest,165,test/C135/Low_Dose/00000080.dcm,130.0,262144,0.0,47,0,,,,,,,0,,,,,,,0,,,,,,,0,,,,,,
C135,Chest,166,test/C135/Low_Dose/00000135.dcm,130.0,262144,0.0,68,0,,,,,,,0,,,,,,,0,,,,,,,0,,,,,,
C135,Chest,167,test/C135/Low_Dose/00000251.dcm,130.0,262144,0.0,59,0,,,,,,,0,,,,,,,0,,,,,,,0,,,,,,
C135,Chest,168,test/C135/Low_Dose/00000062.dcm,130.0,262144,0.0,66,0,,,,,,,0,,,,,,,0,,,,,,,0,,,,,,
C135,Chest,169,test/C135/Low_Dose/00000120.dcm,130.0,262144,0.0,62,0,,,,,,,0,,,,,,,0,,,,,,,0,,,,,,
C135,Chest,170,test/C135/Low_Dose/00000035.dcm,130.0,262144,0.0,45,0,,,,,,,0,,,,,,,0,,,,,,,0,,,,,,
C135,Chest,171,test/C135/Low_Dose/00000121.dcm,130.0,262144,0.0,34,0,,,,,,,0,,,,,,,0,,,,,,,0,,,,,,
C135,Chest,172,test/C135/Low_Dose/00000195.dcm,130.0,262144,0.0,42,0,,,,,,,0,,,,,,,0,,,,,,,0,,,,,,
C135,Chest,173,test/C135/Low_Dose/00000077.dcm,130.0,262144,0.0,56,0,,,,,,,0,,,,,,,0,,,,,,,0,,,,,,
C135,Chest,174,test/C135/Low_Dose/00000096.dcm,130.0,262144,0.0,59,0,,,,,,,0,,,,,,,0,,,,,,,0,,,,,,
C135,Chest,175,test/C135/Low_Dose/00000302.dcm,130.0,262144,0.0,43,0,,,,,,,0,,,,,,,0,,,,,,,0,,,,,,
C135,Chest,176,test/C135/Low_Dose/00000304.dcm,130.0,262144,0.0,57,0,,,,,,,0,,,,,,,0,,,,,,,0,,,,,,
C135,Chest,177,test/C135/Low_Dose/00000146.dcm,130.0,262144,0.0,64,0,,,,,,,0,,,,,,,0,,,,,,,0,,,,,,
C135,Chest,178,test/C135/Low_Dose/00000294.dcm,130.0,262144,0.0,46,0,,,,,,,0,,,,,,,0,,,,,,,0,,,,,,
C135,Chest,179,test/C135/Low_Dose/00000338.dcm,130.0,262144,0.0,36,0,,,,,,,0,,,,,,,0,,,,,,,0,,,,,,
C135,Chest,180,test/C135/Low_Dose/00000221.dcm,130.0,262144,0.0,41,0,,,,,,,0,,,,,,,0,,,,,,,0,,,,,,
C135,Chest,181,test/C135/Low_Dose/00000021.dcm,130.0,262144,0.0,47,0,,,,,,,0,,,,,,,0,,,,,,,0,,,,,,
C135,Chest,182,test/C135/Low_Dose/00000073.dcm,130.0,262144,0.0,39,0,,,,,,,0,,,,,,,0,,,,,,,0,,,,,,
C135,Chest,183,test/C135/Low_Dose/00000211.dcm,130.0,262144,0.0,56,0,,,,,,,0,,,,,,,0,,,,,,,0,,,,,,
C135,Chest,184,test/C135/Low_Dose/00000282.dcm,130.0,262144,0.0,29,0,,,,,,,0,,,,,,,0,,,,,,,0,,,,,,
C135,Chest,185,test/C135/Low_Dose/00000184.dcm,130.0,262144,0.0,41,0,,,,,,,0,,,,,,,0,,,,,,,0,,,,,,
C135,Chest,186,test/C135/Low_Dose/00000199.dcm,130.0,262144,0.0,39,0,,,,,,,0,,,,,,,0,,,,,,,0,,,,,,
C135,Chest,187,test/C135/Low_Dose/00000058.dcm,130.0,262144,0.0,39,0,,,,,,,0,,,,,,,0,,,,,,,0,,,,,,
C135,Chest,188,test/C135/Low_Dose/00000307.dcm,130.0,262144,0.0,39,0,,,,,,,0,,,,,,,0,,,,,,,0,,,,,,
C135,Chest,189,test/C135/Low_Dose/00000178.dcm,130.0,262144,0.0,38,0,,,,,,,0,,,,,,,0,,,,,,,0,,,,,,
C135,Chest,190,test/C135/Low_Dose/00000244.dcm,130.0,262144,0.0,46,0,,,,,,,0,,,,,,,0,,,,,,,0,,,,,,
C135,Chest,191,test/C135/Low_Dose/00000110.dcm,130.0,262144,0.0,44,0,,,,,,,0,,,,,,,0,,,,,,,0,,,,,,
C135,Chest,192,test/C135/Low_Dose/00000220.dcm,130.0,262144,0.0,48,0,,,,,,,0,,,,,,,0,,,,,,,0,,,,,,
C135,Chest,193,test/C135/Low_Dose/00000030.dcm,130.0,262144,0.0,40,0,,,,,,,0,,,,,,,0,,,,,,,0,,,,,,
C135,Chest,194,test/C135/Low_Dose/00000348.dcm,130.0,262144,0.0,49,0,,,,,,,0,,,,,,,0,,,,,,,0,,,,,,
C135,Chest,195,test/C135/Low_Dose/00000044.dcm,130.0,262144,0.0,37,0,,,,,,,0,,,,,,,0,,,,,,,0,,,,,,
C135,Chest,196,test/C135/Low_Dose/00000247.dcm,130.0,262144,0.0,37,0,,,,,,,0,,,,,,,0,,,,,,,0,,,,,,
C135,Chest,197,test/C135/Low_Dose/00000033.dcm,130.0,262144,0.0,48,0,,,,,,,0,,,,,,,0,,,,,,,0,,,,,,
C135,Chest,198,test/C135/Low_Dose/00000187.dcm,130.0,262144,0.0,46,0,,,,,,,0,,,,,,,0,,,,,,,0,,,,,,
C135,Chest,199,test/C135/Low_Dose/00000333.dcm,130.0,262144,0.0,58,0,,,,,,,0,,,,,,,0,,,,,,,0,,,,,,
C135,Chest,200,test/C135/Low_Dose/00000284.dcm,130.0,262144,0.0,58,0,,,,,,,0,,,,,,,0,,,,,,,0,,,,,,
C135,Chest,201,test/C135/Low_Dose/00000334.dcm,130.0,262144,0.0,35,0,,,,,,,0,,,,,,,0,,,,,,,0,,,,,,
C135,Chest,202,test/C135/Low_Dose/00000321.dcm,130.0,262144,0.0,53,0,,,,,,,0,,,,,,,0,,,,,,,0,,,,,,
C135,Chest,203,test/C135/Low_Dose/00000003.dcm,130.0,262144,0.0,67,0,,,,,,,0,,,,,,,0,,,,,,,0,,,,,,
C135,Chest,204,test/C135/Low_Dose/00000316.dcm,130.0,262144,0.0,48,0,,,,,,,0,,,,,,,0,,,,,,,0,,,,,,
C135,Chest,205,test/C135/Low_Dose/00000327.dcm,130.0,262144,0.0,57,0,,,,,,,0,,,,,,,0,,,,,,,0,,,,,,
C135,Chest,206,test/C135/Low_Dose/00000236.dcm,130.0,262144,0.0,60,0,,,,,,,0,,,,,,,0,,,,,,,0,,,,,,
C135,Chest,207,test/C135/Low_Dose/00000287.dcm,130.0,262144,0.0,48,0,,,,,,,0,,,,,,,0,,,,,,,0,,,,,,
C135,Chest,208,test/C135/Low_Dose/00000124.dcm,130.0,262144,0.0,52,0,,,,,,,0,,,,,,,0,,,,,,,0,,,,,,
C135,Chest,209,test/C135/Low_Dose/00000153.dcm,130.0,262144,0.0,48,0,,,,,,,0,,,,,,,0,,,,,,,0,,,,,,
C135,Chest,210,test/C135/Low_Dose/00000226.dcm,130.0,262144,0.0,65,0,,,,,,,0,,,,,,,0,,,,,,,0,,,,,,
C135,Chest,211,test/C135/Low_Dose/00000130.dcm,130.0,262144,0.0,56,0,,,,,,,0,,,,,,,0,,,,,,,0,,,,,,
C135,Chest,212,test/C135/Low_Dose/00000186.dcm,130.0,262144,0.0,54,0,,,,,,,0,,,,,,,0,,,,,,,0,,,,,,
C135,Chest,213,test/C135/Low_Dose/00000152.dcm,130.0,262144,0.0,43,0,,,,,,,0,,,,,,,0,,,,,,,0,,,,,,
C135,Chest,214,test/C135/Low_Dose/00000166.dcm,130.0,262144,0.0,44,0,,,,,,,0,,,,,,,0,,,,,,,0,,,,,,
C135,Chest,215,test/C135/Low_Dose/00000140.dcm,130.0,262144,0.0,36,0,,,,,,,0,,,,,,,0,,,,,,,0,,,,,,
C135,Chest,216,test/C135/Low_Dose/00000093.dcm,130.0,262144,0.0,24,0,,,,,,,0,,,,,,,0,,,,,,,0,,,,,,
C135,Chest,217,test/C135/Low_Dose/00000230.dcm,130.0,262144,0.0,35,0,,,,,,,0,,,,,,,0,,,,,,,0,,,,,,
C135,Chest,218,test/C135/Low_Dose/00000313.dcm,130.0,262144,0.0,31,0,,,,,,,0,,,,,,,0,,,,,,,0,,,,,,
C135,Chest,219,test/C135/Low_Dose/00000324.dcm,130.0,262144,0.0,40,0,,,,,,,0,,,,,,,0,,,,,,,0,,,,,,
C135,Chest,220,test/C135/Low_Dose/00000332.dcm,130.0,262144,0.0,39,0,,,,,,,0,,,,,,,0,,,,,,,0,,,,,,
C135,Chest,221,test/C135/Low_Dose/00000168.dcm,130.0,262144,0.0,34,0,,,,,,,0,,,,,,,0,,,,,,,0,,,,,,
C135,Chest,222,test/C135/Low_Dose/00000210.dcm,130.0,262144,0.0,44,0,,,,,,,0,,,,,,,0,,,,,,,0,,,,,,
C135,Chest,223,test/C135/Low_Dose/00000025.dcm,130.0,262144,0.0,29,0,,,,,,,0,,,,,,,0,,,,,,,0,,,,,,
C135,Chest,224,test/C135/Low_Dose/00000185.dcm,130.0,262144,0.0,41,0,,,,,,,0,,,,,,,0,,,,,,,0,,,,,,
C135,Chest,225,test/C135/Low_Dose/00000325.dcm,130.0,262144,0.0,38,0,,,,,,,0,,,,,,,0,,,,,,,0,,,,,,
C135,Chest,226,test/C135/Low_Dose/00000250.dcm,130.0,262144,0.0,54,0,,,,,,,0,,,,,,,0,,,,,,,0,,,,,,
C135,Chest,227,test/C135/Low_Dose/00000264.dcm,130.0,262144,0.0,48,0,,,,,,,0,,,,,,,0,,,,,,,0,,,,,,
C135,Chest,228,test/C135/Low_Dose/00000345.dcm,130.0,262144,0.0,43,0,,,,,,,0,,,,,,,0,,,,,,,0,,,,,,
C135,Chest,229,test/C135/Low_Dose/00000233.dcm,130.0,262144,0.0,50,0,,,,,,,0,,,,,,,0,,,,,,,0,,,,,,
C135,Chest,230,test/C135/Low_Dose/00000094.dcm,130.0,262144,0.0,57,0,,,,,,,0,,,,,,,0,,,,,,,0,,,,,,
C135,Chest,231,test/C135/Low_Dose/00000117.dcm,130.0,262144,0.0,77,0,,,,,,,0,,,,,,,0,,,,,,,0,,,,,,
C135,Chest,232,test/C135/Low_Dose/00000045.dcm,130.0,262144,0.0,56,0,,,,,,,0,,,,,,,0,,,,,,,0,,,,,,
C135,Chest,233,test/C135/Low_Dose/00000203.dcm,130.0,262144,0.0,71,0,,,,,,,0,,,,,,,0,,,,,,,0,,,,,,
C135,Chest,234,test/C135/Low_Dose/00000248.dcm,130.0,262144,0.0,49,0,,,,,,,0,,,,,,,0,,,,,,,0,,,,,,
C135,Chest,235,test/C135/Low_Dose/00000059.dcm,130.0,262144,0.0,49,0,,,,,,,0,,,,,,,0,,,,,,,0,,,,,,
C135,Chest,236,test/C135/Low_Dose/00000311.dcm,130.0,262144,0.0,51,0,,,,,,,0,,,,,,,0,,,,,,,0,,,,,,
C135,Chest,237,test/C135/Low_Dose/00000016.dcm,130.0,262144,0.0,52,0,,,,,,,0,,,,,,,0,,,,,,,0,,,,,,
C135,Chest,238,test/C135/Low_Dose/00000331.dcm,130.0,262144,0.0,43,0,,,,,,,0,,,,,,,0,,,,,,,0,,,,,,
C135,Chest,239,test/C135/Low_Dose/00000125.dcm,130.0,262144,0.0,56,0,,,,,,,0,,,,,,,0,,,,,,,0,,,,,,
C135,Chest,240,test/C135/Low_Dose/00000005.dcm,130.0,262144,0.0,59,0,,,,,,,0,,,,,,,0,,,,,,,0,,,,,,
C135,Chest,241,test/C135/Low_Dose/00000159.dcm,130.0,262144,0.0,45,0,,,,,,,0,,,,,,,0,,,,,,,0,,,,,,
C135,Chest,242,test/C135/Low_Dose/00000088.dcm,130.0,262144,0.0,37,0,,,,,,,0,,,,,,,0,,,,,,,0,,,,,,
C135,Chest,243,test/C135/Low_Dose/00000306.dcm,130.0,262144,0.0,46,0,,,,,,,0,,,,,,,0,,,,,,,0,,,,,,
C135,Chest,244,test/C135/Low_Dose/00000297.dcm,130.0,262144,0.0,29,0,,,,,,,0,,,,,,,0,,,,,,,0,,,,,,
C135,Chest,245,test/C135/Low_Dose/00000063.dcm,130.0,262144,0.0,32,0,,,,,,,0,,,,,,,0,,,,,,,0,,,,,,
C135,Chest,246,test/C135/Low_Dose/00000309.dcm,130.0,262144,0.0,35,0,,,,,,,0,,,,,,,0,,,,,,,0,,,,,,
C135,Chest,247,test/C135/Low_Dose/00000103.dcm,130.0,262144,0.0,58,0,,,,,,,0,,,,,,,0,,,,,,,0,,,,,,
C135,Chest,248,test/C135/Low_Dose/00000017.dcm,130.0,262144,0.0,42,0,,,,,,,0,,,,,,,0,,,,,,,0,,,,,,
C135,Chest,249,test/C135/Low_Dose/00000128.dcm,130.0,262144,0.0,47,0,,,,,,,0,,,,,,,0,,,,,,,0,,,,,,
C135,Chest,250,test/C135/Low_Dose/00000029.dcm,130.0,262144,0.0,36,0,,,,,,,0,,,,,,,0,,,,,,,0,,,,,,
C135,Chest,251,test/C135/Low_Dose/00000275.dcm,130.0,262144,0.0,51,0,,,,,,,0,,,,,,,0,,,,,,,0,,,,,,
C135,Chest,252,test/C135/Low_Dose/00000042.dcm,130.0,262144,0.0,30,0,,,,,,,0,,,,,,,0,,,,,,,0,,,,,,
C135,Chest,253,test/C135/Low_Dose/00000111.dcm,130.0,262144,0.0,34,0,,,,,,,0,,,,,,,0,,,,,,,0,,,,,,
C135,Chest,254,test/C135/Low_Dose/00000298.dcm,130.0,262144,0.0,29,0,,,,,,,0,,,,,,,0,,,,,,,0,,,,,,
C135,Chest,255,test/C135/Low_Dose/00000209.dcm,130.0,262144,0.0,36,0,,,,,,,0,,,,,,,0,,,,,,,0,,,,,,
C135,Chest,256,test/C135/Low_Dose/00000001.dcm,130.0,262144,0.0,25,0,,,,,,,0,,,,,,,0,,,,,,,0,,,,,,
C135,Chest,257,test/C135/Low_Dose/00000002.dcm,130.0,262144,0.0,45,0,,,,,,,0,,,,,,,0,,,,,,,0,,,,,,
C135,Chest,258,test/C135/Low_Dose/00000303.dcm,130.0,262144,0.0,29,0,,,,,,,0,,,,,,,0,,,,,,,0,,,,,,
C135,Chest,259,test/C135/Low_Dose/00000326.dcm,130.0,262144,0.0,43,0,,,,,,,0,,,,,,,0,,,,,,,0,,,,,,
C135,Chest,260,test/C135/Low_Dose/00000196.dcm,130.0,262144,0.0,37,0,,,,,,,0,,,,,,,0,,,,,,,0,,,,,,
C135,Chest,261,test/C135/Low_Dose/00000274.dcm,130.0,262144,0.0,41,0,,,,,,,0,,,,,,,0,,,,,,,0,,,,,,
C135,Chest,262,test/C135/Low_Dose/00000052.dcm,130.0,262144,0.0,46,0,,,,,,,0,,,,,,,0,,,,,,,0,,,,,,
C135,Chest,263,test/C135/Low_Dose/00000232.dcm,130.0,262144,0.0,37,0,,,,,,,0,,,,,,,0,,,,,,,0,,,,,,
C135,Chest,264,test/C135/Low_Dose/00000133.dcm,130.0,262144,0.0,37,0,,,,,,,0,,,,,,,0,,,,,,,0,,,,,,
C135,Chest,265,test/C135/Low_Dose/00000051.dcm,130.0,262144,0.0,54,0,,,,,,,0,,,,,,,0,,,,,,,0,,,,,,
C135,Chest,266,test/C135/Low_Dose/00000169.dcm,130.0,262144,0.0,58,0,,,,,,,0,,,,,,,0,,,,,,,0,,,,,,
C135,Chest,267,test/C135/Low_Dose/00000188.dcm,130.0,262144,0.0,56,0,,,,,,,0,,,,,,,0,,,,,,,0,,,,,,
C135,Chest,268,test/C135/Low_Dose/00000173.dcm,130.0,262144,0.0,52,0,,,,,,,0,,,,,,,0,,,,,,,0,,,,,,
C135,Chest,269,test/C135/Low_Dose/00000182.dcm,130.0,262144,0.0,45,0,,,,,,,0,,,,,,,0,,,,,,,0,,,,,,
C135,Chest,270,test/C135/Low_Dose/00000288.dcm,130.0,262144,0.0,61,0,,,,,,,0,,,,,,,0,,,,,,,0,,,,,,
C135,Chest,271,test/C135/Low_Dose/00000256.dcm,130.0,262144,0.0,66,0,,,,,,,0,,,,,,,0,,,,,,,0,,,,,,
C135,Chest,272,test/C135/Low_Dose/00000234.dcm,130.0,262144,0.0,59,0,,,,,,,0,,,,,,,0,,,,,,,0,,,,,,
C135,Chest,273,test/C135/Low_Dose/00000119.dcm,130.0,262144,0.0,50,0,,,,,,,0,,,,,,,0,,,,,,,0,,,,,,
C135,Chest,274,test/C135/Low_Dose/00000100.dcm,130.0,262144,0.0,48,0,,,,,,,0,,,,,,,0,,,,,,,0,,,,,,
C135,Chest,275,test/C135/Low_Dose/00000308.dcm,130.0,262144,0.0,50,0,,,,,,,0,,,,,,,0,,,,,,,0,,,,,,
C135,Chest,276,test/C135/Low_Dose/00000291.dcm,130.0,262144,0.0,56,0,,,,,,,0,,,,,,,0,,,,,,,0,,,,,,
C135,Chest,277,test/C135/Low_Dose/00000276.dcm,130.0,262144,0.0,52,0,,,,,,,0,,,,,,,0,,,,,,,0,,,,,,
C135,Chest,278,test/C135/Low_Dose/00000041.dcm,130.0,262144,0.0,63,0,,,,,,,0,,,,,,,0,,,,,,,0,,,,,,
C135,Chest,279,test/C135/Low_Dose/00000141.dcm,130.0,262144,0.0,47,0,,,,,,,0,,,,,,,0,,,,,,,0,,,,,,
C135,Chest,280,test/C135/Low_Dose/00000116.dcm,130.0,262144,0.0,66,0,,,,,,,0,,,,,,,0,,,,,,,0,,,,,,
C135,Chest,281,test/C135/Low_Dose/00000069.dcm,130.0,262144,0.0,47,0,,,,,,,0,,,,,,,0,,,,,,,0,,,,,,
C135,Chest,282,test/C135/Low_Dose/00000300.dcm,130.0,262144,0.0,64,0,,,,,,,0,,,,,,,0,,,,,,,0,,,,,,
C135,Chest,283,test/C135/Low_Dose/00000279.dcm,130.0,262144,0.0,62,0,,,,,,,0,,,,,,,0,,,,,,,0,,,,,,
C135,Chest,284,test/C135/Low_Dose/00000007.dcm,130.0,262144,0.0,52,0,,,,,,,0,,,,,,,0,,,,,,,0,,,,,,
C135,Chest,285,test/C135/Low_Dose/00000341.dcm,130.0,262144,0.0,50,0,,,,,,,0,,,,,,,0,,,,,,,0,,,,,,
C135,Chest,286,test/C135/Low_Dose/00000312.dcm,130.0,262144,0.0,37,0,,,,,,,0,,,,,,,0,,,,,,,0,,,,,,
C135,Chest,287,test/C135/Low_Dose/00000022.dcm,130.0,262144,0.0,38,0,,,,,,,0,,,,,,,0,,,,,,,0,,,,,,
C135,Chest,288,test/C135/Low_Dose/00000340.dcm,130.0,262144,0.0,62,0,,,,,,,0,,,,,,,0,,,,,,,0,,,,,,
C135,Chest,289,test/C135/Low_Dose/00000061.dcm,130.0,262144,0.0,53,0,,,,,,,0,,,,,,,0,,,,,,,0,,,,,,
C135,Chest,290,test/C135/Low_Dose/00000180.dcm,130.0,262144,0.0,43,0,,,,,,,0,,,,,,,0,,,,,,,0,,,,,,
C135,Chest,291,test/C135/Low_Dose/00000031.dcm,130.0,262144,0.0,42,0,,,,,,,0,,,,,,,0,,,,,,,0,,,,,,
C135,Chest,292,test/C135/Low_Dose/00000206.dcm,130.0,262144,0.0,48,0,,,,,,,0,,,,,,,0,,,,,,,0,,,,,,
C135,Chest,293,test/C135/Low_Dose/00000136.dcm,130.0,262144,0.0,58,0,,,,,,,0,,,,,,,0,,,,,,,0,,,,,,
C135,Chest,294,test/C135/Low_Dose/00000043.dcm,130.0,262144,0.0,35,0,,,,,,,0,,,,,,,0,,,,,,,0,,,,,,
C135,Chest,295,test/C135/Low_Dose/00000252.dcm,130.0,262144,0.0,32,0,,,,,,,0,,,,,,,0,,,,,,,0,,,,,,
C135,Chest,296,test/C135/Low_Dose/00000218.dcm,130.0,262144,0.0,48,0,,,,,,,0,,,,,,,0,,,,,,,0,,,,,,
C135,Chest,297,test/C135/Low_Dose/00000183.dcm,130.0,262144,0.0,41,0,,,,,,,0,,,,,,,0,,,,,,,0,,,,,,
C135,Chest,298,test/C135/Low_Dose/00000344.dcm,130.0,262144,0.0,41,0,,,,,,,0,,,,,,,0,,,,,,,0,,,,,,
C135,Chest,299,test/C135/Low_Dose/00000349.dcm,130.0,262144,0.0,44,0,,,,,,,0,,,,,,,0,,,,,,,0,,,,,,
C135,Chest,300,test/C135/Low_Dose/00000108.dcm,130.0,262144,0.0,44,0,,,,,,,0,,,,,,,0,,,,,,,0,,,,,,
C135,Chest,301,test/C135/Low_Dose/00000006.dcm,130.0,262144,0.0,39,0,,,,,,,0,,,,,,,0,,,,,,,0,,,,,,
C135,Chest,302,test/C135/Low_Dose/00000065.dcm,130.0,262144,0.0,31,0,,,,,,,0,,,,,,,0,,,,,,,0,,,,,,
C135,Chest,303,test/C135/Low_Dose/00000222.dcm,130.0,262144,0.0,37,0,,,,,,,0,,,,,,,0,,,,,,,0,,,,,,
C135,Chest,304,test/C135/Low_Dose/00000132.dcm,130.0,262144,0.0,40,0,,,,,,,0,,,,,,,0,,,,,,,0,,,,,,
C135,Chest,305,test/C135/Low_Dose/00000224.dcm,130.0,262144,0.0,36,0,,,,,,,0,,,,,,,0,,,,,,,0,,,,,,
C135,Chest,306,test/C135/Low_Dose/00000075.dcm,130.0,262144,0.0,41,0,,,,,,,0,,,,,,,0,,,,,,,0,,,,,,
C135,Chest,307,test/C135/Low_Dose/00000156.dcm,130.0,262144,0.0,28,0,,,,,,,0,,,,,,,0,,,,,,,0,,,,,,
C135,Chest,308,test/C135/Low_Dose/00000143.dcm,130.0,262144,0.0,19,0,,,,,,,0,,,,,,,0,,,,,,,0,,,,,,
C135,Chest,309,test/C135/Low_Dose/00000246.dcm,130.0,262144,0.0,34,0,,,,,,,0,,,,,,,0,,,,,,,0,,,,,,
C135,Chest,310,test/C135/Low_Dose/00000013.dcm,130.0,262144,0.0,37,0,,,,,,,0,,,,,,,0,,,,,,,0,,,,,,
C135,Chest,311,test/C135/Low_Dose/00000351.dcm,130.0,262144,0.0,42,0,,,,,,,0,,,,,,,0,,,,,,,0,,,,,,
C135,Chest,312,test/C135/Low_Dose/00000167.dcm,130.0,262144,0.0,39,0,,,,,,,0,,,,,,,0,,,,,,,0,,,,,,
C135,Chest,313,test/C135/Low_Dose/00000162.dcm,130.0,262144,0.0,55,0,,,,,,,0,,,,,,,0,,,,,,,0,,,,,,
C135,Chest,314,test/C135/Low_Dose/00000263.dcm,130.0,262144,0.0,39,0,,,,,,,0,,,,,,,0,,,,,,,0,,,,,,
C135,Chest,315,test/C135/Low_Dose/00000068.dcm,130.0,262144,0.0,37,0,,,,,,,0,,,,,,,0,,,,,,,0,,,,,,
C135,Chest,316,test/C135/Low_Dose/00000200.dcm,130.0,262144,0.0,45,0,,,,,,,0,,,,,,,0,,,,,,,0,,,,,,
C135,Chest,317,test/C135/Low_Dose/00000046.dcm,130.0,262144,0.0,53,0,,,,,,,0,,,,,,,0,,,,,,,0,,,,,,
C135,Chest,318,test/C135/Low_Dose/00000158.dcm,130.0,262144,0.0,33,0,,,,,,,0,,,,,,,0,,,,,,,0,,,,,,
C135,Chest,319,test/C135/Low_Dose/00000212.dcm,130.0,262144,0.0,41,0,,,,,,,0,,,,,,,0,,,,,,,0,,,,,,
C135,Chest,320,test/C135/Low_Dose/00000343.dcm,130.0,262144,0.0,44,0,,,,,,,0,,,,,,,0,,,,,,,0,,,,,,
C135,Chest,321,test/C135/Low_Dose/00000147.dcm,130.0,262144,0.0,46,0,,,,,,,0,,,,,,,0,,,,,,,0,,,,,,
C135,Chest,322,test/C135/Low_Dose/00000207.dcm,130.0,262144,0.0,39,0,,,,,,,0,,,,,,,0,,,,,,,0,,,,,,
C135,Chest,323,test/C135/Low_Dose/00000149.dcm,130.0,262144,0.0,30,0,,,,,,,0,,,,,,,0,,,,,,,0,,,,,,
C135,Chest,324,test/C135/Low_Dose/00000262.dcm,130.0,262144,0.0,21,0,,,,,,,0,,,,,,,0,,,,,,,0,,,,,,
C135,Chest,325,test/C135/Low_Dose/00000085.dcm,130.0,262144,0.0,34,0,,,,,,,0,,,,,,,0,,,,,,,0,,,,,,
C135,Chest,326,test/C135/Low_Dose/00000036.dcm,130.0,262144,0.0,27,0,,,,,,,0,,,,,,,0,,,,,,,0,,,,,,
C135,Chest,327,test/C135/Low_Dose/00000102.dcm,130.0,262144,0.0,36,0,,,,,,,0,,,,,,,0,,,,,,,0,,,,,,
C135,Chest,328,test/C135/Low_Dose/00000014.dcm,130.0,262144,0.0,33,0,,,,,,,0,,,,,,,0,,,,,,,0,,,,,,
C135,Chest,329,test/C135/Low_Dose/00000163.dcm,130.0,262144,0.0,26,0,,,,,,,0,,,,,,,0,,,,,,,0,,,,,,
C135,Chest,330,test/C135/Low_Dose/00000050.dcm,130.0,262144,0.0,39,0,,,,,,,0,,,,,,,0,,,,,,,0,,,,,,
C135,Chest,331,test/C135/Low_Dose/00000067.dcm,130.0,262144,0.0,38,0,,,,,,,0,,,,,,,0,,,,,,,0,,,,,,
C135,Chest,332,test/C135/Low_Dose/00000280.dcm,130.0,262144,0.0,32,0,,,,,,,0,,,,,,,0,,,,,,,0,,,,,,
C135,Chest,333,test/C135/Low_Dose/00000285.dcm,130.0,262144,0.0,38,0,,,,,,,0,,,,,,,0,,,,,,,0,,,,,,
C135,Chest,334,test/C135/Low_Dose/00000053.dcm,130.0,262144,0.0,35,0,,,,,,,0,,,,,,,0,,,,,,,0,,,,,,
C135,Chest,335,test/C135/Low_Dose/00000024.dcm,130.0,262144,0.0,28,0,,,,,,,0,,,,,,,0,,,,,,,0,,,,,,
C135,Chest,336,test/C135/Low_Dose/00000257.dcm,130.0,262144,0.0,29,0,,,,,,,0,,,,,,,0,,,,,,,0,,,,,,
C135,Chest,337,test/C135/Low_Dose/00000055.dcm,130.0,262144,0.0,44,0,,,,,,,0,,,,,,,0,,,,,,,0,,,,,,
C135,Chest,338,test/C135/Low_Dose/00000122.dcm,130.0,262144,0.0,42,0,,,,,,,0,,,,,,,0,,,,,,,0,,,,,,
C135,Chest,339,test/C135/Low_Dose/00000109.dcm,130.0,262144,0.0,30,0,,,,,,,0,,,,,,,0,,,,,,,0,,,,,,
C135,Chest,340,test/C135/Low_Dose/00000290.dcm,130.0,262144,0.0,23,0,,,,,,,0,,,,,,,0,,,,,,,0,,,,,,
C135,Chest,341,test/C135/Low_Dose/00000060.dcm,130.0,262144,0.0,42,0,,,,,,,0,,,,,,,0,,,,,,,0,,,,,,
C135,Chest,342,test/C135/Low_Dose/00000259.dcm,130.0,262144,0.0,23,0,,,,,,,0,,,,,,,0,,,,,,,0,,,,,,
C135,Chest,343,test/C135/Low_Dose/00000175.dcm,130.0,262144,0.0,17,0,,,,,,,0,,,,,,,0,,,,,,,0,,,,,,
C135,Chest,344,test/C135/Low_Dose/00000310.dcm,130.0,262144,0.0,17,0,,,,,,,0,,,,,,,0,,,,,,,0,,,,,,
C135,Chest,345,test/C135/Low_Dose/00000319.dcm,130.0,262144,0.0,24,0,,,,,,,0,,,,,,,0,,,,,,,0,,,,,,
C135,Chest,346,test/C135/Low_Dose/00000329.dcm,130.0,262144,0.0,18,0,,,,,,,0,,,,,,,0,,,,,,,0,,,,,,
C135,Chest,347,test/C135/Low_Dose/00000277.dcm,130.0,262144,0.0,16,0,,,,,,,0,,,,,,,0,,,,,,,0,,,,,,
C135,Chest,348,test/C135/Low_Dose/00000198.dcm,130.0,262144,0.0,17,0,,,,,,,0,,,,,,,0,,,,,,,0,,,,,,
C135,Chest,349,test/C135/Low_Dose/00000154.dcm,130.0,262144,0.0,20,0,,,,,,,0,,,,,,,0,,,,,,,0,,,,,,
C135,Chest,350,test/C135/Low_Dose/00000269.dcm,130.0,262144,0.0,20,0,,,,,,,0,,,,,,,0,,,,,,,0,,,,,,
C135,Chest,351,test/C135/Low_Dose/00000229.dcm,130.0,262144,0.0,26,0,,,,,,,0,,,,,,,0,,,,,,,0,,,,,,
C135,Chest,352,test/C135/Low_Dose/00000301.dcm,130.0,262144,0.0,40,0,,,,,,,0,,,,,,,0,,,,,,,0,,,,,,
C135,Chest,353,test/C135/Low_Dose/00000189.dcm,130.0,262144,0.0,35,0,,,,,,,0,,,,,,,0,,,,,,,0,,,,,,
C135,Chest,354,test/C135/Low_Dose/00000020.dcm,130.0,262144,0.0,37,0,,,,,,,0,,,,,,,0,,,,,,,0,,,,,,
C170,Chest,0,test/C170/Low_Dose/00000338.dcm,130.0,262144,0.0,97,0,,,,,,,0,,,,,,,0,,,,,,,0,,,,,,
C170,Chest,1,test/C170/Low_Dose/00000302.dcm,130.0,262144,0.0,71,0,,,,,,,0,,,,,,,0,,,,,,,0,,,,,,
C170,Chest,2,test/C170/Low_Dose/00000096.dcm,130.0,262144,0.0,75,0,,,,,,,0,,,,,,,0,,,,,,,0,,,,,,
C170,Chest,3,test/C170/Low_Dose/00000091.dcm,130.0,262144,0.0,64,0,,,,,,,0,,,,,,,0,,,,,,,0,,,,,,
C170,Chest,4,test/C170/Low_Dose/00000092.dcm,130.0,262144,0.0,39,0,,,,,,,0,,,,,,,0,,,,,,,0,,,,,,
C170,Chest,5,test/C170/Low_Dose/00000145.dcm,130.0,262144,0.0,44,0,,,,,,,0,,,,,,,0,,,,,,,0,,,,,,
C170,Chest,6,test/C170/Low_Dose/00000022.dcm,130.0,262144,0.0,53,0,,,,,,,0,,,,,,,0,,,,,,,0,,,,,,
C170,Chest,7,test/C170/Low_Dose/00000134.dcm,130.0,262144,0.0,50,0,,,,,,,0,,,,,,,0,,,,,,,0,,,,,,
C170,Chest,8,test/C170/Low_Dose/00000359.dcm,130.0,262144,0.0,50,0,,,,,,,0,,,,,,,0,,,,,,,0,,,,,,
C170,Chest,9,test/C170/Low_Dose/00000291.dcm,130.0,262144,0.0,55,0,,,,,,,0,,,,,,,0,,,,,,,0,,,,,,
C170,Chest,10,test/C170/Low_Dose/00000340.dcm,130.0,262144,0.0,48,0,,,,,,,0,,,,,,,0,,,,,,,0,,,,,,
C170,Chest,11,test/C170/Low_Dose/00000059.dcm,130.0,262144,0.0,42,0,,,,,,,0,,,,,,,0,,,,,,,0,,,,,,
C170,Chest,12,test/C170/Low_Dose/00000343.dcm,130.0,262144,0.0,58,0,,,,,,,0,,,,,,,0,,,,,,,0,,,,,,
C170,Chest,13,test/C170/Low_Dose/00000226.dcm,130.0,262144,0.0,76,0,,,,,,,0,,,,,,,0,,,,,,,0,,,,,,
C170,Chest,14,test/C170/Low_Dose/00000030.dcm,130.0,262144,0.0,45,0,,,,,,,0,,,,,,,0,,,,,,,0,,,,,,
C170,Chest,15,test/C170/Low_Dose/00000164.dcm,130.0,262144,0.0,62,0,,,,,,,0,,,,,,,0,,,,,,,0,,,,,,
C170,Chest,16,test/C170/Low_Dose/00000032.dcm,130.0,262144,0.0,59,0,,,,,,,0,,,,,,,0,,,,,,,0,,,,,,
C170,Chest,17,test/C170/Low_Dose/00000053.dcm,130.0,262144,0.0,59,0,,,,,,,0,,,,,,,0,,,,,,,0,,,,,,
C170,Chest,18,test/C170/Low_Dose/00000086.dcm,130.0,262144,0.0,59,0,,,,,,,0,,,,,,,0,,,,,,,0,,,,,,
C170,Chest,19,test/C170/Low_Dose/00000152.dcm,130.0,262144,0.0,59,0,,,,,,,0,,,,,,,0,,,,,,,0,,,,,,
C170,Chest,20,test/C170/Low_Dose/00000342.dcm,130.0,262144,0.0,64,0,,,,,,,0,,,,,,,0,,,,,,,0,,,,,,
C170,Chest,21,test/C170/Low_Dose/00000015.dcm,130.0,262144,0.0,68,0,,,,,,,0,,,,,,,0,,,,,,,0,,,,,,
C170,Chest,22,test/C170/Low_Dose/00000301.dcm,130.0,262144,0.0,73,0,,,,,,,0,,,,,,,0,,,,,,,0,,,,,,
C170,Chest,23,test/C170/Low_Dose/00000287.dcm,130.0,262144,0.0,74,0,,,,,,,0,,,,,,,0,,,,,,,0,,,,,,
C170,Chest,24,test/C170/Low_Dose/00000220.dcm,130.0,262144,0.0,64,0,,,,,,,0,,,,,,,0,,,,,,,0,,,,,,
C170,Chest,25,test/C170/Low_Dose/00000004.dcm,130.0,262144,0.0,48,0,,,,,,,0,,,,,,,0,,,,,,,0,,,,,,
C170,Chest,26,test/C170/Low_Dose/00000124.dcm,130.0,262144,0.0,40,0,,,,,,,0,,,,,,,0,,,,,,,0,,,,,,
C170,Chest,27,test/C170/Low_Dose/00000072.dcm,130.0,262144,0.0,50,0,,,,,,,0,,,,,,,0,,,,,,,0,,,,,,
C170,Chest,28,test/C170/Low_Dose/00000048.dcm,130.0,262144,0.0,52,0,,,,,,,0,,,,,,,0,,,,,,,0,,,,,,
C170,Chest,29,test/C170/Low_Dose/00000316.dcm,130.0,262144,0.0,44,0,,,,,,,0,,,,,,,0,,,,,,,0,,,,,,
C170,Chest,30,test/C170/Low_Dose/00000063.dcm,130.0,262144,0.0,49,0,,,,,,,0,,,,,,,0,,,,,,,0,,,,,,
C170,Chest,31,test/C170/Low_Dose/00000189.dcm,130.0,262144,0.0,49,0,,,,,,,0,,,,,,,0,,,,,,,0,,,,,,
C170,Chest,32,test/C170/Low_Dose/00000187.dcm,130.0,262144,0.0,60,0,,,,,,,0,,,,,,,0,,,,,,,0,,,,,,
C170,Chest,33,test/C170/Low_Dose/00000069.dcm,130.0,262144,0.0,28,0,,,,,,,0,,,,,,,0,,,,,,,0,,,,,,
C170,Chest,34,test/C170/Low_Dose/00000128.dcm,130.0,262144,0.0,41,0,,,,,,,0,,,,,,,0,,,,,,,0,,,,,,
C170,Chest,35,test/C170/Low_Dose/00000146.dcm,130.0,262144,0.0,43,0,,,,,,,0,,,,,,,0,,,,,,,0,,,,,,
C170,Chest,36,test/C170/Low_Dose/00000011.dcm,130.0,262144,0.0,44,0,,,,,,,0,,,,,,,0,,,,,,,0,,,,,,
C170,Chest,37,test/C170/Low_Dose/00000269.dcm,130.0,262144,0.0,55,0,,,,,,,0,,,,,,,0,,,,,,,0,,,,,,
C170,Chest,38,test/C170/Low_Dose/00000345.dcm,130.0,262144,0.0,33,0,,,,,,,0,,,,,,,0,,,,,,,0,,,,,,
C170,Chest,39,test/C170/Low_Dose/00000049.dcm,130.0,262144,0.0,44,0,,,,,,,0,,,,,,,0,,,,,,,0,,,,,,
C170,Chest,40,test/C170/Low_Dose/00000357.dcm,130.0,262144,0.0,40,0,,,,,,,0,,,,,,,0,,,,,,,0,,,,,,
C170,Chest,41,test/C170/Low_Dose/00000244.dcm,130.0,262144,0.0,35,0,,,,,,,0,,,,,,,0,,,,,,,0,,,,,,
C170,Chest,42,test/C170/Low_Dose/00000241.dcm,130.0,262144,0.0,50,0,,,,,,,0,,,,,,,0,,,,,,,0,,,,,,
C170,Chest,43,test/C170/Low_Dose/00000009.dcm,130.0,262144,0.0,48,0,,,,,,,0,,,,,,,0,,,,,,,0,,,,,,
C170,Chest,44,test/C170/Low_Dose/00000216.dcm,130.0,262144,0.0,30,0,,,,,,,0,,,,,,,0,,,,,,,0,,,,,,
C170,Chest,45,test/C170/Low_Dose/00000185.dcm,130.0,262144,0.0,36,0,,,,,,,0,,,,,,,0,,,,,,,0,,,,,,
C170,Chest,46,test/C170/Low_Dose/00000116.dcm,130.0,262144,0.0,67,0,,,,,,,0,,,,,,,0,,,,,,,0,,,,,,
C170,Chest,47,test/C170/Low_Dose/00000138.dcm,130.0,262144,0.0,45,0,,,,,,,0,,,,,,,0,,,,,,,0,,,,,,
C170,Chest,48,test/C170/Low_Dose/00000060.dcm,130.0,262144,0.0,43,0,,,,,,,0,,,,,,,0,,,,,,,0,,,,,,
C170,Chest,49,test/C170/Low_Dose/00000200.dcm,130.0,262144,0.0,36,0,,,,,,,0,,,,,,,0,,,,,,,0,,,,,,
C170,Chest,50,test/C170/Low_Dose/00000250.dcm,130.0,262144,0.0,35,0,,,,,,,0,,,,,,,0,,,,,,,0,,,,,,
C170,Chest,51,test/C170/Low_Dose/00000275.dcm,130.0,262144,0.0,47,0,,,,,,,0,,,,,,,0,,,,,,,0,,,,,,
C170,Chest,52,test/C170/Low_Dose/00000348.dcm,130.0,262144,0.0,45,0,,,,,,,0,,,,,,,0,,,,,,,0,,,,,,
C170,Chest,53,test/C170/Low_Dose/00000127.dcm,130.0,262144,0.0,39,0,,,,,,,0,,,,,,,0,,,,,,,0,,,,,,
C170,Chest,54,test/C170/Low_Dose/00000131.dcm,130.0,262144,0.0,37,0,,,,,,,0,,,,,,,0,,,,,,,0,,,,,,
C170,Chest,55,test/C170/Low_Dose/00000308.dcm,130.0,262144,0.0,46,0,,,,,,,0,,,,,,,0,,,,,,,0,,,,,,
C170,Chest,56,test/C170/Low_Dose/00000110.dcm,130.0,262144,0.0,39,0,,,,,,,0,,,,,,,0,,,,,,,0,,,,,,
C170,Chest,57,test/C170/Low_Dose/00000315.dcm,130.0,262144,0.0,39,0,,,,,,,0,,,,,,,0,,,,,,,0,,,,,,
C170,Chest,58,test/C170/Low_Dose/00000259.dcm,130.0,262144,0.0,35,0,,,,,,,0,,,,,,,0,,,,,,,0,,,,,,
C170,Chest,59,test/C170/Low_Dose/00000180.dcm,130.0,262144,0.0,36,0,,,,,,,0,,,,,,,0,,,,,,,0,,,,,,
C170,Chest,60,test/C170/Low_Dose/00000176.dcm,130.0,262144,0.0,46,0,,,,,,,0,,,,,,,0,,,,,,,0,,,,,,
C170,Chest,61,test/C170/Low_Dose/00000182.dcm,130.0,262144,0.0,44,0,,,,,,,0,,,,,,,0,,,,,,,0,,,,,,
C170,Chest,62,test/C170/Low_Dose/00000190.dcm,130.0,262144,0.0,42,0,,,,,,,0,,,,,,,0,,,,,,,0,,,,,,
C170,Chest,63,test/C170/Low_Dose/00000228.dcm,130.0,262144,0.0,45,0,,,,,,,0,,,,,,,0,,,,,,,0,,,,,,
C170,Chest,64,test/C170/Low_Dose/00000174.dcm,130.0,262144,0.0,54,0,,,,,,,0,,,,,,,0,,,,,,,0,,,,,,
C170,Chest,65,test/C170/Low_Dose/00000117.dcm,130.0,262144,0.0,53,0,,,,,,,0,,,,,,,0,,,,,,,0,,,,,,
C170,Chest,66,test/C170/Low_Dose/00000266.dcm,130.0,262144,0.0,50,0,,,,,,,0,,,,,,,0,,,,,,,0,,,,,,
C170,Chest,67,test/C170/Low_Dose/00000062.dcm,130.0,262144,0.0,57,0,,,,,,,0,,,,,,,0,,,,,,,0,,,,,,
C170,Chest,68,test/C170/Low_Dose/00000258.dcm,130.0,262144,0.0,63,0,,,,,,,0,,,,,,,0,,,,,,,0,,,,,,
C170,Chest,69,test/C170/Low_Dose/00000141.dcm,130.0,262144,0.0,59,0,,,,,,,0,,,,,,,0,,,,,,,0,,,,,,
C170,Chest,70,test/C170/Low_Dose/00000020.dcm,130.0,262144,0.0,48,0,,,,,,,0,,,,,,,0,,,,,,,0,,,,,,
C170,Chest,71,test/C170/Low_Dose/00000310.dcm,130.0,262144,0.0,36,0,,,,,,,0,,,,,,,0,,,,,,,0,,,,,,
C170,Chest,72,test/C170/Low_Dose/00000195.dcm,130.0,262144,0.0,38,0,,,,,,,0,,,,,,,0,,,,,,,0,,,,,,
C170,Chest,73,test/C170/Low_Dose/00000311.dcm,130.0,262144,0.0,42,0,,,,,,,0,,,,,,,0,,,,,,,0,,,,,,
C170,Chest,74,test/C170/Low_Dose/00000282.dcm,130.0,262144,0.0,49,0,,,,,,,0,,,,,,,0,,,,,,,0,,,,,,
C170,Chest,75,test/C170/Low_Dose/00000209.dcm,130.0,262144,0.0,49,0,,,,,,,0,,,,,,,0,,,,,,,0,,,,,,
C170,Chest,76,test/C170/Low_Dose/00000056.dcm,130.0,262144,0.0,30,0,,,,,,,0,,,,,,,0,,,,,,,0,,,,,,
C170,Chest,77,test/C170/Low_Dose/00000186.dcm,130.0,262144,0.0,36,0,,,,,,,0,,,,,,,0,,,,,,,0,,,,,,
C170,Chest,78,test/C170/Low_Dose/00000052.dcm,130.0,262144,0.0,38,0,,,,,,,0,,,,,,,0,,,,,,,0,,,,,,
C170,Chest,79,test/C170/Low_Dose/00000035.dcm,130.0,262144,0.0,43,0,,,,,,,0,,,,,,,0,,,,,,,0,,,,,,
C170,Chest,80,test/C170/Low_Dose/00000341.dcm,130.0,262144,0.0,44,0,,,,,,,0,,,,,,,0,,,,,,,0,,,,,,
C170,Chest,81,test/C170/Low_Dose/00000194.dcm,130.0,262144,0.0,54,0,,,,,,,0,,,,,,,0,,,,,,,0,,,,,,
C170,Chest,82,test/C170/Low_Dose/00000212.dcm,130.0,262144,0.0,47,0,,,,,,,0,,,,,,,0,,,,,,,0,,,,,,
C170,Chest,83,test/C170/Low_Dose/00000136.dcm,130.0,262144,0.0,63,0,,,,,,,0,,,,,,,0,,,,,,,0,,,,,,
C170,Chest,84,test/C170/Low_Dose/00000118.dcm,130.0,262144,0.0,35,0,,,,,,,0,,,,,,,0,,,,,,,0,,,,,,
C170,Chest,85,test/C170/Low_Dose/00000292.dcm,130.0,262144,0.0,50,0,,,,,,,0,,,,,,,0,,,,,,,0,,,,,,
C170,Chest,86,test/C170/Low_Dose/00000235.dcm,130.0,262144,0.0,35,0,,,,,,,0,,,,,,,0,,,,,,,0,,,,,,
C170,Chest,87,test/C170/Low_Dose/00000057.dcm,130.0,262144,0.0,41,0,,,,,,,0,,,,,,,0,,,,,,,0,,,,,,
C170,Chest,88,test/C170/Low_Dose/00000121.dcm,130.0,262144,0.0,42,0,,,,,,,0,,,,,,,0,,,,,,,0,,,,,,
C170,Chest,89,test/C170/Low_Dose/00000029.dcm,130.0,262144,0.0,43,0,,,,,,,0,,,,,,,0,,,,,,,0,,,,,,
C170,Chest,90,test/C170/Low_Dose/00000330.dcm,130.0,262144,0.0,20,0,,,,,,,0,,,,,,,0,,,,,,,0,,,,,,
C170,Chest,91,test/C170/Low_Dose/00000277.dcm,130.0,262144,0.0,30,0,,,,,,,0,,,,,,,0,,,,,,,0,,,,,,
C170,Chest,92,test/C170/Low_Dose/00000276.dcm,130.0,262144,0.0,32,0,,,,,,,0,,,,,,,0,,,,,,,0,,,,,,
C170,Chest,93,test/C170/Low_Dose/00000326.dcm,130.0,262144,0.0,33,0,,,,,,,0,,,,,,,0,,,,,,,0,,,,,,
C170,Chest,94,test/C170/Low_Dose/00000233.dcm,130.0,262144,0.0,32,0,,,,,,,0,,,,,,,0,,,,,,,0,,,,,,
C170,Chest,95,test/C170/Low_Dose/00000163.dcm,130.0,262144,0.0,53,0,,,,,,,0,,,,,,,0,,,,,,,0,,,,,,
C170,Chest,96,test/C170/Low_Dose/00000067.dcm,130.0,262144,0.0,48,0,,,,,,,0,,,,,,,0,,,,,,,0,,,,,,
C170,Chest,97,test/C170/Low_Dose/00000034.dcm,130.0,262144,0.0,54,0,,,,,,,0,,,,,,,0,,,,,,,0,,,,,,
C170,Chest,98,test/C170/Low_Dose/00000143.dcm,130.0,262144,0.0,42,0,,,,,,,0,,,,,,,0,,,,,,,0,,,,,,
C170,Chest,99,test/C170/Low_Dose/00000017.dcm,130.0,262144,0.0,26,0,,,,,,,0,,,,,,,0,,,,,,,0,,,,,,
C170,Chest,100,test/C170/Low_Dose/00000355.dcm,130.0,262144,0.0,48,0,,,,,,,0,,,,,,,0,,,,,,,0,,,,,,
C170,Chest,101,test/C170/Low_Dose/00000044.dcm,130.0,262144,0.0,37,0,,,,,,,0,,,,,,,0,,,,,,,0,,,,,,
C170,Chest,102,test/C170/Low_Dose/00000329.dcm,130.0,262144,0.0,40,0,,,,,,,0,,,,,,,0,,,,,,,0,,,,,,
C170,Chest,103,test/C170/Low_Dose/00000331.dcm,130.0,262144,0.0,44,0,,,,,,,0,,,,,,,0,,,,,,,0,,,,,,
C170,Chest,104,test/C170/Low_Dose/00000088.dcm,130.0,262144,0.0,46,0,,,,,,,0,,,,,,,0,,,,,,,0,,,,,,
C170,Chest,105,test/C170/Low_Dose/00000008.dcm,130.0,262144,0.0,43,0,,,,,,,0,,,,,,,0,,,,,,,0,,,,,,
C170,Chest,106,test/C170/Low_Dose/00000236.dcm,130.0,262144,0.0,39,0,,,,,,,0,,,,,,,0,,,,,,,0,,,,,,
C170,Chest,107,test/C170/Low_Dose/00000081.dcm,130.0,262144,0.0,40,0,,,,,,,0,,,,,,,0,,,,,,,0,,,,,,
C170,Chest,108,test/C170/Low_Dose/00000064.dcm,130.0,262144,0.0,33,0,,,,,,,0,,,,,,,0,,,,,,,0,,,,,,
C170,Chest,109,test/C170/Low_Dose/00000295.dcm,130.0,262144,0.0,37,0,,,,,,,0,,,,,,,0,,,,,,,0,,,,,,
C170,Chest,110,test/C170/Low_Dose/00000274.dcm,130.0,262144,0.0,47,0,,,,,,,0,,,,,,,0,,,,,,,0,,,,,,
C170,Chest,111,test/C170/Low_Dose/00000154.dcm,130.0,262144,0.0,48,0,,,,,,,0,,,,,,,0,,,,,,,0,,,,,,
C170,Chest,112,test/C170/Low_Dose/00000255.dcm,130.0,262144,0.0,39,0,,,,,,,0,,,,,,,0,,,,,,,0,,,,,,
C170,Chest,113,test/C170/Low_Dose/00000306.dcm,130.0,262144,0.0,38,0,,,,,,,0,,,,,,,0,,,,,,,0,,,,,,
C170,Chest,114,test/C170/Low_Dose/00000066.dcm,130.0,262144,0.0,39,0,,,,,,,0,,,,,,,0,,,,,,,0,,,,,,
C170,Chest,115,test/C170/Low_Dose/00000028.dcm,130.0,262144,0.0,35,0,,,,,,,0,,,,,,,0,,,,,,,0,,,,,,
C170,Chest,116,test/C170/Low_Dose/00000242.dcm,130.0,262144,0.0,38,0,,,,,,,0,,,,,,,0,,,,,,,0,,,,,,
C170,Chest,117,test/C170/Low_Dose/00000344.dcm,130.0,262144,0.0,32,0,,,,,,,0,,,,,,,0,,,,,,,0,,,,,,
C170,Chest,118,test/C170/Low_Dose/00000192.dcm,130.0,262144,0.0,41,0,,,,,,,0,,,,,,,0,,,,,,,0,,,,,,
C170,Chest,119,test/C170/Low_Dose/00000087.dcm,130.0,262144,0.0,35,0,,,,,,,0,,,,,,,0,,,,,,,0,,,,,,
C170,Chest,120,test/C170/Low_Dose/00000253.dcm,130.0,262144,0.0,36,0,,,,,,,0,,,,,,,0,,,,,,,0,,,,,,
C170,Chest,121,test/C170/Low_Dose/00000026.dcm,130.0,262144,0.0,21,0,,,,,,,0,,,,,,,0,,,,,,,0,,,,,,
C170,Chest,122,test/C170/Low_Dose/00000082.dcm,130.0,262144,0.0,27,0,,,,,,,0,,,,,,,0,,,,,,,0,,,,,,
C170,Chest,123,test/C170/Low_Dose/00000171.dcm,130.0,262144,0.0,21,0,,,,,,,0,,,,,,,0,,,,,,,0,,,,,,
C170,Chest,124,test/C170/Low_Dose/00000070.dcm,130.0,262144,0.0,31,0,,,,,,,0,,,,,,,0,,,,,,,0,,,,,,
C170,Chest,125,test/C170/Low_Dose/00000147.dcm,130.0,262144,0.0,36,0,,,,,,,0,,,,,,,0,,,,,,,0,,,,,,
C170,Chest,126,test/C170/Low_Dose/00000262.dcm,130.0,262144,0.0,36,0,,,,,,,0,,,,,,,0,,,,,,,0,,,,,,
C170,Chest,127,test/C170/Low_Dose/00000278.dcm,130.0,262144,0.0,30,0,,,,,,,0,,,,,,,0,,,,,,,0,,,,,,
C170,Chest,128,test/C170/Low_Dose/00000318.dcm,130.0,262144,0.0,40,0,,,,,,,0,,,,,,,0,,,,,,,0,,,,,,
C170,Chest,129,test/C170/Low_Dose/00000135.dcm,130.0,262144,0.0,47,0,,,,,,,0,,,,,,,0,,,,,,,0,,,,,,
C170,Chest,130,test/C170/Low_Dose/00000109.dcm,130.0,262144,0.0,50,0,,,,,,,0,,,,,,,0,,,,,,,0,,,,,,
C170,Chest,131,test/C170/Low_Dose/00000120.dcm,130.0,262144,0.0,45,0,,,,,,,0,,,,,,,0,,,,,,,0,,,,,,
C170,Chest,132,test/C170/Low_Dose/00000335.dcm,130.0,262144,0.0,52,0,,,,,,,0,,,,,,,0,,,,,,,0,,,,,,
C170,Chest,133,test/C170/Low_Dose/00000101.dcm,130.0,262144,0.0,58,0,,,,,,,0,,,,,,,0,,,,,,,0,,,,,,
C170,Chest,134,test/C170/Low_Dose/00000217.dcm,130.0,262144,0.0,52,0,,,,,,,0,,,,,,,0,,,,,,,0,,,,,,
C170,Chest,135,test/C170/Low_Dose/00000071.dcm,130.0,262144,0.0,70,0,,,,,,,0,,,,,,,0,,,,,,,0,,,,,,
C170,Chest,136,test/C170/Low_Dose/00000045.dcm,130.0,262144,0.0,48,0,,,,,,,0,,,,,,,0,,,,,,,0,,,,,,
C170,Chest,137,test/C170/Low_Dose/00000065.dcm,130.0,262144,0.0,49,0,,,,,,,0,,,,,,,0,,,,,,,0,,,,,,
C170,Chest,138,test/C170/Low_Dose/00000219.dcm,130.0,262144,0.0,51,0,,,,,,,0,,,,,,,0,,,,,,,0,,,,,,
C170,Chest,139,test/C170/Low_Dose/00000333.dcm,130.0,262144,0.0,48,0,,,,,,,0,,,,,,,0,,,,,,,0,,,,,,
C170,Chest,140,test/C170/Low_Dose/00000230.dcm,130.0,262144,0.0,36,0,,,,,,,0,,,,,,,0,,,,,,,0,,,,,,
C170,Chest,141,test/C170/Low_Dose/00000218.dcm,130.0,262144,0.0,26,0,,,,,,,0,,,,,,,0,,,,,,,0,,,,,,
C170,Chest,142,test/C170/Low_Dose/00000007.dcm,130.0,262144,0.0,38,0,,,,,,,0,,,,,,,0,,,,,,,0,,,,,,
C170,Chest,143,test/C170/Low_Dose/00000104.dcm,130.0,262144,0.0,28,0,,,,,,,0,,,,,,,0,,,,,,,0,,,,,,
C170,Chest,144,test/C170/Low_Dose/00000073.dcm,130.0,262144,0.0,39,0,,,,,,,0,,,,,,,0,,,,,,,0,,,,,,
C170,Chest,145,test/C170/Low_Dose/00000113.dcm,130.0,262144,0.0,32,0,,,,,,,0,,,,,,,0,,,,,,,0,,,,,,
C170,Chest,146,test/C170/Low_Dose/00000114.dcm,130.0,262144,0.0,29,0,,,,,,,0,,,,,,,0,,,,,,,0,,,,,,
C170,Chest,147,test/C170/Low_Dose/00000003.dcm,130.0,262144,0.0,25,0,,,,,,,0,,,,,,,0,,,,,,,0,,,,,,
C170,Chest,148,test/C170/Low_Dose/00000207.dcm,130.0,262144,0.0,34,0,,,,,,,0,,,,,,,0,,,,,,,0,,,,,,
C170,Chest,149,test/C170/Low_Dose/00000204.dcm,130.0,262144,0.0,31,0,,,,,,,0,,,,,,,0,,,,,,,0,,,,,,
C170,Chest,150,test/C170/Low_Dose/00000243.dcm,130.0,262144,0.0,43,0,,,,,,,0,,,,,,,0,,,,,,,0,,,,,,
C170,Chest,151,test/C170/Low_Dose/00000123.dcm,130.0,262144,0.0,27,0,,,,,,,0,,,,,,,0,,,,,,,0,,,,,,
C170,Chest,152,test/C170/Low_Dose/00000089.dcm,130.0,262144,0.0,48,0,,,,,,,0,,,,,,,0,,,,,,,0,,,,,,
C170,Chest,153,test/C170/Low_Dose/00000043.dcm,130.0,262144,0.0,36,0,,,,,,,0,,,,,,,0,,,,,,,0,,,,,,
C170,Chest,154,test/C170/Low_Dose/00000181.dcm,130.0,262144,0.0,39,0,,,,,,,0,,,,,,,0,,,,,,,0,,,,,,
C170,Chest,155,test/C170/Low_Dose/00000354.dcm,130.0,262144,0.0,53,0,,,,,,,0,,,,,,,0,,,,,,,0,,,,,,
C170,Chest,156,test/C170/Low_Dose/00000137.dcm,130.0,262144,0.0,38,0,,,,,,,0,,,,,,,0,,,,,,,0,,,,,,
C170,Chest,157,test/C170/Low_Dose/00000097.dcm,130.0,262144,0.0,47,0,,,,,,,0,,,,,,,0,,,,,,,0,,,,,,
C170,Chest,158,test/C170/Low_Dose/00000012.dcm,130.0,262144,0.0,67,0,,,,,,,0,,,,,,,0,,,,,,,0,,,,,,
C170,Chest,159,test/C170/Low_Dose/00000261.dcm,130.0,262144,0.0,66,0,,,,,,,0,,,,,,,0,,,,,,,0,,,,,,
C170,Chest,160,test/C170/Low_Dose/00000211.dcm,130.0,262144,0.0,64,0,,,,,,,0,,,,,,,0,,,,,,,0,,,,,,
C170,Chest,161,test/C170/Low_Dose/00000227.dcm,130.0,262144,0.0,52,0,,,,,,,0,,,,,,,0,,,,,,,0,,,,,,
C170,Chest,162,test/C170/Low_Dose/00000005.dcm,130.0,262144,0.0,49,0,,,,,,,0,,,,,,,0,,,,,,,0,,,,,,
C170,Chest,163,test/C170/Low_Dose/00000325.dcm,130.0,262144,0.0,54,0,,,,,,,0,,,,,,,0,,,,,,,0,,,,,,
C170,Chest,164,test/C170/Low_Dose/00000050.dcm,130.0,262144,0.0,50,0,,,,,,,0,,,,,,,0,,,,,,,0,,,,,,
C170,Chest,165,test/C170/Low_Dose/00000158.dcm,130.0,262144,0.0,62,0,,,,,,,0,,,,,,,0,,,,,,,0,,,,,,
C170,Chest,166,test/C170/Low_Dose/00000313.dcm,130.0,262144,0.0,50,0,,,,,,,0,,,,,,,0,,,,,,,0,,,,,,
C170,Chest,167,test/C170/Low_Dose/00000068.dcm,130.0,262144,0.0,46,0,,,,,,,0,,,,,,,0,,,,,,,0,,,,,,
C170,Chest,168,test/C170/Low_Dose/00000252.dcm,130.0,262144,0.0,71,0,,,,,,,0,,,,,,,0,,,,,,,0,,,,,,
C170,Chest,169,test/C170/Low_Dose/00000140.dcm,130.0,262144,0.0,57,0,,,,,,,0,,,,,,,0,,,,,,,0,,,,,,
C170,Chest,170,test/C170/Low_Dose/00000094.dcm,130.0,262144,0.0,59,0,,,,,,,0,,,,,,,0,,,,,,,0,,,,,,
C170,Chest,171,test/C170/Low_Dose/00000108.dcm,130.0,262144,0.0,44,0,,,,,,,0,,,,,,,0,,,,,,,0,,,,,,
C170,Chest,172,test/C170/Low_Dose/00000358.dcm,130.0,262144,0.0,48,0,,,,,,,0,,,,,,,0,,,,,,,0,,,,,,
C170,Chest,173,test/C170/Low_Dose/00000294.dcm,130.0,262144,0.0,47,0,,,,,,,0,,,,,,,0,,,,,,,0,,,,,,
C170,Chest,174,test/C170/Low_Dose/00000240.dcm,130.0,262144,0.0,67,0,,,,,,,0,,,,,,,0,,,,,,,0,,,,,,
C170,Chest,175,test/C170/Low_Dose/00000334.dcm,130.0,262144,0.0,49,0,,,,,,,0,,,,,,,0,,,,,,,0,,,,,,
C170,Chest,176,test/C170/Low_Dose/00000033.dcm,130.0,262144,0.0,54,0,,,,,,,0,,,,,,,0,,,,,,,0,,,,,,
C170,Chest,177,test/C170/Low_Dose/00000111.dcm,130.0,262144,0.0,52,0,,,,,,,0,,,,,,,0,,,,,,,0,,,,,,
C170,Chest,178,test/C170/Low_Dose/00000142.dcm,130.0,262144,0.0,42,0,,,,,,,0,,,,,,,0,,,,,,,0,,,,,,
C170,Chest,179,test/C170/Low_Dose/00000201.dcm,130.0,262144,0.0,41,0,,,,,,,0,,,,,,,0,,,,,,,0,,,,,,
C170,Chest,180,test/C170/Low_Dose/00000356.dcm,130.0,262144,0.0,39,0,,,,,,,0,,,,,,,0,,,,,,,0,,,,,,
C170,Chest,181,test/C170/Low_Dose/00000352.dcm,130.0,262144,0.0,46,0,,,,,,,0,,,,,,,0,,,,,,,0,,,,,,
C170,Chest,182,test/C170/Low_Dose/00000320.dcm,130.0,262144,0.0,38,0,,,,,,,0,,,,,,,0,,,,,,,0,,,,,,
C170,Chest,183,test/C170/Low_Dose/00000084.dcm,130.0,262144,0.0,54,0,,,,,,,0,,,,,,,0,,,,,,,0,,,,,,
C170,Chest,184,test/C170/Low_Dose/00000263.dcm,130.0,262144,0.0,58,0,,,,,,,0,,,,,,,0,,,,,,,0,,,,,,
C170,Chest,185,test/C170/Low_Dose/00000214.dcm,130.0,262144,0.0,60,0,,,,,,,0,,,,,,,0,,,,,,,0,,,,,,
C170,Chest,186,test/C170/Low_Dose/00000155.dcm,130.0,262144,0.0,49,0,,,,,,,0,,,,,,,0,,,,,,,0,,,,,,
C170,Chest,187,test/C170/Low_Dose/00000327.dcm,130.0,262144,0.0,43,0,,,,,,,0,,,,,,,0,,,,,,,0,,,,,,
C170,Chest,188,test/C170/Low_Dose/00000126.dcm,130.0,262144,0.0,43,0,,,,,,,0,,,,,,,0,,,,,,,0,,,,,,
C170,Chest,189,test/C170/Low_Dose/00000309.dcm,130.0,262144,0.0,41,0,,,,,,,0,,,,,,,0,,,,,,,0,,,,,,
C170,Chest,190,test/C170/Low_Dose/00000019.dcm,130.0,262144,0.0,53,0,,,,,,,0,,,,,,,0,,,,,,,0,,,,,,
C170,Chest,191,test/C170/Low_Dose/00000024.dcm,130.0,262144,0.0,52,0,,,,,,,0,,,,,,,0,,,,,,,0,,,,,,
C170,Chest,192,test/C170/Low_Dose/00000305.dcm,130.0,262144,0.0,62,0,,,,,,,0,,,,,,,0,,,,,,,0,,,,,,
C170,Chest,193,test/C170/Low_Dose/00000170.dcm,130.0,262144,0.0,36,0,,,,,,,0,,,,,,,0,,,,,,,0,,,,,,
C170,Chest,194,test/C170/Low_Dose/00000237.dcm,130.0,262144,0.0,61,0,,,,,,,0,,,,,,,0,,,,,,,0,,,,,,
C170,Chest,195,test/C170/Low_Dose/00000273.dcm,130.0,262144,0.0,48,0,,,,,,,0,,,,,,,0,,,,,,,0,,,,,,
C170,Chest,196,test/C170/Low_Dose/00000347.dcm,130.0,262144,0.0,48,0,,,,,,,0,,,,,,,0,,,,,,,0,,,,,,
C170,Chest,197,test/C170/Low_Dose/00000038.dcm,130.0,262144,0.0,42,0,,,,,,,0,,,,,,,0,,,,,,,0,,,,,,
C170,Chest,198,test/C170/Low_Dose/00000213.dcm,130.0,262144,0.0,40,0,,,,,,,0,,,,,,,0,,,,,,,0,,,,,,
C170,Chest,199,test/C170/Low_Dose/00000303.dcm,130.0,262144,0.0,53,0,,,,,,,0,,,,,,,0,,,,,,,0,,,,,,
C170,Chest,200,test/C170/Low_Dose/00000159.dcm,130.0,262144,0.0,57,0,,,,,,,0,,,,,,,0,,,,,,,0,,,,,,
C170,Chest,201,test/C170/Low_Dose/00000272.dcm,130.0,262144,0.0,47,0,,,,,,,0,,,,,,,0,,,,,,,0,,,,,,
C170,Chest,202,test/C170/Low_Dose/00000125.dcm,130.0,262144,0.0,66,0,,,,,,,0,,,,,,,0,,,,,,,0,,,,,,
C170,Chest,203,test/C170/Low_Dose/00000162.dcm,130.0,262144,0.0,65,0,,,,,,,0,,,,,,,0,,,,,,,0,,,,,,
C170,Chest,204,test/C170/Low_Dose/00000129.dcm,130.0,262144,0.0,61,0,,,,,,,0,,,,,,,0,,,,,,,0,,,,,,
C170,Chest,205,test/C170/Low_Dose/00000083.dcm,130.0,262144,0.0,64,0,,,,,,,0,,,,,,,0,,,,,,,0,,,,,,
C170,Chest,206,test/C170/Low_Dose/00000296.dcm,130.0,262144,0.0,44,0,,,,,,,0,,,,,,,0,,,,,,,0,,,,,,
C170,Chest,207,test/C170/Low_Dose/00000210.dcm,130.0,262144,0.0,48,0,,,,,,,0,,,,,,,0,,,,,,,0,,,,,,
C170,Chest,208,test/C170/Low_Dose/00000112.dcm,130.0,262144,0.0,43,0,,,,,,,0,,,,,,,0,,,,,,,0,,,,,,
C170,Chest,209,test/C170/Low_Dose/00000177.dcm,130.0,262144,0.0,50,0,,,,,,,0,,,,,,,0,,,,,,,0,,,,,,
C170,Chest,210,test/C170/Low_Dose/00000075.dcm,130.0,262144,0.0,63,0,,,,,,,0,,,,,,,0,,,,,,,0,,,,,,
C170,Chest,211,test/C170/Low_Dose/00000036.dcm,130.0,262144,0.0,64,0,,,,,,,0,,,,,,,0,,,,,,,0,,,,,,
C170,Chest,212,test/C170/Low_Dose/00000279.dcm,130.0,262144,0.0,46,0,,,,,,,0,,,,,,,0,,,,,,,0,,,,,,
C170,Chest,213,test/C170/Low_Dose/00000283.dcm,130.0,262144,0.0,57,0,,,,,,,0,,,,,,,0,,,,,,,0,,,,,,
C170,Chest,214,test/C170/Low_Dose/00000167.dcm,130.0,262144,0.0,58,0,,,,,,,0,,,,,,,0,,,,,,,0,,,,,,
C170,Chest,215,test/C170/Low_Dose/00000247.dcm,130.0,262144,0.0,54,0,,,,,,,0,,,,,,,0,,,,,,,0,,,,,,
C170,Chest,216,test/C170/Low_Dose/00000284.dcm,130.0,262144,0.0,44,0,,,,,,,0,,,,,,,0,,,,,,,0,,,,,,
C170,Chest,217,test/C170/Low_Dose/00000160.dcm,130.0,262144,0.0,36,0,,,,,,,0,,,,,,,0,,,,,,,0,,,,,,
C170,Chest,218,test/C170/Low_Dose/00000165.dcm,130.0,262144,0.0,59,0,,,,,,,0,,,,,,,0,,,,,,,0,,,,,,
C170,Chest,219,test/C170/Low_Dose/00000324.dcm,130.0,262144,0.0,67,0,,,,,,,0,,,,,,,0,,,,,,,0,,,,,,
C170,Chest,220,test/C170/Low_Dose/00000351.dcm,130.0,262144,0.0,60,0,,,,,,,0,,,,,,,0,,,,,,,0,,,,,,
C170,Chest,221,test/C170/Low_Dose/00000168.dcm,130.0,262144,0.0,49,0,,,,,,,0,,,,,,,0,,,,,,,0,,,,,,
C170,Chest,222,test/C170/Low_Dose/00000157.dcm,130.0,262144,0.0,53,0,,,,,,,0,,,,,,,0,,,,,,,0,,,,,,
C170,Chest,223,test/C170/Low_Dose/00000023.dcm,130.0,262144,0.0,53,0,,,,,,,0,,,,,,,0,,,,,,,0,,,,,,
C170,Chest,224,test/C170/Low_Dose/00000178.dcm,130.0,262144,0.0,42,0,,,,,,,0,,,,,,,0,,,,,,,0,,,,,,
C170,Chest,225,test/C170/Low_Dose/00000297.dcm,130.0,262144,0.0,48,0,,,,,,,0,,,,,,,0,,,,,,,0,,,,,,
C170,Chest,226,test/C170/Low_Dose/00000314.dcm,130.0,262144,0.0,53,0,,,,,,,0,,,,,,,0,,,,,,,0,,,,,,
C170,Chest,227,test/C170/Low_Dose/00000139.dcm,130.0,262144,0.0,27,0,,,,,,,0,,,,,,,0,,,,,,,0,,,,,,
C170,Chest,228,test/C170/Low_Dose/00000196.dcm,130.0,262144,0.0,40,0,,,,,,,0,,,,,,,0,,,,,,,0,,,,,,
C170,Chest,229,test/C170/Low_Dose/00000107.dcm,130.0,262144,0.0,45,0,,,,,,,0,,,,,,,0,,,,,,,0,,,,,,
C170,Chest,230,test/C170/Low_Dose/00000031.dcm,130.0,262144,0.0,51,0,,,,,,,0,,,,,,,0,,,,,,,0,,,,,,
C170,Chest,231,test/C170/Low_Dose/00000286.dcm,130.0,262144,0.0,46,0,,,,,,,0,,,,,,,0,,,,,,,0,,,,,,
C170,Chest,232,test/C170/Low_Dose/00000161.dcm,130.0,262144,0.0,41,0,,,,,,,0,,,,,,,0,,,,,,,0,,,,,,
C170,Chest,233,test/C170/Low_Dose/00000191.dcm,130.0,262144,0.0,56,0,,,,,,,0,,,,,,,0,,,,,,,0,,,,,,
C170,Chest,234,test/C170/Low_Dose/00000133.dcm,130.0,262144,0.0,38,0,,,,,,,0,,,,,,,0,,,,,,,0,,,,,,
C170,Chest,235,test/C170/Low_Dose/00000079.dcm,130.0,262144,0.0,40,0,,,,,,,0,,,,,,,0,,,,,,,0,,,,,,
C170,Chest,236,test/C170/Low_Dose/00000332.dcm,130.0,262144,0.0,57,0,,,,,,,0,,,,,,,0,,,,,,,0,,,,,,
C170,Chest,237,test/C170/Low_Dose/00000151.dcm,130.0,262144,0.0,40,0,,,,,,,0,,,,,,,0,,,,,,,0,,,,,,
C170,Chest,238,test/C170/Low_Dose/00000047.dcm,130.0,262144,0.0,55,0,,,,,,,0,,,,,,,0,,,,,,,0,,,,,,
C170,Chest,239,test/C170/Low_Dose/00000215.dcm,130.0,262144,0.0,61,0,,,,,,,0,,,,,,,0,,,,,,,0,,,,,,
C170,Chest,240,test/C170/Low_Dose/00000353.dcm,130.0,262144,0.0,45,0,,,,,,,0,,,,,,,0,,,,,,,0,,,,,,
C170,Chest,241,test/C170/Low_Dose/00000317.dcm,130.0,262144,0.0,60,0,,,,,,,0,,,,,,,0,,,,,,,0,,,,,,
C170,Chest,242,test/C170/Low_Dose/00000006.dcm,130.0,262144,0.0,59,0,,,,,,,0,,,,,,,0,,,,,,,0,,,,,,
C170,Chest,243,test/C170/Low_Dose/00000018.dcm,130.0,262144,0.0,57,0,,,,,,,0,,,,,,,0,,,,,,,0,,,,,,
C170,Chest,244,test/C170/Low_Dose/00000293.dcm,130.0,262144,0.0,73,0,,,,,,,0,,,,,,,0,,,,,,,0,,,,,,
C170,Chest,245,test/C170/Low_Dose/00000105.dcm,130.0,262144,0.0,42,0,,,,,,,0,,,,,,,0,,,,,,,0,,,,,,
C170,Chest,246,test/C170/Low_Dose/00000040.dcm,130.0,262144,0.0,53,0,,,,,,,0,,,,,,,0,,,,,,,0,,,,,,
C170,Chest,247,test/C170/Low_Dose/00000249.dcm,130.0,262144,0.0,55,0,,,,,,,0,,,,,,,0,,,,,,,0,,,,,,
C170,Chest,248,test/C170/Low_Dose/00000264.dcm,130.0,262144,0.0,39,0,,,,,,,0,,,,,,,0,,,,,,,0,,,,,,
C170,Chest,249,test/C170/Low_Dose/00000239.dcm,130.0,262144,0.0,61,0,,,,,,,0,,,,,,,0,,,,,,,0,,,,,,
C170,Chest,250,test/C170/Low_Dose/00000027.dcm,130.0,262144,0.0,69,0,,,,,,,0,,,,,,,0,,,,,,,0,,,,,,
C170,Chest,251,test/C170/Low_Dose/00000051.dcm,130.0,262144,0.0,66,0,,,,,,,0,,,,,,,0,,,,,,,0,,,,,,
C170,Chest,252,test/C170/Low_Dose/00000350.dcm,130.0,262144,0.0,64,0,,,,,,,0,,,,,,,0,,,,,,,0,,,,,,
C170,Chest,253,test/C170/Low_Dose/00000115.dcm,130.0,262144,0.0,51,0,,,,,,,0,,,,,,,0,,,,,,,0,,,,,,
C170,Chest,254,test/C170/Low_Dose/00000254.dcm,130.0,262144,0.0,57,0,,,,,,,0,,,,,,,0,,,,,,,0,,,,,,
C170,Chest,255,test/C170/Low_Dose/00000172.dcm,130.0,262144,0.0,64,0,,,,,,,0,,,,,,,0,,,,,,,0,,,,,,
C170,Chest,256,test/C170/Low_Dose/00000246.dcm,130.0,262144,0.0,67,0,,,,,,,0,,,,,,,0,,,,,,,0,,,,,,
C170,Chest,257,test/C170/Low_Dose/00000251.dcm,130.0,262144,0.0,62,0,,,,,,,0,,,,,,,0,,,,,,,0,,,,,,
C170,Chest,258,test/C170/Low_Dose/00000268.dcm,130.0,262144,0.0,54,0,,,,,,,0,,,,,,,0,,,,,,,0,,,,,,
C170,Chest,259,test/C170/Low_Dose/00000148.dcm,130.0,262144,0.0,60,0,,,,,,,0,,,,,,,0,,,,,,,0,,,,,,
C170,Chest,260,test/C170/Low_Dose/00000208.dcm,130.0,262144,0.0,64,0,,,,,,,0,,,,,,,0,,,,,,,0,,,,,,
C170,Chest,261,test/C170/Low_Dose/00000166.dcm,130.0,262144,0.0,67,0,,,,,,,0,,,,,,,0,,,,,,,0,,,,,,
C170,Chest,262,test/C170/Low_Dose/00000095.dcm,130.0,262144,0.0,62,0,,,,,,,0,,,,,,,0,,,,,,,0,,,,,,
C170,Chest,263,test/C170/Low_Dose/00000299.dcm,130.0,262144,0.0,60,0,,,,,,,0,,,,,,,0,,,,,,,0,,,,,,
C170,Chest,264,test/C170/Low_Dose/00000270.dcm,130.0,262144,0.0,55,0,,,,,,,0,,,,,,,0,,,,,,,0,,,,,,
C170,Chest,265,test/C170/Low_Dose/00000304.dcm,130.0,262144,0.0,46,0,,,,,,,0,,,,,,,0,,,,,,,0,,,,,,
C170,Chest,266,test/C170/Low_Dose/00000224.dcm,130.0,262144,0.0,49,0,,,,,,,0,,,,,,,0,,,,,,,0,,,,,,
C170,Chest,267,test/C170/Low_Dose/00000300.dcm,130.0,262144,0.0,67,0,,,,,,,0,,,,,,,0,,,,,,,0,,,,,,
C170,Chest,268,test/C170/Low_Dose/00000150.dcm,130.0,262144,0.0,64,0,,,,,,,0,,,,,,,0,,,,,,,0,,,,,,
C170,Chest,269,test/C170/Low_Dose/00000349.dcm,130.0,262144,0.0,48,0,,,,,,,0,,,,,,,0,,,,,,,0,,,,,,
C170,Chest,270,test/C170/Low_Dose/00000198.dcm,130.0,262144,0.0,51,0,,,,,,,0,,,,,,,0,,,,,,,0,,,,,,
C170,Chest,271,test/C170/Low_Dose/00000202.dcm,130.0,262144,0.0,60,0,,,,,,,0,,,,,,,0,,,,,,,0,,,,,,
C170,Chest,272,test/C170/Low_Dose/00000078.dcm,130.0,262144,0.0,63,0,,,,,,,0,,,,,,,0,,,,,,,0,,,,,,
C170,Chest,273,test/C170/Low_Dose/00000322.dcm,130.0,262144,0.0,53,0,,,,,,,0,,,,,,,0,,,,,,,0,,,,,,
C170,Chest,274,test/C170/Low_Dose/00000106.dcm,130.0,262144,0.0,70,0,,,,,,,0,,,,,,,0,,,,,,,0,,,,,,
C170,Chest,275,test/C170/Low_Dose/00000188.dcm,130.0,262144,0.0,51,0,,,,,,,0,,,,,,,0,,,,,,,0,,,,,,
C170,Chest,276,test/C170/Low_Dose/00000260.dcm,130.0,262144,0.0,54,0,,,,,,,0,,,,,,,0,,,,,,,0,,,,,,
C170,Chest,277,test/C170/Low_Dose/00000225.dcm,130.0,262144,0.0,63,0,,,,,,,0,,,,,,,0,,,,,,,0,,,,,,
C170,Chest,278,test/C170/Low_Dose/00000290.dcm,130.0,262144,0.0,63,0,,,,,,,0,,,,,,,0,,,,,,,0,,,,,,
C170,Chest,279,test/C170/Low_Dose/00000257.dcm,130.0,262144,0.0,91,0,,,,,,,0,,,,,,,0,,,,,,,0,,,,,,
C170,Chest,280,test/C170/Low_Dose/00000323.dcm,130.0,262144,0.0,60,0,,,,,,,0,,,,,,,0,,,,,,,0,,,,,,
C170,Chest,281,test/C170/Low_Dose/00000156.dcm,130.0,262144,0.0,65,0,,,,,,,0,,,,,,,0,,,,,,,0,,,,,,
C170,Chest,282,test/C170/Low_Dose/00000016.dcm,130.0,262144,0.0,62,0,,,,,,,0,,,,,,,0,,,,,,,0,,,,,,
C170,Chest,283,test/C170/Low_Dose/00000231.dcm,130.0,262144,0.0,75,0,,,,,,,0,,,,,,,0,,,,,,,0,,,,,,
C170,Chest,284,test/C170/Low_Dose/00000119.dcm,130.0,262144,0.0,66,0,,,,,,,0,,,,,,,0,,,,,,,0,,,,,,
C170,Chest,285,test/C170/Low_Dose/00000102.dcm,130.0,262144,0.0,70,0,,,,,,,0,,,,,,,0,,,,,,,0,,,,,,
C170,Chest,286,test/C170/Low_Dose/00000098.dcm,130.0,262144,0.0,70,0,,,,,,,0,,,,,,,0,,,,,,,0,,,,,,
C170,Chest,287,test/C170/Low_Dose/00000337.dcm,130.0,262144,0.0,66,0,,,,,,,0,,,,,,,0,,,,,,,0,,,,,,
C170,Chest,288,test/C170/Low_Dose/00000199.dcm,130.0,262144,0.0,93,0,,,,,,,0,,,,,,,0,,,,,,,0,,,,,,
C170,Chest,289,test/C170/Low_Dose/00000041.dcm,130.0,262144,0.0,77,0,,,,,,,0,,,,,,,0,,,,,,,0,,,,,,
C170,Chest,290,test/C170/Low_Dose/00000289.dcm,130.0,262144,0.0,76,0,,,,,,,0,,,,,,,0,,,,,,,0,,,,,,
C170,Chest,291,test/C170/Low_Dose/00000021.dcm,130.0,262144,0.0,74,0,,,,,,,0,,,,,,,0,,,,,,,0,,,,,,
C170,Chest,292,test/C170/Low_Dose/00000025.dcm,130.0,262144,0.0,89,0,,,,,,,0,,,,,,,0,,,,,,,0,,,,,,
C170,Chest,293,test/C170/Low_Dose/00000179.dcm,130.0,262144,0.0,74,0,,,,,,,0,,,,,,,0,,,,,,,0,,,,,,
C170,Chest,294,test/C170/Low_Dose/00000010.dcm,130.0,262144,0.0,66,0,,,,,,,0,,,,,,,0,,,,,,,0,,,,,,
C170,Chest,295,test/C170/Low_Dose/00000169.dcm,130.0,262144,0.0,71,0,,,,,,,0,,,,,,,0,,,,,,,0,,,,,,
C170,Chest,296,test/C170/Low_Dose/00000285.dcm,130.0,262144,0.0,69,0,,,,,,,0,,,,,,,0,,,,,,,0,,,,,,
C170,Chest,297,test/C170/Low_Dose/00000090.dcm,130.0,262144,0.0,61,0,,,,,,,0,,,,,,,0,,,,,,,0,,,,,,
C170,Chest,298,test/C170/Low_Dose/00000037.dcm,130.0,262144,0.0,49,0,,,,,,,0,,,,,,,0,,,,,,,0,,,,,,
C170,Chest,299,test/C170/Low_Dose/00000346.dcm,130.0,262144,0.0,61,0,,,,,,,0,,,,,,,0,,,,,,,0,,,,,,
C170,Chest,300,test/C170/Low_Dose/00000288.dcm,130.0,262144,0.0,44,0,,,,,,,0,,,,,,,0,,,,,,,0,,,,,,
C170,Chest,301,test/C170/Low_Dose/00000223.dcm,130.0,262144,0.0,61,0,,,,,,,0,,,,,,,0,,,,,,,0,,,,,,
C170,Chest,302,test/C170/Low_Dose/00000248.dcm,130.0,262144,0.0,54,0,,,,,,,0,,,,,,,0,,,,,,,0,,,,,,
C170,Chest,303,test/C170/Low_Dose/00000206.dcm,130.0,262144,0.0,59,0,,,,,,,0,,,,,,,0,,,,,,,0,,,,,,
C170,Chest,304,test/C170/Low_Dose/00000132.dcm,130.0,262144,0.0,56,0,,,,,,,0,,,,,,,0,,,,,,,0,,,,,,
C170,Chest,305,test/C170/Low_Dose/00000080.dcm,130.0,262144,0.0,43,0,,,,,,,0,,,,,,,0,,,,,,,0,,,,,,
C170,Chest,306,test/C170/Low_Dose/00000144.dcm,130.0,262144,0.0,56,0,,,,,,,0,,,,,,,0,,,,,,,0,,,,,,
C170,Chest,307,test/C170/Low_Dose/00000122.dcm,130.0,262144,0.0,49,0,,,,,,,0,,,,,,,0,,,,,,,0,,,,,,
C170,Chest,308,test/C170/Low_Dose/00000173.dcm,130.0,262144,0.0,49,0,,,,,,,0,,,,,,,0,,,,,,,0,,,,,,
C170,Chest,309,test/C170/Low_Dose/00000153.dcm,130.0,262144,0.0,41,0,,,,,,,0,,,,,,,0,,,,,,,0,,,,,,
C170,Chest,310,test/C170/Low_Dose/00000149.dcm,130.0,262144,0.0,42,0,,,,,,,0,,,,,,,0,,,,,,,0,,,,,,
C170,Chest,311,test/C170/Low_Dose/00000014.dcm,130.0,262144,0.0,43,0,,,,,,,0,,,,,,,0,,,,,,,0,,,,,,
C170,Chest,312,test/C170/Low_Dose/00000193.dcm,130.0,262144,0.0,60,0,,,,,,,0,,,,,,,0,,,,,,,0,,,,,,
C170,Chest,313,test/C170/Low_Dose/00000232.dcm,130.0,262144,0.0,50,0,,,,,,,0,,,,,,,0,,,,,,,0,,,,,,
C170,Chest,314,test/C170/Low_Dose/00000298.dcm,130.0,262144,0.0,57,0,,,,,,,0,,,,,,,0,,,,,,,0,,,,,,
C170,Chest,315,test/C170/Low_Dose/00000074.dcm,130.0,262144,0.0,66,0,,,,,,,0,,,,,,,0,,,,,,,0,,,,,,
C170,Chest,316,test/C170/Low_Dose/00000312.dcm,130.0,262144,0.0,58,0,,,,,,,0,,,,,,,0,,,,,,,0,,,,,,
C170,Chest,317,test/C170/Low_Dose/00000055.dcm,130.0,262144,0.0,73,0,,,,,,,0,,,,,,,0,,,,,,,0,,,,,,
C170,Chest,318,test/C170/Low_Dose/00000100.dcm,130.0,262144,0.0,52,0,,,,,,,0,,,,,,,0,,,,,,,0,,,,,,
C170,Chest,319,test/C170/Low_Dose/00000197.dcm,130.0,262144,0.0,53,0,,,,,,,0,,,,,,,0,,,,,,,0,,,,,,
C170,Chest,320,test/C170/Low_Dose/00000103.dcm,130.0,262144,0.0,54,0,,,,,,,0,,,,,,,0,,,,,,,0,,,,,,
C170,Chest,321,test/C170/Low_Dose/00000077.dcm,130.0,262144,0.0,62,0,,,,,,,0,,,,,,,0,,,,,,,0,,,,,,
C170,Chest,322,test/C170/Low_Dose/00000281.dcm,130.0,262144,0.0,53,0,,,,,,,0,,,,,,,0,,,,,,,0,,,,,,
C170,Chest,323,test/C170/Low_Dose/00000175.dcm,130.0,262144,0.0,66,0,,,,,,,0,,,,,,,0,,,,,,,0,,,,,,
C170,Chest,324,test/C170/Low_Dose/00000321.dcm,130.0,262144,0.0,63,0,,,,,,,0,,,,,,,0,,,,,,,0,,,,,,
C170,Chest,325,test/C170/Low_Dose/00000039.dcm,130.0,262144,0.0,70,0,,,,,,,0,,,,,,,0,,,,,,,0,,,,,,
C170,Chest,326,test/C170/Low_Dose/00000046.dcm,130.0,262144,0.0,64,0,,,,,,,0,,,,,,,0,,,,,,,0,,,,,,
C170,Chest,327,test/C170/Low_Dose/00000013.dcm,130.0,262144,0.0,49,0,,,,,,,0,,,,,,,0,,,,,,,0,,,,,,
C170,Chest,328,test/C170/Low_Dose/00000054.dcm,130.0,262144,0.0,63,0,,,,,,,0,,,,,,,0,,,,,,,0,,,,,,
C170,Chest,329,test/C170/Low_Dose/00000085.dcm,130.0,262144,0.0,52,0,,,,,,,0,,,,,,,0,,,,,,,0,,,,,,
C170,Chest,330,test/C170/Low_Dose/00000238.dcm,130.0,262144,0.0,38,0,,,,,,,0,,,,,,,0,,,,,,,0,,,,,,
C170,Chest,331,test/C170/Low_Dose/00000339.dcm,130.0,262144,0.0,37,0,,,,,,,0,,,,,,,0,,,,,,,0,,,,,,
C170,Chest,332,test/C170/Low_Dose/00000184.dcm,130.0,262144,0.0,39,0,,,,,,,0,,,,,,,0,,,,,,,0,,,,,,
C170,Chest,333,test/C170/Low_Dose/00000328.dcm,130.0,262144,0.0,43,0,,,,,,,0,,,,,,,0,,,,,,,0,,,,,,
C170,Chest,334,test/C170/Low_Dose/00000205.dcm,130.0,262144,0.0,33,0,,,,,,,0,,,,,,,0,,,,,,,0,,,,,,
C170,Chest,335,test/C170/Low_Dose/00000222.dcm,130.0,262144,0.0,34,0,,,,,,,0,,,,,,,0,,,,,,,0,,,,,,
C170,Chest,336,test/C170/Low_Dose/00000183.dcm,130.0,262144,0.0,41,0,,,,,,,0,,,,,,,0,,,,,,,0,,,,,,
C170,Chest,337,test/C170/Low_Dose/00000307.dcm,130.0,262144,0.0,37,0,,,,,,,0,,,,,,,0,,,,,,,0,,,,,,
C170,Chest,338,test/C170/Low_Dose/00000061.dcm,130.0,262144,0.0,36,0,,,,,,,0,,,,,,,0,,,,,,,0,,,,,,
C170,Chest,339,test/C170/Low_Dose/00000221.dcm,130.0,262144,0.0,36,0,,,,,,,0,,,,,,,0,,,,,,,0,,,,,,
C170,Chest,340,test/C170/Low_Dose/00000234.dcm,130.0,262144,0.0,48,0,,,,,,,0,,,,,,,0,,,,,,,0,,,,,,
C170,Chest,341,test/C170/Low_Dose/00000280.dcm,130.0,262144,0.0,52,0,,,,,,,0,,,,,,,0,,,,,,,0,,,,,,
C170,Chest,342,test/C170/Low_Dose/00000245.dcm,130.0,262144,0.0,41,0,,,,,,,0,,,,,,,0,,,,,,,0,,,,,,
C170,Chest,343,test/C170/Low_Dose/00000058.dcm,130.0,262144,0.0,38,0,,,,,,,0,,,,,,,0,,,,,,,0,,,,,,
C170,Chest,344,test/C170/Low_Dose/00000099.dcm,130.0,262144,0.0,39,0,,,,,,,0,,,,,,,0,,,,,,,0,,,,,,
C170,Chest,345,test/C170/Low_Dose/00000130.dcm,130.0,262144,0.0,35,0,,,,,,,0,,,,,,,0,,,,,,,0,,,,,,
C170,Chest,346,test/C170/Low_Dose/00000267.dcm,130.0,262144,0.0,47,0,,,,,,,0,,,,,,,0,,,,,,,0,,,,,,
C170,Chest,347,test/C170/Low_Dose/00000265.dcm,130.0,262144,0.0,35,0,,,,,,,0,,,,,,,0,,,,,,,0,,,,,,
C170,Chest,348,test/C170/Low_Dose/00000076.dcm,130.0,262144,0.0,40,0,,,,,,,0,,,,,,,0,,,,,,,0,,,,,,
C170,Chest,349,test/C170/Low_Dose/00000229.dcm,130.0,262144,0.0,44,0,,,,,,,0,,,,,,,0,,,,,,,0,,,,,,
C170,Chest,350,test/C170/Low_Dose/00000002.dcm,130.0,262144,0.0,52,0,,,,,,,0,,,,,,,0,,,,,,,0,,,,,,
C170,Chest,351,test/C170/Low_Dose/00000256.dcm,130.0,262144,0.0,47,0,,,,,,,0,,,,,,,0,,,,,,,0,,,,,,
C170,Chest,352,test/C170/Low_Dose/00000203.dcm,130.0,262144,0.0,60,0,,,,,,,0,,,,,,,0,,,,,,,0,,,,,,
C170,Chest,353,test/C170/Low_Dose/00000001.dcm,130.0,262144,0.0,56,0,,,,,,,0,,,,,,,0,,,,,,,0,,,,,,
C170,Chest,354,test/C170/Low_Dose/00000336.dcm,130.0,262144,0.0,49,0,,,,,,,0,,,,,,,0,,,,,,,0,,,,,,
C170,Chest,355,test/C170/Low_Dose/00000319.dcm,130.0,262144,0.0,52,0,,,,,,,0,,,,,,,0,,,,,,,0,,,,,,
C170,Chest,356,test/C170/Low_Dose/00000271.dcm,130.0,262144,0.0,45,0,,,,,,,0,,,,,,,0,,,,,,,0,,,,,,
C170,Chest,357,test/C170/Low_Dose/00000042.dcm,130.0,262144,0.0,51,0,,,,,,,0,,,,,,,0,,,,,,,0,,,,,,
C170,Chest,358,test/C170/Low_Dose/00000093.dcm,130.0,262144,0.0,48,0,,,,,,,0,,,,,,,0,,,,,,,0,,,,,,
C249,Chest,0,test/C249/Low_Dose/00000207.dcm,130.0,262144,0.0,39,0,,,,,,,0,,,,,,,0,,,,,,,0,,,,,,
C249,Chest,1,test/C249/Low_Dose/00000319.dcm,130.0,262144,0.0,38,0,,,,,,,0,,,,,,,0,,,,,,,0,,,,,,
C249,Chest,2,test/C249/Low_Dose/00000171.dcm,130.0,262144,0.0,35,0,,,,,,,0,,,,,,,0,,,,,,,0,,,,,,
C249,Chest,3,test/C249/Low_Dose/00000182.dcm,130.0,262144,0.0,43,0,,,,,,,0,,,,,,,0,,,,,,,0,,,,,,
C249,Chest,4,test/C249/Low_Dose/00000223.dcm,130.0,262144,0.0,42,0,,,,,,,0,,,,,,,0,,,,,,,0,,,,,,
C249,Chest,5,test/C249/Low_Dose/00000112.dcm,130.0,262144,0.0,32,0,,,,,,,0,,,,,,,0,,,,,,,0,,,,,,
C249,Chest,6,test/C249/Low_Dose/00000104.dcm,130.0,262144,0.0,34,0,,,,,,,0,,,,,,,0,,,,,,,0,,,,,,
C249,Chest,7,test/C249/Low_Dose/00000288.dcm,130.0,262144,0.0,35,0,,,,,,,0,,,,,,,0,,,,,,,0,,,,,,
C249,Chest,8,test/C249/Low_Dose/00000156.dcm,130.0,262144,0.0,45,0,,,,,,,0,,,,,,,0,,,,,,,0,,,,,,
C249,Chest,9,test/C249/Low_Dose/00000282.dcm,130.0,262144,0.0,44,0,,,,,,,0,,,,,,,0,,,,,,,0,,,,,,
C249,Chest,10,test/C249/Low_Dose/00000079.dcm,130.0,262144,0.0,39,0,,,,,,,0,,,,,,,0,,,,,,,0,,,,,,
C249,Chest,11,test/C249/Low_Dose/00000029.dcm,130.0,262144,0.0,32,0,,,,,,,0,,,,,,,0,,,,,,,0,,,,,,
C249,Chest,12,test/C249/Low_Dose/00000057.dcm,130.0,262144,0.0,50,0,,,,,,,0,,,,,,,0,,,,,,,0,,,,,,
C249,Chest,13,test/C249/Low_Dose/00000287.dcm,130.0,262144,0.0,40,0,,,,,,,0,,,,,,,0,,,,,,,0,,,,,,
C249,Chest,14,test/C249/Low_Dose/00000190.dcm,130.0,262144,0.0,40,0,,,,,,,0,,,,,,,0,,,,,,,0,,,,,,
C249,Chest,15,test/C249/Low_Dose/00000010.dcm,130.0,262144,0.0,41,0,,,,,,,0,,,,,,,0,,,,,,,0,,,,,,
C249,Chest,16,test/C249/Low_Dose/00000100.dcm,130.0,262144,0.0,33,0,,,,,,,0,,,,,,,0,,,,,,,0,,,,,,
C249,Chest,17,test/C249/Low_Dose/00000256.dcm,130.0,262144,0.0,39,0,,,,,,,0,,,,,,,0,,,,,,,0,,,,,,
C249,Chest,18,test/C249/Low_Dose/00000179.dcm,130.0,262144,0.0,31,0,,,,,,,0,,,,,,,0,,,,,,,0,,,,,,
C249,Chest,19,test/C249/Low_Dose/00000159.dcm,130.0,262144,0.0,30,0,,,,,,,0,,,,,,,0,,,,,,,0,,,,,,
C249,Chest,20,test/C249/Low_Dose/00000088.dcm,130.0,262144,0.0,31,0,,,,,,,0,,,,,,,0,,,,,,,0,,,,,,
C249,Chest,21,test/C249/Low_Dose/00000202.dcm,130.0,262144,0.0,28,0,,,,,,,0,,,,,,,0,,,,,,,0,,,,,,
C249,Chest,22,test/C249/Low_Dose/00000215.dcm,130.0,262144,0.0,40,0,,,,,,,0,,,,,,,0,,,,,,,0,,,,,,
C249,Chest,23,test/C249/Low_Dose/00000125.dcm,130.0,262144,0.0,50,0,,,,,,,0,,,,,,,0,,,,,,,0,,,,,,
C249,Chest,24,test/C249/Low_Dose/00000292.dcm,130.0,262144,0.0,26,0,,,,,,,0,,,,,,,0,,,,,,,0,,,,,,
C249,Chest,25,test/C249/Low_Dose/00000040.dcm,130.0,262144,0.0,48,0,,,,,,,0,,,,,,,0,,,,,,,0,,,,,,
C249,Chest,26,test/C249/Low_Dose/00000148.dcm,130.0,262144,0.0,55,0,,,,,,,0,,,,,,,0,,,,,,,0,,,,,,
C249,Chest,27,test/C249/Low_Dose/00000110.dcm,130.0,262144,0.0,48,0,,,,,,,0,,,,,,,0,,,,,,,0,,,,,,
C249,Chest,28,test/C249/Low_Dose/00000038.dcm,130.0,262144,0.0,51,0,,,,,,,0,,,,,,,0,,,,,,,0,,,,,,
C249,Chest,29,test/C249/Low_Dose/00000175.dcm,130.0,262144,0.0,37,0,,,,,,,0,,,,,,,0,,,,,,,0,,,,,,
C249,Chest,30,test/C249/Low_Dose/00000027.dcm,130.0,262144,0.0,38,0,,,,,,,0,,,,,,,0,,,,,,,0,,,,,,
C249,Chest,31,test/C249/Low_Dose/00000280.dcm,130.0,262144,0.0,45,0,,,,,,,0,,,,,,,0,,,,,,,0,,,,,,
C249,Chest,32,test/C249/Low_Dose/00000284.dcm,130.0,262144,0.0,28,0,,,,,,,0,,,,,,,0,,,,,,,0,,,,,,
C249,Chest,33,test/C249/Low_Dose/00000195.dcm,130.0,262144,0.0,17,0,,,,,,,0,,,,,,,0,,,,,,,0,,,,,,
C249,Chest,34,test/C249/Low_Dose/00000160.dcm,130.0,262144,0.0,16,0,,,,,,,0,,,,,,,0,,,,,,,0,,,,,,
C249,Chest,35,test/C249/Low_Dose/00000213.dcm,130.0,262144,0.0,20,0,,,,,,,0,,,,,,,0,,,,,,,0,,,,,,
C249,Chest,36,test/C249/Low_Dose/00000145.dcm,130.0,262144,0.0,19,0,,,,,,,0,,,,,,,0,,,,,,,0,,,,,,
C249,Chest,37,test/C249/Low_Dose/00000122.dcm,130.0,262144,0.0,17,0,,,,,,,0,,,,,,,0,,,,,,,0,,,,,,
C249,Chest,38,test/C249/Low_Dose/00000001.dcm,130.0,262144,0.0,19,0,,,,,,,0,,,,,,,0,,,,,,,0,,,,,,
C249,Chest,39,test/C249/Low_Dose/00000092.dcm,130.0,262144,0.0,26,0,,,,,,,0,,,,,,,0,,,,,,,0,,,,,,
C249,Chest,40,test/C249/Low_Dose/00000049.dcm,130.0,262144,0.0,17,0,,,,,,,0,,,,,,,0,,,,,,,0,,,,,,
C249,Chest,41,test/C249/Low_Dose/00000084.dcm,130.0,262144,0.0,23,0,,,,,,,0,,,,,,,0,,,,,,,0,,,,,,
C249,Chest,42,test/C249/Low_Dose/00000344.dcm,130.0,262144,0.0,23,0,,,,,,,0,,,,,,,0,,,,,,,0,,,,,,
C249,Chest,43,test/C249/Low_Dose/00000105.dcm,130.0,262144,0.0,22,0,,,,,,,0,,,,,,,0,,,,,,,0,,,,,,
C249,Chest,44,test/C249/Low_Dose/00000020.dcm,130.0,262144,0.0,18,0,,,,,,,0,,,,,,,0,,,,,,,0,,,,,,
C249,Chest,45,test/C249/Low_Dose/00000271.dcm,130.0,262144,0.0,22,0,,,,,,,0,,,,,,,0,,,,,,,0,,,,,,
C249,Chest,46,test/C249/Low_Dose/00000009.dcm,130.0,262144,0.0,17,0,,,,,,,0,,,,,,,0,,,,,,,0,,,,,,
C249,Chest,47,test/C249/Low_Dose/00000204.dcm,130.0,262144,0.0,27,0,,,,,,,0,,,,,,,0,,,,,,,0,,,,,,
C249,Chest,48,test/C249/Low_Dose/00000071.dcm,130.0,262144,0.0,26,0,,,,,,,0,,,,,,,0,,,,,,,0,,,,,,
C249,Chest,49,test/C249/Low_Dose/00000014.dcm,130.0,262144,0.0,37,0,,,,,,,0,,,,,,,0,,,,,,,0,,,,,,
C249,Chest,50,test/C249/Low_Dose/00000335.dcm,130.0,262144,0.0,32,0,,,,,,,0,,,,,,,0,,,,,,,0,,,,,,
C249,Chest,51,test/C249/Low_Dose/00000022.dcm,130.0,262144,0.0,32,0,,,,,,,0,,,,,,,0,,,,,,,0,,,,,,
C249,Chest,52,test/C249/Low_Dose/00000075.dcm,130.0,262144,0.0,37,0,,,,,,,0,,,,,,,0,,,,,,,0,,,,,,
C249,Chest,53,test/C249/Low_Dose/00000262.dcm,130.0,262144,0.0,28,0,,,,,,,0,,,,,,,0,,,,,,,0,,,,,,
C249,Chest,54,test/C249/Low_Dose/00000174.dcm,130.0,262144,0.0,32,0,,,,,,,0,,,,,,,0,,,,,,,0,,,,,,
C249,Chest,55,test/C249/Low_Dose/00000291.dcm,130.0,262144,0.0,24,0,,,,,,,0,,,,,,,0,,,,,,,0,,,,,,
C249,Chest,56,test/C249/Low_Dose/00000323.dcm,130.0,262144,0.0,28,0,,,,,,,0,,,,,,,0,,,,,,,0,,,,,,
C249,Chest,57,test/C249/Low_Dose/00000208.dcm,130.0,262144,0.0,24,0,,,,,,,0,,,,,,,0,,,,,,,0,,,,,,
C249,Chest,58,test/C249/Low_Dose/00000069.dcm,130.0,262144,0.0,22,0,,,,,,,0,,,,,,,0,,,,,,,0,,,,,,
C249,Chest,59,test/C249/Low_Dose/00000334.dcm,130.0,262144,0.0,25,0,,,,,,,0,,,,,,,0,,,,,,,0,,,,,,
C249,Chest,60,test/C249/Low_Dose/00000245.dcm,130.0,262144,0.0,33,0,,,,,,,0,,,,,,,0,,,,,,,0,,,,,,
C249,Chest,61,test/C249/Low_Dose/00000275.dcm,130.0,262144,0.0,23,0,,,,,,,0,,,,,,,0,,,,,,,0,,,,,,
C249,Chest,62,test/C249/Low_Dose/00000034.dcm,130.0,262144,0.0,29,0,,,,,,,0,,,,,,,0,,,,,,,0,,,,,,
C249,Chest,63,test/C249/Low_Dose/00000017.dcm,130.0,262144,0.0,40,0,,,,,,,0,,,,,,,0,,,,,,,0,,,,,,
C249,Chest,64,test/C249/Low_Dose/00000043.dcm,130.0,262144,0.0,25,0,,,,,,,0,,,,,,,0,,,,,,,0,,,,,,
C249,Chest,65,test/C249/Low_Dose/00000035.dcm,130.0,262144,0.0,30,0,,,,,,,0,,,,,,,0,,,,,,,0,,,,,,
C249,Chest,66,test/C249/Low_Dose/00000164.dcm,130.0,262144,0.0,25,0,,,,,,,0,,,,,,,0,,,,,,,0,,,,,,
C249,Chest,67,test/C249/Low_Dose/00000170.dcm,130.0,262144,0.0,33,0,,,,,,,0,,,,,,,0,,,,,,,0,,,,,,
C249,Chest,68,test/C249/Low_Dose/00000085.dcm,130.0,262144,0.0,25,0,,,,,,,0,,,,,,,0,,,,,,,0,,,,,,
C249,Chest,69,test/C249/Low_Dose/00000030.dcm,130.0,262144,0.0,34,0,,,,,,,0,,,,,,,0,,,,,,,0,,,,,,
C249,Chest,70,test/C249/Low_Dose/00000183.dcm,130.0,262144,0.0,22,0,,,,,,,0,,,,,,,0,,,,,,,0,,,,,,
C249,Chest,71,test/C249/Low_Dose/00000339.dcm,130.0,262144,0.0,33,0,,,,,,,0,,,,,,,0,,,,,,,0,,,,,,
C249,Chest,72,test/C249/Low_Dose/00000264.dcm,130.0,262144,0.0,24,0,,,,,,,0,,,,,,,0,,,,,,,0,,,,,,
C249,Chest,73,test/C249/Low_Dose/00000241.dcm,130.0,262144,0.0,37,0,,,,,,,0,,,,,,,0,,,,,,,0,,,,,,
C249,Chest,74,test/C249/Low_Dose/00000298.dcm,130.0,262144,0.0,28,0,,,,,,,0,,,,,,,0,,,,,,,0,,,,,,
C249,Chest,75,test/C249/Low_Dose/00000011.dcm,130.0,262144,0.0,35,0,,,,,,,0,,,,,,,0,,,,,,,0,,,,,,
C249,Chest,76,test/C249/Low_Dose/00000023.dcm,130.0,262144,0.0,23,0,,,,,,,0,,,,,,,0,,,,,,,0,,,,,,
C249,Chest,77,test/C249/Low_Dose/00000119.dcm,130.0,262144,0.0,24,0,,,,,,,0,,,,,,,0,,,,,,,0,,,,,,
C249,Chest,78,test/C249/Low_Dose/00000074.dcm,130.0,262144,0.0,18,0,,,,,,,0,,,,,,,0,,,,,,,0,,,,,,
C249,Chest,79,test/C249/Low_Dose/00000008.dcm,130.0,262144,0.0,10,0,,,,,,,0,,,,,,,0,,,,,,,0,,,,,,
C249,Chest,80,test/C249/Low_Dose/00000063.dcm,130.0,262144,0.0,17,0,,,,,,,0,,,,,,,0,,,,,,,0,,,,,,
C249,Chest,81,test/C249/Low_Dose/00000193.dcm,130.0,262144,0.0,21,0,,,,,,,0,,,,,,,0,,,,,,,0,,,,,,
C249,Chest,82,test/C249/Low_Dose/00000224.dcm,130.0,262144,0.0,24,0,,,,,,,0,,,,,,,0,,,,,,,0,,,,,,
C249,Chest,83,test/C249/Low_Dose/00000158.dcm,130.0,262144,0.0,15,0,,,,,,,0,,,,,,,0,,,,,,,0,,,,,,
C249,Chest,84,test/C249/Low_Dose/00000046.dcm,130.0,262144,0.0,24,0,,,,,,,0,,,,,,,0,,,,,,,0,,,,,,
C249,Chest,85,test/C249/Low_Dose/00000244.dcm,130.0,262144,0.0,23,0,,,,,,,0,,,,,,,0,,,,,,,0,,,,,,
C249,Chest,86,test/C249/Low_Dose/00000234.dcm,130.0,262144,0.0,23,0,,,,,,,0,,,,,,,0,,,,,,,0,,,,,,
C249,Chest,87,test/C249/Low_Dose/00000153.dcm,130.0,262144,0.0,22,0,,,,,,,0,,,,,,,0,,,,,,,0,,,,,,
C249,Chest,88,test/C249/Low_Dose/00000312.dcm,130.0,262144,0.0,23,0,,,,,,,0,,,,,,,0,,,,,,,0,,,,,,
C249,Chest,89,test/C249/Low_Dose/00000048.dcm,130.0,262144,0.0,26,0,,,,,,,0,,,,,,,0,,,,,,,0,,,,,,
C249,Chest,90,test/C249/Low_Dose/00000016.dcm,130.0,262144,0.0,23,0,,,,,,,0,,,,,,,0,,,,,,,0,,,,,,
C249,Chest,91,test/C249/Low_Dose/00000082.dcm,130.0,262144,0.0,37,0,,,,,,,0,,,,,,,0,,,,,,,0,,,,,,
C249,Chest,92,test/C249/Low_Dose/00000058.dcm,130.0,262144,0.0,25,0,,,,,,,0,,,,,,,0,,,,,,,0,,,,,,
C249,Chest,93,test/C249/Low_Dose/00000039.dcm,130.0,262144,0.0,27,0,,,,,,,0,,,,,,,0,,,,,,,0,,,,,,
C249,Chest,94,test/C249/Low_Dose/00000248.dcm,130.0,262144,0.0,20,0,,,,,,,0,,,,,,,0,,,,,,,0,,,,,,
C249,Chest,95,test/C249/Low_Dose/00000340.dcm,130.0,262144,0.0,41,0,,,,,,,0,,,,,,,0,,,,,,,0,,,,,,
C249,Chest,96,test/C249/Low_Dose/00000252.dcm,130.0,262144,0.0,30,0,,,,,,,0,,,,,,,0,,,,,,,0,,,,,,
C249,Chest,97,test/C249/Low_Dose/00000277.dcm,130.0,262144,0.0,19,0,,,,,,,0,,,,,,,0,,,,,,,0,,,,,,
C249,Chest,98,test/C249/Low_Dose/00000076.dcm,130.0,262144,0.0,8,0,,,,,,,0,,,,,,,0,,,,,,,0,,,,,,
C249,Chest,99,test/C249/Low_Dose/00000098.dcm,130.0,262144,0.0,17,0,,,,,,,0,,,,,,,0,,,,,,,0,,,,,,
C249,Chest,100,test/C249/Low_Dose/00000141.dcm,130.0,262144,0.0,19,0,,,,,,,0,,,,,,,0,,,,,,,0,,,,,,
C249,Chest,101,test/C249/Low_Dose/00000257.dcm,130.0,262144,0.0,13,0,,,,,,,0,,,,,,,0,,,,,,,0,,,,,,
C249,Chest,102,test/C249/Low_Dose/00000231.dcm,130.0,262144,0.0,9,0,,,,,,,0,,,,,,,0,,,,,,,0,,,,,,
C249,Chest,103,test/C249/Low_Dose/00000189.dcm,130.0,262144,0.0,12,0,,,,,,,0,,,,,,,0,,,,,,,0,,,,,,
C249,Chest,104,test/C249/Low_Dose/00000239.dcm,130.0,262144,0.0,17,0,,,,,,,0,,,,,,,0,,,,,,,0,,,,,,
C249,Chest,105,test/C249/Low_Dose/00000185.dcm,130.0,262144,0.0,12,0,,,,,,,0,,,,,,,0,,,,,,,0,,,,,,
C249,Chest,106,test/C249/Low_Dose/00000296.dcm,130.0,262144,0.0,16,0,,,,,,,0,,,,,,,0,,,,,,,0,,,,,,
C249,Chest,107,test/C249/Low_Dose/00000021.dcm,130.0,262144,0.0,13,0,,,,,,,0,,,,,,,0,,,,,,,0,,,,,,
C249,Chest,108,test/C249/Low_Dose/00000281.dcm,130.0,262144,0.0,23,0,,,,,,,0,,,,,,,0,,,,,,,0,,,,,,
C249,Chest,109,test/C249/Low_Dose/00000161.dcm,130.0,262144,0.0,13,0,,,,,,,0,,,,,,,0,,,,,,,0,,,,,,
C249,Chest,110,test/C249/Low_Dose/00000308.dcm,130.0,262144,0.0,23,0,,,,,,,0,,,,,,,0,,,,,,,0,,,,,,
C249,Chest,111,test/C249/Low_Dose/00000313.dcm,130.0,262144,0.0,16,0,,,,,,,0,,,,,,,0,,,,,,,0,,,,,,
C249,Chest,112,test/C249/Low_Dose/00000151.dcm,130.0,262144,0.0,25,0,,,,,,,0,,,,,,,0,,,,,,,0,,,,,,
C249,Chest,113,test/C249/Low_Dose/00000081.dcm,130.0,262144,0.0,25,0,,,,,,,0,,,,,,,0,,,,,,,0,,,,,,
C249,Chest,114,test/C249/Low_Dose/00000045.dcm,130.0,262144,0.0,20,0,,,,,,,0,,,,,,,0,,,,,,,0,,,,,,
C249,Chest,115,test/C249/Low_Dose/00000261.dcm,130.0,262144,0.0,27,0,,,,,,,0,,,,,,,0,,,,,,,0,,,,,,
C249,Chest,116,test/C249/Low_Dose/00000107.dcm,130.0,262144,0.0,27,0,,,,,,,0,,,,,,,0,,,,,,,0,,,,,,
C249,Chest,117,test/C249/Low_Dose/00000184.dcm,130.0,262144,0.0,35,0,,,,,,,0,,,,,,,0,,,,,,,0,,,,,,
C249,Chest,118,test/C249/Low_Dose/00000320.dcm,130.0,262144,0.0,32,0,,,,,,,0,,,,,,,0,,,,,,,0,,,,,,
C249,Chest,119,test/C249/Low_Dose/00000036.dcm,130.0,262144,0.0,32,0,,,,,,,0,,,,,,,0,,,,,,,0,,,,,,
C249,Chest,120,test/C249/Low_Dose/00000221.dcm,130.0,262144,0.0,43,0,,,,,,,0,,,,,,,0,,,,,,,0,,,,,,
C249,Chest,121,test/C249/Low_Dose/00000065.dcm,130.0,262144,0.0,19,0,,,,,,,0,,,,,,,0,,,,,,,0,,,,,,
C249,Chest,122,test/C249/Low_Dose/00000031.dcm,130.0,262144,0.0,16,0,,,,,,,0,,,,,,,0,,,,,,,0,,,,,,
C249,Chest,123,test/C249/Low_Dose/00000056.dcm,130.0,262144,0.0,24,0,,,,,,,0,,,,,,,0,,,,,,,0,,,,,,
C249,Chest,124,test/C249/Low_Dose/00000286.dcm,130.0,262144,0.0,28,0,,,,,,,0,,,,,,,0,,,,,,,0,,,,,,
C249,Chest,125,test/C249/Low_Dose/00000177.dcm,130.0,262144,0.0,19,0,,,,,,,0,,,,,,,0,,,,,,,0,,,,,,
C249,Chest,126,test/C249/Low_Dose/00000166.dcm,130.0,262144,0.0,21,0,,,,,,,0,,,,,,,0,,,,,,,0,,,,,,
C249,Chest,127,test/C249/Low_Dose/00000032.dcm,130.0,262144,0.0,21,0,,,,,,,0,,,,,,,0,,,,,,,0,,,,,,
C249,Chest,128,test/C249/Low_Dose/00000283.dcm,130.0,262144,0.0,32,0,,,,,,,0,,,,,,,0,,,,,,,0,,,,,,
C249,Chest,129,test/C249/Low_Dose/00000060.dcm,130.0,262144,0.0,31,0,,,,,,,0,,,,,,,0,,,,,,,0,,,,,,
C249,Chest,130,test/C249/Low_Dose/00000137.dcm,130.0,262144,0.0,24,0,,,,,,,0,,,,,,,0,,,,,,,0,,,,,,
C249,Chest,131,test/C249/Low_Dose/00000025.dcm,130.0,262144,0.0,21,0,,,,,,,0,,,,,,,0,,,,,,,0,,,,,,
C249,Chest,132,test/C249/Low_Dose/00000093.dcm,130.0,262144,0.0,21,0,,,,,,,0,,,,,,,0,,,,,,,0,,,,,,
C249,Chest,133,test/C249/Low_Dose/00000220.dcm,130.0,262144,0.0,34,0,,,,,,,0,,,,,,,0,,,,,,,0,,,,,,
C249,Chest,134,test/C249/Low_Dose/00000130.dcm,130.0,262144,0.0,35,0,,,,,,,0,,,,,,,0,,,,,,,0,,,,,,
C249,Chest,135,test/C249/Low_Dose/00000318.dcm,130.0,262144,0.0,33,0,,,,,,,0,,,,,,,0,,,,,,,0,,,,,,
C249,Chest,136,test/C249/Low_Dose/00000243.dcm,130.0,262144,0.0,28,0,,,,,,,0,,,,,,,0,,,,,,,0,,,,,,
C249,Chest,137,test/C249/Low_Dose/00000236.dcm,130.0,262144,0.0,31,0,,,,,,,0,,,,,,,0,,,,,,,0,,,,,,
C249,Chest,138,test/C249/Low_Dose/00000226.dcm,130.0,262144,0.0,31,0,,,,,,,0,,,,,,,0,,,,,,,0,,,,,,
C249,Chest,139,test/C249/Low_Dose/00000072.dcm,130.0,262144,0.0,21,0,,,,,,,0,,,,,,,0,,,,,,,0,,,,,,
C249,Chest,140,test/C249/Low_Dose/00000338.dcm,130.0,262144,0.0,33,0,,,,,,,0,,,,,,,0,,,,,,,0,,,,,,
C249,Chest,141,test/C249/Low_Dose/00000042.dcm,130.0,262144,0.0,30,0,,,,,,,0,,,,,,,0,,,,,,,0,,,,,,
C249,Chest,142,test/C249/Low_Dose/00000086.dcm,130.0,262144,0.0,37,0,,,,,,,0,,,,,,,0,,,,,,,0,,,,,,
C249,Chest,143,test/C249/Low_Dose/00000167.dcm,130.0,262144,0.0,34,0,,,,,,,0,,,,,,,0,,,,,,,0,,,,,,
C249,Chest,144,test/C249/Low_Dose/00000297.dcm,130.0,262144,0.0,29,0,,,,,,,0,,,,,,,0,,,,,,,0,,,,,,
C249,Chest,145,test/C249/Low_Dose/00000341.dcm,130.0,262144,0.0,28,0,,,,,,,0,,,,,,,0,,,,,,,0,,,,,,
C249,Chest,146,test/C249/Low_Dose/00000144.dcm,130.0,262144,0.0,21,0,,,,,,,0,,,,,,,0,,,,,,,0,,,,,,
C249,Chest,147,test/C249/Low_Dose/00000120.dcm,130.0,262144,0.0,21,0,,,,,,,0,,,,,,,0,,,,,,,0,,,,,,
C249,Chest,148,test/C249/Low_Dose/00000317.dcm,130.0,262144,0.0,26,0,,,,,,,0,,,,,,,0,,,,,,,0,,,,,,
C249,Chest,149,test/C249/Low_Dose/00000129.dcm,130.0,262144,0.0,25,0,,,,,,,0,,,,,,,0,,,,,,,0,,,,,,
C249,Chest,150,test/C249/Low_Dose/00000168.dcm,130.0,262144,0.0,34,0,,,,,,,0,,,,,,,0,,,,,,,0,,,,,,
C249,Chest,151,test/C249/Low_Dose/00000053.dcm,130.0,262144,0.0,23,0,,,,,,,0,,,,,,,0,,,,,,,0,,,,,,
C249,Chest,152,test/C249/Low_Dose/00000324.dcm,130.0,262144,0.0,33,0,,,,,,,0,,,,,,,0,,,,,,,0,,,,,,
C249,Chest,153,test/C249/Low_Dose/00000012.dcm,130.0,262144,0.0,28,0,,,,,,,0,,,,,,,0,,,,,,,0,,,,,,
C249,Chest,154,test/C249/Low_Dose/00000114.dcm,130.0,262144,0.0,27,0,,,,,,,0,,,,,,,0,,,,,,,0,,,,,,
C249,Chest,155,test/C249/Low_Dose/00000325.dcm,130.0,262144,0.0,25,0,,,,,,,0,,,,,,,0,,,,,,,0,,,,,,
C249,Chest,156,test/C249/Low_Dose/00000142.dcm,130.0,262144,0.0,38,0,,,,,,,0,,,,,,,0,,,,,,,0,,,,,,
C249,Chest,157,test/C249/Low_Dose/00000274.dcm,130.0,262144,0.0,32,0,,,,,,,0,,,,,,,0,,,,,,,0,,,,,,
C249,Chest,158,test/C249/Low_Dose/00000068.dcm,130.0,262144,0.0,20,0,,,,,,,0,,,,,,,0,,,,,,,0,,,,,,
C249,Chest,159,test/C249/Low_Dose/00000139.dcm,130.0,262144,0.0,23,0,,,,,,,0,,,,,,,0,,,,,,,0,,,,,,
C249,Chest,160,test/C249/Low_Dose/00000306.dcm,130.0,262144,0.0,34,0,,,,,,,0,,,,,,,0,,,,,,,0,,,,,,
C249,Chest,161,test/C249/Low_Dose/00000096.dcm,130.0,262144,0.0,20,0,,,,,,,0,,,,,,,0,,,,,,,0,,,,,,
C249,Chest,162,test/C249/Low_Dose/00000106.dcm,130.0,262144,0.0,26,0,,,,,,,0,,,,,,,0,,,,,,,0,,,,,,
C249,Chest,163,test/C249/Low_Dose/00000028.dcm,130.0,262144,0.0,21,0,,,,,,,0,,,,,,,0,,,,,,,0,,,,,,
C249,Chest,164,test/C249/Low_Dose/00000342.dcm,130.0,262144,0.0,34,0,,,,,,,0,,,,,,,0,,,,,,,0,,,,,,
C249,Chest,165,test/C249/Low_Dose/00000305.dcm,130.0,262144,0.0,32,0,,,,,,,0,,,,,,,0,,,,,,,0,,,,,,
C249,Chest,166,test/C249/Low_Dose/00000091.dcm,130.0,262144,0.0,41,0,,,,,,,0,,,,,,,0,,,,,,,0,,,,,,
C249,Chest,167,test/C249/Low_Dose/00000127.dcm,130.0,262144,0.0,28,0,,,,,,,0,,,,,,,0,,,,,,,0,,,,,,
C249,Chest,168,test/C249/Low_Dose/00000004.dcm,130.0,262144,0.0,27,0,,,,,,,0,,,,,,,0,,,,,,,0,,,,,,
C249,Chest,169,test/C249/Low_Dose/00000024.dcm,130.0,262144,0.0,35,0,,,,,,,0,,,,,,,0,,,,,,,0,,,,,,
C249,Chest,170,test/C249/Low_Dose/00000302.dcm,130.0,262144,0.0,39,0,,,,,,,0,,,,,,,0,,,,,,,0,,,,,,
C249,Chest,171,test/C249/Low_Dose/00000123.dcm,130.0,262144,0.0,22,0,,,,,,,0,,,,,,,0,,,,,,,0,,,,,,
C249,Chest,172,test/C249/Low_Dose/00000152.dcm,130.0,262144,0.0,32,0,,,,,,,0,,,,,,,0,,,,,,,0,,,,,,
C249,Chest,173,test/C249/Low_Dose/00000180.dcm,130.0,262144,0.0,32,0,,,,,,,0,,,,,,,0,,,,,,,0,,,,,,
C249,Chest,174,test/C249/Low_Dose/00000013.dcm,130.0,262144,0.0,26,0,,,,,,,0,,,,,,,0,,,,,,,0,,,,,,
C249,Chest,175,test/C249/Low_Dose/00000304.dcm,130.0,262144,0.0,28,0,,,,,,,0,,,,,,,0,,,,,,,0,,,,,,
C249,Chest,176,test/C249/Low_Dose/00000217.dcm,130.0,262144,0.0,25,0,,,,,,,0,,,,,,,0,,,,,,,0,,,,,,
C249,Chest,177,test/C249/Low_Dose/00000260.dcm,130.0,262144,0.0,28,0,,,,,,,0,,,,,,,0,,,,,,,0,,,,,,
C249,Chest,178,test/C249/Low_Dose/00000233.dcm,130.0,262144,0.0,29,0,,,,,,,0,,,,,,,0,,,,,,,0,,,,,,
C249,Chest,179,test/C249/Low_Dose/00000194.dcm,130.0,262144,0.0,27,0,,,,,,,0,,,,,,,0,,,,,,,0,,,,,,
C249,Chest,180,test/C249/Low_Dose/00000300.dcm,130.0,262144,0.0,30,0,,,,,,,0,,,,,,,0,,,,,,,0,,,,,,
C249,Chest,181,test/C249/Low_Dose/00000015.dcm,130.0,262144,0.0,23,0,,,,,,,0,,,,,,,0,,,,,,,0,,,,,,
C249,Chest,182,test/C249/Low_Dose/00000150.dcm,130.0,262144,0.0,34,0,,,,,,,0,,,,,,,0,,,,,,,0,,,,,,
C249,Chest,183,test/C249/Low_Dose/00000047.dcm,130.0,262144,0.0,23,0,,,,,,,0,,,,,,,0,,,,,,,0,,,,,,
C249,Chest,184,test/C249/Low_Dose/00000146.dcm,130.0,262144,0.0,26,0,,,,,,,0,,,,,,,0,,,,,,,0,,,,,,
C249,Chest,185,test/C249/Low_Dose/00000267.dcm,130.0,262144,0.0,27,0,,,,,,,0,,,,,,,0,,,,,,,0,,,,,,
C249,Chest,186,test/C249/Low_Dose/00000330.dcm,130.0,262144,0.0,35,0,,,,,,,0,,,,,,,0,,,,,,,0,,,,,,
C249,Chest,187,test/C249/Low_Dose/00000080.dcm,130.0,262144,0.0,26,0,,,,,,,0,,,,,,,0,,,,,,,0,,,,,,
C249,Chest,188,test/C249/Low_Dose/00000169.dcm,130.0,262144,0.0,36,0,,,,,,,0,,,,,,,0,,,,,,,0,,,,,,
C249,Chest,189,test/C249/Low_Dose/00000073.dcm,130.0,262144,0.0,33,0,,,,,,,0,,,,,,,0,,,,,,,0,,,,,,
C249,Chest,190,test/C249/Low_Dose/00000315.dcm,130.0,262144,0.0,31,0,,,,,,,0,,,,,,,0,,,,,,,0,,,,,,
C249,Chest,191,test/C249/Low_Dose/00000348.dcm,130.0,262144,0.0,28,0,,,,,,,0,,,,,,,0,,,,,,,0,,,,,,
C249,Chest,192,test/C249/Low_Dose/00000329.dcm,130.0,262144,0.0,41,0,,,,,,,0,,,,,,,0,,,,,,,0,,,,,,
C249,Chest,193,test/C249/Low_Dose/00000019.dcm,130.0,262144,0.0,40,0,,,,,,,0,,,,,,,0,,,,,,,0,,,,,,
C249,Chest,194,test/C249/Low_Dose/00000196.dcm,130.0,262144,0.0,46,0,,,,,,,0,,,,,,,0,,,,,,,0,,,,,,
C249,Chest,195,test/C249/Low_Dose/00000237.dcm,130.0,262144,0.0,30,0,,,,,,,0,,,,,,,0,,,,,,,0,,,,,,
C249,Chest,196,test/C249/Low_Dose/00000134.dcm,130.0,262144,0.0,41,0,,,,,,,0,,,,,,,0,,,,,,,0,,,,,,
C249,Chest,197,test/C249/Low_Dose/00000289.dcm,130.0,262144,0.0,26,0,,,,,,,0,,,,,,,0,,,,,,,0,,,,,,
C249,Chest,198,test/C249/Low_Dose/00000198.dcm,130.0,262144,0.0,35,0,,,,,,,0,,,,,,,0,,,,,,,0,,,,,,
C249,Chest,199,test/C249/Low_Dose/00000327.dcm,130.0,262144,0.0,39,0,,,,,,,0,,,,,,,0,,,,,,,0,,,,,,
C249,Chest,200,test/C249/Low_Dose/00000124.dcm,130.0,262144,0.0,27,0,,,,,,,0,,,,,,,0,,,,,,,0,,,,,,
C249,Chest,201,test/C249/Low_Dose/00000199.dcm,130.0,262144,0.0,30,0,,,,,,,0,,,,,,,0,,,,,,,0,,,,,,
C249,Chest,202,test/C249/Low_Dose/00000143.dcm,130.0,262144,0.0,31,0,,,,,,,0,,,,,,,0,,,,,,,0,,,,,,
C249,Chest,203,test/C249/Low_Dose/00000219.dcm,130.0,262144,0.0,34,0,,,,,,,0,,,,,,,0,,,,,,,0,,,,,,
C249,Chest,204,test/C249/Low_Dose/00000094.dcm,130.0,262144,0.0,27,0,,,,,,,0,,,,,,,0,,,,,,,0,,,,,,
C249,Chest,205,test/C249/Low_Dose/00000064.dcm,130.0,262144,0.0,32,0,,,,,,,0,,,,,,,0,,,,,,,0,,,,,,
C249,Chest,206,test/C249/Low_Dose/00000343.dcm,130.0,262144,0.0,28,0,,,,,,,0,,,,,,,0,,,,,,,0,,,,,,
C249,Chest,207,test/C249/Low_Dose/00000132.dcm,130.0,262144,0.0,39,0,,,,,,,0,,,,,,,0,,,,,,,0,,,,,,
C249,Chest,208,test/C249/Low_Dose/00000059.dcm,130.0,262144,0.0,20,0,,,,,,,0,,,,,,,0,,,,,,,0,,,,,,
C249,Chest,209,test/C249/Low_Dose/00000083.dcm,130.0,262144,0.0,28,0,,,,,,,0,,,,,,,0,,,,,,,0,,,,,,
C249,Chest,210,test/C249/Low_Dose/00000051.dcm,130.0,262144,0.0,20,0,,,,,,,0,,,,,,,0,,,,,,,0,,,,,,
C249,Chest,211,test/C249/Low_Dose/00000041.dcm,130.0,262144,0.0,24,0,,,,,,,0,,,,,,,0,,,,,,,0,,,,,,
C249,Chest,212,test/C249/Low_Dose/00000108.dcm,130.0,262144,0.0,32,0,,,,,,,0,,,,,,,0,,,,,,,0,,,,,,
C249,Chest,213,test/C249/Low_Dose/00000235.dcm,130.0,262144,0.0,27,0,,,,,,,0,,,,,,,0,,,,,,,0,,,,,,
C249,Chest,214,test/C249/Low_Dose/00000259.dcm,130.0,262144,0.0,24,0,,,,,,,0,,,,,,,0,,,,,,,0,,,,,,
C249,Chest,215,test/C249/Low_Dose/00000187.dcm,130.0,262144,0.0,32,0,,,,,,,0,,,,,,,0,,,,,,,0,,,,,,
C249,Chest,216,test/C249/Low_Dose/00000197.dcm,130.0,262144,0.0,34,0,,,,,,,0,,,,,,,0,,,,,,,0,,,,,,
C249,Chest,217,test/C249/Low_Dose/00000191.dcm,130.0,262144,0.0,25,0,,,,,,,0,,,,,,,0,,,,,,,0,,,,,,
C249,Chest,218,test/C249/Low_Dose/00000290.dcm,130.0,262144,0.0,45,0,,,,,,,0,,,,,,,0,,,,,,,0,,,,,,
C249,Chest,219,test/C249/Low_Dose/00000216.dcm,130.0,262144,0.0,39,0,,,,,,,0,,,,,,,0,,,,,,,0,,,,,,
C249,Chest,220,test/C249/Low_Dose/00000133.dcm,130.0,262144,0.0,39,0,,,,,,,0,,,,,,,0,,,,,,,0,,,,,,
C249,Chest,221,test/C249/Low_Dose/00000192.dcm,130.0,262144,0.0,40,0,,,,,,,0,,,,,,,0,,,,,,,0,,,,,,
C249,Chest,222,test/C249/Low_Dose/00000346.dcm,130.0,262144,0.0,26,0,,,,,,,0,,,,,,,0,,,,,,,0,,,,,,
C249,Chest,223,test/C249/Low_Dose/00000102.dcm,130.0,262144,0.0,29,0,,,,,,,0,,,,,,,0,,,,,,,0,,,,,,
C249,Chest,224,test/C249/Low_Dose/00000295.dcm,130.0,262144,0.0,39,0,,,,,,,0,,,,,,,0,,,,,,,0,,,,,,
C249,Chest,225,test/C249/Low_Dose/00000278.dcm,130.0,262144,0.0,31,0,,,,,,,0,,,,,,,0,,,,,,,0,,,,,,
C249,Chest,226,test/C249/Low_Dose/00000206.dcm,130.0,262144,0.0,25,0,,,,,,,0,,,,,,,0,,,,,,,0,,,,,,
C249,Chest,227,test/C249/Low_Dose/00000230.dcm,130.0,262144,0.0,32,0,,,,,,,0,,,,,,,0,,,,,,,0,,,,,,
C249,Chest,228,test/C249/Low_Dose/00000138.dcm,130.0,262144,0.0,29,0,,,,,,,0,,,,,,,0,,,,,,,0,,,,,,
C249,Chest,229,test/C249/Low_Dose/00000246.dcm,130.0,262144,0.0,31,0,,,,,,,0,,,,,,,0,,,,,,,0,,,,,,
C249,Chest,230,test/C249/Low_Dose/00000321.dcm,130.0,262144,0.0,36,0,,,,,,,0,,,,,,,0,,,,,,,0,,,,,,
C249,Chest,231,test/C249/Low_Dose/00000294.dcm,130.0,262144,0.0,36,0,,,,,,,0,,,,,,,0,,,,,,,0,,,,,,
C249,Chest,232,test/C249/Low_Dose/00000265.dcm,130.0,262144,0.0,25,0,,,,,,,0,,,,,,,0,,,,,,,0,,,,,,
C249,Chest,233,test/C249/Low_Dose/00000178.dcm,130.0,262144,0.0,41,0,,,,,,,0,,,,,,,0,,,,,,,0,,,,,,
C249,Chest,234,test/C249/Low_Dose/00000140.dcm,130.0,262144,0.0,32,0,,,,,,,0,,,,,,,0,,,,,,,0,,,,,,
C249,Chest,235,test/C249/Low_Dose/00000097.dcm,130.0,262144,0.0,35,0,,,,,,,0,,,,,,,0,,,,,,,0,,,,,,
C249,Chest,236,test/C249/Low_Dose/00000211.dcm,130.0,262144,0.0,35,0,,,,,,,0,,,,,,,0,,,,,,,0,,,,,,
C249,Chest,237,test/C249/Low_Dose/00000272.dcm,130.0,262144,0.0,48,0,,,,,,,0,,,,,,,0,,,,,,,0,,,,,,
C249,Chest,238,test/C249/Low_Dose/00000316.dcm,130.0,262144,0.0,36,0,,,,,,,0,,,,,,,0,,,,,,,0,,,,,,
C249,Chest,239,test/C249/Low_Dose/00000322.dcm,130.0,262144,0.0,26,0,,,,,,,0,,,,,,,0,,,,,,,0,,,,,,
C249,Chest,240,test/C249/Low_Dose/00000247.dcm,130.0,262144,0.0,39,0,,,,,,,0,,,,,,,0,,,,,,,0,,,,,,
C249,Chest,241,test/C249/Low_Dose/00000062.dcm,130.0,262144,0.0,34,0,,,,,,,0,,,,,,,0,,,,,,,0,,,,,,
C249,Chest,242,test/C249/Low_Dose/00000155.dcm,130.0,262144,0.0,38,0,,,,,,,0,,,,,,,0,,,,,,,0,,,,,,
C249,Chest,243,test/C249/Low_Dose/00000266.dcm,130.0,262144,0.0,39,0,,,,,,,0,,,,,,,0,,,,,,,0,,,,,,
C249,Chest,244,test/C249/Low_Dose/00000276.dcm,130.0,262144,0.0,30,0,,,,,,,0,,,,,,,0,,,,,,,0,,,,,,
C249,Chest,245,test/C249/Low_Dose/00000336.dcm,130.0,262144,0.0,24,0,,,,,,,0,,,,,,,0,,,,,,,0,,,,,,
C249,Chest,246,test/C249/Low_Dose/00000255.dcm,130.0,262144,0.0,41,0,,,,,,,0,,,,,,,0,,,,,,,0,,,,,,
C249,Chest,247,test/C249/Low_Dose/00000238.dcm,130.0,262144,0.0,43,0,,,,,,,0,,,,,,,0,,,,,,,0,,,,,,
C249,Chest,248,test/C249/Low_Dose/00000212.dcm,130.0,262144,0.0,27,0,,,,,,,0,,,,,,,0,,,,,,,0,,,,,,
C249,Chest,249,test/C249/Low_Dose/00000172.dcm,130.0,262144,0.0,31,0,,,,,,,0,,,,,,,0,,,,,,,0,,,,,,
C249,Chest,250,test/C249/Low_Dose/00000087.dcm,130.0,262144,0.0,30,0,,,,,,,0,,,,,,,0,,,,,,,0,,,,,,
C249,Chest,251,test/C249/Low_Dose/00000115.dcm,130.0,262144,0.0,28,0,,,,,,,0,,,,,,,0,,,,,,,0,,,,,,
C249,Chest,252,test/C249/Low_Dose/00000037.dcm,130.0,262144,0.0,34,0,,,,,,,0,,,,,,,0,,,,,,,0,,,,,,
C249,Chest,253,test/C249/Low_Dose/00000078.dcm,130.0,262144,0.0,28,0,,,,,,,0,,,,,,,0,,,,,,,0,,,,,,
C249,Chest,254,test/C249/Low_Dose/00000205.dcm,130.0,262144,0.0,22,0,,,,,,,0,,,,,,,0,,,,,,,0,,,,,,
C249,Chest,255,test/C249/Low_Dose/00000285.dcm,130.0,262144,0.0,23,0,,,,,,,0,,,,,,,0,,,,,,,0,,,,,,
C249,Chest,256,test/C249/Low_Dose/00000229.dcm,130.0,262144,0.0,21,0,,,,,,,0,,,,,,,0,,,,,,,0,,,,,,
C249,Chest,257,test/C249/Low_Dose/00000066.dcm,130.0,262144,0.0,29,0,,,,,,,0,,,,,,,0,,,,,,,0,,,,,,
C249,Chest,258,test/C249/Low_Dose/00000310.dcm,130.0,262144,0.0,19,0,,,,,,,0,,,,,,,0,,,,,,,0,,,,,,
C249,Chest,259,test/C249/Low_Dose/00000345.dcm,130.0,262144,0.0,27,0,,,,,,,0,,,,,,,0,,,,,,,0,,,,,,
C249,Chest,260,test/C249/Low_Dose/00000311.dcm,130.0,262144,0.0,22,0,,,,,,,0,,,,,,,0,,,,,,,0,,,,,,
C249,Chest,261,test/C249/Low_Dose/00000333.dcm,130.0,262144,0.0,21,0,,,,,,,0,,,,,,,0,,,,,,,0,,,,,,
C249,Chest,262,test/C249/Low_Dose/00000293.dcm,130.0,262144,0.0,23,0,,,,,,,0,,,,,,,0,,,,,,,0,,,,,,
C249,Chest,263,test/C249/Low_Dose/00000279.dcm,130.0,262144,0.0,25,0,,,,,,,0,,,,,,,0,,,,,,,0,,,,,,
C249,Chest,264,test/C249/Low_Dose/00000254.dcm,130.0,262144,0.0,25,0,,,,,,,0,,,,,,,0,,,,,,,0,,,,,,
C249,Chest,265,test/C249/Low_Dose/00000188.dcm,130.0,262144,0.0,19,0,,,,,,,0,,,,,,,0,,,,,,,0,,,,,,
C249,Chest,266,test/C249/Low_Dose/00000210.dcm,130.0,262144,0.0,29,0,,,,,,,0,,,,,,,0,,,,,,,0,,,,,,
C249,Chest,267,test/C249/Low_Dose/00000157.dcm,130.0,262144,0.0,26,0,,,,,,,0,,,,,,,0,,,,,,,0,,,,,,
C249,Chest,268,test/C249/Low_Dose/00000173.dcm,130.0,262144,0.0,29,0,,,,,,,0,,,,,,,0,,,,,,,0,,,,,,
C249,Chest,269,test/C249/Low_Dose/00000250.dcm,130.0,262144,0.0,25,0,,,,,,,0,,,,,,,0,,,,,,,0,,,,,,
C249,Chest,270,test/C249/Low_Dose/00000227.dcm,130.0,262144,0.0,24,0,,,,,,,0,,,,,,,0,,,,,,,0,,,,,,
C249,Chest,271,test/C249/Low_Dose/00000090.dcm,130.0,262144,0.0,18,0,,,,,,,0,,,,,,,0,,,,,,,0,,,,,,
C249,Chest,272,test/C249/Low_Dose/00000128.dcm,130.0,262144,0.0,27,0,,,,,,,0,,,,,,,0,,,,,,,0,,,,,,
C249,Chest,273,test/C249/Low_Dose/00000222.dcm,130.0,262144,0.0,27,0,,,,,,,0,,,,,,,0,,,,,,,0,,,,,,
C249,Chest,274,test/C249/Low_Dose/00000099.dcm,130.0,262144,0.0,26,0,,,,,,,0,,,,,,,0,,,,,,,0,,,,,,
C249,Chest,275,test/C249/Low_Dose/00000117.dcm,130.0,262144,0.0,31,0,,,,,,,0,,,,,,,0,,,,,,,0,,,,,,
C249,Chest,276,test/C249/Low_Dose/00000263.dcm,130.0,262144,0.0,53,0,,,,,,,0,,,,,,,0,,,,,,,0,,,,,,
C249,Chest,277,test/C249/Low_Dose/00000218.dcm,130.0,262144,0.0,38,0,,,,,,,0,,,,,,,0,,,,,,,0,,,,,,
C249,Chest,278,test/C249/Low_Dose/00000301.dcm,130.0,262144,0.0,56,0,,,,,,,0,,,,,,,0,,,,,,,0,,,,,,
C249,Chest,279,test/C249/Low_Dose/00000269.dcm,130.0,262144,0.0,45,0,,,,,,,0,,,,,,,0,,,,,,,0,,,,,,
C249,Chest,280,test/C249/Low_Dose/00000258.dcm,130.0,262144,0.0,47,0,,,,,,,0,,,,,,,0,,,,,,,0,,,,,,
C249,Chest,281,test/C249/Low_Dose/00000242.dcm,130.0,262144,0.0,20,0,,,,,,,0,,,,,,,0,,,,,,,0,,,,,,
C249,Chest,282,test/C249/Low_Dose/00000018.dcm,130.0,262144,0.0,22,0,,,,,,,0,,,,,,,0,,,,,,,0,,,,,,
C249,Chest,283,test/C249/Low_Dose/00000273.dcm,130.0,262144,0.0,17,0,,,,,,,0,,,,,,,0,,,,,,,0,,,,,,
C249,Chest,284,test/C249/Low_Dose/00000200.dcm,130.0,262144,0.0,25,0,,,,,,,0,,,,,,,0,,,,,,,0,,,,,,
C249,Chest,285,test/C249/Low_Dose/00000331.dcm,130.0,262144,0.0,22,0,,,,,,,0,,,,,,,0,,,,,,,0,,,,,,
C249,Chest,286,test/C249/Low_Dose/00000077.dcm,130.0,262144,0.0,21,0,,,,,,,0,,,,,,,0,,,,,,,0,,,,,,
C249,Chest,287,test/C249/Low_Dose/00000121.dcm,130.0,262144,0.0,27,0,,,,,,,0,,,,,,,0,,,,,,,0,,,,,,
C249,Chest,288,test/C249/Low_Dose/00000006.dcm,130.0,262144,0.0,26,0,,,,,,,0,,,,,,,0,,,,,,,0,,,,,,
C249,Chest,289,test/C249/Low_Dose/00000249.dcm,130.0,262144,0.0,31,0,,,,,,,0,,,,,,,0,,,,,,,0,,,,,,
C249,Chest,290,test/C249/Low_Dose/00000337.dcm,130.0,262144,0.0,23,0,,,,,,,0,,,,,,,0,,,,,,,0,,,,,,
C249,Chest,291,test/C249/Low_Dose/00000111.dcm,130.0,262144,0.0,23,0,,,,,,,0,,,,,,,0,,,,,,,0,,,,,,
C249,Chest,292,test/C249/Low_Dose/00000070.dcm,130.0,262144,0.0,28,0,,,,,,,0,,,,,,,0,,,,,,,0,,,,,,
C249,Chest,293,test/C249/Low_Dose/00000232.dcm,130.0,262144,0.0,17,0,,,,,,,0,,,,,,,0,,,,,,,0,,,,,,
C249,Chest,294,test/C249/Low_Dose/00000067.dcm,130.0,262144,0.0,20,0,,,,,,,0,,,,,,,0,,,,,,,0,,,,,,
C249,Chest,295,test/C249/Low_Dose/00000347.dcm,130.0,262144,0.0,23,0,,,,,,,0,,,,,,,0,,,,,,,0,,,,,,
C249,Chest,296,test/C249/Low_Dose/00000026.dcm,130.0,262144,0.0,20,0,,,,,,,0,,,,,,,0,,,,,,,0,,,,,,
C249,Chest,297,test/C249/Low_Dose/00000005.dcm,130.0,262144,0.0,20,0,,,,,,,0,,,,,,,0,,,,,,,0,,,,,,
C249,Chest,298,test/C249/Low_Dose/00000136.dcm,130.0,262144,0.0,16,0,,,,,,,0,,,,,,,0,,,,,,,0,,,,,,
C249,Chest,299,test/C249/Low_Dose/00000326.dcm,130.0,262144,0.0,21,0,,,,,,,0,,,,,,,0,,,,,,,0,,,,,,
C249,Chest,300,test/C249/Low_Dose/00000209.dcm,130.0,262144,0.0,27,0,,,,,,,0,,,,,,,0,,,,,,,0,,,,,,
C249,Chest,301,test/C249/Low_Dose/00000303.dcm,130.0,262144,0.0,23,0,,,,,,,0,,,,,,,0,,,,,,,0,,,,,,
C249,Chest,302,test/C249/Low_Dose/00000332.dcm,130.0,262144,0.0,23,0,,,,,,,0,,,,,,,0,,,,,,,0,,,,,,
C249,Chest,303,test/C249/Low_Dose/00000095.dcm,130.0,262144,0.0,24,0,,,,,,,0,,,,,,,0,,,,,,,0,,,,,,
C249,Chest,304,test/C249/Low_Dose/00000251.dcm,130.0,262144,0.0,30,0,,,,,,,0,,,,,,,0,,,,,,,0,,,,,,
C249,Chest,305,test/C249/Low_Dose/00000270.dcm,130.0,262144,0.0,24,0,,,,,,,0,,,,,,,0,,,,,,,0,,,,,,
C249,Chest,306,test/C249/Low_Dose/00000299.dcm,130.0,262144,0.0,32,0,,,,,,,0,,,,,,,0,,,,,,,0,,,,,,
C249,Chest,307,test/C249/Low_Dose/00000307.dcm,130.0,262144,0.0,42,0,,,,,,,0,,,,,,,0,,,,,,,0,,,,,,
C249,Chest,308,test/C249/Low_Dose/00000149.dcm,130.0,262144,0.0,34,0,,,,,,,0,,,,,,,0,,,,,,,0,,,,,,
C249,Chest,309,test/C249/Low_Dose/00000109.dcm,130.0,262144,0.0,37,0,,,,,,,0,,,,,,,0,,,,,,,0,,,,,,
C249,Chest,310,test/C249/Low_Dose/00000055.dcm,130.0,262144,0.0,28,0,,,,,,,0,,,,,,,0,,,,,,,0,,,,,,
C249,Chest,311,test/C249/Low_Dose/00000154.dcm,130.0,262144,0.0,29,0,,,,,,,0,,,,,,,0,,,,,,,0,,,,,,
C249,Chest,312,test/C249/Low_Dose/00000101.dcm,130.0,262144,0.0,33,0,,,,,,,0,,,,,,,0,,,,,,,0,,,,,,
C249,Chest,313,test/C249/Low_Dose/00000103.dcm,130.0,262144,0.0,30,0,,,,,,,0,,,,,,,0,,,,,,,0,,,,,,
C249,Chest,314,test/C249/Low_Dose/00000131.dcm,130.0,262144,0.0,20,0,,,,,,,0,,,,,,,0,,,,,,,0,,,,,,
C249,Chest,315,test/C249/Low_Dose/00000054.dcm,130.0,262144,0.0,25,0,,,,,,,0,,,,,,,0,,,,,,,0,,,,,,
C249,Chest,316,test/C249/Low_Dose/00000162.dcm,130.0,262144,0.0,19,0,,,,,,,0,,,,,,,0,,,,,,,0,,,,,,
C249,Chest,317,test/C249/Low_Dose/00000050.dcm,130.0,262144,0.0,23,0,,,,,,,0,,,,,,,0,,,,,,,0,,,,,,
C249,Chest,318,test/C249/Low_Dose/00000268.dcm,130.0,262144,0.0,26,0,,,,,,,0,,,,,,,0,,,,,,,0,,,,,,
C249,Chest,319,test/C249/Low_Dose/00000240.dcm,130.0,262144,0.0,24,0,,,,,,,0,,,,,,,0,,,,,,,0,,,,,,
C249,Chest,320,test/C249/Low_Dose/00000181.dcm,130.0,262144,0.0,30,0,,,,,,,0,,,,,,,0,,,,,,,0,,,,,,
C249,Chest,321,test/C249/Low_Dose/00000163.dcm,130.0,262144,0.0,28,0,,,,,,,0,,,,,,,0,,,,,,,0,,,,,,
C249,Chest,322,test/C249/Low_Dose/00000309.dcm,130.0,262144,0.0,25,0,,,,,,,0,,,,,,,0,,,,,,,0,,,,,,
C249,Chest,323,test/C249/Low_Dose/00000253.dcm,130.0,262144,0.0,14,0,,,,,,,0,,,,,,,0,,,,,,,0,,,,,,
C249,Chest,324,test/C249/Low_Dose/00000203.dcm,130.0,262144,0.0,19,0,,,,,,,0,,,,,,,0,,,,,,,0,,,,,,
C249,Chest,325,test/C249/Low_Dose/00000044.dcm,130.0,262144,0.0,26,0,,,,,,,0,,,,,,,0,,,,,,,0,,,,,,
C249,Chest,326,test/C249/Low_Dose/00000201.dcm,130.0,262144,0.0,21,0,,,,,,,0,,,,,,,0,,,,,,,0,,,,,,
C249,Chest,327,test/C249/Low_Dose/00000113.dcm,130.0,262144,0.0,26,0,,,,,,,0,,,,,,,0,,,,,,,0,,,,,,
C249,Chest,328,test/C249/Low_Dose/00000052.dcm,130.0,262144,0.0,25,0,,,,,,,0,,,,,,,0,,,,,,,0,,,,,,
C249,Chest,329,test/C249/Low_Dose/00000116.dcm,130.0,262144,0.0,26,0,,,,,,,0,,,,,,,0,,,,,,,0,,,,,,
C249,Chest,330,test/C249/Low_Dose/00000147.dcm,130.0,262144,0.0,16,0,,,,,,,0,,,,,,,0,,,,,,,0,,,,,,
C249,Chest,331,test/C249/Low_Dose/00000003.dcm,130.0,262144,0.0,27,0,,,,,,,0,,,,,,,0,,,,,,,0,,,,,,
C249,Chest,332,test/C249/Low_Dose/00000349.dcm,130.0,262144,0.0,22,0,,,,,,,0,,,,,,,0,,,,,,,0,,,,,,
C249,Chest,333,test/C249/Low_Dose/00000225.dcm,130.0,262144,0.0,25,0,,,,,,,0,,,,,,,0,,,,,,,0,,,,,,
C249,Chest,334,test/C249/Low_Dose/00000002.dcm,130.0,262144,0.0,22,0,,,,,,,0,,,,,,,0,,,,,,,0,,,,,,
C249,Chest,335,test/C249/Low_Dose/00000007.dcm,130.0,262144,0.0,20,0,,,,,,,0,,,,,,,0,,,,,,,0,,,,,,
C249,Chest,336,test/C249/Low_Dose/00000214.dcm,130.0,262144,0.0,13,0,,,,,,,0,,,,,,,0,,,,,,,0,,,,,,
C249,Chest,337,test/C249/Low_Dose/00000314.dcm,130.0,262144,0.0,12,0,,,,,,,0,,,,,,,0,,,,,,,0,,,,,,
C249,Chest,338,test/C249/Low_Dose/00000135.dcm,130.0,262144,0.0,16,0,,,,,,,0,,,,,,,0,,,,,,,0,,,,,,
C249,Chest,339,test/C249/Low_Dose/00000228.dcm,130.0,262144,0.0,26,0,,,,,,,0,,,,,,,0,,,,,,,0,,,,,,
C249,Chest,340,test/C249/Low_Dose/00000350.dcm,130.0,262144,0.0,30,0,,,,,,,0,,,,,,,0,,,,,,,0,,,,,,
C249,Chest,341,test/C249/Low_Dose/00000118.dcm,130.0,262144,0.0,22,0,,,,,,,0,,,,,,,0,,,,,,,0,,,,,,
C249,Chest,342,test/C249/Low_Dose/00000089.dcm,130.0,262144,0.0,16,0,,,,,,,0,,,,,,,0,,,,,,,0,,,,,,
C249,Chest,343,test/C249/Low_Dose/00000126.dcm,130.0,262144,0.0,26,0,,,,,,,0,,,,,,,0,,,,,,,0,,,,,,
C249,Chest,344,test/C249/Low_Dose/00000328.dcm,130.0,262144,0.0,32,0,,,,,,,0,,,,,,,0,,,,,,,0,,,,,,
C249,Chest,345,test/C249/Low_Dose/00000186.dcm,130.0,262144,0.0,35,0,,,,,,,0,,,,,,,0,,,,,,,0,,,,,,
C249,Chest,346,test/C249/Low_Dose/00000033.dcm,130.0,262144,0.0,34,0,,,,,,,0,,,,,,,0,,,,,,,0,,,,,,
C249,Chest,347,test/C249/Low_Dose/00000165.dcm,130.0,262144,0.0,29,0,,,,,,,0,,,,,,,0,,,,,,,0,,,,,,
C249,Chest,348,test/C249/Low_Dose/00000061.dcm,130.0,262144,0.0,36,0,,,,,,,0,,,,,,,0,,,,,,,0,,,,,,
C249,Chest,349,test/C249/Low_Dose/00000176.dcm,130.0,262144,0.0,36,0,,,,,,,0,,,,,,,0,,,,,,,0,,,,,,
C280,Chest,0,test/C280/Low_Dose/00000085.dcm,130.0,262144,0.0,67,0,,,,,,,0,,,,,,,0,,,,,,,0,,,,,,
C280,Chest,1,test/C280/Low_Dose/00000046.dcm,130.0,262144,0.0,86,0,,,,,,,0,,,,,,,0,,,,,,,0,,,,,,
C280,Chest,2,test/C280/Low_Dose/00000106.dcm,130.0,262144,0.0,67,0,,,,,,,0,,,,,,,0,,,,,,,0,,,,,,
C280,Chest,3,test/C280/Low_Dose/00000319.dcm,130.0,262144,0.0,66,0,,,,,,,0,,,,,,,0,,,,,,,0,,,,,,
C280,Chest,4,test/C280/Low_Dose/00000369.dcm,130.0,262144,0.0,69,0,,,,,,,0,,,,,,,0,,,,,,,0,,,,,,
C280,Chest,5,test/C280/Low_Dose/00000309.dcm,130.0,262144,0.0,93,0,,,,,,,0,,,,,,,0,,,,,,,0,,,,,,
C280,Chest,6,test/C280/Low_Dose/00000308.dcm,130.0,262144,0.0,78,0,,,,,,,0,,,,,,,0,,,,,,,0,,,,,,
C280,Chest,7,test/C280/Low_Dose/00000207.dcm,130.0,262144,0.0,68,0,,,,,,,0,,,,,,,0,,,,,,,0,,,,,,
C280,Chest,8,test/C280/Low_Dose/00000299.dcm,130.0,262144,0.0,79,0,,,,,,,0,,,,,,,0,,,,,,,0,,,,,,
C280,Chest,9,test/C280/Low_Dose/00000111.dcm,130.0,262144,0.0,64,0,,,,,,,0,,,,,,,0,,,,,,,0,,,,,,
C280,Chest,10,test/C280/Low_Dose/00000157.dcm,130.0,262144,0.0,59,0,,,,,,,0,,,,,,,0,,,,,,,0,,,,,,
C280,Chest,11,test/C280/Low_Dose/00000041.dcm,130.0,262144,0.0,63,0,,,,,,,0,,,,,,,0,,,,,,,0,,,,,,
C280,Chest,12,test/C280/Low_Dose/00000294.dcm,130.0,262144,0.0,53,0,,,,,,,0,,,,,,,0,,,,,,,0,,,,,,
C280,Chest,13,test/C280/Low_Dose/00000282.dcm,130.0,262144,0.0,63,0,,,,,,,0,,,,,,,0,,,,,,,0,,,,,,
C280,Chest,14,test/C280/Low_Dose/00000190.dcm,130.0,262144,0.0,51,0,,,,,,,0,,,,,,,0,,,,,,,0,,,,,,
C280,Chest,15,test/C280/Low_Dose/00000124.dcm,130.0,262144,0.0,43,0,,,,,,,0,,,,,,,0,,,,,,,0,,,,,,
C280,Chest,16,test/C280/Low_Dose/00000181.dcm,130.0,262144,0.0,47,0,,,,,,,0,,,,,,,0,,,,,,,0,,,,,,
C280,Chest,17,test/C280/Low_Dose/00000273.dcm,130.0,262144,0.0,32,0,,,,,,,0,,,,,,,0,,,,,,,0,,,,,,
C280,Chest,18,test/C280/Low_Dose/00000159.dcm,130.0,262144,0.0,36,0,,,,,,,0,,,,,,,0,,,,,,,0,,,,,,
C280,Chest,19,test/C280/Low_Dose/00000341.dcm,130.0,262144,0.0,32,0,,,,,,,0,,,,,,,0,,,,,,,0,,,,,,
C280,Chest,20,test/C280/Low_Dose/00000022.dcm,130.0,262144,0.0,39,0,,,,,,,0,,,,,,,0,,,,,,,0,,,,,,
C280,Chest,21,test/C280/Low_Dose/00000147.dcm,130.0,262144,0.0,39,0,,,,,,,0,,,,,,,0,,,,,,,0,,,,,,
C280,Chest,22,test/C280/Low_Dose/00000258.dcm,130.0,262144,0.0,33,0,,,,,,,0,,,,,,,0,,,,,,,0,,,,,,
C280,Chest,23,test/C280/Low_Dose/00000242.dcm,130.0,262144,0.0,40,0,,,,,,,0,,,,,,,0,,,,,,,0,,,,,,
C280,Chest,24,test/C280/Low_Dose/00000088.dcm,130.0,262144,0.0,42,0,,,,,,,0,,,,,,,0,,,,,,,0,,,,,,
C280,Chest,25,test/C280/Low_Dose/00000216.dcm,130.0,262144,0.0,39,0,,,,,,,0,,,,,,,0,,,,,,,0,,,,,,
C280,Chest,26,test/C280/Low_Dose/00000126.dcm,130.0,262144,0.0,42,0,,,,,,,0,,,,,,,0,,,,,,,0,,,,,,
C280,Chest,27,test/C280/Low_Dose/00000043.dcm,130.0,262144,0.0,53,0,,,,,,,0,,,,,,,0,,,,,,,0,,,,,,
C280,Chest,28,test/C280/Low_Dose/00000346.dcm,130.0,262144,0.0,47,0,,,,,,,0,,,,,,,0,,,,,,,0,,,,,,
C280,Chest,29,test/C280/Low_Dose/00000087.dcm,130.0,262144,0.0,53,0,,,,,,,0,,,,,,,0,,,,,,,0,,,,,,
C280,Chest,30,test/C280/Low_Dose/00000202.dcm,130.0,262144,0.0,70,0,,,,,,,0,,,,,,,0,,,,,,,0,,,,,,
C280,Chest,31,test/C280/Low_Dose/00000183.dcm,130.0,262144,0.0,61,0,,,,,,,0,,,,,,,0,,,,,,,0,,,,,,
C280,Chest,32,test/C280/Low_Dose/00000115.dcm,130.0,262144,0.0,42,0,,,,,,,0,,,,,,,0,,,,,,,0,,,,,,
C280,Chest,33,test/C280/Low_Dose/00000019.dcm,130.0,262144,0.0,52,0,,,,,,,0,,,,,,,0,,,,,,,0,,,,,,
C280,Chest,34,test/C280/Low_Dose/00000170.dcm,130.0,262144,0.0,37,0,,,,,,,0,,,,,,,0,,,,,,,0,,,,,,
C280,Chest,35,test/C280/Low_Dose/00000229.dcm,130.0,262144,0.0,43,0,,,,,,,0,,,,,,,0,,,,,,,0,,,,,,
C280,Chest,36,test/C280/Low_Dose/00000149.dcm,130.0,262144,0.0,49,0,,,,,,,0,,,,,,,0,,,,,,,0,,,,,,
C280,Chest,37,test/C280/Low_Dose/00000314.dcm,130.0,262144,0.0,52,0,,,,,,,0,,,,,,,0,,,,,,,0,,,,,,
C280,Chest,38,test/C280/Low_Dose/00000196.dcm,130.0,262144,0.0,54,0,,,,,,,0,,,,,,,0,,,,,,,0,,,,,,
C280,Chest,39,test/C280/Low_Dose/00000296.dcm,130.0,262144,0.0,39,0,,,,,,,0,,,,,,,0,,,,,,,0,,,,,,
C280,Chest,40,test/C280/Low_Dose/00000255.dcm,130.0,262144,0.0,29,0,,,,,,,0,,,,,,,0,,,,,,,0,,,,,,
C280,Chest,41,test/C280/Low_Dose/00000306.dcm,130.0,262144,0.0,47,0,,,,,,,0,,,,,,,0,,,,,,,0,,,,,,
C280,Chest,42,test/C280/Low_Dose/00000099.dcm,130.0,262144,0.0,32,0,,,,,,,0,,,,,,,0,,,,,,,0,,,,,,
C280,Chest,43,test/C280/Low_Dose/00000114.dcm,130.0,262144,0.0,46,0,,,,,,,0,,,,,,,0,,,,,,,0,,,,,,
C280,Chest,44,test/C280/Low_Dose/00000167.dcm,130.0,262144,0.0,44,0,,,,,,,0,,,,,,,0,,,,,,,0,,,,,,
C280,Chest,45,test/C280/Low_Dose/00000083.dcm,130.0,262144,0.0,59,0,,,,,,,0,,,,,,,0,,,,,,,0,,,,,,
C280,Chest,46,test/C280/Low_Dose/00000007.dcm,130.0,262144,0.0,53,0,,,,,,,0,,,,,,,0,,,,,,,0,,,,,,
C280,Chest,47,test/C280/Low_Dose/00000354.dcm,130.0,262144,0.0,50,0,,,,,,,0,,,,,,,0,,,,,,,0,,,,,,
C280,Chest,48,test/C280/Low_Dose/00000203.dcm,130.0,262144,0.0,50,0,,,,,,,0,,,,,,,0,,,,,,,0,,,,,,
C280,Chest,49,test/C280/Low_Dose/00000286.dcm,130.0,262144,0.0,38,0,,,,,,,0,,,,,,,0,,,,,,,0,,,,,,
C280,Chest,50,test/C280/Low_Dose/00000171.dcm,130.0,262144,0.0,46,0,,,,,,,0,,,,,,,0,,,,,,,0,,,,,,
C280,Chest,51,test/C280/Low_Dose/00000012.dcm,130.0,262144,0.0,38,0,,,,,,,0,,,,,,,0,,,,,,,0,,,,,,
C280,Chest,52,test/C280/Low_Dose/00000045.dcm,130.0,262144,0.0,41,0,,,,,,,0,,,,,,,0,,,,,,,0,,,,,,
C280,Chest,53,test/C280/Low_Dose/00000361.dcm,130.0,262144,0.0,45,0,,,,,,,0,,,,,,,0,,,,,,,0,,,,,,
C280,Chest,54,test/C280/Low_Dose/00000285.dcm,130.0,262144,0.0,47,0,,,,,,,0,,,,,,,0,,,,,,,0,,,,,,
C280,Chest,55,test/C280/Low_Dose/00000198.dcm,130.0,262144,0.0,57,0,,,,,,,0,,,,,,,0,,,,,,,0,,,,,,
C280,Chest,56,test/C280/Low_Dose/00000246.dcm,130.0,262144,0.0,54,0,,,,,,,0,,,,,,,0,,,,,,,0,,,,,,
C280,Chest,57,test/C280/Low_Dose/00000161.dcm,130.0,262144,0.0,50,0,,,,,,,0,,,,,,,0,,,,,,,0,,,,,,
C280,Chest,58,test/C280/Low_Dose/00000163.dcm,130.0,262144,0.0,53,0,,,,,,,0,,,,,,,0,,,,,,,0,,,,,,
C280,Chest,59,test/C280/Low_Dose/00000173.dcm,130.0,262144,0.0,46,0,,,,,,,0,,,,,,,0,,,,,,,0,,,,,,
C280,Chest,60,test/C280/Low_Dose/00000244.dcm,130.0,262144,0.0,49,0,,,,,,,0,,,,,,,0,,,,,,,0,,,,,,
C280,Chest,61,test/C280/Low_Dose/00000195.dcm,130.0,262144,0.0,50,0,,,,,,,0,,,,,,,0,,,,,,,0,,,,,,
C280,Chest,62,test/C280/Low_Dose/00000288.dcm,130.0,262144,0.0,48,0,,,,,,,0,,,,,,,0,,,,,,,0,,,,,,
C280,Chest,63,test/C280/Low_Dose/00000347.dcm,130.0,262144,0.0,54,0,,,,,,,0,,,,,,,0,,,,,,,0,,,,,,
C280,Chest,64,test/C280/Low_Dose/00000107.dcm,130.0,262144,0.0,42,0,,,,,,,0,,,,,,,0,,,,,,,0,,,,,,
C280,Chest,65,test/C280/Low_Dose/00000276.dcm,130.0,262144,0.0,41,0,,,,,,,0,,,,,,,0,,,,,,,0,,,,,,
C280,Chest,66,test/C280/Low_Dose/00000151.dcm,130.0,262144,0.0,29,0,,,,,,,0,,,,,,,0,,,,,,,0,,,,,,
C280,Chest,67,test/C280/Low_Dose/00000104.dcm,130.0,262144,0.0,46,0,,,,,,,0,,,,,,,0,,,,,,,0,,,,,,
C280,Chest,68,test/C280/Low_Dose/00000143.dcm,130.0,262144,0.0,47,0,,,,,,,0,,,,,,,0,,,,,,,0,,,,,,
C280,Chest,69,test/C280/Low_Dose/00000150.dcm,130.0,262144,0.0,53,0,,,,,,,0,,,,,,,0,,,,,,,0,,,,,,
C280,Chest,70,test/C280/Low_Dose/00000113.dcm,130.0,262144,0.0,36,0,,,,,,,0,,,,,,,0,,,,,,,0,,,,,,
C280,Chest,71,test/C280/Low_Dose/00000189.dcm,130.0,262144,0.0,50,0,,,,,,,0,,,,,,,0,,,,,,,0,,,,,,
C280,Chest,72,test/C280/Low_Dose/00000076.dcm,130.0,262144,0.0,28,0,,,,,,,0,,,,,,,0,,,,,,,0,,,,,,
C280,Chest,73,test/C280/Low_Dose/00000350.dcm,130.0,262144,0.0,39,0,,,,,,,0,,,,,,,0,,,,,,,0,,,,,,
C280,Chest,74,test/C280/Low_Dose/00000168.dcm,130.0,262144,0.0,38,0,,,,,,,0,,,,,,,0,,,,,,,0,,,,,,
C280,Chest,75,test/C280/Low_Dose/00000293.dcm,130.0,262144,0.0,43,0,,,,,,,0,,,,,,,0,,,,,,,0,,,,,,
C280,Chest,76,test/C280/Low_Dose/00000026.dcm,130.0,262144,0.0,42,0,,,,,,,0,,,,,,,0,,,,,,,0,,,,,,
C280,Chest,77,test/C280/Low_Dose/00000224.dcm,130.0,262144,0.0,29,0,,,,,,,0,,,,,,,0,,,,,,,0,,,,,,
C280,Chest,78,test/C280/Low_Dose/00000030.dcm,130.0,262144,0.0,55,0,,,,,,,0,,,,,,,0,,,,,,,0,,,,,,
C280,Chest,79,test/C280/Low_Dose/00000020.dcm,130.0,262144,0.0,42,0,,,,,,,0,,,,,,,0,,,,,,,0,,,,,,
C280,Chest,80,test/C280/Low_Dose/00000353.dcm,130.0,262144,0.0,52,0,,,,,,,0,,,,,,,0,,,,,,,0,,,,,,
C280,Chest,81,test/C280/Low_Dose/00000131.dcm,130.0,262144,0.0,53,0,,,,,,,0,,,,,,,0,,,,,,,0,,,,,,
C280,Chest,82,test/C280/Low_Dose/00000013.dcm,130.0,262144,0.0,56,0,,,,,,,0,,,,,,,0,,,,,,,0,,,,,,
C280,Chest,83,test/C280/Low_Dose/00000025.dcm,130.0,262144,0.0,62,0,,,,,,,0,,,,,,,0,,,,,,,0,,,,,,
C280,Chest,84,test/C280/Low_Dose/00000033.dcm,130.0,262144,0.0,53,0,,,,,,,0,,,,,,,0,,,,,,,0,,,,,,
C280,Chest,85,test/C280/Low_Dose/00000092.dcm,130.0,262144,0.0,52,0,,,,,,,0,,,,,,,0,,,,,,,0,,,,,,
C280,Chest,86,test/C280/Low_Dose/00000349.dcm,130.0,262144,0.0,51,0,,,,,,,0,,,,,,,0,,,,,,,0,,,,,,
C280,Chest,87,test/C280/Low_Dose/00000018.dcm,130.0,262144,0.0,48,0,,,,,,,0,,,,,,,0,,,,,,,0,,,,,,
C280,Chest,88,test/C280/Low_Dose/00000334.dcm,130.0,262144,0.0,46,0,,,,,,,0,,,,,,,0,,,,,,,0,,,,,,
C280,Chest,89,test/C280/Low_Dose/00000326.dcm,130.0,262144,0.0,43,0,,,,,,,0,,,,,,,0,,,,,,,0,,,,,,
C280,Chest,90,test/C280/Low_Dose/00000335.dcm,130.0,262144,0.0,44,0,,,,,,,0,,,,,,,0,,,,,,,0,,,,,,
C280,Chest,91,test/C280/Low_Dose/00000292.dcm,130.0,262144,0.0,37,0,,,,,,,0,,,,,,,0,,,,,,,0,,,,,,
C280,Chest,92,test/C280/Low_Dose/00000329.dcm,130.0,262144,0.0,29,0,,,,,,,0,,,,,,,0,,,,,,,0,,,,,,
C280,Chest,93,test/C280/Low_Dose/00000121.dcm,130.0,262144,0.0,41,0,,,,,,,0,,,,,,,0,,,,,,,0,,,,,,
C280,Chest,94,test/C280/Low_Dose/00000231.dcm,130.0,262144,0.0,43,0,,,,,,,0,,,,,,,0,,,,,,,0,,,,,,
C280,Chest,95,test/C280/Low_Dose/00000343.dcm,130.0,262144,0.0,30,0,,,,,,,0,,,,,,,0,,,,,,,0,,,,,,
C280,Chest,96,test/C280/Low_Dose/00000302.dcm,130.0,262144,0.0,23,0,,,,,,,0,,,,,,,0,,,,,,,0,,,,,,
C280,Chest,97,test/C280/Low_Dose/00000271.dcm,130.0,262144,0.0,29,0,,,,,,,0,,,,,,,0,,,,,,,0,,,,,,
C280,Chest,98,test/C280/Low_Dose/00000021.dcm,130.0,262144,0.0,31,0,,,,,,,0,,,,,,,0,,,,,,,0,,,,,,
C280,Chest,99,test/C280/Low_Dose/00000365.dcm,130.0,262144,0.0,33,0,,,,,,,0,,,,,,,0,,,,,,,0,,,,,,
C280,Chest,100,test/C280/Low_Dose/00000260.dcm,130.0,262144,0.0,27,0,,,,,,,0,,,,,,,0,,,,,,,0,,,,,,
C280,Chest,101,test/C280/Low_Dose/00000127.dcm,130.0,262144,0.0,44,0,,,,,,,0,,,,,,,0,,,,,,,0,,,,,,
C280,Chest,102,test/C280/Low_Dose/00000162.dcm,130.0,262144,0.0,46,0,,,,,,,0,,,,,,,0,,,,,,,0,,,,,,
C280,Chest,103,test/C280/Low_Dose/00000052.dcm,130.0,262144,0.0,49,0,,,,,,,0,,,,,,,0,,,,,,,0,,,,,,
C280,Chest,104,test/C280/Low_Dose/00000191.dcm,130.0,262144,0.0,50,0,,,,,,,0,,,,,,,0,,,,,,,0,,,,,,
C280,Chest,105,test/C280/Low_Dose/00000268.dcm,130.0,262144,0.0,43,0,,,,,,,0,,,,,,,0,,,,,,,0,,,,,,
C280,Chest,106,test/C280/Low_Dose/00000305.dcm,130.0,262144,0.0,50,0,,,,,,,0,,,,,,,0,,,,,,,0,,,,,,
C280,Chest,107,test/C280/Low_Dose/00000223.dcm,130.0,262144,0.0,56,0,,,,,,,0,,,,,,,0,,,,,,,0,,,,,,
C280,Chest,108,test/C280/Low_Dose/00000324.dcm,130.0,262144,0.0,60,0,,,,,,,0,,,,,,,0,,,,,,,0,,,,,,
C280,Chest,109,test/C280/Low_Dose/00000059.dcm,130.0,262144,0.0,59,0,,,,,,,0,,,,,,,0,,,,,,,0,,,,,,
C280,Chest,110,test/C280/Low_Dose/00000005.dcm,130.0,262144,0.0,69,0,,,,,,,0,,,,,,,0,,,,,,,0,,,,,,
C280,Chest,111,test/C280/Low_Dose/00000077.dcm,130.0,262144,0.0,61,0,,,,,,,0,,,,,,,0,,,,,,,0,,,,,,
C280,Chest,112,test/C280/Low_Dose/00000315.dcm,130.0,262144,0.0,64,0,,,,,,,0,,,,,,,0,,,,,,,0,,,,,,
C280,Chest,113,test/C280/Low_Dose/00000174.dcm,130.0,262144,0.0,71,0,,,,,,,0,,,,,,,0,,,,,,,0,,,,,,
C280,Chest,114,test/C280/Low_Dose/00000073.dcm,130.0,262144,0.0,52,0,,,,,,,0,,,,,,,0,,,,,,,0,,,,,,
C280,Chest,115,test/C280/Low_Dose/00000279.dcm,130.0,262144,0.0,60,0,,,,,,,0,,,,,,,0,,,,,,,0,,,,,,
C280,Chest,116,test/C280/Low_Dose/00000006.dcm,130.0,262144,0.0,53,0,,,,,,,0,,,,,,,0,,,,,,,0,,,,,,
C280,Chest,117,test/C280/Low_Dose/00000105.dcm,130.0,262144,0.0,49,0,,,,,,,0,,,,,,,0,,,,,,,0,,,,,,
C280,Chest,118,test/C280/Low_Dose/00000123.dcm,130.0,262144,0.0,48,0,,,,,,,0,,,,,,,0,,,,,,,0,,,,,,
C280,Chest,119,test/C280/Low_Dose/00000199.dcm,130.0,262144,0.0,52,0,,,,,,,0,,,,,,,0,,,,,,,0,,,,,,
C280,Chest,120,test/C280/Low_Dose/00000211.dcm,130.0,262144,0.0,42,0,,,,,,,0,,,,,,,0,,,,,,,0,,,,,,
C280,Chest,121,test/C280/Low_Dose/00000210.dcm,130.0,262144,0.0,39,0,,,,,,,0,,,,,,,0,,,,,,,0,,,,,,
C280,Chest,122,test/C280/Low_Dose/00000141.dcm,130.0,262144,0.0,32,0,,,,,,,0,,,,,,,0,,,,,,,0,,,,,,
C280,Chest,123,test/C280/Low_Dose/00000164.dcm,130.0,262144,0.0,33,0,,,,,,,0,,,,,,,0,,,,,,,0,,,,,,
C280,Chest,124,test/C280/Low_Dose/00000247.dcm,130.0,262144,0.0,37,0,,,,,,,0,,,,,,,0,,,,,,,0,,,,,,
C280,Chest,125,test/C280/Low_Dose/00000096.dcm,130.0,262144,0.0,44,0,,,,,,,0,,,,,,,0,,,,,,,0,,,,,,
C280,Chest,126,test/C280/Low_Dose/00000051.dcm,130.0,262144,0.0,44,0,,,,,,,0,,,,,,,0,,,,,,,0,,,,,,
C280,Chest,127,test/C280/Low_Dose/00000320.dcm,130.0,262144,0.0,57,0,,,,,,,0,,,,,,,0,,,,,,,0,,,,,,
C280,Chest,128,test/C280/Low_Dose/00000212.dcm,130.0,262144,0.0,52,0,,,,,,,0,,,,,,,0,,,,,,,0,,,,,,
C280,Chest,129,test/C280/Low_Dose/00000325.dcm,130.0,262144,0.0,64,0,,,,,,,0,,,,,,,0,,,,,,,0,,,,,,
C280,Chest,130,test/C280/Low_Dose/00000110.dcm,130.0,262144,0.0,79,0,,,,,,,0,,,,,,,0,,,,,,,0,,,,,,
C280,Chest,131,test/C280/Low_Dose/00000002.dcm,130.0,262144,0.0,49,0,,,,,,,0,,,,,,,0,,,,,,,0,,,,,,
C280,Chest,132,test/C280/Low_Dose/00000049.dcm,130.0,262144,0.0,66,0,,,,,,,0,,,,,,,0,,,,,,,0,,,,,,
C280,Chest,133,test/C280/Low_Dose/00000031.dcm,130.0,262144,0.0,61,0,,,,,,,0,,,,,,,0,,,,,,,0,,,,,,
C280,Chest,134,test/C280/Low_Dose/00000250.dcm,130.0,262144,0.0,62,0,,,,,,,0,,,,,,,0,,,,,,,0,,,,,,
C280,Chest,135,test/C280/Low_Dose/00000264.dcm,130.0,262144,0.0,46,0,,,,,,,0,,,,,,,0,,,,,,,0,,,,,,
C280,Chest,136,test/C280/Low_Dose/00000135.dcm,130.0,262144,0.0,50,0,,,,,,,0,,,,,,,0,,,,,,,0,,,,,,
C280,Chest,137,test/C280/Low_Dose/00000075.dcm,130.0,262144,0.0,48,0,,,,,,,0,,,,,,,0,,,,,,,0,,,,,,
C280,Chest,138,test/C280/Low_Dose/00000093.dcm,130.0,262144,0.0,36,0,,,,,,,0,,,,,,,0,,,,,,,0,,,,,,
C280,Chest,139,test/C280/Low_Dose/00000240.dcm,130.0,262144,0.0,44,0,,,,,,,0,,,,,,,0,,,,,,,0,,,,,,
C280,Chest,140,test/C280/Low_Dose/00000363.dcm,130.0,262144,0.0,39,0,,,,,,,0,,,,,,,0,,,,,,,0,,,,,,
C280,Chest,141,test/C280/Low_Dose/00000277.dcm,130.0,262144,0.0,35,0,,,,,,,0,,,,,,,0,,,,,,,0,,,,,,
C280,Chest,142,test/C280/Low_Dose/00000095.dcm,130.0,262144,0.0,46,0,,,,,,,0,,,,,,,0,,,,,,,0,,,,,,
C280,Chest,143,test/C280/Low_Dose/00000082.dcm,130.0,262144,0.0,43,0,,,,,,,0,,,,,,,0,,,,,,,0,,,,,,
C280,Chest,144,test/C280/Low_Dose/00000048.dcm,130.0,262144,0.0,46,0,,,,,,,0,,,,,,,0,,,,,,,0,,,,,,
C280,Chest,145,test/C280/Low_Dose/00000256.dcm,130.0,262144,0.0,38,0,,,,,,,0,,,,,,,0,,,,,,,0,,,,,,
C280,Chest,146,test/C280/Low_Dose/00000134.dcm,130.0,262144,0.0,37,0,,,,,,,0,,,,,,,0,,,,,,,0,,,,,,
C280,Chest,147,test/C280/Low_Dose/00000027.dcm,130.0,262144,0.0,45,0,,,,,,,0,,,,,,,0,,,,,,,0,,,,,,
C280,Chest,148,test/C280/Low_Dose/00000303.dcm,130.0,262144,0.0,62,0,,,,,,,0,,,,,,,0,,,,,,,0,,,,,,
C280,Chest,149,test/C280/Low_Dose/00000084.dcm,130.0,262144,0.0,54,0,,,,,,,0,,,,,,,0,,,,,,,0,,,,,,
C280,Chest,150,test/C280/Low_Dose/00000321.dcm,130.0,262144,0.0,54,0,,,,,,,0,,,,,,,0,,,,,,,0,,,,,,
C280,Chest,151,test/C280/Low_Dose/00000133.dcm,130.0,262144,0.0,50,0,,,,,,,0,,,,,,,0,,,,,,,0,,,,,,
C280,Chest,152,test/C280/Low_Dose/00000081.dcm,130.0,262144,0.0,59,0,,,,,,,0,,,,,,,0,,,,,,,0,,,,,,
C280,Chest,153,test/C280/Low_Dose/00000089.dcm,130.0,262144,0.0,49,0,,,,,,,0,,,,,,,0,,,,,,,0,,,,,,
C280,Chest,154,test/C280/Low_Dose/00000054.dcm,130.0,262144,0.0,55,0,,,,,,,0,,,,,,,0,,,,,,,0,,,,,,
C280,Chest,155,test/C280/Low_Dose/00000266.dcm,130.0,262144,0.0,61,0,,,,,,,0,,,,,,,0,,,,,,,0,,,,,,
C280,Chest,156,test/C280/Low_Dose/00000097.dcm,130.0,262144,0.0,55,0,,,,,,,0,,,,,,,0,,,,,,,0,,,,,,
C280,Chest,157,test/C280/Low_Dose/00000290.dcm,130.0,262144,0.0,47,0,,,,,,,0,,,,,,,0,,,,,,,0,,,,,,
C280,Chest,158,test/C280/Low_Dose/00000331.dcm,130.0,262144,0.0,46,0,,,,,,,0,,,,,,,0,,,,,,,0,,,,,,
C280,Chest,159,test/C280/Low_Dose/00000060.dcm,130.0,262144,0.0,43,0,,,,,,,0,,,,,,,0,,,,,,,0,,,,,,
C280,Chest,160,test/C280/Low_Dose/00000101.dcm,130.0,262144,0.0,38,0,,,,,,,0,,,,,,,0,,,,,,,0,,,,,,
C280,Chest,161,test/C280/Low_Dose/00000137.dcm,130.0,262144,0.0,56,0,,,,,,,0,,,,,,,0,,,,,,,0,,,,,,
C280,Chest,162,test/C280/Low_Dose/00000340.dcm,130.0,262144,0.0,50,0,,,,,,,0,,,,,,,0,,,,,,,0,,,,,,
C280,Chest,163,test/C280/Low_Dose/00000362.dcm,130.0,262144,0.0,48,0,,,,,,,0,,,,,,,0,,,,,,,0,,,,,,
C280,Chest,164,test/C280/Low_Dose/00000352.dcm,130.0,262144,0.0,39,0,,,,,,,0,,,,,,,0,,,,,,,0,,,,,,
C280,Chest,165,test/C280/Low_Dose/00000332.dcm,130.0,262144,0.0,47,0,,,,,,,0,,,,,,,0,,,,,,,0,,,,,,
C280,Chest,166,test/C280/Low_Dose/00000008.dcm,130.0,262144,0.0,26,0,,,,,,,0,,,,,,,0,,,,,,,0,,,,,,
C280,Chest,167,test/C280/Low_Dose/00000184.dcm,130.0,262144,0.0,51,0,,,,,,,0,,,,,,,0,,,,,,,0,,,,,,
C280,Chest,168,test/C280/Low_Dose/00000295.dcm,130.0,262144,0.0,46,0,,,,,,,0,,,,,,,0,,,,,,,0,,,,,,
C280,Chest,169,test/C280/Low_Dose/00000330.dcm,130.0,262144,0.0,52,0,,,,,,,0,,,,,,,0,,,,,,,0,,,,,,
C280,Chest,170,test/C280/Low_Dose/00000158.dcm,130.0,262144,0.0,42,0,,,,,,,0,,,,,,,0,,,,,,,0,,,,,,
C280,Chest,171,test/C280/Low_Dose/00000248.dcm,130.0,262144,0.0,54,0,,,,,,,0,,,,,,,0,,,,,,,0,,,,,,
C280,Chest,172,test/C280/Low_Dose/00000232.dcm,130.0,262144,0.0,35,0,,,,,,,0,,,,,,,0,,,,,,,0,,,,,,
C280,Chest,173,test/C280/Low_Dose/00000154.dcm,130.0,262144,0.0,48,0,,,,,,,0,,,,,,,0,,,,,,,0,,,,,,
C280,Chest,174,test/C280/Low_Dose/00000069.dcm,130.0,262144,0.0,44,0,,,,,,,0,,,,,,,0,,,,,,,0,,,,,,
C280,Chest,175,test/C280/Low_Dose/00000040.dcm,130.0,262144,0.0,38,0,,,,,,,0,,,,,,,0,,,,,,,0,,,,,,
C280,Chest,176,test/C280/Low_Dose/00000192.dcm,130.0,262144,0.0,36,0,,,,,,,0,,,,,,,0,,,,,,,0,,,,,,
C280,Chest,177,test/C280/Low_Dose/00000010.dcm,130.0,262144,0.0,50,0,,,,,,,0,,,,,,,0,,,,,,,0,,,,,,
C280,Chest,178,test/C280/Low_Dose/00000067.dcm,130.0,262144,0.0,67,0,,,,,,,0,,,,,,,0,,,,,,,0,,,,,,
C280,Chest,179,test/C280/Low_Dose/00000053.dcm,130.0,262144,0.0,63,0,,,,,,,0,,,,,,,0,,,,,,,0,,,,,,
C280,Chest,180,test/C280/Low_Dose/00000251.dcm,130.0,262144,0.0,55,0,,,,,,,0,,,,,,,0,,,,,,,0,,,,,,
C280,Chest,181,test/C280/Low_Dose/00000342.dcm,130.0,262144,0.0,52,0,,,,,,,0,,,,,,,0,,,,,,,0,,,,,,
C280,Chest,182,test/C280/Low_Dose/00000226.dcm,130.0,262144,0.0,49,0,,,,,,,0,,,,,,,0,,,,,,,0,,,,,,
C280,Chest,183,test/C280/Low_Dose/00000227.dcm,130.0,262144,0.0,48,0,,,,,,,0,,,,,,,0,,,,,,,0,,,,,,
C280,Chest,184,test/C280/Low_Dose/00000155.dcm,130.0,262144,0.0,49,0,,,,,,,0,,,,,,,0,,,,,,,0,,,,,,
C280,Chest,185,test/C280/Low_Dose/00000112.dcm,130.0,262144,0.0,42,0,,,,,,,0,,,,,,,0,,,,,,,0,,,,,,
C280,Chest,186,test/C280/Low_Dose/00000072.dcm,130.0,262144,0.0,48,0,,,,,,,0,,,,,,,0,,,,,,,0,,,,,,
C280,Chest,187,test/C280/Low_Dose/00000138.dcm,130.0,262144,0.0,53,0,,,,,,,0,,,,,,,0,,,,,,,0,,,,,,
C280,Chest,188,test/C280/Low_Dose/00000336.dcm,130.0,262144,0.0,41,0,,,,,,,0,,,,,,,0,,,,,,,0,,,,,,
C280,Chest,189,test/C280/Low_Dose/00000056.dcm,130.0,262144,0.0,48,0,,,,,,,0,,,,,,,0,,,,,,,0,,,,,,
C280,Chest,190,test/C280/Low_Dose/00000234.dcm,130.0,262144,0.0,44,0,,,,,,,0,,,,,,,0,,,,,,,0,,,,,,
C280,Chest,191,test/C280/Low_Dose/00000254.dcm,130.0,262144,0.0,33,0,,,,,,,0,,,,,,,0,,,,,,,0,,,,,,
C280,Chest,192,test/C280/Low_Dose/00000177.dcm,130.0,262144,0.0,34,0,,,,,,,0,,,,,,,0,,,,,,,0,,,,,,
C280,Chest,193,test/C280/Low_Dose/00000172.dcm,130.0,262144,0.0,44,0,,,,,,,0,,,,,,,0,,,,,,,0,,,,,,
C280,Chest,194,test/C280/Low_Dose/00000337.dcm,130.0,262144,0.0,46,0,,,,,,,0,,,,,,,0,,,,,,,0,,,,,,
C280,Chest,195,test/C280/Low_Dose/00000317.dcm,130.0,262144,0.0,46,0,,,,,,,0,,,,,,,0,,,,,,,0,,,,,,
C280,Chest,196,test/C280/Low_Dose/00000348.dcm,130.0,262144,0.0,48,0,,,,,,,0,,,,,,,0,,,,,,,0,,,,,,
C280,Chest,197,test/C280/Low_Dose/00000160.dcm,130.0,262144,0.0,34,0,,,,,,,0,,,,,,,0,,,,,,,0,,,,,,
C280,Chest,198,test/C280/Low_Dose/00000345.dcm,130.0,262144,0.0,34,0,,,,,,,0,,,,,,,0,,,,,,,0,,,,,,
C280,Chest,199,test/C280/Low_Dose/00000028.dcm,130.0,262144,0.0,39,0,,,,,,,0,,,,,,,0,,,,,,,0,,,,,,
C280,Chest,200,test/C280/Low_Dose/00000238.dcm,130.0,262144,0.0,31,0,,,,,,,0,,,,,,,0,,,,,,,0,,,,,,
C280,Chest,201,test/C280/Low_Dose/00000228.dcm,130.0,262144,0.0,40,0,,,,,,,0,,,,,,,0,,,,,,,0,,,,,,
C280,Chest,202,test/C280/Low_Dose/00000156.dcm,130.0,262144,0.0,30,0,,,,,,,0,,,,,,,0,,,,,,,0,,,,,,
C280,Chest,203,test/C280/Low_Dose/00000014.dcm,130.0,262144,0.0,36,0,,,,,,,0,,,,,,,0,,,,,,,0,,,,,,
C280,Chest,204,test/C280/Low_Dose/00000066.dcm,130.0,262144,0.0,47,0,,,,,,,0,,,,,,,0,,,,,,,0,,,,,,
C280,Chest,205,test/C280/Low_Dose/00000291.dcm,130.0,262144,0.0,41,0,,,,,,,0,,,,,,,0,,,,,,,0,,,,,,
C280,Chest,206,test/C280/Low_Dose/00000200.dcm,130.0,262144,0.0,35,0,,,,,,,0,,,,,,,0,,,,,,,0,,,,,,
C280,Chest,207,test/C280/Low_Dose/00000130.dcm,130.0,262144,0.0,47,0,,,,,,,0,,,,,,,0,,,,,,,0,,,,,,
C280,Chest,208,test/C280/Low_Dose/00000036.dcm,130.0,262144,0.0,44,0,,,,,,,0,,,,,,,0,,,,,,,0,,,,,,
C280,Chest,209,test/C280/Low_Dose/00000078.dcm,130.0,262144,0.0,40,0,,,,,,,0,,,,,,,0,,,,,,,0,,,,,,
C280,Chest,210,test/C280/Low_Dose/00000001.dcm,130.0,262144,0.0,46,0,,,,,,,0,,,,,,,0,,,,,,,0,,,,,,
C280,Chest,211,test/C280/Low_Dose/00000311.dcm,130.0,262144,0.0,53,0,,,,,,,0,,,,,,,0,,,,,,,0,,,,,,
C280,Chest,212,test/C280/Low_Dose/00000310.dcm,130.0,262144,0.0,46,0,,,,,,,0,,,,,,,0,,,,,,,0,,,,,,
C280,Chest,213,test/C280/Low_Dose/00000188.dcm,130.0,262144,0.0,37,0,,,,,,,0,,,,,,,0,,,,,,,0,,,,,,
C280,Chest,214,test/C280/Low_Dose/00000269.dcm,130.0,262144,0.0,39,0,,,,,,,0,,,,,,,0,,,,,,,0,,,,,,
C280,Chest,215,test/C280/Low_Dose/00000038.dcm,130.0,262144,0.0,40,0,,,,,,,0,,,,,,,0,,,,,,,0,,,,,,
C280,Chest,216,test/C280/Low_Dose/00000278.dcm,130.0,262144,0.0,39,0,,,,,,,0,,,,,,,0,,,,,,,0,,,,,,
C280,Chest,217,test/C280/Low_Dose/00000322.dcm,130.0,262144,0.0,29,0,,,,,,,0,,,,,,,0,,,,,,,0,,,,,,
C280,Chest,218,test/C280/Low_Dose/00000182.dcm,130.0,262144,0.0,47,0,,,,,,,0,,,,,,,0,,,,,,,0,,,,,,
C280,Chest,219,test/C280/Low_Dose/00000338.dcm,130.0,262144,0.0,41,0,,,,,,,0,,,,,,,0,,,,,,,0,,,,,,
C280,Chest,220,test/C280/Low_Dose/00000327.dcm,130.0,262144,0.0,50,0,,,,,,,0,,,,,,,0,,,,,,,0,,,,,,
C280,Chest,221,test/C280/Low_Dose/00000239.dcm,130.0,262144,0.0,37,0,,,,,,,0,,,,,,,0,,,,,,,0,,,,,,
C280,Chest,222,test/C280/Low_Dose/00000139.dcm,130.0,262144,0.0,38,0,,,,,,,0,,,,,,,0,,,,,,,0,,,,,,
C280,Chest,223,test/C280/Low_Dose/00000086.dcm,130.0,262144,0.0,42,0,,,,,,,0,,,,,,,0,,,,,,,0,,,,,,
C280,Chest,224,test/C280/Low_Dose/00000004.dcm,130.0,262144,0.0,34,0,,,,,,,0,,,,,,,0,,,,,,,0,,,,,,
C280,Chest,225,test/C280/Low_Dose/00000217.dcm,130.0,262144,0.0,34,0,,,,,,,0,,,,,,,0,,,,,,,0,,,,,,
C280,Chest,226,test/C280/Low_Dose/00000313.dcm,130.0,262144,0.0,30,0,,,,,,,0,,,,,,,0,,,,,,,0,,,,,,
C280,Chest,227,test/C280/Low_Dose/00000265.dcm,130.0,262144,0.0,46,0,,,,,,,0,,,,,,,0,,,,,,,0,,,,,,
C280,Chest,228,test/C280/Low_Dose/00000148.dcm,130.0,262144,0.0,48,0,,,,,,,0,,,,,,,0,,,,,,,0,,,,,,
C280,Chest,229,test/C280/Low_Dose/00000042.dcm,130.0,262144,0.0,41,0,,,,,,,0,,,,,,,0,,,,,,,0,,,,,,
C280,Chest,230,test/C280/Low_Dose/00000270.dcm,130.0,262144,0.0,39,0,,,,,,,0,,,,,,,0,,,,,,,0,,,,,,
C280,Chest,231,test/C280/Low_Dose/00000071.dcm,130.0,262144,0.0,24,0,,,,,,,0,,,,,,,0,,,,,,,0,,,,,,
C280,Chest,232,test/C280/Low_Dose/00000065.dcm,130.0,262144,0.0,36,0,,,,,,,0,,,,,,,0,,,,,,,0,,,,,,
C280,Chest,233,test/C280/Low_Dose/00000333.dcm,130.0,262144,0.0,38,0,,,,,,,0,,,,,,,0,,,,,,,0,,,,,,
C280,Chest,234,test/C280/Low_Dose/00000175.dcm,130.0,262144,0.0,29,0,,,,,,,0,,,,,,,0,,,,,,,0,,,,,,
C280,Chest,235,test/C280/Low_Dose/00000272.dcm,130.0,262144,0.0,40,0,,,,,,,0,,,,,,,0,,,,,,,0,,,,,,
C280,Chest,236,test/C280/Low_Dose/00000128.dcm,130.0,262144,0.0,52,0,,,,,,,0,,,,,,,0,,,,,,,0,,,,,,
C280,Chest,237,test/C280/Low_Dose/00000180.dcm,130.0,262144,0.0,44,0,,,,,,,0,,,,,,,0,,,,,,,0,,,,,,
C280,Chest,238,test/C280/Low_Dose/00000023.dcm,130.0,262144,0.0,38,0,,,,,,,0,,,,,,,0,,,,,,,0,,,,,,
C280,Chest,239,test/C280/Low_Dose/00000304.dcm,130.0,262144,0.0,50,0,,,,,,,0,,,,,,,0,,,,,,,0,,,,,,
C280,Chest,240,test/C280/Low_Dose/00000047.dcm,130.0,262144,0.0,44,0,,,,,,,0,,,,,,,0,,,,,,,0,,,,,,
C280,Chest,241,test/C280/Low_Dose/00000339.dcm,130.0,262144,0.0,40,0,,,,,,,0,,,,,,,0,,,,,,,0,,,,,,
C280,Chest,242,test/C280/Low_Dose/00000201.dcm,130.0,262144,0.0,31,0,,,,,,,0,,,,,,,0,,,,,,,0,,,,,,
C280,Chest,243,test/C280/Low_Dose/00000241.dcm,130.0,262144,0.0,32,0,,,,,,,0,,,,,,,0,,,,,,,0,,,,,,
C280,Chest,244,test/C280/Low_Dose/00000176.dcm,130.0,262144,0.0,33,0,,,,,,,0,,,,,,,0,,,,,,,0,,,,,,
C280,Chest,245,test/C280/Low_Dose/00000367.dcm,130.0,262144,0.0,40,0,,,,,,,0,,,,,,,0,,,,,,,0,,,,,,
C280,Chest,246,test/C280/Low_Dose/00000316.dcm,130.0,262144,0.0,39,0,,,,,,,0,,,,,,,0,,,,,,,0,,,,,,
C280,Chest,247,test/C280/Low_Dose/00000129.dcm,130.0,262144,0.0,65,0,,,,,,,0,,,,,,,0,,,,,,,0,,,,,,
C280,Chest,248,test/C280/Low_Dose/00000103.dcm,130.0,262144,0.0,59,0,,,,,,,0,,,,,,,0,,,,,,,0,,,,,,
C280,Chest,249,test/C280/Low_Dose/00000209.dcm,130.0,262144,0.0,57,0,,,,,,,0,,,,,,,0,,,,,,,0,,,,,,
C280,Chest,250,test/C280/Low_Dose/00000017.dcm,130.0,262144,0.0,78,0,,,,,,,0,,,,,,,0,,,,,,,0,,,,,,
C280,Chest,251,test/C280/Low_Dose/00000312.dcm,130.0,262144,0.0,84,0,,,,,,,0,,,,,,,0,,,,,,,0,,,,,,
C280,Chest,252,test/C280/Low_Dose/00000145.dcm,130.0,262144,0.0,78,0,,,,,,,0,,,,,,,0,,,,,,,0,,,,,,
C280,Chest,253,test/C280/Low_Dose/00000368.dcm,130.0,262144,0.0,76,0,,,,,,,0,,,,,,,0,,,,,,,0,,,,,,
C280,Chest,254,test/C280/Low_Dose/00000068.dcm,130.0,262144,0.0,88,0,,,,,,,0,,,,,,,0,,,,,,,0,,,,,,
C280,Chest,255,test/C280/Low_Dose/00000015.dcm,130.0,262144,0.0,99,0,,,,,,,0,,,,,,,0,,,,,,,0,,,,,,
C280,Chest,256,test/C280/Low_Dose/00000280.dcm,130.0,262144,0.0,100,0,,,,,,,0,,,,,,,0,,,,,,,0,,,,,,
C280,Chest,257,test/C280/Low_Dose/00000261.dcm,130.0,262144,0.0,100,0,,,,,,,0,,,,,,,0,,,,,,,0,,,,,,
C280,Chest,258,test/C280/Low_Dose/00000220.dcm,130.0,262144,0.0,95,0,,,,,,,0,,,,,,,0,,,,,,,0,,,,,,
C280,Chest,259,test/C280/Low_Dose/00000356.dcm,130.0,262144,0.0,88,0,,,,,,,0,,,,,,,0,,,,,,,0,,,,,,
C280,Chest,260,test/C280/Low_Dose/00000323.dcm,130.0,262144,0.0,105,0,,,,,,,0,,,,,,,0,,,,,,,0,,,,,,
C280,Chest,261,test/C280/Low_Dose/00000328.dcm,130.0,262144,0.0,122,0,,,,,,,0,,,,,,,0,,,,,,,0,,,,,,
C280,Chest,262,test/C280/Low_Dose/00000281.dcm,130.0,262144,0.0,157,0,,,,,,,0,,,,,,,0,,,,,,,0,,,,,,
C280,Chest,263,test/C280/Low_Dose/00000064.dcm,130.0,262144,0.0,152,0,,,,,,,0,,,,,,,0,,,,,,,0,,,,,,
C280,Chest,264,test/C280/Low_Dose/00000214.dcm,130.0,262144,0.0,158,0,,,,,,,0,,,,,,,0,,,,,,,0,,,,,,
C280,Chest,265,test/C280/Low_Dose/00000070.dcm,130.0,262144,0.0,145,0,,,,,,,0,,,,,,,0,,,,,,,0,,,,,,
C280,Chest,266,test/C280/Low_Dose/00000204.dcm,130.0,262144,0.0,133,0,,,,,,,0,,,,,,,0,,,,,,,0,,,,,,
C280,Chest,267,test/C280/Low_Dose/00000119.dcm,130.0,262144,0.0,128,0,,,,,,,0,,,,,,,0,,,,,,,0,,,,,,
C280,Chest,268,test/C280/Low_Dose/00000029.dcm,130.0,262144,0.0,126,0,,,,,,,0,,,,,,,0,,,,,,,0,,,,,,
C280,Chest,269,test/C280/Low_Dose/00000197.dcm,130.0,262144,0.0,107,0,,,,,,,0,,,,,,,0,,,,,,,0,,,,,,
C280,Chest,270,test/C280/Low_Dose/00000122.dcm,130.0,262144,0.0,95,0,,,,,,,0,,,,,,,0,,,,,,,0,,,,,,
C280,Chest,271,test/C280/Low_Dose/00000050.dcm,130.0,262144,0.0,102,0,,,,,,,0,,,,,,,0,,,,,,,0,,,,,,
C280,Chest,272,test/C280/Low_Dose/00000094.dcm,130.0,262144,0.0,64,0,,,,,,,0,,,,,,,0,,,,,,,0,,,,,,
C280,Chest,273,test/C280/Low_Dose/00000034.dcm,130.0,262144,0.0,86,0,,,,,,,0,,,,,,,0,,,,,,,0,,,,,,
C280,Chest,274,test/C280/Low_Dose/00000140.dcm,130.0,262144,0.0,68,0,,,,,,,0,,,,,,,0,,,,,,,0,,,,,,
C280,Chest,275,test/C280/Low_Dose/00000213.dcm,130.0,262144,0.0,77,0,,,,,,,0,,,,,,,0,,,,,,,0,,,,,,
C280,Chest,276,test/C280/Low_Dose/00000221.dcm,130.0,262144,0.0,57,0,,,,,,,0,,,,,,,0,,,,,,,0,,,,,,
C280,Chest,277,test/C280/Low_Dose/00000283.dcm,130.0,262144,0.0,57,0,,,,,,,0,,,,,,,0,,,,,,,0,,,,,,
C280,Chest,278,test/C280/Low_Dose/00000237.dcm,130.0,262144,0.0,61,0,,,,,,,0,,,,,,,0,,,,,,,0,,,,,,
C280,Chest,279,test/C280/Low_Dose/00000262.dcm,130.0,262144,0.0,61,0,,,,,,,0,,,,,,,0,,,,,,,0,,,,,,
C280,Chest,280,test/C280/Low_Dose/00000117.dcm,130.0,262144,0.0,62,0,,,,,,,0,,,,,,,0,,,,,,,0,,,,,,
C280,Chest,281,test/C280/Low_Dose/00000359.dcm,130.0,262144,0.0,73,0,,,,,,,0,,,,,,,0,,,,,,,0,,,,,,
C280,Chest,282,test/C280/Low_Dose/00000132.dcm,130.0,262144,0.0,81,0,,,,,,,0,,,,,,,0,,,,,,,0,,,,,,
C280,Chest,283,test/C280/Low_Dose/00000218.dcm,130.0,262144,0.0,94,0,,,,,,,0,,,,,,,0,,,,,,,0,,,,,,
C280,Chest,284,test/C280/Low_Dose/00000194.dcm,130.0,262144,0.0,66,0,,,,,,,0,,,,,,,0,,,,,,,0,,,,,,
C280,Chest,285,test/C280/Low_Dose/00000219.dcm,130.0,262144,0.0,57,0,,,,,,,0,,,,,,,0,,,,,,,0,,,,,,
C280,Chest,286,test/C280/Low_Dose/00000098.dcm,130.0,262144,0.0,66,0,,,,,,,0,,,,,,,0,,,,,,,0,,,,,,
C280,Chest,287,test/C280/Low_Dose/00000318.dcm,130.0,262144,0.0,57,0,,,,,,,0,,,,,,,0,,,,,,,0,,,,,,
C280,Chest,288,test/C280/Low_Dose/00000058.dcm,130.0,262144,0.0,47,0,,,,,,,0,,,,,,,0,,,,,,,0,,,,,,
C280,Chest,289,test/C280/Low_Dose/00000233.dcm,130.0,262144,0.0,70,0,,,,,,,0,,,,,,,0,,,,,,,0,,,,,,
C280,Chest,290,test/C280/Low_Dose/00000109.dcm,130.0,262144,0.0,73,0,,,,,,,0,,,,,,,0,,,,,,,0,,,,,,
C280,Chest,291,test/C280/Low_Dose/00000079.dcm,130.0,262144,0.0,72,0,,,,,,,0,,,,,,,0,,,,,,,0,,,,,,
C280,Chest,292,test/C280/Low_Dose/00000165.dcm,130.0,262144,0.0,71,0,,,,,,,0,,,,,,,0,,,,,,,0,,,,,,
C280,Chest,293,test/C280/Low_Dose/00000118.dcm,130.0,262144,0.0,72,0,,,,,,,0,,,,,,,0,,,,,,,0,,,,,,
C280,Chest,294,test/C280/Low_Dose/00000298.dcm,130.0,262144,0.0,89,0,,,,,,,0,,,,,,,0,,,,,,,0,,,,,,
C280,Chest,295,test/C280/Low_Dose/00000187.dcm,130.0,262144,0.0,92,0,,,,,,,0,,,,,,,0,,,,,,,0,,,,,,
C280,Chest,296,test/C280/Low_Dose/00000037.dcm,130.0,262144,0.0,65,0,,,,,,,0,,,,,,,0,,,,,,,0,,,,,,
C280,Chest,297,test/C280/Low_Dose/00000222.dcm,130.0,262144,0.0,64,0,,,,,,,0,,,,,,,0,,,,,,,0,,,,,,
C280,Chest,298,test/C280/Low_Dose/00000153.dcm,130.0,262144,0.0,78,0,,,,,,,0,,,,,,,0,,,,,,,0,,,,,,
C280,Chest,299,test/C280/Low_Dose/00000186.dcm,130.0,262144,0.0,81,0,,,,,,,0,,,,,,,0,,,,,,,0,,,,,,
C280,Chest,300,test/C280/Low_Dose/00000366.dcm,130.0,262144,0.0,83,0,,,,,,,0,,,,,,,0,,,,,,,0,,,,,,
C280,Chest,301,test/C280/Low_Dose/00000249.dcm,130.0,262144,0.0,98,0,,,,,,,0,,,,,,,0,,,,,,,0,,,,,,
C280,Chest,302,test/C280/Low_Dose/00000062.dcm,130.0,262144,0.0,80,0,,,,,,,0,,,,,,,0,,,,,,,0,,,,,,
C280,Chest,303,test/C280/Low_Dose/00000142.dcm,130.0,262144,0.0,77,0,,,,,,,0,,,,,,,0,,,,,,,0,,,,,,
C280,Chest,304,test/C280/Low_Dose/00000364.dcm,130.0,262144,0.0,78,0,,,,,,,0,,,,,,,0,,,,,,,0,,,,,,
C280,Chest,305,test/C280/Low_Dose/00000011.dcm,130.0,262144,0.0,54,0,,,,,,,0,,,,,,,0,,,,,,,0,,,,,,
C280,Chest,306,test/C280/Low_Dose/00000208.dcm,130.0,262144,0.0,64,0,,,,,,,0,,,,,,,0,,,,,,,0,,,,,,
C280,Chest,307,test/C280/Low_Dose/00000263.dcm,130.0,262144,0.0,60,0,,,,,,,0,,,,,,,0,,,,,,,0,,,,,,
C280,Chest,308,test/C280/Low_Dose/00000169.dcm,130.0,262144,0.0,53,0,,,,,,,0,,,,,,,0,,,,,,,0,,,,,,
C280,Chest,309,test/C280/Low_Dose/00000259.dcm,130.0,262144,0.0,40,0,,,,,,,0,,,,,,,0,,,,,,,0,,,,,,
C280,Chest,310,test/C280/Low_Dose/00000225.dcm,130.0,262144,0.0,42,0,,,,,,,0,,,,,,,0,,,,,,,0,,,,,,
C280,Chest,311,test/C280/Low_Dose/00000063.dcm,130.0,262144,0.0,45,0,,,,,,,0,,,,,,,0,,,,,,,0,,,,,,
C280,Chest,312,test/C280/Low_Dose/00000257.dcm,130.0,262144,0.0,46,0,,,,,,,0,,,,,,,0,,,,,,,0,,,,,,
C280,Chest,313,test/C280/Low_Dose/00000358.dcm,130.0,262144,0.0,70,0,,,,,,,0,,,,,,,0,,,,,,,0,,,,,,
C280,Chest,314,test/C280/Low_Dose/00000108.dcm,130.0,262144,0.0,57,0,,,,,,,0,,,,,,,0,,,,,,,0,,,,,,
C280,Chest,315,test/C280/Low_Dose/00000144.dcm,130.0,262144,0.0,41,0,,,,,,,0,,,,,,,0,,,,,,,0,,,,,,
C280,Chest,316,test/C280/Low_Dose/00000351.dcm,130.0,262144,0.0,37,0,,,,,,,0,,,,,,,0,,,,,,,0,,,,,,
C280,Chest,317,test/C280/Low_Dose/00000245.dcm,130.0,262144,0.0,46,0,,,,,,,0,,,,,,,0,,,,,,,0,,,,,,
C280,Chest,318,test/C280/Low_Dose/00000080.dcm,130.0,262144,0.0,36,0,,,,,,,0,,,,,,,0,,,,,,,0,,,,,,
C280,Chest,319,test/C280/Low_Dose/00000074.dcm,130.0,262144,0.0,31,0,,,,,,,0,,,,,,,0,,,,,,,0,,,,,,
C280,Chest,320,test/C280/Low_Dose/00000344.dcm,130.0,262144,0.0,42,0,,,,,,,0,,,,,,,0,,,,,,,0,,,,,,
C280,Chest,321,test/C280/Low_Dose/00000243.dcm,130.0,262144,0.0,39,0,,,,,,,0,,,,,,,0,,,,,,,0,,,,,,
C280,Chest,322,test/C280/Low_Dose/00000125.dcm,130.0,262144,0.0,50,0,,,,,,,0,,,,,,,0,,,,,,,0,,,,,,
C280,Chest,323,test/C280/Low_Dose/00000267.dcm,130.0,262144,0.0,41,0,,,,,,,0,,,,,,,0,,,,,,,0,,,,,,
C280,Chest,324,test/C280/Low_Dose/00000236.dcm,130.0,262144,0.0,41,0,,,,,,,0,,,,,,,0,,,,,,,0,,,,,,
C280,Chest,325,test/C280/Low_Dose/00000055.dcm,130.0,262144,0.0,31,0,,,,,,,0,,,,,,,0,,,,,,,0,,,,,,
C280,Chest,326,test/C280/Low_Dose/00000116.dcm,130.0,262144,0.0,44,0,,,,,,,0,,,,,,,0,,,,,,,0,,,,,,
C280,Chest,327,test/C280/Low_Dose/00000206.dcm,130.0,262144,0.0,38,0,,,,,,,0,,,,,,,0,,,,,,,0,,,,,,
C280,Chest,328,test/C280/Low_Dose/00000120.dcm,130.0,262144,0.0,37,0,,,,,,,0,,,,,,,0,,,,,,,0,,,,,,
C280,Chest,329,test/C280/Low_Dose/00000284.dcm,130.0,262144,0.0,25,0,,,,,,,0,,,,,,,0,,,,,,,0,,,,,,
C280,Chest,330,test/C280/Low_Dose/00000044.dcm,130.0,262144,0.0,32,0,,,,,,,0,,,,,,,0,,,,,,,0,,,,,,
C280,Chest,331,test/C280/Low_Dose/00000009.dcm,130.0,262144,0.0,46,0,,,,,,,0,,,,,,,0,,,,,,,0,,,,,,
C280,Chest,332,test/C280/Low_Dose/00000205.dcm,130.0,262144,0.0,43,0,,,,,,,0,,,,,,,0,,,,,,,0,,,,,,
C280,Chest,333,test/C280/Low_Dose/00000091.dcm,130.0,262144,0.0,52,0,,,,,,,0,,,,,,,0,,,,,,,0,,,,,,
C280,Chest,334,test/C280/Low_Dose/00000185.dcm,130.0,262144,0.0,61,0,,,,,,,0,,,,,,,0,,,,,,,0,,,,,,
C280,Chest,335,test/C280/Low_Dose/00000215.dcm,130.0,262144,0.0,45,0,,,,,,,0,,,,,,,0,,,,,,,0,,,,,,
C280,Chest,336,test/C280/Low_Dose/00000300.dcm,130.0,262144,0.0,47,0,,,,,,,0,,,,,,,0,,,,,,,0,,,,,,
C280,Chest,337,test/C280/Low_Dose/00000100.dcm,130.0,262144,0.0,53,0,,,,,,,0,,,,,,,0,,,,,,,0,,,,,,
C280,Chest,338,test/C280/Low_Dose/00000275.dcm,130.0,262144,0.0,58,0,,,,,,,0,,,,,,,0,,,,,,,0,,,,,,
C280,Chest,339,test/C280/Low_Dose/00000357.dcm,130.0,262144,0.0,35,0,,,,,,,0,,,,,,,0,,,,,,,0,,,,,,
C280,Chest,340,test/C280/Low_Dose/00000179.dcm,130.0,262144,0.0,54,0,,,,,,,0,,,,,,,0,,,,,,,0,,,,,,
C280,Chest,341,test/C280/Low_Dose/00000274.dcm,130.0,262144,0.0,30,0,,,,,,,0,,,,,,,0,,,,,,,0,,,,,,
C280,Chest,342,test/C280/Low_Dose/00000355.dcm,130.0,262144,0.0,37,0,,,,,,,0,,,,,,,0,,,,,,,0,,,,,,
C280,Chest,343,test/C280/Low_Dose/00000178.dcm,130.0,262144,0.0,34,0,,,,,,,0,,,,,,,0,,,,,,,0,,,,,,
C280,Chest,344,test/C280/Low_Dose/00000035.dcm,130.0,262144,0.0,38,0,,,,,,,0,,,,,,,0,,,,,,,0,,,,,,
C280,Chest,345,test/C280/Low_Dose/00000301.dcm,130.0,262144,0.0,43,0,,,,,,,0,,,,,,,0,,,,,,,0,,,,,,
C280,Chest,346,test/C280/Low_Dose/00000102.dcm,130.0,262144,0.0,51,0,,,,,,,0,,,,,,,0,,,,,,,0,,,,,,
C280,Chest,347,test/C280/Low_Dose/00000061.dcm,130.0,262144,0.0,52,0,,,,,,,0,,,,,,,0,,,,,,,0,,,,,,
C280,Chest,348,test/C280/Low_Dose/00000230.dcm,130.0,262144,0.0,45,0,,,,,,,0,,,,,,,0,,,,,,,0,,,,,,
C280,Chest,349,test/C280/Low_Dose/00000003.dcm,130.0,262144,0.0,38,0,,,,,,,0,,,,,,,0,,,,,,,0,,,,,,
C280,Chest,350,test/C280/Low_Dose/00000090.dcm,130.0,262144,0.0,41,0,,,,,,,0,,,,,,,0,,,,,,,0,,,,,,
C280,Chest,351,test/C280/Low_Dose/00000146.dcm,130.0,262144,0.0,42,0,,,,,,,0,,,,,,,0,,,,,,,0,,,,,,
C280,Chest,352,test/C280/Low_Dose/00000016.dcm,130.0,262144,0.0,57,0,,,,,,,0,,,,,,,0,,,,,,,0,,,,,,
C280,Chest,353,test/C280/Low_Dose/00000032.dcm,130.0,262144,0.0,56,0,,,,,,,0,,,,,,,0,,,,,,,0,,,,,,
C280,Chest,354,test/C280/Low_Dose/00000193.dcm,130.0,262144,0.0,54,0,,,,,,,0,,,,,,,0,,,,,,,0,,,,,,
C280,Chest,355,test/C280/Low_Dose/00000253.dcm,130.0,262144,0.0,34,0,,,,,,,0,,,,,,,0,,,,,,,0,,,,,,
C280,Chest,356,test/C280/Low_Dose/00000360.dcm,130.0,262144,0.0,46,0,,,,,,,0,,,,,,,0,,,,,,,0,,,,,,
C280,Chest,357,test/C280/Low_Dose/00000039.dcm,130.0,262144,0.0,29,0,,,,,,,0,,,,,,,0,,,,,,,0,,,,,,
C280,Chest,358,test/C280/Low_Dose/00000136.dcm,130.0,262144,0.0,33,0,,,,,,,0,,,,,,,0,,,,,,,0,,,,,,
C280,Chest,359,test/C280/Low_Dose/00000252.dcm,130.0,262144,0.0,19,0,,,,,,,0,,,,,,,0,,,,,,,0,,,,,,
C280,Chest,360,test/C280/Low_Dose/00000152.dcm,130.0,262144,0.0,34,0,,,,,,,0,,,,,,,0,,,,,,,0,,,,,,
C280,Chest,361,test/C280/Low_Dose/00000287.dcm,130.0,262144,0.0,38,0,,,,,,,0,,,,,,,0,,,,,,,0,,,,,,
C280,Chest,362,test/C280/Low_Dose/00000057.dcm,130.0,262144,0.0,30,0,,,,,,,0,,,,,,,0,,,,,,,0,,,,,,
C280,Chest,363,test/C280/Low_Dose/00000235.dcm,130.0,262144,0.0,35,0,,,,,,,0,,,,,,,0,,,,,,,0,,,,,,
C280,Chest,364,test/C280/Low_Dose/00000024.dcm,130.0,262144,0.0,28,0,,,,,,,0,,,,,,,0,,,,,,,0,,,,,,
C280,Chest,365,test/C280/Low_Dose/00000307.dcm,130.0,262144,0.0,43,0,,,,,,,0,,,,,,,0,,,,,,,0,,,,,,
C280,Chest,366,test/C280/Low_Dose/00000166.dcm,130.0,262144,0.0,46,0,,,,,,,0,,,,,,,0,,,,,,,0,,,,,,
C280,Chest,367,test/C280/Low_Dose/00000297.dcm,130.0,262144,0.0,62,0,,,,,,,0,,,,,,,0,,,,,,,0,,,,,,
C280,Chest,368,test/C280/Low_Dose/00000289.dcm,130.0,262144,0.0,57,0,,,,,,,0,,,,,,,0,,,,,,,0,,,,,,
L006,Abdomen,0,test/L006/Low_Dose/00000213.dcm,130.0,262144,0.0,70,0,,,,,,,0,,,,,,,0,,,,,,,0,,,,,,
L006,Abdomen,1,test/L006/Low_Dose/00000207.dcm,130.0,262144,0.0,52,0,,,,,,,0,,,,,,,0,,,,,,,0,,,,,,
L006,Abdomen,2,test/L006/Low_Dose/00000036.dcm,130.0,262144,0.0,52,0,,,,,,,0,,,,,,,0,,,,,,,0,,,,,,
L006,Abdomen,3,test/L006/Low_Dose/00000111.dcm,130.0,262144,0.0,51,0,,,,,,,0,,,,,,,0,,,,,,,0,,,,,,
L006,Abdomen,4,test/L006/Low_Dose/00000138.dcm,130.0,262144,0.0,62,0,,,,,,,0,,,,,,,0,,,,,,,0,,,,,,
L006,Abdomen,5,test/L006/Low_Dose/00000023.dcm,130.0,262144,0.0,46,0,,,,,,,0,,,,,,,0,,,,,,,0,,,,,,
L006,Abdomen,6,test/L006/Low_Dose/00000182.dcm,130.0,262144,0.0,65,0,,,,,,,0,,,,,,,0,,,,,,,0,,,,,,
L006,Abdomen,7,test/L006/Low_Dose/00000170.dcm,130.0,262144,0.0,48,0,,,,,,,0,,,,,,,0,,,,,,,0,,,,,,
L006,Abdomen,8,test/L006/Low_Dose/00000167.dcm,130.0,262144,0.0,53,0,,,,,,,0,,,,,,,0,,,,,,,0,,,,,,
L006,Abdomen,9,test/L006/Low_Dose/00000136.dcm,130.0,262144,0.0,80,0,,,,,,,0,,,,,,,0,,,,,,,0,,,,,,
L006,Abdomen,10,test/L006/Low_Dose/00000165.dcm,130.0,262144,0.0,68,0,,,,,,,0,,,,,,,0,,,,,,,0,,,,,,
L006,Abdomen,11,test/L006/Low_Dose/00000050.dcm,130.0,262144,0.0,67,0,,,,,,,0,,,,,,,0,,,,,,,0,,,,,,
L006,Abdomen,12,test/L006/Low_Dose/00000059.dcm,130.0,262144,0.0,58,0,,,,,,,0,,,,,,,0,,,,,,,0,,,,,,
L006,Abdomen,13,test/L006/Low_Dose/00000124.dcm,130.0,262144,0.0,61,0,,,,,,,0,,,,,,,0,,,,,,,0,,,,,,
L006,Abdomen,14,test/L006/Low_Dose/00000188.dcm,130.0,262144,0.0,49,0,,,,,,,0,,,,,,,0,,,,,,,0,,,,,,
L006,Abdomen,15,test/L006/Low_Dose/00000162.dcm,130.0,262144,0.0,43,0,,,,,,,0,,,,,,,0,,,,,,,0,,,,,,
L006,Abdomen,16,test/L006/Low_Dose/00000022.dcm,130.0,262144,0.0,40,0,,,,,,,0,,,,,,,0,,,,,,,0,,,,,,
L006,Abdomen,17,test/L006/Low_Dose/00000106.dcm,130.0,262144,0.0,42,0,,,,,,,0,,,,,,,0,,,,,,,0,,,,,,
L006,Abdomen,18,test/L006/Low_Dose/00000105.dcm,130.0,262144,0.0,48,0,,,,,,,0,,,,,,,0,,,,,,,0,,,,,,
L006,Abdomen,19,test/L006/Low_Dose/00000005.dcm,130.0,262144,0.0,45,0,,,,,,,0,,,,,,,0,,,,,,,0,,,,,,
L006,Abdomen,20,test/L006/Low_Dose/00000127.dcm,130.0,262144,0.0,49,0,,,,,,,0,,,,,,,0,,,,,,,0,,,,,,
L006,Abdomen,21,test/L006/Low_Dose/00000130.dcm,130.0,262144,0.0,39,0,,,,,,,0,,,,,,,0,,,,,,,0,,,,,,
L006,Abdomen,22,test/L006/Low_Dose/00000143.dcm,130.0,262144,0.0,34,0,,,,,,,0,,,,,,,0,,,,,,,0,,,,,,
L006,Abdomen,23,test/L006/Low_Dose/00000126.dcm,130.0,262144,0.0,37,0,,,,,,,0,,,,,,,0,,,,,,,0,,,,,,
L006,Abdomen,24,test/L006/Low_Dose/00000087.dcm,130.0,262144,0.0,36,0,,,,,,,0,,,,,,,0,,,,,,,0,,,,,,
L006,Abdomen,25,test/L006/Low_Dose/00000093.dcm,130.0,262144,0.0,30,0,,,,,,,0,,,,,,,0,,,,,,,0,,,,,,
L006,Abdomen,26,test/L006/Low_Dose/00000133.dcm,130.0,262144,0.0,32,0,,,,,,,0,,,,,,,0,,,,,,,0,,,,,,
L006,Abdomen,27,test/L006/Low_Dose/00000002.dcm,130.0,262144,0.0,27,0,,,,,,,0,,,,,,,0,,,,,,,0,,,,,,
L006,Abdomen,28,test/L006/Low_Dose/00000010.dcm,130.0,262144,0.0,40,0,,,,,,,0,,,,,,,0,,,,,,,0,,,,,,
L006,Abdomen,29,test/L006/Low_Dose/00000153.dcm,130.0,262144,0.0,35,0,,,,,,,0,,,,,,,0,,,,,,,0,,,,,,
L006,Abdomen,30,test/L006/Low_Dose/00000201.dcm,130.0,262144,0.0,37,0,,,,,,,0,,,,,,,0,,,,,,,0,,,,,,
L006,Abdomen,31,test/L006/Low_Dose/00000114.dcm,130.0,262144,0.0,27,0,,,,,,,0,,,,,,,0,,,,,,,0,,,,,,
L006,Abdomen,32,test/L006/Low_Dose/00000040.dcm,130.0,262144,0.0,35,0,,,,,,,0,,,,,,,0,,,,,,,0,,,,,,
L006,Abdomen,33,test/L006/Low_Dose/00000096.dcm,130.0,262144,0.0,34,0,,,,,,,0,,,,,,,0,,,,,,,0,,,,,,
L006,Abdomen,34,test/L006/Low_Dose/00000108.dcm,130.0,262144,0.0,50,0,,,,,,,0,,,,,,,0,,,,,,,0,,,,,,
L006,Abdomen,35,test/L006/Low_Dose/00000149.dcm,130.0,262144,0.0,37,0,,,,,,,0,,,,,,,0,,,,,,,0,,,,,,
L006,Abdomen,36,test/L006/Low_Dose/00000082.dcm,130.0,262144,0.0,43,0,,,,,,,0,,,,,,,0,,,,,,,0,,,,,,
L006,Abdomen,37,test/L006/Low_Dose/00000179.dcm,130.0,262144,0.0,34,0,,,,,,,0,,,,,,,0,,,,,,,0,,,,,,
L006,Abdomen,38,test/L006/Low_Dose/00000068.dcm,130.0,262144,0.0,34,0,,,,,,,0,,,,,,,0,,,,,,,0,,,,,,
L006,Abdomen,39,test/L006/Low_Dose/00000053.dcm,130.0,262144,0.0,36,0,,,,,,,0,,,,,,,0,,,,,,,0,,,,,,
L006,Abdomen,40,test/L006/Low_Dose/00000115.dcm,130.0,262144,0.0,54,0,,,,,,,0,,,,,,,0,,,,,,,0,,,,,,
L006,Abdomen,41,test/L006/Low_Dose/00000134.dcm,130.0,262144,0.0,63,0,,,,,,,0,,,,,,,0,,,,,,,0,,,,,,
L006,Abdomen,42,test/L006/Low_Dose/00000035.dcm,130.0,262144,0.0,50,0,,,,,,,0,,,,,,,0,,,,,,,0,,,,,,
L006,Abdomen,43,test/L006/Low_Dose/00000052.dcm,130.0,262144,0.0,64,0,,,,,,,0,,,,,,,0,,,,,,,0,,,,,,
L006,Abdomen,44,test/L006/Low_Dose/00000060.dcm,130.0,262144,0.0,44,0,,,,,,,0,,,,,,,0,,,,,,,0,,,,,,
L006,Abdomen,45,test/L006/Low_Dose/00000139.dcm,130.0,262144,0.0,49,0,,,,,,,0,,,,,,,0,,,,,,,0,,,,,,
L006,Abdomen,46,test/L006/Low_Dose/00000018.dcm,130.0,262144,0.0,53,0,,,,,,,0,,,,,,,0,,,,,,,0,,,,,,
L006,Abdomen,47,test/L006/Low_Dose/00000171.dcm,130.0,262144,0.0,36,0,,,,,,,0,,,,,,,0,,,,,,,0,,,,,,
L006,Abdomen,48,test/L006/Low_Dose/00000186.dcm,130.0,262144,0.0,42,0,,,,,,,0,,,,,,,0,,,,,,,0,,,,,,
L006,Abdomen,49,test/L006/Low_Dose/00000174.dcm,130.0,262144,0.0,51,0,,,,,,,0,,,,,,,0,,,,,,,0,,,,,,
L006,Abdomen,50,test/L006/Low_Dose/00000062.dcm,130.0,262144,0.0,61,0,,,,,,,0,,,,,,,0,,,,,,,0,,,,,,
L006,Abdomen,51,test/L006/Low_Dose/00000080.dcm,130.0,262144,0.0,55,0,,,,,,,0,,,,,,,0,,,,,,,0,,,,,,
L006,Abdomen,52,test/L006/Low_Dose/00000057.dcm,130.0,262144,0.0,81,0,,,,,,,0,,,,,,,0,,,,,,,0,,,,,,
L006,Abdomen,53,test/L006/Low_Dose/00000204.dcm,130.0,262144,0.0,80,0,,,,,,,0,,,,,,,0,,,,,,,0,,,,,,
L006,Abdomen,54,test/L006/Low_Dose/00000118.dcm,130.0,262144,0.0,59,0,,,,,,,0,,,,,,,0,,,,,,,0,,,,,,
L006,Abdomen,55,test/L006/Low_Dose/00000019.dcm,130.0,262144,0.0,44,0,,,,,,,0,,,,,,,0,,,,,,,0,,,,,,
L006,Abdomen,56,test/L006/Low_Dose/00000092.dcm,130.0,262144,0.0,51,0,,,,,,,0,,,,,,,0,,,,,,,0,,,,,,
L006,Abdomen,57,test/L006/Low_Dose/00000074.dcm,130.0,262144,0.0,79,0,,,,,,,0,,,,,,,0,,,,,,,0,,,,,,
L006,Abdomen,58,test/L006/Low_Dose/00000012.dcm,130.0,262144,0.0,72,0,,,,,,,0,,,,,,,0,,,,,,,0,,,,,,
L006,Abdomen,59,test/L006/Low_Dose/00000145.dcm,130.0,262144,0.0,80,0,,,,,,,0,,,,,,,0,,,,,,,0,,,,,,
L006,Abdomen,60,test/L006/Low_Dose/00000129.dcm,130.0,262144,0.0,80,0,,,,,,,0,,,,,,,0,,,,,,,0,,,,,,
L006,Abdomen,61,test/L006/Low_Dose/00000163.dcm,130.0,262144,0.0,83,0,,,,,,,0,,,,,,,0,,,,,,,0,,,,,,
L006,Abdomen,62,test/L006/Low_Dose/00000156.dcm,130.0,262144,0.0,68,0,,,,,,,0,,,,,,,0,,,,,,,0,,,,,,
L006,Abdomen,63,test/L006/Low_Dose/00000083.dcm,130.0,262144,0.0,75,0,,,,,,,0,,,,,,,0,,,,,,,0,,,,,,
L006,Abdomen,64,test/L006/Low_Dose/00000102.dcm,130.0,262144,0.0,76,0,,,,,,,0,,,,,,,0,,,,,,,0,,,,,,
L006,Abdomen,65,test/L006/Low_Dose/00000205.dcm,130.0,262144,0.0,97,0,,,,,,,0,,,,,,,0,,,,,,,0,,,,,,
L006,Abdomen,66,test/L006/Low_Dose/00000069.dcm,130.0,262144,0.0,108,0,,,,,,,0,,,,,,,0,,,,,,,0,,,,,,
L006,Abdomen,67,test/L006/Low_Dose/00000094.dcm,130.0,262144,0.0,100,0,,,,,,,0,,,,,,,0,,,,,,,0,,,,,,
L006,Abdomen,68,test/L006/Low_Dose/00000064.dcm,130.0,262144,0.0,93,0,,,,,,,0,,,,,,,0,,,,,,,0,,,,,,
L006,Abdomen,69,test/L006/Low_Dose/00000084.dcm,130.0,262144,0.0,113,0,,,,,,,0,,,,,,,0,,,,,,,0,,,,,,
L006,Abdomen,70,test/L006/Low_Dose/00000178.dcm,130.0,262144,0.0,108,0,,,,,,,0,,,,,,,0,,,,,,,0,,,,,,
L006,Abdomen,71,test/L006/Low_Dose/00000042.dcm,130.0,262144,0.0,110,0,,,,,,,0,,,,,,,0,,,,,,,0,,,,,,
L006,Abdomen,72,test/L006/Low_Dose/00000148.dcm,130.0,262144,0.0,111,0,,,,,,,0,,,,,,,0,,,,,,,0,,,,,,
L006,Abdomen,73,test/L006/Low_Dose/00000034.dcm,130.0,262144,0.0,127,0,,,,,,,0,,,,,,,0,,,,,,,0,,,,,,
L006,Abdomen,74,test/L006/Low_Dose/00000048.dcm,130.0,262144,0.0,115,0,,,,,,,0,,,,,,,0,,,,,,,0,,,,,,
L006,Abdomen,75,test/L006/Low_Dose/00000209.dcm,130.0,262144,0.0,90,0,,,,,,,0,,,,,,,0,,,,,,,0,,,,,,
L006,Abdomen,76,test/L006/Low_Dose/00000206.dcm,130.0,262144,0.0,90,0,,,,,,,0,,,,,,,0,,,,,,,0,,,,,,
L006,Abdomen,77,test/L006/Low_Dose/00000184.dcm,130.0,262144,0.0,85,0,,,,,,,0,,,,,,,0,,,,,,,0,,,,,,
L006,Abdomen,78,test/L006/Low_Dose/00000049.dcm,130.0,262144,0.0,61,0,,,,,,,0,,,,,,,0,,,,,,,0,,,,,,
L006,Abdomen,79,test/L006/Low_Dose/00000037.dcm,130.0,262144,0.0,56,0,,,,,,,0,,,,,,,0,,,,,,,0,,,,,,
L006,Abdomen,80,test/L006/Low_Dose/00000169.dcm,130.0,262144,0.0,102,0,,,,,,,0,,,,,,,0,,,,,,,0,,,,,,
L006,Abdomen,81,test/L006/Low_Dose/00000214.dcm,130.0,262144,0.0,156,0,,,,,,,0,,,,,,,0,,,,,,,0,,,,,,
L006,Abdomen,82,test/L006/Low_Dose/00000161.dcm,130.0,262144,0.0,238,0,,,,,,,0,,,,,,,0,,,,,,,0,,,,,,
L006,Abdomen,83,test/L006/Low_Dose/00000061.dcm,130.0,262144,0.0,231,0,,,,,,,0,,,,,,,0,,,,,,,0,,,,,,
L006,Abdomen,84,test/L006/Low_Dose/00000187.dcm,130.0,262144,0.0,215,0,,,,,,,0,,,,,,,0,,,,,,,0,,,,,,
L006,Abdomen,85,test/L006/Low_Dose/00000101.dcm,130.0,262144,0.0,193,0,,,,,,,0,,,,,,,0,,,,,,,0,,,,,,
L006,Abdomen,86,test/L006/Low_Dose/00000007.dcm,130.0,262144,0.0,224,0,,,,,,,0,,,,,,,0,,,,,,,0,,,,,,
L006,Abdomen,87,test/L006/Low_Dose/00000132.dcm,130.0,262144,0.0,210,0,,,,,,,0,,,,,,,0,,,,,,,0,,,,,,
L006,Abdomen,88,test/L006/Low_Dose/00000158.dcm,130.0,262144,0.0,218,0,,,,,,,0,,,,,,,0,,,,,,,0,,,,,,
L006,Abdomen,89,test/L006/Low_Dose/00000123.dcm,130.0,262144,0.0,209,0,,,,,,,0,,,,,,,0,,,,,,,0,,,,,,
L006,Abdomen,90,test/L006/Low_Dose/00000119.dcm,130.0,262144,0.0,199,0,,,,,,,0,,,,,,,0,,,,,,,0,,,,,,
L006,Abdomen,91,test/L006/Low_Dose/00000172.dcm,130.0,262144,0.0,213,0,,,,,,,0,,,,,,,0,,,,,,,0,,,,,,
L006,Abdomen,92,test/L006/Low_Dose/00000029.dcm,130.0,262144,0.0,230,0,,,,,,,0,,,,,,,0,,,,,,,0,,,,,,
L006,Abdomen,93,test/L006/Low_Dose/00000150.dcm,130.0,262144,0.0,182,0,,,,,,,0,,,,,,,0,,,,,,,0,,,,,,
L006,Abdomen,94,test/L006/Low_Dose/00000135.dcm,130.0,262144,0.0,198,0,,,,,,,0,,,,,,,0,,,,,,,0,,,,,,
L006,Abdomen,95,test/L006/Low_Dose/00000196.dcm,130.0,262144,0.0,196,0,,,,,,,0,,,,,,,0,,,,,,,0,,,,,,
L006,Abdomen,96,test/L006/Low_Dose/00000208.dcm,130.0,262144,0.0,256,0,,,,,,,0,,,,,,,0,,,,,,,0,,,,,,
L006,Abdomen,97,test/L006/Low_Dose/00000078.dcm,130.0,262144,0.0,209,0,,,,,,,0,,,,,,,0,,,,,,,0,,,,,,
L006,Abdomen,98,test/L006/Low_Dose/00000137.dcm,130.0,262144,0.0,224,0,,,,,,,0,,,,,,,0,,,,,,,0,,,,,,
L006,Abdomen,99,test/L006/Low_Dose/00000122.dcm,130.0,262144,0.0,233,0,,,,,,,0,,,,,,,0,,,,,,,0,,,,,,
L006,Abdomen,100,test/L006/Low_Dose/00000168.dcm,130.0,262144,0.0,190,0,,,,,,,0,,,,,,,0,,,,,,,0,,,,,,
L006,Abdomen,101,test/L006/Low_Dose/00000100.dcm,130.0,262144,0.0,227,0,,,,,,,0,,,,,,,0,,,,,,,0,,,,,,
L006,Abdomen,102,test/L006/Low_Dose/00000176.dcm,130.0,262144,0.0,288,0,,,,,,,0,,,,,,,0,,,,,,,0,,,,,,
L006,Abdomen,103,test/L006/Low_Dose/00000033.dcm,130.0,262144,0.0,265,0,,,,,,,0,,,,,,,0,,,,,,,0,,,,,,
L006,Abdomen,104,test/L006/Low_Dose/00000212.dcm,130.0,262144,0.0,244,0,,,,,,,0,,,,,,,0,,,,,,,0,,,,,,
L006,Abdomen,105,test/L006/Low_Dose/00000175.dcm,130.0,262144,0.0,219,0,,,,,,,0,,,,,,,0,,,,,,,0,,,,,,
L006,Abdomen,106,test/L006/Low_Dose/00000065.dcm,130.0,262144,0.0,226,0,,,,,,,0,,,,,,,0,,,,,,,0,,,,,,
L006,Abdomen,107,test/L006/Low_Dose/00000180.dcm,130.0,262144,0.0,217,0,,,,,,,0,,,,,,,0,,,,,,,0,,,,,,
L006,Abdomen,108,test/L006/Low_Dose/00000025.dcm,130.0,262144,0.0,174,0,,,,,,,0,,,,,,,0,,,,,,,0,,,,,,
L006,Abdomen,109,test/L006/Low_Dose/00000197.dcm,130.0,262144,0.0,186,0,,,,,,,0,,,,,,,0,,,,,,,0,,,,,,
L006,Abdomen,110,test/L006/Low_Dose/00000015.dcm,130.0,262144,0.0,149,0,,,,,,,0,,,,,,,0,,,,,,,0,,,,,,
L006,Abdomen,111,test/L006/Low_Dose/00000039.dcm,130.0,262144,0.0,126,0,,,,,,,0,,,,,,,0,,,,,,,0,,,,,,
L006,Abdomen,112,test/L006/Low_Dose/00000189.dcm,130.0,262144,0.0,142,0,,,,,,,0,,,,,,,0,,,,,,,0,,,,,,
L006,Abdomen,113,test/L006/Low_Dose/00000063.dcm,130.0,262144,0.0,184,0,,,,,,,0,,,,,,,0,,,,,,,0,,,,,,
L006,Abdomen,114,test/L006/Low_Dose/00000160.dcm,130.0,262144,0.0,169,0,,,,,,,0,,,,,,,0,,,,,,,0,,,,,,
L006,Abdomen,115,test/L006/Low_Dose/00000098.dcm,130.0,262144,0.0,134,0,,,,,,,0,,,,,,,0,,,,,,,0,,,,,,
L006,Abdomen,116,test/L006/Low_Dose/00000177.dcm,130.0,262144,0.0,112,0,,,,,,,0,,,,,,,0,,,,,,,0,,,,,,
L006,Abdomen,117,test/L006/Low_Dose/00000056.dcm,130.0,262144,0.0,117,0,,,,,,,0,,,,,,,0,,,,,,,0,,,,,,
L006,Abdomen,118,test/L006/Low_Dose/00000041.dcm,130.0,262144,0.0,151,0,,,,,,,0,,,,,,,0,,,,,,,0,,,,,,
L006,Abdomen,119,test/L006/Low_Dose/00000107.dcm,130.0,262144,0.0,131,0,,,,,,,0,,,,,,,0,,,,,,,0,,,,,,
L006,Abdomen,120,test/L006/Low_Dose/00000112.dcm,130.0,262144,0.0,150,0,,,,,,,0,,,,,,,0,,,,,,,0,,,,,,
L006,Abdomen,121,test/L006/Low_Dose/00000045.dcm,130.0,262144,0.0,135,0,,,,,,,0,,,,,,,0,,,,,,,0,,,,,,
L006,Abdomen,122,test/L006/Low_Dose/00000185.dcm,130.0,262144,0.0,115,0,,,,,,,0,,,,,,,0,,,,,,,0,,,,,,
L006,Abdomen,123,test/L006/Low_Dose/00000086.dcm,130.0,262144,0.0,105,0,,,,,,,0,,,,,,,0,,,,,,,0,,,,,,
L006,Abdomen,124,test/L006/Low_Dose/00000028.dcm,130.0,262144,0.0,95,0,,,,,,,0,,,,,,,0,,,,,,,0,,,,,,
L006,Abdomen,125,test/L006/Low_Dose/00000046.dcm,130.0,262144,0.0,104,0,,,,,,,0,,,,,,,0,,,,,,,0,,,,,,
L006,Abdomen,126,test/L006/Low_Dose/00000104.dcm,130.0,262144,0.0,82,0,,,,,,,0,,,,,,,0,,,,,,,0,,,,,,
L006,Abdomen,127,test/L006/Low_Dose/00000095.dcm,130.0,262144,0.0,81,0,,,,,,,0,,,,,,,0,,,,,,,0,,,,,,
L006,Abdomen,128,test/L006/Low_Dose/00000113.dcm,130.0,262144,0.0,40,0,,,,,,,0,,,,,,,0,,,,,,,0,,,,,,
L006,Abdomen,129,test/L006/Low_Dose/00000090.dcm,130.0,262144,0.0,87,0,,,,,,,0,,,,,,,0,,,,,,,0,,,,,,
L006,Abdomen,130,test/L006/Low_Dose/00000051.dcm,130.0,262144,0.0,98,0,,,,,,,0,,,,,,,0,,,,,,,0,,,,,,
L006,Abdomen,131,test/L006/Low_Dose/00000006.dcm,130.0,262144,0.0,58,0,,,,,,,0,,,,,,,0,,,,,,,0,,,,,,
L006,Abdomen,132,test/L006/Low_Dose/00000014.dcm,130.0,262144,0.0,44,0,,,,,,,0,,,,,,,0,,,,,,,0,,,,,,
L006,Abdomen,133,test/L006/Low_Dose/00000190.dcm,130.0,262144,0.0,59,0,,,,,,,0,,,,,,,0,,,,,,,0,,,,,,
L006,Abdomen,134,test/L006/Low_Dose/00000066.dcm,130.0,262144,0.0,61,0,,,,,,,0,,,,,,,0,,,,,,,0,,,,,,
L006,Abdomen,135,test/L006/Low_Dose/00000103.dcm,130.0,262144,0.0,28,0,,,,,,,0,,,,,,,0,,,,,,,0,,,,,,
L006,Abdomen,136,test/L006/Low_Dose/00000131.dcm,130.0,262144,0.0,33,0,,,,,,,0,,,,,,,0,,,,,,,0,,,,,,
L006,Abdomen,137,test/L006/Low_Dose/00000152.dcm,130.0,262144,0.0,40,0,,,,,,,0,,,,,,,0,,,,,,,0,,,,,,
L006,Abdomen,138,test/L006/Low_Dose/00000128.dcm,130.0,262144,0.0,53,0,,,,,,,0,,,,,,,0,,,,,,,0,,,,,,
L006,Abdomen,139,test/L006/Low_Dose/00000154.dcm,130.0,262144,0.0,52,0,,,,,,,0,,,,,,,0,,,,,,,0,,,,,,
L006,Abdomen,140,test/L006/Low_Dose/00000020.dcm,130.0,262144,0.0,44,0,,,,,,,0,,,,,,,0,,,,,,,0,,,,,,
L006,Abdomen,141,test/L006/Low_Dose/00000008.dcm,130.0,262144,0.0,60,0,,,,,,,0,,,,,,,0,,,,,,,0,,,,,,
L006,Abdomen,142,test/L006/Low_Dose/00000121.dcm,130.0,262144,0.0,63,0,,,,,,,0,,,,,,,0,,,,,,,0,,,,,,
L006,Abdomen,143,test/L006/Low_Dose/00000200.dcm,130.0,262144,0.0,61,0,,,,,,,0,,,,,,,0,,,,,,,0,,,,,,
L006,Abdomen,144,test/L006/Low_Dose/00000211.dcm,130.0,262144,0.0,59,0,,,,,,,0,,,,,,,0,,,,,,,0,,,,,,
L006,Abdomen,145,test/L006/Low_Dose/00000191.dcm,130.0,262144,0.0,55,0,,,,,,,0,,,,,,,0,,,,,,,0,,,,,,
L006,Abdomen,146,test/L006/Low_Dose/00000097.dcm,130.0,262144,0.0,50,0,,,,,,,0,,,,,,,0,,,,,,,0,,,,,,
L006,Abdomen,147,test/L006/Low_Dose/00000027.dcm,130.0,262144,0.0,65,0,,,,,,,0,,,,,,,0,,,,,,,0,,,,,,
L006,Abdomen,148,test/L006/Low_Dose/00000055.dcm,130.0,262144,0.0,66,0,,,,,,,0,,,,,,,0,,,,,,,0,,,,,,
L006,Abdomen,149,test/L006/Low_Dose/00000067.dcm,130.0,262144,0.0,79,0,,,,,,,0,,,,,,,0,,,,,,,0,,,,,,
L006,Abdomen,150,test/L006/Low_Dose/00000110.dcm,130.0,262144,0.0,77,0,,,,,,,0,,,,,,,0,,,,,,,0,,,,,,
L006,Abdomen,151,test/L006/Low_Dose/00000194.dcm,130.0,262144,0.0,91,0,,,,,,,0,,,,,,,0,,,,,,,0,,,,,,
L006,Abdomen,152,test/L006/Low_Dose/00000144.dcm,130.0,262144,0.0,78,0,,,,,,,0,,,,,,,0,,,,,,,0,,,,,,
L006,Abdomen,153,test/L006/Low_Dose/00000116.dcm,130.0,262144,0.0,82,0,,,,,,,0,,,,,,,0,,,,,,,0,,,,,,
L006,Abdomen,154,test/L006/Low_Dose/00000203.dcm,130.0,262144,0.0,92,0,,,,,,,0,,,,,,,0,,,,,,,0,,,,,,
L006,Abdomen,155,test/L006/Low_Dose/00000073.dcm,130.0,262144,0.0,81,0,,,,,,,0,,,,,,,0,,,,,,,0,,,,,,
L006,Abdomen,156,test/L006/Low_Dose/00000155.dcm,130.0,262144,0.0,98,0,,,,,,,0,,,,,,,0,,,,,,,0,,,,,,
L006,Abdomen,157,test/L006/Low_Dose/00000181.dcm,130.0,262144,0.0,81,0,,,,,,,0,,,,,,,0,,,,,,,0,,,,,,
L006,Abdomen,158,test/L006/Low_Dose/00000009.dcm,130.0,262144,0.0,65,0,,,,,,,0,,,,,,,0,,,,,,,0,,,,,,
L006,Abdomen,159,test/L006/Low_Dose/00000071.dcm,130.0,262144,0.0,90,0,,,,,,,0,,,,,,,0,,,,,,,0,,,,,,
L006,Abdomen,160,test/L006/Low_Dose/00000215.dcm,130.0,262144,0.0,81,0,,,,,,,0,,,,,,,0,,,,,,,0,,,,,,
L006,Abdomen,161,test/L006/Low_Dose/00000001.dcm,130.0,262144,0.0,81,0,,,,,,,0,,,,,,,0,,,,,,,0,,,,,,
L006,Abdomen,162,test/L006/Low_Dose/00000147.dcm,130.0,262144,0.0,73,0,,,,,,,0,,,,,,,0,,,,,,,0,,,,,,
L006,Abdomen,163,test/L006/Low_Dose/00000076.dcm,130.0,262144,0.0,101,0,,,,,,,0,,,,,,,0,,,,,,,0,,,,,,
L006,Abdomen,164,test/L006/Low_Dose/00000120.dcm,130.0,262144,0.0,83,0,,,,,,,0,,,,,,,0,,,,,,,0,,,,,,
L006,Abdomen,165,test/L006/Low_Dose/00000202.dcm,130.0,262144,0.0,76,0,,,,,,,0,,,,,,,0,,,,,,,0,,,,,,
L006,Abdomen,166,test/L006/Low_Dose/00000031.dcm,130.0,262144,0.0,74,0,,,,,,,0,,,,,,,0,,,,,,,0,,,,,,
L006,Abdomen,167,test/L006/Low_Dose/00000142.dcm,130.0,262144,0.0,71,0,,,,,,,0,,,,,,,0,,,,,,,0,,,,,,
L006,Abdomen,168,test/L006/Low_Dose/00000089.dcm,130.0,262144,0.0,58,0,,,,,,,0,,,,,,,0,,,,,,,0,,,,,,
L006,Abdomen,169,test/L006/Low_Dose/00000198.dcm,130.0,262144,0.0,74,0,,,,,,,0,,,,,,,0,,,,,,,0,,,,,,
L006,Abdomen,170,test/L006/Low_Dose/00000077.dcm,130.0,262144,0.0,65,0,,,,,,,0,,,,,,,0,,,,,,,0,,,,,,
L006,Abdomen,171,test/L006/Low_Dose/00000164.dcm,130.0,262144,0.0,58,0,,,,,,,0,,,,,,,0,,,,,,,0,,,,,,
L006,Abdomen,172,test/L006/Low_Dose/00000038.dcm,130.0,262144,0.0,61,0,,,,,,,0,,,,,,,0,,,,,,,0,,,,,,
L006,Abdomen,173,test/L006/Low_Dose/00000013.dcm,130.0,262144,0.0,53,0,,,,,,,0,,,,,,,0,,,,,,,0,,,,,,
L006,Abdomen,174,test/L006/Low_Dose/00000030.dcm,130.0,262144,0.0,90,0,,,,,,,0,,,,,,,0,,,,,,,0,,,,,,
L006,Abdomen,175,test/L006/Low_Dose/00000195.dcm,130.0,262144,0.0,68,0,,,,,,,0,,,,,,,0,,,,,,,0,,,,,,
L006,Abdomen,176,test/L006/Low_Dose/00000070.dcm,130.0,262144,0.0,73,0,,,,,,,0,,,,,,,0,,,,,,,0,,,,,,
L006,Abdomen,177,test/L006/Low_Dose/00000004.dcm,130.0,262144,0.0,66,0,,,,,,,0,,,,,,,0,,,,,,,0,,,,,,
L006,Abdomen,178,test/L006/Low_Dose/00000043.dcm,130.0,262144,0.0,73,0,,,,,,,0,,,,,,,0,,,,,,,0,,,,,,
L006,Abdomen,179,test/L006/Low_Dose/00000047.dcm,130.0,262144,0.0,65,0,,,,,,,0,,,,,,,0,,,,,,,0,,,,,,
L006,Abdomen,180,test/L006/Low_Dose/00000193.dcm,130.0,262144,0.0,82,0,,,,,,,0,,,,,,,0,,,,,,,0,,,,,,
L006,Abdomen,181,test/L006/Low_Dose/00000091.dcm,130.0,262144,0.0,95,0,,,,,,,0,,,,,,,0,,,,,,,0,,,,,,
L006,Abdomen,182,test/L006/Low_Dose/00000085.dcm,130.0,262144,0.0,89,0,,,,,,,0,,,,,,,0,,,,,,,0,,,,,,
L006,Abdomen,183,test/L006/Low_Dose/00000199.dcm,130.0,262144,0.0,57,0,,,,,,,0,,,,,,,0,,,,,,,0,,,,,,
L006,Abdomen,184,test/L006/Low_Dose/00000032.dcm,130.0,262144,0.0,42,0,,,,,,,0,,,,,,,0,,,,,,,0,,,,,,
L006,Abdomen,185,test/L006/Low_Dose/00000099.dcm,130.0,262144,0.0,33,0,,,,,,,0,,,,,,,0,,,,,,,0,,,,,,
L006,Abdomen,186,test/L006/Low_Dose/00000183.dcm,130.0,262144,0.0,46,0,,,,,,,0,,,,,,,0,,,,,,,0,,,,,,
L006,Abdomen,187,test/L006/Low_Dose/00000159.dcm,130.0,262144,0.0,38,0,,,,,,,0,,,,,,,0,,,,,,,0,,,,,,
L006,Abdomen,188,test/L006/Low_Dose/00000088.dcm,130.0,262144,0.0,46,0,,,,,,,0,,,,,,,0,,,,,,,0,,,,,,
L006,Abdomen,189,test/L006/Low_Dose/00000166.dcm,130.0,262144,0.0,53,0,,,,,,,0,,,,,,,0,,,,,,,0,,,,,,
L006,Abdomen,190,test/L006/Low_Dose/00000210.dcm,130.0,262144,0.0,58,0,,,,,,,0,,,,,,,0,,,,,,,0,,,,,,
L006,Abdomen,191,test/L006/Low_Dose/00000140.dcm,130.0,262144,0.0,48,0,,,,,,,0,,,,,,,0,,,,,,,0,,,,,,
L006,Abdomen,192,test/L006/Low_Dose/00000024.dcm,130.0,262144,0.0,50,0,,,,,,,0,,,,,,,0,,,,,,,0,,,,,,
L006,Abdomen,193,test/L006/Low_Dose/00000109.dcm,130.0,262144,0.0,59,0,,,,,,,0,,,,,,,0,,,,,,,0,,,,,,
L006,Abdomen,194,test/L006/Low_Dose/00000021.dcm,130.0,262144,0.0,45,0,,,,,,,0,,,,,,,0,,,,,,,0,,,,,,
L006,Abdomen,195,test/L006/Low_Dose/00000081.dcm,130.0,262144,0.0,40,0,,,,,,,0,,,,,,,0,,,,,,,0,,,,,,
L006,Abdomen,196,test/L006/Low_Dose/00000016.dcm,130.0,262144,0.0,47,0,,,,,,,0,,,,,,,0,,,,,,,0,,,,,,
L006,Abdomen,197,test/L006/Low_Dose/00000146.dcm,130.0,262144,0.0,52,0,,,,,,,0,,,,,,,0,,,,,,,0,,,,,,
L006,Abdomen,198,test/L006/Low_Dose/00000054.dcm,130.0,262144,0.0,38,0,,,,,,,0,,,,,,,0,,,,,,,0,,,,,,
L006,Abdomen,199,test/L006/Low_Dose/00000192.dcm,130.0,262144,0.0,50,0,,,,,,,0,,,,,,,0,,,,,,,0,,,,,,
L006,Abdomen,200,test/L006/Low_Dose/00000173.dcm,130.0,262144,0.0,38,0,,,,,,,0,,,,,,,0,,,,,,,0,,,,,,
L006,Abdomen,201,test/L006/Low_Dose/00000125.dcm,130.0,262144,0.0,32,0,,,,,,,0,,,,,,,0,,,,,,,0,,,,,,
L006,Abdomen,202,test/L006/Low_Dose/00000151.dcm,130.0,262144,0.0,34,0,,,,,,,0,,,,,,,0,,,,,,,0,,,,,,
L006,Abdomen,203,test/L006/Low_Dose/00000141.dcm,130.0,262144,0.0,35,0,,,,,,,0,,,,,,,0,,,,,,,0,,,,,,
L006,Abdomen,204,test/L006/Low_Dose/00000011.dcm,130.0,262144,0.0,25,0,,,,,,,0,,,,,,,0,,,,,,,0,,,,,,
L006,Abdomen,205,test/L006/Low_Dose/00000058.dcm,130.0,262144,0.0,30,0,,,,,,,0,,,,,,,0,,,,,,,0,,,,,,
L006,Abdomen,206,test/L006/Low_Dose/00000026.dcm,130.0,262144,0.0,30,0,,,,,,,0,,,,,,,0,,,,,,,0,,,,,,
L006,Abdomen,207,test/L006/Low_Dose/00000017.dcm,130.0,262144,0.0,22,0,,,,,,,0,,,,,,,0,,,,,,,0,,,,,,
L006,Abdomen,208,test/L006/Low_Dose/00000003.dcm,130.0,262144,0.0,15,0,,,,,,,0,,,,,,,0,,,,,,,0,,,,,,
L006,Abdomen,209,test/L006/Low_Dose/00000157.dcm,130.0,262144,0.0,16,0,,,,,,,0,,,,,,,0,,,,,,,0,,,,,,
L006,Abdomen,210,test/L006/Low_Dose/00000079.dcm,130.0,262144,0.0,12,0,,,,,,,0,,,,,,,0,,,,,,,0,,,,,,
L006,Abdomen,211,test/L006/Low_Dose/00000075.dcm,130.0,262144,0.0,11,0,,,,,,,0,,,,,,,0,,,,,,,0,,,,,,
L006,Abdomen,212,test/L006/Low_Dose/00000072.dcm,130.0,262144,0.0,10,0,,,,,,,0,,,,,,,0,,,,,,,0,,,,,,
L006,Abdomen,213,test/L006/Low_Dose/00000117.dcm,130.0,262144,0.0,10,0,,,,,,,0,,,,,,,0,,,,,,,0,,,,,,
L006,Abdomen,214,test/L006/Low_Dose/00000044.dcm,130.0,262144,0.0,11,0,,,,,,,0,,,,,,,0,,,,,,,0,,,,,,
L107,Abdomen,0,test/L107/Low_Dose/00000131.dcm,130.0,262144,0.0,65,0,,,,,,,0,,,,,,,0,,,,,,,0,,,,,,
L107,Abdomen,1,test/L107/Low_Dose/00000115.dcm,130.0,262144,0.0,80,0,,,,,,,0,,,,,,,0,,,,,,,0,,,,,,
L107,Abdomen,2,test/L107/Low_Dose/00000159.dcm,130.0,262144,0.0,72,0,,,,,,,0,,,,,,,0,,,,,,,0,,,,,,
L107,Abdomen,3,test/L107/Low_Dose/00000035.dcm,130.0,262144,0.0,74,0,,,,,,,0,,,,,,,0,,,,,,,0,,,,,,
L107,Abdomen,4,test/L107/Low_Dose/00000143.dcm,130.0,262144,0.0,59,0,,,,,,,0,,,,,,,0,,,,,,,0,,,,,,
L107,Abdomen,5,test/L107/Low_Dose/00000126.dcm,130.0,262144,0.0,62,0,,,,,,,0,,,,,,,0,,,,,,,0,,,,,,
L107,Abdomen,6,test/L107/Low_Dose/00000026.dcm,130.0,262144,0.0,64,0,,,,,,,0,,,,,,,0,,,,,,,0,,,,,,
L107,Abdomen,7,test/L107/Low_Dose/00000187.dcm,130.0,262144,0.0,67,0,,,,,,,0,,,,,,,0,,,,,,,0,,,,,,
L107,Abdomen,8,test/L107/Low_Dose/00000173.dcm,130.0,262144,0.0,77,0,,,,,,,0,,,,,,,0,,,,,,,0,,,,,,
L107,Abdomen,9,test/L107/Low_Dose/00000042.dcm,130.0,262144,0.0,91,0,,,,,,,0,,,,,,,0,,,,,,,0,,,,,,
L107,Abdomen,10,test/L107/Low_Dose/00000184.dcm,130.0,262144,0.0,67,0,,,,,,,0,,,,,,,0,,,,,,,0,,,,,,
L107,Abdomen,11,test/L107/Low_Dose/00000028.dcm,130.0,262144,0.0,88,0,,,,,,,0,,,,,,,0,,,,,,,0,,,,,,
L107,Abdomen,12,test/L107/Low_Dose/00000033.dcm,130.0,262144,0.0,86,0,,,,,,,0,,,,,,,0,,,,,,,0,,,,,,
L107,Abdomen,13,test/L107/Low_Dose/00000070.dcm,130.0,262144,0.0,96,0,,,,,,,0,,,,,,,0,,,,,,,0,,,,,,
L107,Abdomen,14,test/L107/Low_Dose/00000003.dcm,130.0,262144,0.0,72,0,,,,,,,0,,,,,,,0,,,,,,,0,,,,,,
L107,Abdomen,15,test/L107/Low_Dose/00000029.dcm,130.0,262144,0.0,71,0,,,,,,,0,,,,,,,0,,,,,,,0,,,,,,
L107,Abdomen,16,test/L107/Low_Dose/00000139.dcm,130.0,262144,0.0,61,0,,,,,,,0,,,,,,,0,,,,,,,0,,,,,,
L107,Abdomen,17,test/L107/Low_Dose/00000194.dcm,130.0,262144,0.0,60,0,,,,,,,0,,,,,,,0,,,,,,,0,,,,,,
L107,Abdomen,18,test/L107/Low_Dose/00000182.dcm,130.0,262144,0.0,51,0,,,,,,,0,,,,,,,0,,,,,,,0,,,,,,
L107,Abdomen,19,test/L107/Low_Dose/00000179.dcm,130.0,262144,0.0,60,0,,,,,,,0,,,,,,,0,,,,,,,0,,,,,,
L107,Abdomen,20,test/L107/Low_Dose/00000091.dcm,130.0,262144,0.0,49,0,,,,,,,0,,,,,,,0,,,,,,,0,,,,,,
L107,Abdomen,21,test/L107/Low_Dose/00000130.dcm,130.0,262144,0.0,67,0,,,,,,,0,,,,,,,0,,,,,,,0,,,,,,
L107,Abdomen,22,test/L107/Low_Dose/00000022.dcm,130.0,262144,0.0,55,0,,,,,,,0,,,,,,,0,,,,,,,0,,,,,,
L107,Abdomen,23,test/L107/Low_Dose/00000004.dcm,130.0,262144,0.0,46,0,,,,,,,0,,,,,,,0,,,,,,,0,,,,,,
L107,Abdomen,24,test/L107/Low_Dose/00000077.dcm,130.0,262144,0.0,53,0,,,,,,,0,,,,,,,0,,,,,,,0,,,,,,
L107,Abdomen,25,test/L107/Low_Dose/00000157.dcm,130.0,262144,0.0,43,0,,,,,,,0,,,,,,,0,,,,,,,0,,,,,,
L107,Abdomen,26,test/L107/Low_Dose/00000123.dcm,130.0,262144,0.0,57,0,,,,,,,0,,,,,,,0,,,,,,,0,,,,,,
L107,Abdomen,27,test/L107/Low_Dose/00000002.dcm,130.0,262144,0.0,30,0,,,,,,,0,,,,,,,0,,,,,,,0,,,,,,
L107,Abdomen,28,test/L107/Low_Dose/00000037.dcm,130.0,262144,0.0,43,0,,,,,,,0,,,,,,,0,,,,,,,0,,,,,,
L107,Abdomen,29,test/L107/Low_Dose/00000014.dcm,130.0,262144,0.0,50,0,,,,,,,0,,,,,,,0,,,,,,,0,,,,,,
L107,Abdomen,30,test/L107/Low_Dose/00000008.dcm,130.0,262144,0.0,43,0,,,,,,,0,,,,,,,0,,,,,,,0,,,,,,
L107,Abdomen,31,test/L107/Low_Dose/00000178.dcm,130.0,262144,0.0,48,0,,,,,,,0,,,,,,,0,,,,,,,0,,,,,,
L107,Abdomen,32,test/L107/Low_Dose/00000083.dcm,130.0,262144,0.0,43,0,,,,,,,0,,,,,,,0,,,,,,,0,,,,,,
L107,Abdomen,33,test/L107/Low_Dose/00000121.dcm,130.0,262144,0.0,51,0,,,,,,,0,,,,,,,0,,,,,,,0,,,,,,
L107,Abdomen,34,test/L107/Low_Dose/00000013.dcm,130.0,262144,0.0,43,0,,,,,,,0,,,,,,,0,,,,,,,0,,,,,,
L107,Abdomen,35,test/L107/Low_Dose/00000069.dcm,130.0,262144,0.0,50,0,,,,,,,0,,,,,,,0,,,,,,,0,,,,,,
L107,Abdomen,36,test/L107/Low_Dose/00000122.dcm,130.0,262144,0.0,60,0,,,,,,,0,,,,,,,0,,,,,,,0,,,,,,
L107,Abdomen,37,test/L107/Low_Dose/00000140.dcm,130.0,262144,0.0,43,0,,,,,,,0,,,,,,,0,,,,,,,0,,,,,,
L107,Abdomen,38,test/L107/Low_Dose/00000141.dcm,130.0,262144,0.0,63,0,,,,,,,0,,,,,,,0,,,,,,,0,,,,,,
L107,Abdomen,39,test/L107/Low_Dose/00000185.dcm,130.0,262144,0.0,59,0,,,,,,,0,,,,,,,0,,,,,,,0,,,,,,
L107,Abdomen,40,test/L107/Low_Dose/00000125.dcm,130.0,262144,0.0,57,0,,,,,,,0,,,,,,,0,,,,,,,0,,,,,,
L107,Abdomen,41,test/L107/Low_Dose/00000145.dcm,130.0,262144,0.0,79,0,,,,,,,0,,,,,,,0,,,,,,,0,,,,,,
L107,Abdomen,42,test/L107/Low_Dose/00000127.dcm,130.0,262144,0.0,75,0,,,,,,,0,,,,,,,0,,,,,,,0,,,,,,
L107,Abdomen,43,test/L107/Low_Dose/00000191.dcm,130.0,262144,0.0,74,0,,,,,,,0,,,,,,,0,,,,,,,0,,,,,,
L107,Abdomen,44,test/L107/Low_Dose/00000198.dcm,130.0,262144,0.0,74,0,,,,,,,0,,,,,,,0,,,,,,,0,,,,,,
L107,Abdomen,45,test/L107/Low_Dose/00000071.dcm,130.0,262144,0.0,73,0,,,,,,,0,,,,,,,0,,,,,,,0,,,,,,
L107,Abdomen,46,test/L107/Low_Dose/00000180.dcm,130.0,262144,0.0,67,0,,,,,,,0,,,,,,,0,,,,,,,0,,,,,,
L107,Abdomen,47,test/L107/Low_Dose/00000054.dcm,130.0,262144,0.0,87,0,,,,,,,0,,,,,,,0,,,,,,,0,,,,,,
L107,Abdomen,48,test/L107/Low_Dose/00000018.dcm,130.0,262144,0.0,77,0,,,,,,,0,,,,,,,0,,,,,,,0,,,,,,
L107,Abdomen,49,test/L107/Low_Dose/00000174.dcm,130.0,262144,0.0,80,0,,,,,,,0,,,,,,,0,,,,,,,0,,,,,,
L107,Abdomen,50,test/L107/Low_Dose/00000094.dcm,130.0,262144,0.0,116,0,,,,,,,0,,,,,,,0,,,,,,,0,,,,,,
L107,Abdomen,51,test/L107/Low_Dose/00000032.dcm,130.0,262144,0.0,120,0,,,,,,,0,,,,,,,0,,,,,,,0,,,,,,
L107,Abdomen,52,test/L107/Low_Dose/00000169.dcm,130.0,262144,0.0,126,0,,,,,,,0,,,,,,,0,,,,,,,0,,,,,,
L107,Abdomen,53,test/L107/Low_Dose/00000058.dcm,130.0,262144,0.0,125,0,,,,,,,0,,,,,,,0,,,,,,,0,,,,,,
L107,Abdomen,54,test/L107/Low_Dose/00000136.dcm,130.0,262144,0.0,145,0,,,,,,,0,,,,,,,0,,,,,,,0,,,,,,
L107,Abdomen,55,test/L107/Low_Dose/00000200.dcm,130.0,262144,0.0,121,0,,,,,,,0,,,,,,,0,,,,,,,0,,,,,,
L107,Abdomen,56,test/L107/Low_Dose/00000101.dcm,130.0,262144,0.0,97,0,,,,,,,0,,,,,,,0,,,,,,,0,,,,,,
L107,Abdomen,57,test/L107/Low_Dose/00000201.dcm,130.0,262144,0.0,110,0,,,,,,,0,,,,,,,0,,,,,,,0,,,,,,
L107,Abdomen,58,test/L107/Low_Dose/00000088.dcm,130.0,262144,0.0,124,0,,,,,,,0,,,,,,,0,,,,,,,0,,,,,,
L107,Abdomen,59,test/L107/Low_Dose/00000153.dcm,130.0,262144,0.0,118,0,,,,,,,0,,,,,,,0,,,,,,,0,,,,,,
L107,Abdomen,60,test/L107/Low_Dose/00000051.dcm,130.0,262144,0.0,144,0,,,,,,,0,,,,,,,0,,,,,,,0,,,,,,
L107,Abdomen,61,test/L107/Low_Dose/00000040.dcm,130.0,262144,0.0,159,0,,,,,,,0,,,,,,,0,,,,,,,0,,,,,,
L107,Abdomen,62,test/L107/Low_Dose/00000147.dcm,130.0,262144,0.0,153,0,,,,,,,0,,,,,,,0,,,,,,,0,,,,,,
L107,Abdomen,63,test/L107/Low_Dose/00000106.dcm,130.0,262144,0.0,138,0,,,,,,,0,,,,,,,0,,,,,,,0,,,,,,
L107,Abdomen,64,test/L107/Low_Dose/00000158.dcm,130.0,262144,0.0,145,0,,,,,,,0,,,,,,,0,,,,,,,0,,,,,,
L107,Abdomen,65,test/L107/Low_Dose/00000196.dcm,130.0,262144,0.0,191,0,,,,,,,0,,,,,,,0,,,,,,,0,,,,,,
L107,Abdomen,66,test/L107/Low_Dose/00000176.dcm,130.0,262144,0.0,179,0,,,,,,,0,,,,,,,0,,,,,,,0,,,,,,
L107,Abdomen,67,test/L107/Low_Dose/00000156.dcm,130.0,262144,0.0,170,0,,,,,,,0,,,,,,,0,,,,,,,0,,,,,,
L107,Abdomen,68,test/L107/Low_Dose/00000150.dcm,130.0,262144,0.0,160,0,,,,,,,0,,,,,,,0,,,,,,,0,,,,,,
L107,Abdomen,69,test/L107/Low_Dose/00000082.dcm,130.0,262144,0.0,139,0,,,,,,,0,,,,,,,0,,,,,,,0,,,,,,
L107,Abdomen,70,test/L107/Low_Dose/00000043.dcm,130.0,262144,0.0,202,0,,,,,,,0,,,,,,,0,,,,,,,0,,,,,,
L107,Abdomen,71,test/L107/Low_Dose/00000110.dcm,130.0,262144,0.0,158,0,,,,,,,0,,,,,,,0,,,,,,,0,,,,,,
L107,Abdomen,72,test/L107/Low_Dose/00000192.dcm,130.0,262144,0.0,220,0,,,,,,,0,,,,,,,0,,,,,,,0,,,,,,
L107,Abdomen,73,test/L107/Low_Dose/00000120.dcm,130.0,262144,0.0,202,0,,,,,,,0,,,,,,,0,,,,,,,0,,,,,,
L107,Abdomen,74,test/L107/Low_Dose/00000197.dcm,130.0,262144,0.0,247,0,,,,,,,0,,,,,,,0,,,,,,,0,,,,,,
L107,Abdomen,75,test/L107/Low_Dose/00000183.dcm,130.0,262144,0.0,225,0,,,,,,,0,,,,,,,0,,,,,,,0,,,,,,
L107,Abdomen,76,test/L107/Low_Dose/00000087.dcm,130.0,262144,0.0,250,0,,,,,,,0,,,,,,,0,,,,,,,0,,,,,,
L107,Abdomen,77,test/L107/Low_Dose/00000007.dcm,130.0,262144,0.0,234,0,,,,,,,0,,,,,,,0,,,,,,,0,,,,,,
L107,Abdomen,78,test/L107/Low_Dose/00000117.dcm,130.0,262144,0.0,239,0,,,,,,,0,,,,,,,0,,,,,,,0,,,,,,
L107,Abdomen,79,test/L107/Low_Dose/00000048.dcm,130.0,262144,0.0,211,0,,,,,,,0,,,,,,,0,,,,,,,0,,,,,,
L107,Abdomen,80,test/L107/Low_Dose/00000009.dcm,130.0,262144,0.0,231,0,,,,,,,0,,,,,,,0,,,,,,,0,,,,,,
L107,Abdomen,81,test/L107/Low_Dose/00000045.dcm,130.0,262144,0.0,224,0,,,,,,,0,,,,,,,0,,,,,,,0,,,,,,
L107,Abdomen,82,test/L107/Low_Dose/00000138.dcm,130.0,262144,0.0,226,0,,,,,,,0,,,,,,,0,,,,,,,0,,,,,,
L107,Abdomen,83,test/L107/Low_Dose/00000016.dcm,130.0,262144,0.0,200,0,,,,,,,0,,,,,,,0,,,,,,,0,,,,,,
L107,Abdomen,84,test/L107/Low_Dose/00000177.dcm,130.0,262144,0.0,211,0,,,,,,,0,,,,,,,0,,,,,,,0,,,,,,
L107,Abdomen,85,test/L107/Low_Dose/00000160.dcm,130.0,262144,0.0,209,0,,,,,,,0,,,,,,,0,,,,,,,0,,,,,,
L107,Abdomen,86,test/L107/Low_Dose/00000097.dcm,130.0,262144,0.0,165,0,,,,,,,0,,,,,,,0,,,,,,,0,,,,,,
L107,Abdomen,87,test/L107/Low_Dose/00000152.dcm,130.0,262144,0.0,207,0,,,,,,,0,,,,,,,0,,,,,,,0,,,,,,
L107,Abdomen,88,test/L107/Low_Dose/00000161.dcm,130.0,262144,0.0,169,0,,,,,,,0,,,,,,,0,,,,,,,0,,,,,,
L107,Abdomen,89,test/L107/Low_Dose/00000114.dcm,130.0,262144,0.0,141,0,,,,,,,0,,,,,,,0,,,,,,,0,,,,,,
L107,Abdomen,90,test/L107/Low_Dose/00000052.dcm,130.0,262144,0.0,146,0,,,,,,,0,,,,,,,0,,,,,,,0,,,,,,
L107,Abdomen,91,test/L107/Low_Dose/00000108.dcm,130.0,262144,0.0,162,0,,,,,,,0,,,,,,,0,,,,,,,0,,,,,,
L107,Abdomen,92,test/L107/Low_Dose/00000015.dcm,130.0,262144,0.0,156,0,,,,,,,0,,,,,,,0,,,,,,,0,,,,,,
L107,Abdomen,93,test/L107/Low_Dose/00000133.dcm,130.0,262144,0.0,137,0,,,,,,,0,,,,,,,0,,,,,,,0,,,,,,
L107,Abdomen,94,test/L107/Low_Dose/00000171.dcm,130.0,262144,0.0,164,0,,,,,,,0,,,,,,,0,,,,,,,0,,,,,,
L107,Abdomen,95,test/L107/Low_Dose/00000089.dcm,130.0,262144,0.0,158,0,,,,,,,0,,,,,,,0,,,,,,,0,,,,,,
L107,Abdomen,96,test/L107/Low_Dose/00000144.dcm,130.0,262144,0.0,117,0,,,,,,,0,,,,,,,0,,,,,,,0,,,,,,
L107,Abdomen,97,test/L107/Low_Dose/00000025.dcm,130.0,262144,0.0,97,0,,,,,,,0,,,,,,,0,,,,,,,0,,,,,,
L107,Abdomen,98,test/L107/Low_Dose/00000104.dcm,130.0,262144,0.0,117,0,,,,,,,0,,,,,,,0,,,,,,,0,,,,,,
L107,Abdomen,99,test/L107/Low_Dose/00000031.dcm,130.0,262144,0.0,102,0,,,,,,,0,,,,,,,0,,,,,,,0,,,,,,
L107,Abdomen,100,test/L107/Low_Dose/00000047.dcm,130.0,262144,0.0,118,0,,,,,,,0,,,,,,,0,,,,,,,0,,,,,,
L107,Abdomen,101,test/L107/Low_Dose/00000049.dcm,130.0,262144,0.0,88,0,,,,,,,0,,,,,,,0,,,,,,,0,,,,,,
L107,Abdomen,102,test/L107/Low_Dose/00000010.dcm,130.0,262144,0.0,116,0,,,,,,,0,,,,,,,0,,,,,,,0,,,,,,
L107,Abdomen,103,test/L107/Low_Dose/00000020.dcm,130.0,262144,0.0,103,0,,,,,,,0,,,,,,,0,,,,,,,0,,,,,,
L107,Abdomen,104,test/L107/Low_Dose/00000024.dcm,130.0,262144,0.0,86,0,,,,,,,0,,,,,,,0,,,,,,,0,,,,,,
L107,Abdomen,105,test/L107/Low_Dose/00000149.dcm,130.0,262144,0.0,79,0,,,,,,,0,,,,,,,0,,,,,,,0,,,,,,
L107,Abdomen,106,test/L107/Low_Dose/00000181.dcm,130.0,262144,0.0,101,0,,,,,,,0,,,,,,,0,,,,,,,0,,,,,,
L107,Abdomen,107,test/L107/Low_Dose/00000175.dcm,130.0,262144,0.0,89,0,,,,,,,0,,,,,,,0,,,,,,,0,,,,,,
L107,Abdomen,108,test/L107/Low_Dose/00000128.dcm,130.0,262144,0.0,89,0,,,,,,,0,,,,,,,0,,,,,,,0,,,,,,
L107,Abdomen,109,test/L107/Low_Dose/00000053.dcm,130.0,262144,0.0,107,0,,,,,,,0,,,,,,,0,,,,,,,0,,,,,,
L107,Abdomen,110,test/L107/Low_Dose/00000050.dcm,130.0,262144,0.0,117,0,,,,,,,0,,,,,,,0,,,,,,,0,,,,,,
L107,Abdomen,111,test/L107/Low_Dose/00000168.dcm,130.0,262144,0.0,94,0,,,,,,,0,,,,,,,0,,,,,,,0,,,,,,
L107,Abdomen,112,test/L107/Low_Dose/00000135.dcm,130.0,262144,0.0,88,0,,,,,,,0,,,,,,,0,,,,,,,0,,,,,,
L107,Abdomen,113,test/L107/Low_Dose/00000186.dcm,130.0,262144,0.0,113,0,,,,,,,0,,,,,,,0,,,,,,,0,,,,,,
L107,Abdomen,114,test/L107/Low_Dose/00000155.dcm,130.0,262144,0.0,110,0,,,,,,,0,,,,,,,0,,,,,,,0,,,,,,
L107,Abdomen,115,test/L107/Low_Dose/00000103.dcm,130.0,262144,0.0,107,0,,,,,,,0,,,,,,,0,,,,,,,0,,,,,,
L107,Abdomen,116,test/L107/Low_Dose/00000164.dcm,130.0,262144,0.0,81,0,,,,,,,0,,,,,,,0,,,,,,,0,,,,,,
L107,Abdomen,117,test/L107/Low_Dose/00000170.dcm,130.0,262144,0.0,75,0,,,,,,,0,,,,,,,0,,,,,,,0,,,,,,
L107,Abdomen,118,test/L107/Low_Dose/00000134.dcm,130.0,262144,0.0,111,0,,,,,,,0,,,,,,,0,,,,,,,0,,,,,,
L107,Abdomen,119,test/L107/Low_Dose/00000019.dcm,130.0,262144,0.0,105,0,,,,,,,0,,,,,,,0,,,,,,,0,,,,,,
L107,Abdomen,120,test/L107/Low_Dose/00000190.dcm,130.0,262144,0.0,92,0,,,,,,,0,,,,,,,0,,,,,,,0,,,,,,
L107,Abdomen,121,test/L107/Low_Dose/00000036.dcm,130.0,262144,0.0,108,0,,,,,,,0,,,,,,,0,,,,,,,0,,,,,,
L107,Abdomen,122,test/L107/Low_Dose/00000119.dcm,130.0,262144,0.0,91,0,,,,,,,0,,,,,,,0,,,,,,,0,,,,,,
L107,Abdomen,123,test/L107/Low_Dose/00000081.dcm,130.0,262144,0.0,67,0,,,,,,,0,,,,,,,0,,,,,,,0,,,,,,
L107,Abdomen,124,test/L107/Low_Dose/00000055.dcm,130.0,262144,0.0,63,0,,,,,,,0,,,,,,,0,,,,,,,0,,,,,,
L107,Abdomen,125,test/L107/Low_Dose/00000113.dcm,130.0,262144,0.0,41,0,,,,,,,0,,,,,,,0,,,,,,,0,,,,,,
L107,Abdomen,126,test/L107/Low_Dose/00000154.dcm,130.0,262144,0.0,64,0,,,,,,,0,,,,,,,0,,,,,,,0,,,,,,
L107,Abdomen,127,test/L107/Low_Dose/00000012.dcm,130.0,262144,0.0,64,0,,,,,,,0,,,,,,,0,,,,,,,0,,,,,,
L107,Abdomen,128,test/L107/Low_Dose/00000041.dcm,130.0,262144,0.0,73,0,,,,,,,0,,,,,,,0,,,,,,,0,,,,,,
L107,Abdomen,129,test/L107/Low_Dose/00000195.dcm,130.0,262144,0.0,77,0,,,,,,,0,,,,,,,0,,,,,,,0,,,,,,
L107,Abdomen,130,test/L107/Low_Dose/00000189.dcm,130.0,262144,0.0,87,0,,,,,,,0,,,,,,,0,,,,,,,0,,,,,,
L107,Abdomen,131,test/L107/Low_Dose/00000060.dcm,130.0,262144,0.0,78,0,,,,,,,0,,,,,,,0,,,,,,,0,,,,,,
L107,Abdomen,132,test/L107/Low_Dose/00000074.dcm,130.0,262144,0.0,78,0,,,,,,,0,,,,,,,0,,,,,,,0,,,,,,
L107,Abdomen,133,test/L107/Low_Dose/00000034.dcm,130.0,262144,0.0,97,0,,,,,,,0,,,,,,,0,,,,,,,0,,,,,,
L107,Abdomen,134,test/L107/Low_Dose/00000066.dcm,130.0,262144,0.0,84,0,,,,,,,0,,,,,,,0,,,,,,,0,,,,,,
L107,Abdomen,135,test/L107/Low_Dose/00000102.dcm,130.0,262144,0.0,89,0,,,,,,,0,,,,,,,0,,,,,,,0,,,,,,
L107,Abdomen,136,test/L107/Low_Dose/00000093.dcm,130.0,262144,0.0,84,0,,,,,,,0,,,,,,,0,,,,,,,0,,,,,,
L107,Abdomen,137,test/L107/Low_Dose/00000086.dcm,130.0,262144,0.0,86,0,,,,,,,0,,,,,,,0,,,,,,,0,,,,,,
L107,Abdomen,138,test/L107/Low_Dose/00000129.dcm,130.0,262144,0.0,113,0,,,,,,,0,,,,,,,0,,,,,,,0,,,,,,
L107,Abdomen,139,test/L107/Low_Dose/00000076.dcm,130.0,262144,0.0,123,0,,,,,,,0,,,,,,,0,,,,,,,0,,,,,,
L107,Abdomen,140,test/L107/Low_Dose/00000090.dcm,130.0,262144,0.0,124,0,,,,,,,0,,,,,,,0,,,,,,,0,,,,,,
L107,Abdomen,141,test/L107/Low_Dose/00000202.dcm,130.0,262144,0.0,103,0,,,,,,,0,,,,,,,0,,,,,,,0,,,,,,
L107,Abdomen,142,test/L107/Low_Dose/00000001.dcm,130.0,262144,0.0,85,0,,,,,,,0,,,,,,,0,,,,,,,0,,,,,,
L107,Abdomen,143,test/L107/Low_Dose/00000107.dcm,130.0,262144,0.0,93,0,,,,,,,0,,,,,,,0,,,,,,,0,,,,,,
L107,Abdomen,144,test/L107/Low_Dose/00000062.dcm,130.0,262144,0.0,101,0,,,,,,,0,,,,,,,0,,,,,,,0,,,,,,
L107,Abdomen,145,test/L107/Low_Dose/00000068.dcm,130.0,262144,0.0,82,0,,,,,,,0,,,,,,,0,,,,,,,0,,,,,,
L107,Abdomen,146,test/L107/Low_Dose/00000039.dcm,130.0,262144,0.0,78,0,,,,,,,0,,,,,,,0,,,,,,,0,,,,,,
L107,Abdomen,147,test/L107/Low_Dose/00000100.dcm,130.0,262144,0.0,91,0,,,,,,,0,,,,,,,0,,,,,,,0,,,,,,
L107,Abdomen,148,test/L107/Low_Dose/00000167.dcm,130.0,262144,0.0,90,0,,,,,,,0,,,,,,,0,,,,,,,0,,,,,,
L107,Abdomen,149,test/L107/Low_Dose/00000065.dcm,130.0,262144,0.0,98,0,,,,,,,0,,,,,,,0,,,,,,,0,,,,,,
L107,Abdomen,150,test/L107/Low_Dose/00000017.dcm,130.0,262144,0.0,86,0,,,,,,,0,,,,,,,0,,,,,,,0,,,,,,
L107,Abdomen,151,test/L107/Low_Dose/00000046.dcm,130.0,262144,0.0,78,0,,,,,,,0,,,,,,,0,,,,,,,0,,,,,,
L107,Abdomen,152,test/L107/Low_Dose/00000146.dcm,130.0,262144,0.0,83,0,,,,,,,0,,,,,,,0,,,,,,,0,,,,,,
L107,Abdomen,153,test/L107/Low_Dose/00000096.dcm,130.0,262144,0.0,67,0,,,,,,,0,,,,,,,0,,,,,,,0,,,,,,
L107,Abdomen,154,test/L107/Low_Dose/00000021.dcm,130.0,262144,0.0,86,0,,,,,,,0,,,,,,,0,,,,,,,0,,,,,,
L107,Abdomen,155,test/L107/Low_Dose/00000137.dcm,130.0,262144,0.0,89,0,,,,,,,0,,,,,,,0,,,,,,,0,,,,,,
L107,Abdomen,156,test/L107/Low_Dose/00000124.dcm,130.0,262144,0.0,72,0,,,,,,,0,,,,,,,0,,,,,,,0,,,,,,
L107,Abdomen,157,test/L107/Low_Dose/00000188.dcm,130.0,262144,0.0,69,0,,,,,,,0,,,,,,,0,,,,,,,0,,,,,,
L107,Abdomen,158,test/L107/Low_Dose/00000166.dcm,130.0,262144,0.0,70,0,,,,,,,0,,,,,,,0,,,,,,,0,,,,,,
L107,Abdomen,159,test/L107/Low_Dose/00000044.dcm,130.0,262144,0.0,57,0,,,,,,,0,,,,,,,0,,,,,,,0,,,,,,
L107,Abdomen,160,test/L107/Low_Dose/00000059.dcm,130.0,262144,0.0,49,0,,,,,,,0,,,,,,,0,,,,,,,0,,,,,,
L107,Abdomen,161,test/L107/Low_Dose/00000030.dcm,130.0,262144,0.0,45,0,,,,,,,0,,,,,,,0,,,,,,,0,,,,,,
L107,Abdomen,162,test/L107/Low_Dose/00000067.dcm,130.0,262144,0.0,40,0,,,,,,,0,,,,,,,0,,,,,,,0,,,,,,
L107,Abdomen,163,test/L107/Low_Dose/00000109.dcm,130.0,262144,0.0,38,0,,,,,,,0,,,,,,,0,,,,,,,0,,,,,,
L107,Abdomen,164,test/L107/Low_Dose/00000079.dcm,130.0,262144,0.0,34,0,,,,,,,0,,,,,,,0,,,,,,,0,,,,,,
L107,Abdomen,165,test/L107/Low_Dose/00000199.dcm,130.0,262144,0.0,42,0,,,,,,,0,,,,,,,0,,,,,,,0,,,,,,
L107,Abdomen,166,test/L107/Low_Dose/00000105.dcm,130.0,262144,0.0,39,0,,,,,,,0,,,,,,,0,,,,,,,0,,,,,,
L107,Abdomen,167,test/L107/Low_Dose/00000064.dcm,130.0,262144,0.0,30,0,,,,,,,0,,,,,,,0,,,,,,,0,,,,,,
L107,Abdomen,168,test/L107/Low_Dose/00000116.dcm,130.0,262144,0.0,35,0,,,,,,,0,,,,,,,0,,,,,,,0,,,,,,
L107,Abdomen,169,test/L107/Low_Dose/00000118.dcm,130.0,262144,0.0,35,0,,,,,,,0,,,,,,,0,,,,,,,0,,,,,,
L107,Abdomen,170,test/L107/Low_Dose/00000006.dcm,130.0,262144,0.0,40,0,,,,,,,0,,,,,,,0,,,,,,,0,,,,,,
L107,Abdomen,171,test/L107/Low_Dose/00000080.dcm,130.0,262144,0.0,46,0,,,,,,,0,,,,,,,0,,,,,,,0,,,,,,
L107,Abdomen,172,test/L107/Low_Dose/00000078.dcm,130.0,262144,0.0,55,0,,,,,,,0,,,,,,,0,,,,,,,0,,,,,,
L107,Abdomen,173,test/L107/Low_Dose/00000098.dcm,130.0,262144,0.0,50,0,,,,,,,0,,,,,,,0,,,,,,,0,,,,,,
L107,Abdomen,174,test/L107/Low_Dose/00000172.dcm,130.0,262144,0.0,53,0,,,,,,,0,,,,,,,0,,,,,,,0,,,,,,
L107,Abdomen,175,test/L107/Low_Dose/00000061.dcm,130.0,262144,0.0,53,0,,,,,,,0,,,,,,,0,,,,,,,0,,,,,,
L107,Abdomen,176,test/L107/Low_Dose/00000193.dcm,130.0,262144,0.0,56,0,,,,,,,0,,,,,,,0,,,,,,,0,,,,,,
L107,Abdomen,177,test/L107/Low_Dose/00000142.dcm,130.0,262144,0.0,46,0,,,,,,,0,,,,,,,0,,,,,,,0,,,,,,
L107,Abdomen,178,test/L107/Low_Dose/00000057.dcm,130.0,262144,0.0,52,0,,,,,,,0,,,,,,,0,,,,,,,0,,,,,,
L107,Abdomen,179,test/L107/Low_Dose/00000132.dcm,130.0,262144,0.0,52,0,,,,,,,0,,,,,,,0,,,,,,,0,,,,,,
L107,Abdomen,180,test/L107/Low_Dose/00000005.dcm,130.0,262144,0.0,50,0,,,,,,,0,,,,,,,0,,,,,,,0,,,,,,
L107,Abdomen,181,test/L107/Low_Dose/00000056.dcm,130.0,262144,0.0,37,0,,,,,,,0,,,,,,,0,,,,,,,0,,,,,,
L107,Abdomen,182,test/L107/Low_Dose/00000027.dcm,130.0,262144,0.0,40,0,,,,,,,0,,,,,,,0,,,,,,,0,,,,,,
L107,Abdomen,183,test/L107/Low_Dose/00000111.dcm,130.0,262144,0.0,50,0,,,,,,,0,,,,,,,0,,,,,,,0,,,,,,
L107,Abdomen,184,test/L107/Low_Dose/00000148.dcm,130.0,262144,0.0,37,0,,,,,,,0,,,,,,,0,,,,,,,0,,,,,,
L107,Abdomen,185,test/L107/Low_Dose/00000151.dcm,130.0,262144,0.0,38,0,,,,,,,0,,,,,,,0,,,,,,,0,,,,,,
L107,Abdomen,186,test/L107/Low_Dose/00000075.dcm,130.0,262144,0.0,48,0,,,,,,,0,,,,,,,0,,,,,,,0,,,,,,
L107,Abdomen,187,test/L107/Low_Dose/00000023.dcm,130.0,262144,0.0,24,0,,,,,,,0,,,,,,,0,,,,,,,0,,,,,,
L107,Abdomen,188,test/L107/Low_Dose/00000063.dcm,130.0,262144,0.0,32,0,,,,,,,0,,,,,,,0,,,,,,,0,,,,,,
L107,Abdomen,189,test/L107/Low_Dose/00000084.dcm,130.0,262144,0.0,28,0,,,,,,,0,,,,,,,0,,,,,,,0,,,,,,
L107,Abdomen,190,test/L107/Low_Dose/00000072.dcm,130.0,262144,0.0,25,0,,,,,,,0,,,,,,,0,,,,,,,0,,,,,,
L107,Abdomen,191,test/L107/Low_Dose/00000073.dcm,130.0,262144,0.0,30,0,,,,,,,0,,,,,,,0,,,,,,,0,,,,,,
L107,Abdomen,192,test/L107/Low_Dose/00000163.dcm,130.0,262144,0.0,17,0,,,,,,,0,,,,,,,0,,,,,,,0,,,,,,
L107,Abdomen,193,test/L107/Low_Dose/00000038.dcm,130.0,262144,0.0,17,0,,,,,,,0,,,,,,,0,,,,,,,0,,,,,,
L107,Abdomen,194,test/L107/Low_Dose/00000162.dcm,130.0,262144,0.0,20,0,,,,,,,0,,,,,,,0,,,,,,,0,,,,,,
L107,Abdomen,195,test/L107/Low_Dose/00000011.dcm,130.0,262144,0.0,17,0,,,,,,,0,,,,,,,0,,,,,,,0,,,,,,
L107,Abdomen,196,test/L107/Low_Dose/00000085.dcm,130.0,262144,0.0,17,0,,,,,,,0,,,,,,,0,,,,,,,0,,,,,,
L107,Abdomen,197,test/L107/Low_Dose/00000165.dcm,130.0,262144,0.0,14,0,,,,,,,0,,,,,,,0,,,,,,,0,,,,,,
L107,Abdomen,198,test/L107/Low_Dose/00000099.dcm,130.0,262144,0.0,19,0,,,,,,,0,,,,,,,0,,,,,,,0,,,,,,
L107,Abdomen,199,test/L107/Low_Dose/00000112.dcm,130.0,262144,0.0,22,0,,,,,,,0,,,,,,,0,,,,,,,0,,,,,,
L107,Abdomen,200,test/L107/Low_Dose/00000095.dcm,130.0,262144,0.0,20,0,,,,,,,0,,,,,,,0,,,,,,,0,,,,,,
L107,Abdomen,201,test/L107/Low_Dose/00000092.dcm,130.0,262144,0.0,20,0,,,,,,,0,,,,,,,0,,,,,,,0,,,,,,
L220,Abdomen,0,test/L220/Low_Dose/00000085.dcm,130.0,262144,0.0,217,0,,,,,,,0,,,,,,,0,,,,,,,0,,,,,,
L220,Abdomen,1,test/L220/Low_Dose/00000110.dcm,130.0,262144,0.0,231,0,,,,,,,0,,,,,,,0,,,,,,,0,,,,,,
L220,Abdomen,2,test/L220/Low_Dose/00000022.dcm,130.0,262144,0.0,266,0,,,,,,,0,,,,,,,0,,,,,,,0,,,,,,
L220,Abdomen,3,test/L220/Low_Dose/00000058.dcm,130.0,262144,0.0,319,0,,,,,,,0,,,,,,,0,,,,,,,0,,,,,,
L220,Abdomen,4,test/L220/Low_Dose/00000056.dcm,130.0,262144,0.0,279,0,,,,,,,0,,,,,,,0,,,,,,,0,,,,,,
L220,Abdomen,5,test/L220/Low_Dose/00000139.dcm,130.0,262144,0.0,296,0,,,,,,,0,,,,,,,0,,,,,,,0,,,,,,
L220,Abdomen,6,test/L220/Low_Dose/00000053.dcm,130.0,262144,0.0,285,0,,,,,,,0,,,,,,,0,,,,,,,0,,,,,,
L220,Abdomen,7,test/L220/Low_Dose/00000120.dcm,130.0,262144,0.0,289,0,,,,,,,0,,,,,,,0,,,,,,,0,,,,,,
L220,Abdomen,8,test/L220/Low_Dose/00000071.dcm,130.0,262144,0.0,277,0,,,,,,,0,,,,,,,0,,,,,,,0,,,,,,
L220,Abdomen,9,test/L220/Low_Dose/00000029.dcm,130.0,262144,0.0,185,0,,,,,,,0,,,,,,,0,,,,,,,0,,,,,,
L220,Abdomen,10,test/L220/Low_Dose/00000003.dcm,130.0,262144,0.0,137,0,,,,,,,0,,,,,,,0,,,,,,,0,,,,,,
L220,Abdomen,11,test/L220/Low_Dose/00000001.dcm,130.0,262144,0.0,240,0,,,,,,,0,,,,,,,0,,,,,,,0,,,,,,
L220,Abdomen,12,test/L220/Low_Dose/00000046.dcm,130.0,262144,0.0,297,0,,,,,,,0,,,,,,,0,,,,,,,0,,,,,,
L220,Abdomen,13,test/L220/Low_Dose/00000068.dcm,130.0,262144,0.0,294,0,,,,,,,0,,,,,,,0,,,,,,,0,,,,,,
L220,Abdomen,14,test/L220/Low_Dose/00000124.dcm,130.0,262144,0.0,340,0,,,,,,,0,,,,,,,0,,,,,,,0,,,,,,
L220,Abdomen,15,test/L220/Low_Dose/00000119.dcm,130.0,262144,0.0,319,0,,,,,,,0,,,,,,,0,,,,,,,0,,,,,,
L220,Abdomen,16,test/L220/Low_Dose/00000082.dcm,130.0,262144,0.0,222,0,,,,,,,0,,,,,,,0,,,,,,,0,,,,,,
L220,Abdomen,17,test/L220/Low_Dose/00000054.dcm,130.0,262144,0.0,190,0,,,,,,,0,,,,,,,0,,,,,,,0,,,,,,
L220,Abdomen,18,test/L220/Low_Dose/00000013.dcm,130.0,262144,0.0,187,0,,,,,,,0,,,,,,,0,,,,,,,0,,,,,,
L220,Abdomen,19,test/L220/Low_Dose/00000153.dcm,130.0,262144,0.0,223,0,,,,,,,0,,,,,,,0,,,,,,,0,,,,,,
L220,Abdomen,20,test/L220/Low_Dose/00000147.dcm,130.0,262144,0.0,204,0,,,,,,,0,,,,,,,0,,,,,,,0,,,,,,
L220,Abdomen,21,test/L220/Low_Dose/00000064.dcm,130.0,262144,0.0,175,0,,,,,,,0,,,,,,,0,,,,,,,0,,,,,,
L220,Abdomen,22,test/L220/Low_Dose/00000038.dcm,130.0,262144,0.0,199,0,,,,,,,0,,,,,,,0,,,,,,,0,,,,,,
L220,Abdomen,23,test/L220/Low_Dose/00000101.dcm,130.0,262144,0.0,210,0,,,,,,,0,,,,,,,0,,,,,,,0,,,,,,
L220,Abdomen,24,test/L220/Low_Dose/00000107.dcm,130.0,262144,0.0,237,0,,,,,,,0,,,,,,,0,,,,,,,0,,,,,,
L220,Abdomen,25,test/L220/Low_Dose/00000083.dcm,130.0,262144,0.0,270,0,,,,,,,0,,,,,,,0,,,,,,,0,,,,,,
L220,Abdomen,26,test/L220/Low_Dose/00000008.dcm,130.0,262144,0.0,234,0,,,,,,,0,,,,,,,0,,,,,,,0,,,,,,
L220,Abdomen,27,test/L220/Low_Dose/00000146.dcm,130.0,262144,0.0,283,0,,,,,,,0,,,,,,,0,,,,,,,0,,,,,,
L220,Abdomen,28,test/L220/Low_Dose/00000131.dcm,130.0,262144,0.0,316,0,,,,,,,0,,,,,,,0,,,,,,,0,,,,,,
L220,Abdomen,29,test/L220/Low_Dose/00000073.dcm,130.0,262144,0.0,320,0,,,,,,,0,,,,,,,0,,,,,,,0,,,,,,
L220,Abdomen,30,test/L220/Low_Dose/00000076.dcm,130.0,262144,0.0,353,0,,,,,,,0,,,,,,,0,,,,,,,0,,,,,,
L220,Abdomen,31,test/L220/Low_Dose/00000069.dcm,130.0,262144,0.0,358,0,,,,,,,0,,,,,,,0,,,,,,,0,,,,,,
L220,Abdomen,32,test/L220/Low_Dose/00000087.dcm,130.0,262144,0.0,380,0,,,,,,,0,,,,,,,0,,,,,,,0,,,,,,
L220,Abdomen,33,test/L220/Low_Dose/00000025.dcm,130.0,262144,0.0,372,0,,,,,,,0,,,,,,,0,,,,,,,0,,,,,,
L220,Abdomen,34,test/L220/Low_Dose/00000150.dcm,130.0,262144,0.0,327,0,,,,,,,0,,,,,,,0,,,,,,,0,,,,,,
L220,Abdomen,35,test/L220/Low_Dose/00000121.dcm,130.0,262144,0.0,311,0,,,,,,,0,,,,,,,0,,,,,,,0,,,,,,
L220,Abdomen,36,test/L220/Low_Dose/00000034.dcm,130.0,262144,0.0,342,0,,,,,,,0,,,,,,,0,,,,,,,0,,,,,,
L220,Abdomen,37,test/L220/Low_Dose/00000128.dcm,130.0,262144,0.0,412,0,,,,,,,0,,,,,,,0,,,,,,,0,,,,,,
L220,Abdomen,38,test/L220/Low_Dose/00000154.dcm,130.0,262144,0.0,387,0,,,,,,,0,,,,,,,0,,,,,,,0,,,,,,
L220,Abdomen,39,test/L220/Low_Dose/00000074.dcm,130.0,262144,0.0,370,0,,,,,,,0,,,,,,,0,,,,,,,0,,,,,,
L220,Abdomen,40,test/L220/Low_Dose/00000031.dcm,130.0,262144,0.0,398,0,,,,,,,0,,,,,,,0,,,,,,,0,,,,,,
L220,Abdomen,41,test/L220/Low_Dose/00000137.dcm,130.0,262144,0.0,360,0,,,,,,,0,,,,,,,0,,,,,,,0,,,,,,
L220,Abdomen,42,test/L220/Low_Dose/00000092.dcm,130.0,262144,0.0,317,0,,,,,,,0,,,,,,,0,,,,,,,0,,,,,,
L220,Abdomen,43,test/L220/Low_Dose/00000052.dcm,130.0,262144,0.0,342,0,,,,,,,0,,,,,,,0,,,,,,,0,,,,,,
L220,Abdomen,44,test/L220/Low_Dose/00000098.dcm,130.0,262144,0.0,315,0,,,,,,,0,,,,,,,0,,,,,,,0,,,,,,
L220,Abdomen,45,test/L220/Low_Dose/00000032.dcm,130.0,262144,0.0,255,0,,,,,,,0,,,,,,,0,,,,,,,0,,,,,,
L220,Abdomen,46,test/L220/Low_Dose/00000070.dcm,130.0,262144,0.0,205,0,,,,,,,0,,,,,,,0,,,,,,,0,,,,,,
L220,Abdomen,47,test/L220/Low_Dose/00000010.dcm,130.0,262144,0.0,244,0,,,,,,,0,,,,,,,0,,,,,,,0,,,,,,
L220,Abdomen,48,test/L220/Low_Dose/00000063.dcm,130.0,262144,0.0,201,0,,,,,,,0,,,,,,,0,,,,,,,0,,,,,,
L220,Abdomen,49,test/L220/Low_Dose/00000050.dcm,130.0,262144,0.0,151,0,,,,,,,0,,,,,,,0,,,,,,,0,,,,,,
L220,Abdomen,50,test/L220/Low_Dose/00000144.dcm,130.0,262144,0.0,169,0,,,,,,,0,,,,,,,0,,,,,,,0,,,,,,
L220,Abdomen,51,test/L220/Low_Dose/00000089.dcm,130.0,262144,0.0,141,0,,,,,,,0,,,,,,,0,,,,,,,0,,,,,,
L220,Abdomen,52,test/L220/Low_Dose/00000045.dcm,130.0,262144,0.0,122,0,,,,,,,0,,,,,,,0,,,,,,,0,,,,,,
L220,Abdomen,53,test/L220/Low_Dose/00000048.dcm,130.0,262144,0.0,107,0,,,,,,,0,,,,,,,0,,,,,,,0,,,,,,
L220,Abdomen,54,test/L220/Low_Dose/00000115.dcm,130.0,262144,0.0,101,0,,,,,,,0,,,,,,,0,,,,,,,0,,,,,,
L220,Abdomen,55,test/L220/Low_Dose/00000105.dcm,130.0,262144,0.0,128,0,,,,,,,0,,,,,,,0,,,,,,,0,,,,,,
L220,Abdomen,56,test/L220/Low_Dose/00000017.dcm,130.0,262144,0.0,163,0,,,,,,,0,,,,,,,0,,,,,,,0,,,,,,
L220,Abdomen,57,test/L220/Low_Dose/00000006.dcm,130.0,262144,0.0,109,0,,,,,,,0,,,,,,,0,,,,,,,0,,,,,,
L220,Abdomen,58,test/L220/Low_Dose/00000094.dcm,130.0,262144,0.0,114,0,,,,,,,0,,,,,,,0,,,,,,,0,,,,,,
L220,Abdomen,59,test/L220/Low_Dose/00000055.dcm,130.0,262144,0.0,113,0,,,,,,,0,,,,,,,0,,,,,,,0,,,,,,
L220,Abdomen,60,test/L220/Low_Dose/00000049.dcm,130.0,262144,0.0,109,0,,,,,,,0,,,,,,,0,,,,,,,0,,,,,,
L220,Abdomen,61,test/L220/Low_Dose/00000123.dcm,130.0,262144,0.0,88,0,,,,,,,0,,,,,,,0,,,,,,,0,,,,,,
L220,Abdomen,62,test/L220/Low_Dose/00000044.dcm,130.0,262144,0.0,73,0,,,,,,,0,,,,,,,0,,,,,,,0,,,,,,
L220,Abdomen,63,test/L220/Low_Dose/00000011.dcm,130.0,262144,0.0,70,0,,,,,,,0,,,,,,,0,,,,,,,0,,,,,,
L220,Abdomen,64,test/L220/Low_Dose/00000084.dcm,130.0,262144,0.0,62,0,,,,,,,0,,,,,,,0,,,,,,,0,,,,,,
L220,Abdomen,65,test/L220/Low_Dose/00000005.dcm,130.0,262144,0.0,52,0,,,,,,,0,,,,,,,0,,,,,,,0,,,,,,
L220,Abdomen,66,test/L220/Low_Dose/00000116.dcm,130.0,262144,0.0,42,0,,,,,,,0,,,,,,,0,,,,,,,0,,,,,,
L220,Abdomen,67,test/L220/Low_Dose/00000135.dcm,130.0,262144,0.0,54,0,,,,,,,0,,,,,,,0,,,,,,,0,,,,,,
L220,Abdomen,68,test/L220/Low_Dose/00000118.dcm,130.0,262144,0.0,47,0,,,,,,,0,,,,,,,0,,,,,,,0,,,,,,
L220,Abdomen,69,test/L220/Low_Dose/00000075.dcm,130.0,262144,0.0,35,0,,,,,,,0,,,,,,,0,,,,,,,0,,,,,,
L220,Abdomen,70,test/L220/Low_Dose/00000030.dcm,130.0,262144,0.0,18,0,,,,,,,0,,,,,,,0,,,,,,,0,,,,,,
L220,Abdomen,71,test/L220/Low_Dose/00000009.dcm,130.0,262144,0.0,22,0,,,,,,,0,,,,,,,0,,,,,,,0,,,,,,
L220,Abdomen,72,test/L220/Low_Dose/00000021.dcm,130.0,262144,0.0,53,0,,,,,,,0,,,,,,,0,,,,,,,0,,,,,,
L220,Abdomen,73,test/L220/Low_Dose/00000014.dcm,130.0,262144,0.0,32,0,,,,,,,0,,,,,,,0,,,,,,,0,,,,,,
L220,Abdomen,74,test/L220/Low_Dose/00000151.dcm,130.0,262144,0.0,26,0,,,,,,,0,,,,,,,0,,,,,,,0,,,,,,
L220,Abdomen,75,test/L220/Low_Dose/00000130.dcm,130.0,262144,0.0,26,0,,,,,,,0,,,,,,,0,,,,,,,0,,,,,,
L220,Abdomen,76,test/L220/Low_Dose/00000133.dcm,130.0,262144,0.0,19,0,,,,,,,0,,,,,,,0,,,,,,,0,,,,,,
L220,Abdomen,77,test/L220/Low_Dose/00000155.dcm,130.0,262144,0.0,24,0,,,,,,,0,,,,,,,0,,,,,,,0,,,,,,
L220,Abdomen,78,test/L220/Low_Dose/00000066.dcm,130.0,262144,0.0,28,0,,,,,,,0,,,,,,,0,,,,,,,0,,,,,,
L220,Abdomen,79,test/L220/Low_Dose/00000080.dcm,130.0,262144,0.0,34,0,,,,,,,0,,,,,,,0,,,,,,,0,,,,,,
L220,Abdomen,80,test/L220/Low_Dose/00000007.dcm,130.0,262144,0.0,40,0,,,,,,,0,,,,,,,0,,,,,,,0,,,,,,
L220,Abdomen,81,test/L220/Low_Dose/00000132.dcm,130.0,262144,0.0,30,0,,,,,,,0,,,,,,,0,,,,,,,0,,,,,,
L220,Abdomen,82,test/L220/Low_Dose/00000039.dcm,130.0,262144,0.0,32,0,,,,,,,0,,,,,,,0,,,,,,,0,,,,,,
L220,Abdomen,83,test/L220/Low_Dose/00000093.dcm,130.0,262144,0.0,32,0,,,,,,,0,,,,,,,0,,,,,,,0,,,,,,
L220,Abdomen,84,test/L220/Low_Dose/00000036.dcm,130.0,262144,0.0,62,0,,,,,,,0,,,,,,,0,,,,,,,0,,,,,,
L220,Abdomen,85,test/L220/Low_Dose/00000040.dcm,130.0,262144,0.0,51,0,,,,,,,0,,,,,,,0,,,,,,,0,,,,,,
L220,Abdomen,86,test/L220/Low_Dose/00000097.dcm,130.0,262144,0.0,58,0,,,,,,,0,,,,,,,0,,,,,,,0,,,,,,
L220,Abdomen,87,test/L220/Low_Dose/00000117.dcm,130.0,262144,0.0,47,0,,,,,,,0,,,,,,,0,,,,,,,0,,,,,,
L220,Abdomen,88,test/L220/Low_Dose/00000047.dcm,130.0,262144,0.0,50,0,,,,,,,0,,,,,,,0,,,,,,,0,,,,,,
L220,Abdomen,89,test/L220/Low_Dose/00000042.dcm,130.0,262144,0.0,58,0,,,,,,,0,,,,,,,0,,,,,,,0,,,,,,
L220,Abdomen,90,test/L220/Low_Dose/00000051.dcm,130.0,262144,0.0,58,0,,,,,,,0,,,,,,,0,,,,,,,0,,,,,,
L220,Abdomen,91,test/L220/Low_Dose/00000086.dcm,130.0,262144,0.0,52,0,,,,,,,0,,,,,,,0,,,,,,,0,,,,,,
L220,Abdomen,92,test/L220/Low_Dose/00000041.dcm,130.0,262144,0.0,74,0,,,,,,,0,,,,,,,0,,,,,,,0,,,,,,
L220,Abdomen,93,test/L220/Low_Dose/00000090.dcm,130.0,262144,0.0,76,0,,,,,,,0,,,,,,,0,,,,,,,0,,,,,,
L220,Abdomen,94,test/L220/Low_Dose/00000033.dcm,130.0,262144,0.0,92,0,,,,,,,0,,,,,,,0,,,,,,,0,,,,,,
L220,Abdomen,95,test/L220/Low_Dose/00000060.dcm,130.0,262144,0.0,92,0,,,,,,,0,,,,,,,0,,,,,,,0,,,,,,
L220,Abdomen,96,test/L220/Low_Dose/00000102.dcm,130.0,262144,0.0,77,0,,,,,,,0,,,,,,,0,,,,,,,0,,,,,,
L220,Abdomen,97,test/L220/Low_Dose/00000111.dcm,130.0,262144,0.0,89,0,,,,,,,0,,,,,,,0,,,,,,,0,,,,,,
L220,Abdomen,98,test/L220/Low_Dose/00000028.dcm,130.0,262144,0.0,77,0,,,,,,,0,,,,,,,0,,,,,,,0,,,,,,
L220,Abdomen,99,test/L220/Low_Dose/00000129.dcm,130.0,262144,0.0,96,0,,,,,,,0,,,,,,,0,,,,,,,0,,,,,,
L220,Abdomen,100,test/L220/Low_Dose/00000062.dcm,130.0,262144,0.0,72,0,,,,,,,0,,,,,,,0,,,,,,,0,,,,,,
L220,Abdomen,101,test/L220/Low_Dose/00000067.dcm,130.0,262144,0.0,83,0,,,,,,,0,,,,,,,0,,,,,,,0,,,,,,
L220,Abdomen,102,test/L220/Low_Dose/00000112.dcm,130.0,262144,0.0,75,0,,,,,,,0,,,,,,,0,,,,,,,0,,,,,,
L220,Abdomen,103,test/L220/Low_Dose/00000140.dcm,130.0,262144,0.0,67,0,,,,,,,0,,,,,,,0,,,,,,,0,,,,,,
L220,Abdomen,104,test/L220/Low_Dose/00000138.dcm,130.0,262144,0.0,76,0,,,,,,,0,,,,,,,0,,,,,,,0,,,,,,
L220,Abdomen,105,test/L220/Low_Dose/00000113.dcm,130.0,262144,0.0,75,0,,,,,,,0,,,,,,,0,,,,,,,0,,,,,,
L220,Abdomen,106,test/L220/Low_Dose/00000125.dcm,130.0,262144,0.0,64,0,,,,,,,0,,,,,,,0,,,,,,,0,,,,,,
L220,Abdomen,107,test/L220/Low_Dose/00000088.dcm,130.0,262144,0.0,57,0,,,,,,,0,,,,,,,0,,,,,,,0,,,,,,
L220,Abdomen,108,test/L220/Low_Dose/00000035.dcm,130.0,262144,0.0,37,0,,,,,,,0,,,,,,,0,,,,,,,0,,,,,,
L220,Abdomen,109,test/L220/Low_Dose/00000141.dcm,130.0,262144,0.0,32,0,,,,,,,0,,,,,,,0,,,,,,,0,,,,,,
L220,Abdomen,110,test/L220/Low_Dose/00000077.dcm,130.0,262144,0.0,38,0,,,,,,,0,,,,,,,0,,,,,,,0,,,,,,
L220,Abdomen,111,test/L220/Low_Dose/00000081.dcm,130.0,262144,0.0,33,0,,,,,,,0,,,,,,,0,,,,,,,0,,,,,,
L220,Abdomen,112,test/L220/Low_Dose/00000065.dcm,130.0,262144,0.0,21,0,,,,,,,0,,,,,,,0,,,,,,,0,,,,,,
L220,Abdomen,113,test/L220/Low_Dose/00000149.dcm,130.0,262144,0.0,18,0,,,,,,,0,,,,,,,0,,,,,,,0,,,,,,
L220,Abdomen,114,test/L220/Low_Dose/00000096.dcm,130.0,262144,0.0,19,0,,,,,,,0,,,,,,,0,,,,,,,0,,,,,,
L220,Abdomen,115,test/L220/Low_Dose/00000091.dcm,130.0,262144,0.0,17,0,,,,,,,0,,,,,,,0,,,,,,,0,,,,,,
L220,Abdomen,116,test/L220/Low_Dose/00000100.dcm,130.0,262144,0.0,21,0,,,,,,,0,,,,,,,0,,,,,,,0,,,,,,
L220,Abdomen,117,test/L220/Low_Dose/00000127.dcm,130.0,262144,0.0,30,0,,,,,,,0,,,,,,,0,,,,,,,0,,,,,,
L220,Abdomen,118,test/L220/Low_Dose/00000099.dcm,130.0,262144,0.0,23,0,,,,,,,0,,,,,,,0,,,,,,,0,,,,,,
L220,Abdomen,119,test/L220/Low_Dose/00000037.dcm,130.0,262144,0.0,32,0,,,,,,,0,,,,,,,0,,,,,,,0,,,,,,
L220,Abdomen,120,test/L220/Low_Dose/00000020.dcm,130.0,262144,0.0,31,0,,,,,,,0,,,,,,,0,,,,,,,0,,,,,,
L220,Abdomen,121,test/L220/Low_Dose/00000015.dcm,130.0,262144,0.0,41,0,,,,,,,0,,,,,,,0,,,,,,,0,,,,,,
L220,Abdomen,122,test/L220/Low_Dose/00000059.dcm,130.0,262144,0.0,37,0,,,,,,,0,,,,,,,0,,,,,,,0,,,,,,
L220,Abdomen,123,test/L220/Low_Dose/00000002.dcm,130.0,262144,0.0,33,0,,,,,,,0,,,,,,,0,,,,,,,0,,,,,,
L220,Abdomen,124,test/L220/Low_Dose/00000108.dcm,130.0,262144,0.0,40,0,,,,,,,0,,,,,,,0,,,,,,,0,,,,,,
L220,Abdomen,125,test/L220/Low_Dose/00000078.dcm,130.0,262144,0.0,49,0,,,,,,,0,,,,,,,0,,,,,,,0,,,,,,
L220,Abdomen,126,test/L220/Low_Dose/00000143.dcm,130.0,262144,0.0,38,0,,,,,,,0,,,,,,,0,,,,,,,0,,,,,,
L220,Abdomen,127,test/L220/Low_Dose/00000114.dcm,130.0,262144,0.0,40,0,,,,,,,0,,,,,,,0,,,,,,,0,,,,,,
L220,Abdomen,128,test/L220/Low_Dose/00000024.dcm,130.0,262144,0.0,59,0,,,,,,,0,,,,,,,0,,,,,,,0,,,,,,
L220,Abdomen,129,test/L220/Low_Dose/00000043.dcm,130.0,262144,0.0,65,0,,,,,,,0,,,,,,,0,,,,,,,0,,,,,,
L220,Abdomen,130,test/L220/Low_Dose/00000057.dcm,130.0,262144,0.0,63,0,,,,,,,0,,,,,,,0,,,,,,,0,,,,,,
L220,Abdomen,131,test/L220/Low_Dose/00000072.dcm,130.0,262144,0.0,76,0,,,,,,,0,,,,,,,0,,,,,,,0,,,,,,
L220,Abdomen,132,test/L220/Low_Dose/00000106.dcm,130.0,262144,0.0,63,0,,,,,,,0,,,,,,,0,,,,,,,0,,,,,,
L220,Abdomen,133,test/L220/Low_Dose/00000095.dcm,130.0,262144,0.0,72,0,,,,,,,0,,,,,,,0,,,,,,,0,,,,,,
L220,Abdomen,134,test/L220/Low_Dose/00000145.dcm,130.0,262144,0.0,71,0,,,,,,,0,,,,,,,0,,,,,,,0,,,,,,
L220,Abdomen,135,test/L220/Low_Dose/00000026.dcm,130.0,262144,0.0,68,0,,,,,,,0,,,,,,,0,,,,,,,0,,,,,,
L220,Abdomen,136,test/L220/Low_Dose/00000103.dcm,130.0,262144,0.0,59,0,,,,,,,0,,,,,,,0,,,,,,,0,,,,,,
L220,Abdomen,137,test/L220/Low_Dose/00000079.dcm,130.0,262144,0.0,55,0,,,,,,,0,,,,,,,0,,,,,,,0,,,,,,
L220,Abdomen,138,test/L220/Low_Dose/00000004.dcm,130.0,262144,0.0,55,0,,,,,,,0,,,,,,,0,,,,,,,0,,,,,,
L220,Abdomen,139,test/L220/Low_Dose/00000122.dcm,130.0,262144,0.0,37,0,,,,,,,0,,,,,,,0,,,,,,,0,,,,,,
L220,Abdomen,140,test/L220/Low_Dose/00000023.dcm,130.0,262144,0.0,36,0,,,,,,,0,,,,,,,0,,,,,,,0,,,,,,
L220,Abdomen,141,test/L220/Low_Dose/00000016.dcm,130.0,262144,0.0,34,0,,,,,,,0,,,,,,,0,,,,,,,0,,,,,,
L220,Abdomen,142,test/L220/Low_Dose/00000148.dcm,130.0,262144,0.0,35,0,,,,,,,0,,,,,,,0,,,,,,,0,,,,,,
L220,Abdomen,143,test/L220/Low_Dose/00000136.dcm,130.0,262144,0.0,42,0,,,,,,,0,,,,,,,0,,,,,,,0,,,,,,
L220,Abdomen,144,test/L220/Low_Dose/00000142.dcm,130.0,262144,0.0,34,0,,,,,,,0,,,,,,,0,,,,,,,0,,,,,,
L220,Abdomen,145,test/L220/Low_Dose/00000018.dcm,130.0,262144,0.0,40,0,,,,,,,0,,,,,,,0,,,,,,,0,,,,,,
L220,Abdomen,146,test/L220/Low_Dose/00000061.dcm,130.0,262144,0.0,36,0,,,,,,,0,,,,,,,0,,,,,,,0,,,,,,
L220,Abdomen,147,test/L220/Low_Dose/00000109.dcm,130.0,262144,0.0,45,0,,,,,,,0,,,,,,,0,,,,,,,0,,,,,,
L220,Abdomen,148,test/L220/Low_Dose/00000156.dcm,130.0,262144,0.0,25,0,,,,,,,0,,,,,,,0,,,,,,,0,,,,,,
L220,Abdomen,149,test/L220/Low_Dose/00000152.dcm,130.0,262144,0.0,30,0,,,,,,,0,,,,,,,0,,,,,,,0,,,,,,
L220,Abdomen,150,test/L220/Low_Dose/00000019.dcm,130.0,262144,0.0,20,0,,,,,,,0,,,,,,,0,,,,,,,0,,,,,,
L220,Abdomen,151,test/L220/Low_Dose/00000126.dcm,130.0,262144,0.0,17,0,,,,,,,0,,,,,,,0,,,,,,,0,,,,,,
L220,Abdomen,152,test/L220/Low_Dose/00000134.dcm,130.0,262144,0.0,15,0,,,,,,,0,,,,,,,0,,,,,,,0,,,,,,
L220,Abdomen,153,test/L220/Low_Dose/00000027.dcm,130.0,262144,0.0,15,0,,,,,,,0,,,,,,,0,,,,,,,0,,,,,,
L220,Abdomen,154,test/L220/Low_Dose/00000104.dcm,130.0,262144,0.0,21,0,,,,,,,0,,,,,,,0,,,,,,,0,,,,,,
L220,Abdomen,155,test/L220/Low_Dose/00000012.dcm,130.0,262144,0.0,9,0,,,,,,,0,,,,,,,0,,,,,,,0,,,,,,
L221,Abdomen,0,test/L221/Low_Dose/00000078.dcm,130.0,262144,0.0,224,0,,,,,,,0,,,,,,,0,,,,,,,0,,,,,,
L221,Abdomen,1,test/L221/Low_Dose/00000098.dcm,130.0,262144,0.0,267,0,,,,,,,0,,,,,,,0,,,,,,,0,,,,,,
L221,Abdomen,2,test/L221/Low_Dose/00000064.dcm,130.0,262144,0.0,249,0,,,,,,,0,,,,,,,0,,,,,,,0,,,,,,
L221,Abdomen,3,test/L221/Low_Dose/00000089.dcm,130.0,262144,0.0,239,0,,,,,,,0,,,,,,,0,,,,,,,0,,,,,,
L221,Abdomen,4,test/L221/Low_Dose/00000024.dcm,130.0,262144,0.0,242,0,,,,,,,0,,,,,,,0,,,,,,,0,,,,,,
L221,Abdomen,5,test/L221/Low_Dose/00000067.dcm,130.0,262144,0.0,250,0,,,,,,,0,,,,,,,0,,,,,,,0,,,,,,
L221,Abdomen,6,test/L221/Low_Dose/00000052.dcm,130.0,262144,0.0,222,0,,,,,,,0,,,,,,,0,,,,,,,0,,,,,,
L221,Abdomen,7,test/L221/Low_Dose/00000018.dcm,130.0,262144,0.0,237,0,,,,,,,0,,,,,,,0,,,,,,,0,,,,,,
L221,Abdomen,8,test/L221/Low_Dose/00000029.dcm,130.0,262144,0.0,215,0,,,,,,,0,,,,,,,0,,,,,,,0,,,,,,
L221,Abdomen,9,test/L221/Low_Dose/00000012.dcm,130.0,262144,0.0,267,0,,,,,,,0,,,,,,,0,,,,,,,0,,,,,,
L221,Abdomen,10,test/L221/Low_Dose/00000014.dcm,130.0,262144,0.0,301,0,,,,,,,0,,,,,,,0,,,,,,,0,,,,,,
L221,Abdomen,11,test/L221/Low_Dose/00000002.dcm,130.0,262144,0.0,251,0,,,,,,,0,,,,,,,0,,,,,,,0,,,,,,
L221,Abdomen,12,test/L221/Low_Dose/00000038.dcm,130.0,262144,0.0,267,0,,,,,,,0,,,,,,,0,,,,,,,0,,,,,,
L221,Abdomen,13,test/L221/Low_Dose/00000016.dcm,130.0,262144,0.0,226,0,,,,,,,0,,,,,,,0,,,,,,,0,,,,,,
L221,Abdomen,14,test/L221/Low_Dose/00000055.dcm,130.0,262144,0.0,216,0,,,,,,,0,,,,,,,0,,,,,,,0,,,,,,
L221,Abdomen,15,test/L221/Low_Dose/00000068.dcm,130.0,262144,0.0,198,0,,,,,,,0,,,,,,,0,,,,,,,0,,,,,,
L221,Abdomen,16,test/L221/Low_Dose/00000070.dcm,130.0,262144,0.0,252,0,,,,,,,0,,,,,,,0,,,,,,,0,,,,,,
L221,Abdomen,17,test/L221/Low_Dose/00000083.dcm,130.0,262144,0.0,207,0,,,,,,,0,,,,,,,0,,,,,,,0,,,,,,
L221,Abdomen,18,test/L221/Low_Dose/00000069.dcm,130.0,262144,0.0,113,0,,,,,,,0,,,,,,,0,,,,,,,0,,,,,,
L221,Abdomen,19,test/L221/Low_Dose/00000060.dcm,130.0,262144,0.0,76,0,,,,,,,0,,,,,,,0,,,,,,,0,,,,,,
L221,Abdomen,20,test/L221/Low_Dose/00000006.dcm,130.0,262144,0.0,88,0,,,,,,,0,,,,,,,0,,,,,,,0,,,,,,
L221,Abdomen,21,test/L221/Low_Dose/00000017.dcm,130.0,262144,0.0,75,0,,,,,,,0,,,,,,,0,,,,,,,0,,,,,,
L221,Abdomen,22,test/L221/Low_Dose/00000050.dcm,130.0,262144,0.0,141,0,,,,,,,0,,,,,,,0,,,,,,,0,,,,,,
L221,Abdomen,23,test/L221/Low_Dose/00000079.dcm,130.0,262144,0.0,128,0,,,,,,,0,,,,,,,0,,,,,,,0,,,,,,
L221,Abdomen,24,test/L221/Low_Dose/00000045.dcm,130.0,262144,0.0,160,0,,,,,,,0,,,,,,,0,,,,,,,0,,,,,,
L221,Abdomen,25,test/L221/Low_Dose/00000049.dcm,130.0,262144,0.0,165,0,,,,,,,0,,,,,,,0,,,,,,,0,,,,,,
L221,Abdomen,26,test/L221/Low_Dose/00000075.dcm,130.0,262144,0.0,137,0,,,,,,,0,,,,,,,0,,,,,,,0,,,,,,
L221,Abdomen,27,test/L221/Low_Dose/00000020.dcm,130.0,262144,0.0,180,0,,,,,,,0,,,,,,,0,,,,,,,0,,,,,,
L221,Abdomen,28,test/L221/Low_Dose/00000076.dcm,130.0,262144,0.0,94,0,,,,,,,0,,,,,,,0,,,,,,,0,,,,,,
L221,Abdomen,29,test/L221/Low_Dose/00000034.dcm,130.0,262144,0.0,88,0,,,,,,,0,,,,,,,0,,,,,,,0,,,,,,
L221,Abdomen,30,test/L221/Low_Dose/00000053.dcm,130.0,262144,0.0,109,0,,,,,,,0,,,,,,,0,,,,,,,0,,,,,,
L221,Abdomen,31,test/L221/Low_Dose/00000021.dcm,130.0,262144,0.0,94,0,,,,,,,0,,,,,,,0,,,,,,,0,,,,,,
L221,Abdomen,32,test/L221/Low_Dose/00000066.dcm,130.0,262144,0.0,82,0,,,,,,,0,,,,,,,0,,,,,,,0,,,,,,
L221,Abdomen,33,test/L221/Low_Dose/00000080.dcm,130.0,262144,0.0,85,0,,,,,,,0,,,,,,,0,,,,,,,0,,,,,,
L221,Abdomen,34,test/L221/Low_Dose/00000062.dcm,130.0,262144,0.0,103,0,,,,,,,0,,,,,,,0,,,,,,,0,,,,,,
L221,Abdomen,35,test/L221/Low_Dose/00000023.dcm,130.0,262144,0.0,67,0,,,,,,,0,,,,,,,0,,,,,,,0,,,,,,
L221,Abdomen,36,test/L221/Low_Dose/00000061.dcm,130.0,262144,0.0,92,0,,,,,,,0,,,,,,,0,,,,,,,0,,,,,,
L221,Abdomen,37,test/L221/Low_Dose/00000040.dcm,130.0,262144,0.0,116,0,,,,,,,0,,,,,,,0,,,,,,,0,,,,,,
L221,Abdomen,38,test/L221/Low_Dose/00000094.dcm,130.0,262144,0.0,123,0,,,,,,,0,,,,,,,0,,,,,,,0,,,,,,
L221,Abdomen,39,test/L221/Low_Dose/00000051.dcm,130.0,262144,0.0,72,0,,,,,,,0,,,,,,,0,,,,,,,0,,,,,,
L221,Abdomen,40,test/L221/Low_Dose/00000085.dcm,130.0,262144,0.0,100,0,,,,,,,0,,,,,,,0,,,,,,,0,,,,,,
L221,Abdomen,41,test/L221/Low_Dose/00000037.dcm,130.0,262144,0.0,84,0,,,,,,,0,,,,,,,0,,,,,,,0,,,,,,
L221,Abdomen,42,test/L221/Low_Dose/00000003.dcm,130.0,262144,0.0,91,0,,,,,,,0,,,,,,,0,,,,,,,0,,,,,,
L221,Abdomen,43,test/L221/Low_Dose/00000046.dcm,130.0,262144,0.0,105,0,,,,,,,0,,,,,,,0,,,,,,,0,,,,,,
L221,Abdomen,44,test/L221/Low_Dose/00000093.dcm,130.0,262144,0.0,102,0,,,,,,,0,,,,,,,0,,,,,,,0,,,,,,
L221,Abdomen,45,test/L221/Low_Dose/00000099.dcm,130.0,262144,0.0,118,0,,,,,,,0,,,,,,,0,,,,,,,0,,,,,,
L221,Abdomen,46,test/L221/Low_Dose/00000005.dcm,130.0,262144,0.0,95,0,,,,,,,0,,,,,,,0,,,,,,,0,,,,,,
L221,Abdomen,47,test/L221/Low_Dose/00000030.dcm,130.0,262144,0.0,97,0,,,,,,,0,,,,,,,0,,,,,,,0,,,,,,
L221,Abdomen,48,test/L221/Low_Dose/00000065.dcm,130.0,262144,0.0,84,0,,,,,,,0,,,,,,,0,,,,,,,0,,,,,,
L221,Abdomen,49,test/L221/Low_Dose/00000031.dcm,130.0,262144,0.0,87,0,,,,,,,0,,,,,,,0,,,,,,,0,,,,,,
L221,Abdomen,50,test/L221/Low_Dose/00000028.dcm,130.0,262144,0.0,73,0,,,,,,,0,,,,,,,0,,,,,,,0,,,,,,
L221,Abdomen,51,test/L221/Low_Dose/00000042.dcm,130.0,262144,0.0,80,0,,,,,,,0,,,,,,,0,,,,,,,0,,,,,,
L221,Abdomen,52,test/L221/Low_Dose/00000013.dcm,130.0,262144,0.0,69,0,,,,,,,0,,,,,,,0,,,,,,,0,,,,,,
L221,Abdomen,53,test/L221/Low_Dose/00000091.dcm,130.0,262144,0.0,69,0,,,,,,,0,,,,,,,0,,,,,,,0,,,,,,
L221,Abdomen,54,test/L221/Low_Dose/00000047.dcm,130.0,262144,0.0,74,0,,,,,,,0,,,,,,,0,,,,,,,0,,,,,,
L221,Abdomen,55,test/L221/Low_Dose/00000077.dcm,130.0,262144,0.0,76,0,,,,,,,0,,,,,,,0,,,,,,,0,,,,,,
L221,Abdomen,56,test/L221/Low_Dose/00000097.dcm,130.0,262144,0.0,67,0,,,,,,,0,,,,,,,0,,,,,,,0,,,,,,
L221,Abdomen,57,test/L221/Low_Dose/00000087.dcm,130.0,262144,0.0,74,0,,,,,,,0,,,,,,,0,,,,,,,0,,,,,,
L221,Abdomen,58,test/L221/Low_Dose/00000072.dcm,130.0,262144,0.0,65,0,,,,,,,0,,,,,,,0,,,,,,,0,,,,,,
L221,Abdomen,59,test/L221/Low_Dose/00000092.dcm,130.0,262144,0.0,68,0,,,,,,,0,,,,,,,0,,,,,,,0,,,,,,
L221,Abdomen,60,test/L221/Low_Dose/00000025.dcm,130.0,262144,0.0,57,0,,,,,,,0,,,,,,,0,,,,,,,0,,,,,,
L221,Abdomen,61,test/L221/Low_Dose/00000001.dcm,130.0,262144,0.0,41,0,,,,,,,0,,,,,,,0,,,,,,,0,,,,,,
L221,Abdomen,62,test/L221/Low_Dose/00000056.dcm,130.0,262144,0.0,47,0,,,,,,,0,,,,,,,0,,,,,,,0,,,,,,
L221,Abdomen,63,test/L221/Low_Dose/00000036.dcm,130.0,262144,0.0,56,0,,,,,,,0,,,,,,,0,,,,,,,0,,,,,,
L221,Abdomen,64,test/L221/Low_Dose/00000054.dcm,130.0,262144,0.0,45,0,,,,,,,0,,,,,,,0,,,,,,,0,,,,,,
L221,Abdomen,65,test/L221/Low_Dose/00000008.dcm,130.0,262144,0.0,67,0,,,,,,,0,,,,,,,0,,,,,,,0,,,,,,
L221,Abdomen,66,test/L221/Low_Dose/00000022.dcm,130.0,262144,0.0,50,0,,,,,,,0,,,,,,,0,,,,,,,0,,,,,,
L221,Abdomen,67,test/L221/Low_Dose/00000048.dcm,130.0,262144,0.0,70,0,,,,,,,0,,,,,,,0,,,,,,,0,,,,,,
L221,Abdomen,68,test/L221/Low_Dose/00000004.dcm,130.0,262144,0.0,44,0,,,,,,,0,,,,,,,0,,,,,,,0,,,,,,
L221,Abdomen,69,test/L221/Low_Dose/00000063.dcm,130.0,262144,0.0,45,0,,,,,,,0,,,,,,,0,,,,,,,0,,,,,,
L221,Abdomen,70,test/L221/Low_Dose/00000033.dcm,130.0,262144,0.0,45,0,,,,,,,0,,,,,,,0,,,,,,,0,,,,,,
L221,Abdomen,71,test/L221/Low_Dose/00000096.dcm,130.0,262144,0.0,40,0,,,,,,,0,,,,,,,0,,,,,,,0,,,,,,
L221,Abdomen,72,test/L221/Low_Dose/00000027.dcm,130.0,262144,0.0,35,0,,,,,,,0,,,,,,,0,,,,,,,0,,,,,,
L221,Abdomen,73,test/L221/Low_Dose/00000032.dcm,130.0,262144,0.0,16,0,,,,,,,0,,,,,,,0,,,,,,,0,,,,,,
L221,Abdomen,74,test/L221/Low_Dose/00000057.dcm,130.0,262144,0.0,11,0,,,,,,,0,,,,,,,0,,,,,,,0,,,,,,
L221,Abdomen,75,test/L221/Low_Dose/00000082.dcm,130.0,262144,0.0,40,0,,,,,,,0,,,,,,,0,,,,,,,0,,,,,,
L221,Abdomen,76,test/L221/Low_Dose/00000043.dcm,130.0,262144,0.0,23,0,,,,,,,0,,,,,,,0,,,,,,,0,,,,,,
L221,Abdomen,77,test/L221/Low_Dose/00000010.dcm,130.0,262144,0.0,11,0,,,,,,,0,,,,,,,0,,,,,,,0,,,,,,
L221,Abdomen,78,test/L221/Low_Dose/00000019.dcm,130.0,262144,0.0,25,0,,,,,,,0,,,,,,,0,,,,,,,0,,,,,,
L221,Abdomen,79,test/L221/Low_Dose/00000074.dcm,130.0,262144,0.0,23,0,,,,,,,0,,,,,,,0,,,,,,,0,,,,,,
L221,Abdomen,80,test/L221/Low_Dose/00000015.dcm,130.0,262144,0.0,40,0,,,,,,,0,,,,,,,0,,,,,,,0,,,,,,
L221,Abdomen,81,test/L221/Low_Dose/00000035.dcm,130.0,262144,0.0,36,0,,,,,,,0,,,,,,,0,,,,,,,0,,,,,,
L221,Abdomen,82,test/L221/Low_Dose/00000009.dcm,130.0,262144,0.0,44,0,,,,,,,0,,,,,,,0,,,,,,,0,,,,,,
L221,Abdomen,83,test/L221/Low_Dose/00000039.dcm,130.0,262144,0.0,27,0,,,,,,,0,,,,,,,0,,,,,,,0,,,,,,
L221,Abdomen,84,test/L221/Low_Dose/00000084.dcm,130.0,262144,0.0,16,0,,,,,,,0,,,,,,,0,,,,,,,0,,,,,,
L221,Abdomen,85,test/L221/Low_Dose/00000011.dcm,130.0,262144,0.0,28,0,,,,,,,0,,,,,,,0,,,,,,,0,,,,,,
L221,Abdomen,86,test/L221/Low_Dose/00000041.dcm,130.0,262144,0.0,17,0,,,,,,,0,,,,,,,0,,,,,,,0,,,,,,
L221,Abdomen,87,test/L221/Low_Dose/00000090.dcm,130.0,262144,0.0,27,0,,,,,,,0,,,,,,,0,,,,,,,0,,,,,,
L221,Abdomen,88,test/L221/Low_Dose/00000073.dcm,130.0,262144,0.0,19,0,,,,,,,0,,,,,,,0,,,,,,,0,,,,,,
L221,Abdomen,89,test/L221/Low_Dose/00000044.dcm,130.0,262144,0.0,18,0,,,,,,,0,,,,,,,0,,,,,,,0,,,,,,
L221,Abdomen,90,test/L221/Low_Dose/00000081.dcm,130.0,262144,0.0,35,0,,,,,,,0,,,,,,,0,,,,,,,0,,,,,,
L221,Abdomen,91,test/L221/Low_Dose/00000007.dcm,130.0,262144,0.0,37,0,,,,,,,0,,,,,,,0,,,,,,,0,,,,,,
L221,Abdomen,92,test/L221/Low_Dose/00000086.dcm,130.0,262144,0.0,50,0,,,,,,,0,,,,,,,0,,,,,,,0,,,,,,
L221,Abdomen,93,test/L221/Low_Dose/00000095.dcm,130.0,262144,0.0,57,0,,,,,,,0,,,,,,,0,,,,,,,0,,,,,,
L221,Abdomen,94,test/L221/Low_Dose/00000026.dcm,130.0,262144,0.0,53,0,,,,,,,0,,,,,,,0,,,,,,,0,,,,,,
L221,Abdomen,95,test/L221/Low_Dose/00000059.dcm,130.0,262144,0.0,55,0,,,,,,,0,,,,,,,0,,,,,,,0,,,,,,
L221,Abdomen,96,test/L221/Low_Dose/00000088.dcm,130.0,262144,0.0,40,0,,,,,,,0,,,,,,,0,,,,,,,0,,,,,,
L221,Abdomen,97,test/L221/Low_Dose/00000058.dcm,130.0,262144,0.0,46,0,,,,,,,0,,,,,,,0,,,,,,,0,,,,,,
L221,Abdomen,98,test/L221/Low_Dose/00000071.dcm,130.0,262144,0.0,40,0,,,,,,,0,,,,,,,0,,,,,,,0,,,,,,
L241,Abdomen,0,test/L241/Low_Dose/00000079.dcm,130.0,262144,0.0,101,0,,,,,,,0,,,,,,,0,,,,,,,0,,,,,,
L241,Abdomen,1,test/L241/Low_Dose/00000071.dcm,130.0,262144,0.0,111,0,,,,,,,0,,,,,,,0,,,,,,,0,,,,,,
L241,Abdomen,2,test/L241/Low_Dose/00000113.dcm,130.0,262144,0.0,112,0,,,,,,,0,,,,,,,0,,,,,,,0,,,,,,
L241,Abdomen,3,test/L241/Low_Dose/00000041.dcm,130.0,262144,0.0,109,0,,,,,,,0,,,,,,,0,,,,,,,0,,,,,,
L241,Abdomen,4,test/L241/Low_Dose/00000103.dcm,130.0,262144,0.0,97,0,,,,,,,0,,,,,,,0,,,,,,,0,,,,,,
L241,Abdomen,5,test/L241/Low_Dose/00000152.dcm,130.0,262144,0.0,93,0,,,,,,,0,,,,,,,0,,,,,,,0,,,,,,
L241,Abdomen,6,test/L241/Low_Dose/00000032.dcm,130.0,262144,0.0,88,0,,,,,,,0,,,,,,,0,,,,,,,0,,,,,,
L241,Abdomen,7,test/L241/Low_Dose/00000122.dcm,130.0,262144,0.0,85,0,,,,,,,0,,,,,,,0,,,,,,,0,,,,,,
L241,Abdomen,8,test/L241/Low_Dose/00000059.dcm,130.0,262144,0.0,82,0,,,,,,,0,,,,,,,0,,,,,,,0,,,,,,
L241,Abdomen,9,test/L241/Low_Dose/00000047.dcm,130.0,262144,0.0,97,0,,,,,,,0,,,,,,,0,,,,,,,0,,,,,,
L241,Abdomen,10,test/L241/Low_Dose/00000009.dcm,130.0,262144,0.0,106,0,,,,,,,0,,,,,,,0,,,,,,,0,,,,,,
L241,Abdomen,11,test/L241/Low_Dose/00000065.dcm,130.0,262144,0.0,117,0,,,,,,,0,,,,,,,0,,,,,,,0,,,,,,
L241,Abdomen,12,test/L241/Low_Dose/00000112.dcm,130.0,262144,0.0,130,0,,,,,,,0,,,,,,,0,,,,,,,0,,,,,,
L241,Abdomen,13,test/L241/Low_Dose/00000003.dcm,130.0,262144,0.0,134,0,,,,,,,0,,,,,,,0,,,,,,,0,,,,,,
L241,Abdomen,14,test/L241/Low_Dose/00000075.dcm,130.0,262144,0.0,153,0,,,,,,,0,,,,,,,0,,,,,,,0,,,,,,
L241,Abdomen,15,test/L241/Low_Dose/00000130.dcm,130.0,262144,0.0,130,0,,,,,,,0,,,,,,,0,,,,,,,0,,,,,,
L241,Abdomen,16,test/L241/Low_Dose/00000154.dcm,130.0,262144,0.0,148,0,,,,,,,0,,,,,,,0,,,,,,,0,,,,,,
L241,Abdomen,17,test/L241/Low_Dose/00000027.dcm,130.0,262144,0.0,160,0,,,,,,,0,,,,,,,0,,,,,,,0,,,,,,
L241,Abdomen,18,test/L241/Low_Dose/00000084.dcm,130.0,262144,0.0,127,0,,,,,,,0,,,,,,,0,,,,,,,0,,,,,,
L241,Abdomen,19,test/L241/Low_Dose/00000155.dcm,130.0,262144,0.0,160,0,,,,,,,0,,,,,,,0,,,,,,,0,,,,,,
L241,Abdomen,20,test/L241/Low_Dose/00000011.dcm,130.0,262144,0.0,216,0,,,,,,,0,,,,,,,0,,,,,,,0,,,,,,
L241,Abdomen,21,test/L241/Low_Dose/00000088.dcm,130.0,262144,0.0,263,0,,,,,,,0,,,,,,,0,,,,,,,0,,,,,,
L241,Abdomen,22,test/L241/Low_Dose/00000091.dcm,130.0,262144,0.0,311,0,,,,,,,0,,,,,,,0,,,,,,,0,,,,,,
L241,Abdomen,23,test/L241/Low_Dose/00000039.dcm,130.0,262144,0.0,347,0,,,,,,,0,,,,,,,0,,,,,,,0,,,,,,
L241,Abdomen,24,test/L241/Low_Dose/00000023.dcm,130.0,262144,0.0,364,0,,,,,,,0,,,,,,,0,,,,,,,0,,,,,,
L241,Abdomen,25,test/L241/Low_Dose/00000029.dcm,130.0,262144,0.0,400,0,,,,,,,0,,,,,,,0,,,,,,,0,,,,,,
L241,Abdomen,26,test/L241/Low_Dose/00000121.dcm,130.0,262144,0.0,437,0,,,,,,,0,,,,,,,0,,,,,,,0,,,,,,
L241,Abdomen,27,test/L241/Low_Dose/00000078.dcm,130.0,262144,0.0,364,0,,,,,,,0,,,,,,,0,,,,,,,0,,,,,,
L241,Abdomen,28,test/L241/Low_Dose/00000107.dcm,130.0,262144,0.0,426,0,,,,,,,0,,,,,,,0,,,,,,,0,,,,,,
L241,Abdomen,29,test/L241/Low_Dose/00000150.dcm,130.0,262144,0.0,438,0,,,,,,,0,,,,,,,0,,,,,,,0,,,,,,
L241,Abdomen,30,test/L241/Low_Dose/00000096.dcm,130.0,262144,0.0,454,0,,,,,,,0,,,,,,,0,,,,,,,0,,,,,,
L241,Abdomen,31,test/L241/Low_Dose/00000038.dcm,130.0,262144,0.0,425,0,,,,,,,0,,,,,,,0,,,,,,,0,,,,,,
L241,Abdomen,32,test/L241/Low_Dose/00000102.dcm,130.0,262144,0.0,469,0,,,,,,,0,,,,,,,0,,,,,,,0,,,,,,
L241,Abdomen,33,test/L241/Low_Dose/00000076.dcm,130.0,262144,0.0,445,0,,,,,,,0,,,,,,,0,,,,,,,0,,,,,,
L241,Abdomen,34,test/L241/Low_Dose/00000073.dcm,130.0,262144,0.0,353,0,,,,,,,0,,,,,,,0,,,,,,,0,,,,,,
L241,Abdomen,35,test/L241/Low_Dose/00000098.dcm,130.0,262144,0.0,345,0,,,,,,,0,,,,,,,0,,,,,,,0,,,,,,
L241,Abdomen,36,test/L241/Low_Dose/00000138.dcm,130.0,262144,0.0,350,0,,,,,,,0,,,,,,,0,,,,,,,0,,,,,,
L241,Abdomen,37,test/L241/Low_Dose/00000054.dcm,130.0,262144,0.0,375,0,,,,,,,0,,,,,,,0,,,,,,,0,,,,,,
L241,Abdomen,38,test/L241/Low_Dose/00000114.dcm,130.0,262144,0.0,332,0,,,,,,,0,,,,,,,0,,,,,,,0,,,,,,
L241,Abdomen,39,test/L241/Low_Dose/00000033.dcm,130.0,262144,0.0,310,0,,,,,,,0,,,,,,,0,,,,,,,0,,,,,,
L241,Abdomen,40,test/L241/Low_Dose/00000051.dcm,130.0,262144,0.0,323,0,,,,,,,0,,,,,,,0,,,,,,,0,,,,,,
L241,Abdomen,41,test/L241/Low_Dose/00000057.dcm,130.0,262144,0.0,297,0,,,,,,,0,,,,,,,0,,,,,,,0,,,,,,
L241,Abdomen,42,test/L241/Low_Dose/00000055.dcm,130.0,262144,0.0,302,0,,,,,,,0,,,,,,,0,,,,,,,0,,,,,,
L241,Abdomen,43,test/L241/Low_Dose/00000058.dcm,130.0,262144,0.0,309,0,,,,,,,0,,,,,,,0,,,,,,,0,,,,,,
L241,Abdomen,44,test/L241/Low_Dose/00000006.dcm,130.0,262144,0.0,270,0,,,,,,,0,,,,,,,0,,,,,,,0,,,,,,
L241,Abdomen,45,test/L241/Low_Dose/00000046.dcm,130.0,262144,0.0,261,0,,,,,,,0,,,,,,,0,,,,,,,0,,,,,,
L241,Abdomen,46,test/L241/Low_Dose/00000137.dcm,130.0,262144,0.0,270,0,,,,,,,0,,,,,,,0,,,,,,,0,,,,,,
L241,Abdomen,47,test/L241/Low_Dose/00000015.dcm,130.0,262144,0.0,262,0,,,,,,,0,,,,,,,0,,,,,,,0,,,,,,
L241,Abdomen,48,test/L241/Low_Dose/00000141.dcm,130.0,262144,0.0,205,0,,,,,,,0,,,,,,,0,,,,,,,0,,,,,,
L241,Abdomen,49,test/L241/Low_Dose/00000093.dcm,130.0,262144,0.0,209,0,,,,,,,0,,,,,,,0,,,,,,,0,,,,,,
L241,Abdomen,50,test/L241/Low_Dose/00000097.dcm,130.0,262144,0.0,233,0,,,,,,,0,,,,,,,0,,,,,,,0,,,,,,
L241,Abdomen,51,test/L241/Low_Dose/00000101.dcm,130.0,262144,0.0,260,0,,,,,,,0,,,,,,,0,,,,,,,0,,,,,,
L241,Abdomen,52,test/L241/Low_Dose/00000085.dcm,130.0,262144,0.0,189,0,,,,,,,0,,,,,,,0,,,,,,,0,,,,,,
L241,Abdomen,53,test/L241/Low_Dose/00000143.dcm,130.0,262144,0.0,188,0,,,,,,,0,,,,,,,0,,,,,,,0,,,,,,
L241,Abdomen,54,test/L241/Low_Dose/00000139.dcm,130.0,262144,0.0,162,0,,,,,,,0,,,,,,,0,,,,,,,0,,,,,,
L241,Abdomen,55,test/L241/Low_Dose/00000142.dcm,130.0,262144,0.0,180,0,,,,,,,0,,,,,,,0,,,,,,,0,,,,,,
L241,Abdomen,56,test/L241/Low_Dose/00000117.dcm,130.0,262144,0.0,141,0,,,,,,,0,,,,,,,0,,,,,,,0,,,,,,
L241,Abdomen,57,test/L241/Low_Dose/00000148.dcm,130.0,262144,0.0,148,0,,,,,,,0,,,,,,,0,,,,,,,0,,,,,,
L241,Abdomen,58,test/L241/Low_Dose/00000008.dcm,130.0,262144,0.0,101,0,,,,,,,0,,,,,,,0,,,,,,,0,,,,,,
L241,Abdomen,59,test/L241/Low_Dose/00000134.dcm,130.0,262144,0.0,85,0,,,,,,,0,,,,,,,0,,,,,,,0,,,,,,
L241,Abdomen,60,test/L241/Low_Dose/00000144.dcm,130.0,262144,0.0,77,0,,,,,,,0,,,,,,,0,,,,,,,0,,,,,,
L241,Abdomen,61,test/L241/Low_Dose/00000004.dcm,130.0,262144,0.0,85,0,,,,,,,0,,,,,,,0,,,,,,,0,,,,,,
L241,Abdomen,62,test/L241/Low_Dose/00000111.dcm,130.0,262144,0.0,86,0,,,,,,,0,,,,,,,0,,,,,,,0,,,,,,
L241,Abdomen,63,test/L241/Low_Dose/00000050.dcm,130.0,262144,0.0,75,0,,,,,,,0,,,,,,,0,,,,,,,0,,,,,,
L241,Abdomen,64,test/L241/Low_Dose/00000104.dcm,130.0,262144,0.0,60,0,,,,,,,0,,,,,,,0,,,,,,,0,,,,,,
L241,Abdomen,65,test/L241/Low_Dose/00000064.dcm,130.0,262144,0.0,60,0,,,,,,,0,,,,,,,0,,,,,,,0,,,,,,
L241,Abdomen,66,test/L241/Low_Dose/00000020.dcm,130.0,262144,0.0,57,0,,,,,,,0,,,,,,,0,,,,,,,0,,,,,,
L241,Abdomen,67,test/L241/Low_Dose/00000146.dcm,130.0,262144,0.0,39,0,,,,,,,0,,,,,,,0,,,,,,,0,,,,,,
L241,Abdomen,68,test/L241/Low_Dose/00000049.dcm,130.0,262144,0.0,48,0,,,,,,,0,,,,,,,0,,,,,,,0,,,,,,
L241,Abdomen,69,test/L241/Low_Dose/00000110.dcm,130.0,262144,0.0,66,0,,,,,,,0,,,,,,,0,,,,,,,0,,,,,,
L241,Abdomen,70,test/L241/Low_Dose/00000119.dcm,130.0,262144,0.0,57,0,,,,,,,0,,,,,,,0,,,,,,,0,,,,,,
L241,Abdomen,71,test/L241/Low_Dose/00000100.dcm,130.0,262144,0.0,30,0,,,,,,,0,,,,,,,0,,,,,,,0,,,,,,
L241,Abdomen,72,test/L241/Low_Dose/00000105.dcm,130.0,262144,0.0,53,0,,,,,,,0,,,,,,,0,,,,,,,0,,,,,,
L241,Abdomen,73,test/L241/Low_Dose/00000118.dcm,130.0,262144,0.0,49,0,,,,,,,0,,,,,,,0,,,,,,,0,,,,,,
L241,Abdomen,74,test/L241/Low_Dose/00000007.dcm,130.0,262144,0.0,49,0,,,,,,,0,,,,,,,0,,,,,,,0,,,,,,
L241,Abdomen,75,test/L241/Low_Dose/00000086.dcm,130.0,262144,0.0,45,0,,,,,,,0,,,,,,,0,,,,,,,0,,,,,,
L241,Abdomen,76,test/L241/Low_Dose/00000089.dcm,130.0,262144,0.0,46,0,,,,,,,0,,,,,,,0,,,,,,,0,,,,,,
L241,Abdomen,77,test/L241/Low_Dose/00000040.dcm,130.0,262144,0.0,68,0,,,,,,,0,,,,,,,0,,,,,,,0,,,,,,
L241,Abdomen,78,test/L241/Low_Dose/00000045.dcm,130.0,262144,0.0,94,0,,,,,,,0,,,,,,,0,,,,,,,0,,,,,,
L241,Abdomen,79,test/L241/Low_Dose/00000072.dcm,130.0,262144,0.0,90,0,,,,,,,0,,,,,,,0,,,,,,,0,,,,,,
L241,Abdomen,80,test/L241/Low_Dose/00000017.dcm,130.0,262144,0.0,98,0,,,,,,,0,,,,,,,0,,,,,,,0,,,,,,
L241,Abdomen,81,test/L241/Low_Dose/00000135.dcm,130.0,262144,0.0,88,0,,,,,,,0,,,,,,,0,,,,,,,0,,,,,,
L241,Abdomen,82,test/L241/Low_Dose/00000053.dcm,130.0,262144,0.0,75,0,,,,,,,0,,,,,,,0,,,,,,,0,,,,,,
L241,Abdomen,83,test/L241/Low_Dose/00000036.dcm,130.0,262144,0.0,72,0,,,,,,,0,,,,,,,0,,,,,,,0,,,,,,
L241,Abdomen,84,test/L241/Low_Dose/00000001.dcm,130.0,262144,0.0,77,0,,,,,,,0,,,,,,,0,,,,,,,0,,,,,,
L241,Abdomen,85,test/L241/Low_Dose/00000037.dcm,130.0,262144,0.0,77,0,,,,,,,0,,,,,,,0,,,,,,,0,,,,,,
L241,Abdomen,86,test/L241/Low_Dose/00000126.dcm,130.0,262144,0.0,92,0,,,,,,,0,,,,,,,0,,,,,,,0,,,,,,
L241,Abdomen,87,test/L241/Low_Dose/00000060.dcm,130.0,262144,0.0,92,0,,,,,,,0,,,,,,,0,,,,,,,0,,,,,,
L241,Abdomen,88,test/L241/Low_Dose/00000077.dcm,130.0,262144,0.0,110,0,,,,,,,0,,,,,,,0,,,,,,,0,,,,,,
L241,Abdomen,89,test/L241/Low_Dose/00000063.dcm,130.0,262144,0.0,110,0,,,,,,,0,,,,,,,0,,,,,,,0,,,,,,
L241,Abdomen,90,test/L241/Low_Dose/00000030.dcm,130.0,262144,0.0,117,0,,,,,,,0,,,,,,,0,,,,,,,0,,,,,,
L241,Abdomen,91,test/L241/Low_Dose/00000087.dcm,130.0,262144,0.0,87,0,,,,,,,0,,,,,,,0,,,,,,,0,,,,,,
L241,Abdomen,92,test/L241/Low_Dose/00000035.dcm,130.0,262144,0.0,106,0,,,,,,,0,,,,,,,0,,,,,,,0,,,,,,
L241,Abdomen,93,test/L241/Low_Dose/00000062.dcm,130.0,262144,0.0,64,0,,,,,,,0,,,,,,,0,,,,,,,0,,,,,,
L241,Abdomen,94,test/L241/Low_Dose/00000042.dcm,130.0,262144,0.0,92,0,,,,,,,0,,,,,,,0,,,,,,,0,,,,,,
L241,Abdomen,95,test/L241/Low_Dose/00000048.dcm,130.0,262144,0.0,91,0,,,,,,,0,,,,,,,0,,,,,,,0,,,,,,
L241,Abdomen,96,test/L241/Low_Dose/00000010.dcm,130.0,262144,0.0,92,0,,,,,,,0,,,,,,,0,,,,,,,0,,,,,,
L241,Abdomen,97,test/L241/Low_Dose/00000028.dcm,130.0,262144,0.0,68,0,,,,,,,0,,,,,,,0,,,,,,,0,,,,,,
L241,Abdomen,98,test/L241/Low_Dose/00000061.dcm,130.0,262144,0.0,81,0,,,,,,,0,,,,,,,0,,,,,,,0,,,,,,
L241,Abdomen,99,test/L241/Low_Dose/00000140.dcm,130.0,262144,0.0,68,0,,,,,,,0,,,,,,,0,,,,,,,0,,,,,,
L241,Abdomen,100,test/L241/Low_Dose/00000115.dcm,130.0,262144,0.0,64,0,,,,,,,0,,,,,,,0,,,,,,,0,,,,,,
L241,Abdomen,101,test/L241/Low_Dose/00000012.dcm,130.0,262144,0.0,56,0,,,,,,,0,,,,,,,0,,,,,,,0,,,,,,
L241,Abdomen,102,test/L241/Low_Dose/00000070.dcm,130.0,262144,0.0,77,0,,,,,,,0,,,,,,,0,,,,,,,0,,,,,,
L241,Abdomen,103,test/L241/Low_Dose/00000151.dcm,130.0,262144,0.0,72,0,,,,,,,0,,,,,,,0,,,,,,,0,,,,,,
L241,Abdomen,104,test/L241/Low_Dose/00000026.dcm,130.0,262144,0.0,80,0,,,,,,,0,,,,,,,0,,,,,,,0,,,,,,
L241,Abdomen,105,test/L241/Low_Dose/00000005.dcm,130.0,262144,0.0,69,0,,,,,,,0,,,,,,,0,,,,,,,0,,,,,,
L241,Abdomen,106,test/L241/Low_Dose/00000153.dcm,130.0,262144,0.0,40,0,,,,,,,0,,,,,,,0,,,,,,,0,,,,,,
L241,Abdomen,107,test/L241/Low_Dose/00000109.dcm,130.0,262144,0.0,44,0,,,,,,,0,,,,,,,0,,,,,,,0,,,,,,
L241,Abdomen,108,test/L241/Low_Dose/00000092.dcm,130.0,262144,0.0,48,0,,,,,,,0,,,,,,,0,,,,,,,0,,,,,,
L241,Abdomen,109,test/L241/Low_Dose/00000069.dcm,130.0,262144,0.0,38,0,,,,,,,0,,,,,,,0,,,,,,,0,,,,,,
L241,Abdomen,110,test/L241/Low_Dose/00000056.dcm,130.0,262144,0.0,40,0,,,,,,,0,,,,,,,0,,,,,,,0,,,,,,
L241,Abdomen,111,test/L241/Low_Dose/00000002.dcm,130.0,262144,0.0,33,0,,,,,,,0,,,,,,,0,,,,,,,0,,,,,,
L241,Abdomen,112,test/L241/Low_Dose/00000145.dcm,130.0,262144,0.0,36,0,,,,,,,0,,,,,,,0,,,,,,,0,,,,,,
L241,Abdomen,113,test/L241/Low_Dose/00000125.dcm,130.0,262144,0.0,36,0,,,,,,,0,,,,,,,0,,,,,,,0,,,,,,
L241,Abdomen,114,test/L241/Low_Dose/00000019.dcm,130.0,262144,0.0,39,0,,,,,,,0,,,,,,,0,,,,,,,0,,,,,,
L241,Abdomen,115,test/L241/Low_Dose/00000013.dcm,130.0,262144,0.0,32,0,,,,,,,0,,,,,,,0,,,,,,,0,,,,,,
L241,Abdomen,116,test/L241/Low_Dose/00000052.dcm,130.0,262144,0.0,49,0,,,,,,,0,,,,,,,0,,,,,,,0,,,,,,
L241,Abdomen,117,test/L241/Low_Dose/00000025.dcm,130.0,262144,0.0,58,0,,,,,,,0,,,,,,,0,,,,,,,0,,,,,,
L241,Abdomen,118,test/L241/Low_Dose/00000131.dcm,130.0,262144,0.0,44,0,,,,,,,0,,,,,,,0,,,,,,,0,,,,,,
L241,Abdomen,119,test/L241/Low_Dose/00000120.dcm,130.0,262144,0.0,39,0,,,,,,,0,,,,,,,0,,,,,,,0,,,,,,
L241,Abdomen,120,test/L241/Low_Dose/00000108.dcm,130.0,262144,0.0,44,0,,,,,,,0,,,,,,,0,,,,,,,0,,,,,,
L241,Abdomen,121,test/L241/Low_Dose/00000031.dcm,130.0,262144,0.0,43,0,,,,,,,0,,,,,,,0,,,,,,,0,,,,,,
L241,Abdomen,122,test/L241/Low_Dose/00000044.dcm,130.0,262144,0.0,42,0,,,,,,,0,,,,,,,0,,,,,,,0,,,,,,
L241,Abdomen,123,test/L241/Low_Dose/00000034.dcm,130.0,262144,0.0,43,0,,,,,,,0,,,,,,,0,,,,,,,0,,,,,,
L241,Abdomen,124,test/L241/Low_Dose/00000149.dcm,130.0,262144,0.0,45,0,,,,,,,0,,,,,,,0,,,,,,,0,,,,,,
L241,Abdomen,125,test/L241/Low_Dose/00000021.dcm,130.0,262144,0.0,42,0,,,,,,,0,,,,,,,0,,,,,,,0,,,,,,
L241,Abdomen,126,test/L241/Low_Dose/00000136.dcm,130.0,262144,0.0,75,0,,,,,,,0,,,,,,,0,,,,,,,0,,,,,,
L241,Abdomen,127,test/L241/Low_Dose/00000094.dcm,130.0,262144,0.0,73,0,,,,,,,0,,,,,,,0,,,,,,,0,,,,,,
L241,Abdomen,128,test/L241/Low_Dose/00000133.dcm,130.0,262144,0.0,60,0,,,,,,,0,,,,,,,0,,,,,,,0,,,,,,
L241,Abdomen,129,test/L241/Low_Dose/00000082.dcm,130.0,262144,0.0,49,0,,,,,,,0,,,,,,,0,,,,,,,0,,,,,,
L241,Abdomen,130,test/L241/Low_Dose/00000090.dcm,130.0,262144,0.0,31,0,,,,,,,0,,,,,,,0,,,,,,,0,,,,,,
L241,Abdomen,131,test/L241/Low_Dose/00000018.dcm,130.0,262144,0.0,35,0,,,,,,,0,,,,,,,0,,,,,,,0,,,,,,
L241,Abdomen,132,test/L241/Low_Dose/00000074.dcm,130.0,262144,0.0,29,0,,,,,,,0,,,,,,,0,,,,,,,0,,,,,,
L241,Abdomen,133,test/L241/Low_Dose/00000022.dcm,130.0,262144,0.0,33,0,,,,,,,0,,,,,,,0,,,,,,,0,,,,,,
L241,Abdomen,134,test/L241/Low_Dose/00000080.dcm,130.0,262144,0.0,25,0,,,,,,,0,,,,,,,0,,,,,,,0,,,,,,
L241,Abdomen,135,test/L241/Low_Dose/00000066.dcm,130.0,262144,0.0,36,0,,,,,,,0,,,,,,,0,,,,,,,0,,,,,,
L241,Abdomen,136,test/L241/Low_Dose/00000081.dcm,130.0,262144,0.0,17,0,,,,,,,0,,,,,,,0,,,,,,,0,,,,,,
L241,Abdomen,137,test/L241/Low_Dose/00000123.dcm,130.0,262144,0.0,24,0,,,,,,,0,,,,,,,0,,,,,,,0,,,,,,
L241,Abdomen,138,test/L241/Low_Dose/00000016.dcm,130.0,262144,0.0,20,0,,,,,,,0,,,,,,,0,,,,,,,0,,,,,,
L241,Abdomen,139,test/L241/Low_Dose/00000099.dcm,130.0,262144,0.0,21,0,,,,,,,0,,,,,,,0,,,,,,,0,,,,,,
L241,Abdomen,140,test/L241/Low_Dose/00000147.dcm,130.0,262144,0.0,19,0,,,,,,,0,,,,,,,0,,,,,,,0,,,,,,
L241,Abdomen,141,test/L241/Low_Dose/00000083.dcm,130.0,262144,0.0,20,0,,,,,,,0,,,,,,,0,,,,,,,0,,,,,,
L241,Abdomen,142,test/L241/Low_Dose/00000129.dcm,130.0,262144,0.0,18,0,,,,,,,0,,,,,,,0,,,,,,,0,,,,,,
L241,Abdomen,143,test/L241/Low_Dose/00000014.dcm,130.0,262144,0.0,17,0,,,,,,,0,,,,,,,0,,,,,,,0,,,,,,
L241,Abdomen,144,test/L241/Low_Dose/00000095.dcm,130.0,262144,0.0,21,0,,,,,,,0,,,,,,,0,,,,,,,0,,,,,,
L241,Abdomen,145,test/L241/Low_Dose/00000067.dcm,130.0,262144,0.0,23,0,,,,,,,0,,,,,,,0,,,,,,,0,,,,,,
L241,Abdomen,146,test/L241/Low_Dose/00000116.dcm,130.0,262144,0.0,21,0,,,,,,,0,,,,,,,0,,,,,,,0,,,,,,
L241,Abdomen,147,test/L241/Low_Dose/00000043.dcm,130.0,262144,0.0,11,0,,,,,,,0,,,,,,,0,,,,,,,0,,,,,,
L241,Abdomen,148,test/L241/Low_Dose/00000068.dcm,130.0,262144,0.0,10,0,,,,,,,0,,,,,,,0,,,,,,,0,,,,,,
L241,Abdomen,149,test/L241/Low_Dose/00000106.dcm,130.0,262144,0.0,21,0,,,,,,,0,,,,,,,0,,,,,,,0,,,,,,
L241,Abdomen,150,test/L241/Low_Dose/00000024.dcm,130.0,262144,0.0,9,0,,,,,,,0,,,,,,,0,,,,,,,0,,,,,,
L241,Abdomen,151,test/L241/Low_Dose/00000127.dcm,130.0,262144,0.0,14,0,,,,,,,0,,,,,,,0,,,,,,,0,,,,,,
L241,Abdomen,152,test/L241/Low_Dose/00000124.dcm,130.0,262144,0.0,23,0,,,,,,,0,,,,,,,0,,,,,,,0,,,,,,
L241,Abdomen,153,test/L241/Low_Dose/00000132.dcm,130.0,262144,0.0,22,0,,,,,,,0,,,,,,,0,,,,,,,0,,,,,,
L241,Abdomen,154,test/L241/Low_Dose/00000128.dcm,130.0,262144,0.0,16,0,,,,,,,0,,,,,,,0,,,,,,,0,,,,,,
