PatientID,BodyType,SliceIndex,LowDosePath,Threshold_HU,NumPixels,CorrectionAt130_HU,FlipUp_Count,FlipUp_MeanDistance_HU,FlipUp_Within1HU_pct,FlipUp_Within2HU_pct,FlipUp_Within5HU_pct,FlipUp_Within10HU_pct,FlipUp_Within20HU_pct,FlipDown_Count,FlipDown_MeanDistance_HU,FlipDown_Within1HU_pct,FlipDown_Within2HU_pct,FlipDown_Within5HU_pct,FlipDown_Within10HU_pct,FlipDown_Within20HU_pct,NewDisagree_Count,NewDisagree_MeanDistance_HU,NewDisagree_Within1HU_pct,NewDisagree_Within2HU_pct,NewDisagree_Within5HU_pct,NewDisagree_Within10HU_pct,NewDisagree_Within20HU_pct,ResolvedDisagree_Count,ResolvedDisagree_MeanDistance_HU,ResolvedDisagree_Within1HU_pct,ResolvedDisagree_Within2HU_pct,ResolvedDisagree_Within5HU_pct,ResolvedDisagree_Within10HU_pct,ResolvedDisagree_Within20HU_pct
C121,Chest,0,test/C121/Low_Dose/00000152.dcm,130.0,262144,0.0038405072409659624,0,,,,,,,0,,,,,,,0,,,,,,,0,,,,,,
C121,Chest,1,test/C121/Low_Dose/00000312.dcm,130.0,262144,0.0038469170685857534,0,,,,,,,0,,,,,,,0,,,,,,,0,,,,,,
C121,Chest,2,test/C121/Low_Dose/00000246.dcm,130.0,262144,0.0037827198393642902,0,,,,,,,0,,,,,,,0,,,,,,,0,,,,,,
C121,Chest,3,test/C121/Low_Dose/00000259.dcm,130.0,262144,0.0037784012965857983,0,,,,,,,0,,,,,,,0,,,,,,,0,,,,,,
C121,Chest,4,test/C121/Low_Dose/00000378.dcm,130.0,262144,0.0036826340947300196,0,,,,,,,0,,,,,,,0,,,,,,,0,,,,,,
C121,Chest,5,test/C121/Low_Dose/00000209.dcm,130.0,262144,0.003664326621219516,1,0.0029296875,100.0,100.0,100.0,100.0,100.0,0,,,,,,,1,0.0029296875,100.0,100.0,100.0,100.0,100.0,0,,,,,,
C121,Chest,6,test/C121/Low_Dose/00000315.dcm,130.0,262144,0.003836761461570859,1,0.00146484375,100.0,100.0,100.0,100.0,100.0,0,,,,,,,0,,,,,,,1,0.00146484375,100.0,100.0,100.0,100.0,100.0
C121,Chest,7,test/C121/Low_Dose/00000148.dcm,130.0,262144,0.003871612250804901,0,,,,,,,0,,,,,,,0,,,,,,,0,,,,,,
C121,Chest,8,test/C121/Low_Dose/00000217.dcm,130.0,262144,0.003992479294538498,1,0.0020751953125,100.0,100.0,100.0,100.0,100.0,0,,,,,,,0,,,,,,,1,0.0020751953125,100.0,100.0,100.0,100.0,100.0
C121,Chest,9,test/C121/Low_Dose/00000147.dcm,130.0,262144,0.00422587338835001,0,,,,,,,0,,,,,,,0,,,,,,,0,,,,,,
C121,Chest,10,test/C121/Low_Dose/00000092.dcm,130.0,262144,0.0043555996380746365,0,,,,,,,0,,,,,,,0,,,,,,,0,,,,,,
C121,Chest,11,test/C121/Low_Dose/00000255.dcm,130.0,262144,0.004540467169135809,1,0.0042724609375,100.0,100.0,100.0,100.0,100.0,0,,,,,,,0,,,,,,,1,0.0042724609375,100.0,100.0,100.0,100.0,100.0
C121,Chest,12,test/C121/Low_Dose/00000304.dcm,130.0,262144,0.004619472194463015,0,,,,,,,0,,,,,,,0,,,,,,,0,,,,,,
C121,Chest,13,test/C121/Low_Dose/00000019.dcm,130.0,262144,0.0046503860503435135,0,,,,,,,0,,,,,,,0,,,,,,,0,,,,,,
C121,Chest,14,test/C121/Low_Dose/00000351.dcm,130.0,262144,0.004723719321191311,0,,,,,,,0,,,,,,,0,,,,,,,0,,,,,,
C121,Chest,15,test/C121/Low_Dose/00000107.dcm,130.0,262144,0.004730284679681063,0,,,,,,,0,,,,,,,0,,,,,,,0,,,,,,
C121,Chest,16,test/C121/Low_Dose/00000257.dcm,130.0,262144,0.0047540259547531605,0,,,,,,,0,,,,,,,0,,,,,,,0,,,,,,
C121,Chest,17,test/C121/Low_Dose/00000192.dcm,130.0,262144,0.004830419085919857,0,,,,,,,0,,,,,,,0,,,,,,,0,,,,,,
C121,Chest,18,test/C121/Low_Dose/00000367.dcm,130.0,262144,0.0048233275301754475,0,,,,,,,0,,,,,,,0,,,,,,,0,,,,,,
C121,Chest,19,test/C121/Low_Dose/00000278.dcm,130.0,262144,0.004757831338793039,0,,,,,,,0,,,,,,,0,,,,,,,0,,,,,,
C121,Chest,20,test/C121/Low_Dose/00000356.dcm,130.0,262144,0.0048027848824858665,1,0.00341796875,100.0,100.0,100.0,100.0,100.0,0,,,,,,,0,,,,,,,1,0.00341796875,100.0,100.0,100.0,100.0,100.0
C121,Chest,21,test/C121/Low_Dose/00000219.dcm,130.0,262144,0.00483711576089263,0,,,,,,,0,,,,,,,0,,,,,,,0,,,,,,
C121,Chest,22,test/C121/Low_Dose/00000206.dcm,130.0,262144,0.004904849920421839,0,,,,,,,0,,,,,,,0,,,,,,,0,,,,,,
C121,Chest,23,test/C121/Low_Dose/00000082.dcm,130.0,262144,0.004975971300154924,0,,,,,,,0,,,,,,,0,,,,,,,0,,,,,,
C121,Chest,24,test/C121/Low_Dose/00000006.dcm,130.0,262144,0.005093454848974943,0,,,,,,,0,,,,,,,0,,,,,,,0,,,,,,
C121,Chest,25,test/C121/Low_Dose/00000142.dcm,130.0,262144,0.0051644425839185715,0,,,,,,,0,,,,,,,0,,,,,,,0,,,,,,
C121,Chest,26,test/C121/Low_Dose/00000040.dcm,130.0,262144,0.005306183826178312,1,0.002685546875,100.0,100.0,100.0,100.0,100.0,0,,,,,,,0,,,,,,,1,0.002685546875,100.0,100.0,100.0,100.0,100.0
C121,Chest,27,test/C121/Low_Dose/00000205.dcm,130.0,262144,0.005465080961585045,0,,,,,,,0,,,,,,,0,,,,,,,0,,,,,,
C121,Chest,28,test/C121/Low_Dose/00000099.dcm,130.0,262144,0.005592530593276024,1,0.0050048828125,100.0,100.0,100.0,100.0,100.0,0,,,,,,,1,0.0050048828125,100.0,100.0,100.0,100.0,100.0,0,,,,,,
C121,Chest,29,test/C121/Low_Dose/00000187.dcm,130.0,262144,0.005721579771488905,0,,,,,,,0,,,,,,,0,,,,,,,0,,,,,,
C121,Chest,30,test/C121/Low_Dose/00000349.dcm,130.0,262144,0.005809549242258072,2,0.00360107421875,100.0,100.0,100.0,100.0,100.0,0,,,,,,,1,0.00341796875,100.0,100.0,100.0,100.0,100.0,1,0.0037841796875,100.0,100.0,100.0,100.0,100.0
C121,Chest,31,test/C121/Low_Dose/00000256.dcm,130.0,262144,0.005868885666131973,1,0.000732421875,100.0,100.0,100.0,100.0,100.0,0,,,,,,,1,0.000732421875,100.0,100.0,100.0,100.0,100.0,0,,,,,,
C121,Chest,32,test/C121/Low_Dose/00000355.dcm,130.0,262144,0.005915357731282711,0,,,,,,,0,,,,,,,0,,,,,,,0,,,,,,
C121,Chest,33,test/C121/Low_Dose/00000173.dcm,130.0,262144,0.005808870308101177,0,,,,,,,0,,,,,,,0,,,,,,,0,,,,,,
C121,Chest,34,test/C121/Low_Dose/00000373.dcm,130.0,262144,0.005793128628283739,0,,,,,,,0,,,,,,,0,,,,,,,0,,,,,,
C121,Chest,35,test/C121/Low_Dose/00000065.dcm,130.0,262144,0.005738787818700075,0,,,,,,,0,,,,,,,0,,,,,,,0,,,,,,
C121,Chest,36,test/C121/Low_Dose/00000249.dcm,130.0,262144,0.0056249224580824375,0,,,,,,,0,,,,,,,0,,,,,,,0,,,,,,
C121,Chest,37,test/C121/Low_Dose/00000268.dcm,130.0,262144,0.005526941269636154,0,,,,,,,0,,,,,,,0,,,,,,,0,,,,,,
C121,Chest,38,test/C121/Low_Dose/00000392.dcm,130.0,262144,0.005515787284821272,1,0.0040283203125,100.0,100.0,100.0,100.0,100.0,0,,,,,,,0,,,,,,,1,0.0040283203125,100.0,100.0,100.0,100.0,100.0
C121,Chest,39,test/C121/Low_Dose/00000170.dcm,130.0,262144,0.0055044228211045265,0,,,,,,,0,,,,,,,0,,,,,,,0,,,,,,
C121,Chest,40,test/C121/Low_Dose/00000145.dcm,130.0,262144,0.0055032954551279545,0,,,,,,,0,,,,,,,0,,,,,,,0,,,,,,
C121,Chest,41,test/C121/Low_Dose/00000160.dcm,130.0,262144,0.005462107714265585,0,,,,,,,0,,,,,,,0,,,,,,,0,,,,,,
C121,Chest,42,test/C121/Low_Dose/00000322.dcm,130.0,262144,0.005412471480667591,2,0.00360107421875,100.0,100.0,100.0,100.0,100.0,0,,,,,,,1,0.003662109375,100.0,100.0,100.0,100.0,100.0,1,0.0035400390625,100.0,100.0,100.0,100.0,100.0
C121,Chest,43,test/C121/Low_Dose/00000200.dcm,130.0,262144,0.005408328026533127,0,,,,,,,0,,,,,,,0,,,,,,,0,,,,,,
C121,Chest,44,test/C121/Low_Dose/00000108.dcm,130.0,262144,0.005477250553667545,0,,,,,,,0,,,,,,,0,,,,,,,0,,,,,,
C121,Chest,45,test/C121/Low_Dose/00000352.dcm,130.0,262144,0.005574307404458523,0,,,,,,,0,,,,,,,0,,,,,,,0,,,,,,
C121,Chest,46,test/C121/Low_Dose/00000120.dcm,130.0,262144,0.005642184522002935,0,,,,,,,0,,,,,,,0,,,,,,,0,,,,,,
C121,Chest,47,test/C121/Low_Dose/00000261.dcm,130.0,262144,0.005698483902961016,0,,,,,,,0,,,,,,,0,,,,,,,0,,,,,,
C121,Chest,48,test/C121/Low_Dose/00000081.dcm,130.0,262144,0.00572429271414876,0,,,,,,,0,,,,,,,0,,,,,,,0,,,,,,
C121,Chest,49,test/C121/Low_Dose/00000084.dcm,130.0,262144,0.005695659667253494,0,,,,,,,0,,,,,,,0,,,,,,,0,,,,,,
C121,Chest,50,test/C121/Low_Dose/00000188.dcm,130.0,262144,0.005695824511349201,0,,,,,,,0,,,,,,,0,,,,,,,0,,,,,,
C121,Chest,51,test/C121/Low_Dose/00000234.dcm,130.0,262144,0.005752083845436573,0,,,,,,,0,,,,,,,0,,,,,,,0,,,,,,
C121,Chest,52,test/C121/Low_Dose/00000267.dcm,130.0,262144,0.005760201718658209,0,,,,,,,0,,,,,,,0,,,,,,,0,,,,,,
C121,Chest,53,test/C121/Low_Dose/00000061.dcm,130.0,262144,0.005783743225038052,0,,,,,,,0,,,,,,,0,,,,,,,0,,,,,,
C121,Chest,54,test/C121/Low_Dose/00000339.dcm,130.0,262144,0.005761520937085152,0,,,,,,,0,,,,,,,0,,,,,,,0,,,,,,
C121,Chest,55,test/C121/Low_Dose/00000382.dcm,130.0,262144,0.005819464568048716,0,,,,,,,0,,,,,,,0,,,,,,,0,,,,,,
C121,Chest,56,test/C121/Low_Dose/00000175.dcm,130.0,262144,0.005895480513572693,0,,,,,,,0,,,,,,,0,,,,,,,0,,,,,,
C121,Chest,57,test/C121/Low_Dose/00000282.dcm,130.0,262144,0.005921408999711275,0,,,,,,,0,,,,,,,0,,,,,,,0,,,,,,
C121,Chest,58,test/C121/Low_Dose/00000306.dcm,130.0,262144,0.005996638908982277,1,0.0028076171875,100.0,100.0,100.0,100.0,100.0,0,,,,,,,1,0.0028076171875,100.0,100.0,100.0,100.0,100.0,0,,,,,,
C121,Chest,59,test/C121/Low_Dose/00000041.dcm,130.0,262144,0.006014531943947077,0,,,,,,,0,,,,,,,0,,,,,,,0,,,,,,
C121,Chest,60,test/C121/Low_Dose/00000028.dcm,130.0,262144,0.006071497220546007,0,,,,,,,0,,,,,,,0,,,,,,,0,,,,,,
C121,Chest,61,test/C121/Low_Dose/00000216.dcm,130.0,262144,0.006131342612206936,0,,,,,,,0,,,,,,,0,,,,,,,0,,,,,,
C121,Chest,62,test/C121/Low_Dose/00000243.dcm,130.0,262144,0.006242613773792982,0,,,,,,,0,,,,,,,0,,,,,,,0,,,,,,
C121,Chest,63,test/C121/Low_Dose/00000307.dcm,130.0,262144,0.006332613993436098,0,,,,,,,0,,,,,,,0,,,,,,,0,,,,,,
C121,Chest,64,test/C121/Low_Dose/00000253.dcm,130.0,262144,0.006448386237025261,0,,,,,,,0,,,,,,,0,,,,,,,0,,,,,,
C121,Chest,65,test/C121/Low_Dose/00000327.dcm,130.0,262144,0.006499238312244415,0,,,,,,,0,,,,,,,0,,,,,,,0,,,,,,
C121,Chest,66,test/C121/Low_Dose/00000183.dcm,130.0,262144,0.00656546326354146,0,,,,,,,0,,,,,,,0,,,,,,,0,,,,,,
C121,Chest,67,test/C121/Low_Dose/00000258.dcm,130.0,262144,0.006603938993066549,0,,,,,,,0,,,,,,,0,,,,,,,0,,,,,,
C121,Chest,68,test/C121/Low_Dose/00000004.dcm,130.0,262144,0.006676116958260536,0,,,,,,,0,,,,,,,0,,,,,,,0,,,,,,
C121,Chest,69,test/C121/Low_Dose/00000134.dcm,130.0,262144,0.006668442860245705,0,,,,,,,0,,,,,,,0,,,,,,,0,,,,,,
C121,Chest,70,test/C121/Low_Dose/00000325.dcm,130.0,262144,0.006596908904612064,0,,,,,,,0,,,,,,,0,,,,,,,0,,,,,,
C121,Chest,71,test/C121/Low_Dose/00000136.dcm,130.0,262144,0.006494772154837847,0,,,,,,,0,,,,,,,0,,,,,,,0,,,,,,
C121,Chest,72,test/C121/Low_Dose/00000045.dcm,130.0,262144,0.006421154364943504,0,,,,,,,0,,,,,,,0,,,,,,,0,,,,,,
C121,Chest,73,test/C121/Low_Dose/00000298.dcm,130.0,262144,0.006272186990827322,1,0.0020751953125,100.0,100.0,100.0,100.0,100.0,0,,,,,,,0,,,,,,,1,0.0020751953125,100.0,100.0,100.0,100.0,100.0
C121,Chest,74,test/C121/Low_Dose/00000103.dcm,130.0,262144,0.00628593098372221,0,,,,,,,0,,,,,,,0,,,,,,,0,,,,,,
C121,Chest,75,test/C121/Low_Dose/00000080.dcm,130.0,262144,0.006230110768228769,0,,,,,,,0,,,,,,,0,,,,,,,0,,,,,,
C121,Chest,76,test/C121/Low_Dose/00000124.dcm,130.0,262144,0.006209975574165583,0,,,,,,,0,,,,,,,0,,,,,,,0,,,,,,
C121,Chest,77,test/C121/Low_Dose/00000330.dcm,130.0,262144,0.006205871235579252,0,,,,,,,0,,,,,,,0,,,,,,,0,,,,,,
C121,Chest,78,test/C121/Low_Dose/00000346.dcm,130.0,262144,0.006159619428217411,0,,,,,,,0,,,,,,,0,,,,,,,0,,,,,,
C121,Chest,79,test/C121/Low_Dose/00000317.dcm,130.0,262144,0.006053358782082796,0,,,,,,,0,,,,,,,0,,,,,,,0,,,,,,
C121,Chest,80,test/C121/Low_Dose/00000154.dcm,130.0,262144,0.006054042372852564,0,,,,,,,0,,,,,,,0,,,,,,,0,,,,,,
C121,Chest,81,test/C121/Low_Dose/00000287.dcm,130.0,262144,0.006010330747812986,0,,,,,,,0,,,,,,,0,,,,,,,0,,,,,,
C121,Chest,82,test/C121/Low_Dose/00000158.dcm,130.0,262144,0.00596438767388463,0,,,,,,,0,,,,,,,0,,,,,,,0,,,,,,
C121,Chest,83,test/C121/Low_Dose/00000190.dcm,130.0,262144,0.006000755820423365,1,0.001953125,100.0,100.0,100.0,100.0,100.0,0,,,,,,,0,,,,,,,1,0.001953125,100.0,100.0,100.0,100.0,100.0
C121,Chest,84,test/C121/Low_Dose/00000319.dcm,130.0,262144,0.005977802909910679,0,,,,,,,0,,,,,,,0,,,,,,,0,,,,,,
C121,Chest,85,test/C121/Low_Dose/00000139.dcm,130.0,262144,0.0059403954073786736,0,,,,,,,0,,,,,,,0,,,,,,,0,,,,,,
C121,Chest,86,test/C121/Low_Dose/00000043.dcm,130.0,262144,0.005947505123913288,0,,,,,,,0,,,,,,,0,,,,,,,0,,,,,,
C121,Chest,87,test/C121/Low_Dose/00000168.dcm,130.0,262144,0.005987406708300114,0,,,,,,,0,,,,,,,0,,,,,,,0,,,,,,
C121,Chest,88,test/C121/Low_Dose/00000051.dcm,130.0,262144,0.00592493312433362,0,,,,,,,0,,,,,,,0,,,,,,,0,,,,,,
C121,Chest,89,test/C121/Low_Dose/00000118.dcm,130.0,262144,0.005964084528386593,0,,,,,,,0,,,,,,,0,,,,,,,0,,,,,,
C121,Chest,90,test/C121/Low_Dose/00000387.dcm,130.0,262144,0.005985029507428408,0,,,,,,,0,,,,,,,0,,,,,,,0,,,,,,
C121,Chest,91,test/C121/Low_Dose/00000064.dcm,130.0,262144,0.005994496401399374,1,0.004150390625,100.0,100.0,100.0,100.0,100.0,0,,,,,,,1,0.004150390625,100.0,100.0,100.0,100.0,100.0,0,,,,,,
C121,Chest,92,test/C121/Low_Dose/00000106.dcm,130.0,262144,0.0061238170601427555,0,,,,,,,0,,,,,,,0,,,,,,,0,,,,,,
C121,Chest,93,test/C121/Low_Dose/00000162.dcm,130.0,262144,0.006232570856809616,0,,,,,,,0,,,,,,,0,,,,,,,0,,,,,,
C121,Chest,94,test/C121/Low_Dose/00000226.dcm,130.0,262144,0.006348482798784971,0,,,,,,,0,,,,,,,0,,,,,,,0,,,,,,
C121,Chest,95,test/C121/Low_Dose/00000076.dcm,130.0,262144,0.006463704165071249,0,,,,,,,0,,,,,,,0,,,,,,,0,,,,,,
C121,Chest,96,test/C121/Low_Dose/00000277.dcm,130.0,262144,0.006513207219541073,0,,,,,,,0,,,,,,,0,,,,,,,0,,,,,,
C121,Chest,97,test/C121/Low_Dose/00000166.dcm,130.0,262144,0.0065561519004404545,0,,,,,,,0,,,,,,,0,,,,,,,0,,,,,,
C121,Chest,98,test/C121/Low_Dose/00000321.dcm,130.0,262144,0.006636812351644039,0,,,,,,,0,,,,,,,0,,,,,,,0,,,,,,
C121,Chest,99,test/C121/Low_Dose/00000316.dcm,130.0,262144,0.0067076776176691055,1,0.003173828125,100.0,100.0,100.0,100.0,100.0,0,,,,,,,1,0.003173828125,100.0,100.0,100.0,100.0,100.0,0,,,,,,
C121,Chest,100,test/C121/Low_Dose/00000345.dcm,130.0,262144,0.006717642769217491,0,,,,,,,0,,,,,,,0,,,,,,,0,,,,,,
C121,Chest,101,test/C121/Low_Dose/00000180.dcm,130.0,262144,0.006716713774949312,0,,,,,,,0,,,,,,,0,,,,,,,0,,,,,,
C121,Chest,102,test/C121/Low_Dose/00000294.dcm,130.0,262144,0.00673028826713562,0,,,,,,,0,,,,,,,0,,,,,,,0,,,,,,
C121,Chest,103,test/C121/Low_Dose/00000163.dcm,130.0,262144,0.006661891937255859,0,,,,,,,0,,,,,,,0,,,,,,,0,,,,,,
C121,Chest,104,test/C121/Low_Dose/00000271.dcm,130.0,262144,0.006660644430667162,0,,,,,,,0,,,,,,,0,,,,,,,0,,,,,,
C121,Chest,105,test/C121/Low_Dose/00000203.dcm,130.0,262144,0.0066143423318862915,0,,,,,,,0,,,,,,,0,,,,,,,0,,,,,,
C121,Chest,106,test/C121/Low_Dose/00000344.dcm,130.0,262144,0.006448772735893726,1,0.0028076171875,100.0,100.0,100.0,100.0,100.0,0,,,,,,,1,0.0028076171875,100.0,100.0,100.0,100.0,100.0,0,,,,,,
C121,Chest,107,test/C121/Low_Dose/00000233.dcm,130.0,262144,0.006471388041973114,0,,,,,,,0,,,,,,,0,,,,,,,0,,,,,,
C121,Chest,108,test/C121/Low_Dose/00000039.dcm,130.0,262144,0.006428055465221405,0,,,,,,,0,,,,,,,0,,,,,,,0,,,,,,
C121,Chest,109,test/C121/Low_Dose/00000247.dcm,130.0,262144,0.0063371784053742886,0,,,,,,,0,,,,,,,0,,,,,,,0,,,,,,
C121,Chest,110,test/C121/Low_Dose/00000293.dcm,130.0,262144,0.0063262139447033405,0,,,,,,,0,,,,,,,0,,,,,,,0,,,,,,
C121,Chest,111,test/C121/Low_Dose/00000354.dcm,130.0,262144,0.006247043143957853,0,,,,,,,0,,,,,,,0,,,,,,,0,,,,,,
C121,Chest,112,test/C121/Low_Dose/00000017.dcm,130.0,262144,0.006240797694772482,1,0.0,100.0,100.0,100.0,100.0,100.0,0,,,,,,,0,,,,,,,1,0.0,100.0,100.0,100.0,100.0,100.0
C121,Chest,113,test/C121/Low_Dose/00000003.dcm,130.0,262144,0.0062858122400939465,0,,,,,,,0,,,,,,,0,,,,,,,0,,,,,,
C121,Chest,114,test/C121/Low_Dose/00000222.dcm,130.0,262144,0.006312870420515537,0,,,,,,,0,,,,,,,0,,,,,,,0,,,,,,
C121,Chest,115,test/C121/Low_Dose/00000372.dcm,130.0,262144,0.006290436256676912,0,,,,,,,0,,,,,,,0,,,,,,,0,,,,,,
C121,Chest,116,test/C121/Low_Dose/00000379.dcm,130.0,262144,0.006314281839877367,0,,,,,,,0,,,,,,,0,,,,,,,0,,,,,,
C121,Chest,117,test/C121/Low_Dose/00000242.dcm,130.0,262144,0.0063208951614797115,0,,,,,,,0,,,,,,,0,,,,,,,0,,,,,,
C121,Chest,118,test/C121/Low_Dose/00000157.dcm,130.0,262144,0.006337961181998253,0,,,,,,,0,,,,,,,0,,,,,,,0,,,,,,
C121,Chest,119,test/C121/Low_Dose/00000052.dcm,130.0,262144,0.00642759632319212,0,,,,,,,0,,,,,,,0,,,,,,,0,,,,,,
C121,Chest,120,test/C121/Low_Dose/00000008.dcm,130.0,262144,0.0063954610377550125,0,,,,,,,0,,,,,,,0,,,,,,,0,,,,,,
C121,Chest,121,test/C121/Low_Dose/00000077.dcm,130.0,262144,0.006385895889252424,0,,,,,,,0,,,,,,,0,,,,,,,0,,,,,,
C121,Chest,122,test/C121/Low_Dose/00000232.dcm,130.0,262144,0.00648542121052742,0,,,,,,,0,,,,,,,0,,,,,,,0,,,,,,
C121,Chest,123,test/C121/Low_Dose/00000391.dcm,130.0,262144,0.006532786414027214,1,0.0045166015625,100.0,100.0,100.0,100.0,100.0,0,,,,,,,1,0.0045166015625,100.0,100.0,100.0,100.0,100.0,0,,,,,,
C121,Chest,124,test/C121/Low_Dose/00000208.dcm,130.0,262144,0.006602812558412552,1,0.005615234375,100.0,100.0,100.0,100.0,100.0,0,,,,,,,0,,,,,,,1,0.005615234375,100.0,100.0,100.0,100.0,100.0
C121,Chest,125,test/C121/Low_Dose/00000132.dcm,130.0,262144,0.006699548568576574,0,,,,,,,0,,,,,,,0,,,,,,,0,,,,,,
C121,Chest,126,test/C121/Low_Dose/00000121.dcm,130.0,262144,0.006755659822374582,0,,,,,,,0,,,,,,,0,,,,,,,0,,,,,,
C121,Chest,127,test/C121/Low_Dose/00000381.dcm,130.0,262144,0.006748765241354704,1,0.0020751953125,100.0,100.0,100.0,100.0,100.0,0,,,,,,,0,,,,,,,1,0.0020751953125,100.0,100.0,100.0,100.0,100.0
C121,Chest,128,test/C121/Low_Dose/00000241.dcm,130.0,262144,0.006826602388173342,0,,,,,,,0,,,,,,,0,,,,,,,0,,,,,,
C121,Chest,129,test/C121/Low_Dose/00000221.dcm,130.0,262144,0.0068915653973817825,0,,,,,,,0,,,,,,,0,,,,,,,0,,,,,,
C121,Chest,130,test/C121/Low_Dose/00000229.dcm,130.0,262144,0.006846955977380276,0,,,,,,,0,,,,,,,0,,,,,,,0,,,,,,
C121,Chest,131,test/C121/Low_Dose/00000075.dcm,130.0,262144,0.007014821283519268,0,,,,,,,0,,,,,,,0,,,,,,,0,,,,,,
C121,Chest,132,test/C121/Low_Dose/00000159.dcm,130.0,262144,0.007053853943943977,0,,,,,,,0,,,,,,,0,,,,,,,0,,,,,,
C121,Chest,133,test/C121/Low_Dose/00000149.dcm,130.0,262144,0.00702667934820056,0,,,,,,,0,,,,,,,0,,,,,,,0,,,,,,
C121,Chest,134,test/C121/Low_Dose/00000198.dcm,130.0,262144,0.007039116695523262,0,,,,,,,0,,,,,,,0,,,,,,,0,,,,,,
C121,Chest,135,test/C121/Low_Dose/00000153.dcm,130.0,262144,0.007038454059511423,0,,,,,,,0,,,,,,,0,,,,,,,0,,,,,,
C121,Chest,136,test/C121/Low_Dose/00000375.dcm,130.0,262144,0.0069275484420359135,0,,,,,,,0,,,,,,,0,,,,,,,0,,,,,,
C121,Chest,137,test/C121/Low_Dose/00000038.dcm,130.0,262144,0.007003753446042538,0,,,,,,,0,,,,,,,0,,,,,,,0,,,,,,
C121,Chest,138,test/C121/Low_Dose/00000274.dcm,130.0,262144,0.00702301599085331,1,0.0042724609375,100.0,100.0,100.0,100.0,100.0,0,,,,,,,1,0.0042724609375,100.0,100.0,100.0,100.0,100.0,0,,,,,,
C121,Chest,139,test/C121/Low_Dose/00000286.dcm,130.0,262144,0.006925682537257671,0,,,,,,,0,,,,,,,0,,,,,,,0,,,,,,
C121,Chest,140,test/C121/Low_Dose/00000329.dcm,130.0,262144,0.006818453315645456,0,,,,,,,0,,,,,,,0,,,,,,,0,,,,,,
C121,Chest,141,test/C121/Low_Dose/00000350.dcm,130.0,262144,0.006716039963066578,0,,,,,,,0,,,,,,,0,,,,,,,0,,,,,,
C121,Chest,142,test/C121/Low_Dose/00000320.dcm,130.0,262144,0.006641505751758814,0,,,,,,,0,,,,,,,0,,,,,,,0,,,,,,
C121,Chest,143,test/C121/Low_Dose/00000074.dcm,130.0,262144,0.0066276006400585175,0,,,,,,,0,,,,,,,0,,,,,,,0,,,,,,
C121,Chest,144,test/C121/Low_Dose/00000155.dcm,130.0,262144,0.006638944149017334,1,0.0,100.0,100.0,100.0,100.0,100.0,0,,,,,,,1,0.0,100.0,100.0,100.0,100.0,100.0,0,,,,,,
C121,Chest,145,test/C121/Low_Dose/00000094.dcm,130.0,262144,0.006612999830394983,1,0.0057373046875,100.0,100.0,100.0,100.0,100.0,0,,,,,,,0,,,,,,,1,0.0057373046875,100.0,100.0,100.0,100.0,100.0
C121,Chest,146,test/C121/Low_Dose/00000101.dcm,130.0,262144,0.006573006510734558,1,0.0006103515625,100.0,100.0,100.0,100.0,100.0,0,,,,,,,1,0.0006103515625,100.0,100.0,100.0,100.0,100.0,0,,,,,,
C121,Chest,147,test/C121/Low_Dose/00000376.dcm,130.0,262144,0.006606014911085367,0,,,,,,,0,,,,,,,0,,,,,,,0,,,,,,
C121,Chest,148,test/C121/Low_Dose/00000127.dcm,130.0,262144,0.00659558642655611,0,,,,,,,0,,,,,,,0,,,,,,,0,,,,,,
C121,Chest,149,test/C121/Low_Dose/00000032.dcm,130.0,262144,0.006727533880621195,1,0.0052490234375,100.0,100.0,100.0,100.0,100.0,0,,,,,,,0,,,,,,,1,0.0052490234375,100.0,100.0,100.0,100.0,100.0
C121,Chest,150,test/C121/Low_Dose/00000207.dcm,130.0,262144,0.0068009174428880215,1,0.001953125,100.0,100.0,100.0,100.0,100.0,0,,,,,,,0,,,,,,,1,0.001953125,100.0,100.0,100.0,100.0,100.0
C121,Chest,151,test/C121/Low_Dose/00000066.dcm,130.0,262144,0.006785978097468615,0,,,,,,,0,,,,,,,0,,,,,,,0,,,,,,
C121,Chest,152,test/C121/Low_Dose/00000323.dcm,130.0,262144,0.006830425933003426,0,,,,,,,0,,,,,,,0,,,,,,,0,,,,,,
C121,Chest,153,test/C121/Low_Dose/00000047.dcm,130.0,262144,0.006872118916362524,0,,,,,,,0,,,,,,,0,,,,,,,0,,,,,,
C121,Chest,154,test/C121/Low_Dose/00000137.dcm,130.0,262144,0.0069460999220609665,0,,,,,,,0,,,,,,,0,,,,,,,0,,,,,,
C121,Chest,155,test/C121/Low_Dose/00000368.dcm,130.0,262144,0.00703104492276907,0,,,,,,,0,,,,,,,0,,,,,,,0,,,,,,
C121,Chest,156,test/C121/Low_Dose/00000058.dcm,130.0,262144,0.00705253891646862,1,0.0057373046875,100.0,100.0,100.0,100.0,100.0,0,,,,,,,1,0.0057373046875,100.0,100.0,100.0,100.0,100.0,0,,,,,,
C121,Chest,157,test/C121/Low_Dose/00000302.dcm,130.0,262144,0.006978061981499195,0,,,,,,,0,,,,,,,0,,,,,,,0,,,,,,
C121,Chest,158,test/C121/Low_Dose/00000048.dcm,130.0,262144,0.007051783613860607,0,,,,,,,0,,,,,,,0,,,,,,,0,,,,,,
C121,Chest,159,test/C121/Low_Dose/00000133.dcm,130.0,262144,0.00705633033066988,0,,,,,,,0,,,,,,,0,,,,,,,0,,,,,,
C121,Chest,160,test/C121/Low_Dose/00000194.dcm,130.0,262144,0.006982926744967699,1,0.0040283203125,100.0,100.0,100.0,100.0,100.0,0,,,,,,,0,,,,,,,1,0.0040283203125,100.0,100.0,100.0,100.0,100.0
C121,Chest,161,test/C121/Low_Dose/00000042.dcm,130.0,262144,0.007033770438283682,0,,,,,,,0,,,,,,,0,,,,,,,0,,,,,,
C121,Chest,162,test/C121/Low_Dose/00000377.dcm,130.0,262144,0.007083878852427006,0,,,,,,,0,,,,,,,0,,,,,,,0,,,,,,
C121,Chest,163,test/C121/Low_Dose/00000013.dcm,130.0,262144,0.007131040096282959,1,0.004638671875,100.0,100.0,100.0,100.0,100.0,0,,,,,,,0,,,,,,,1,0.004638671875,100.0,100.0,100.0,100.0,100.0
C121,Chest,164,test/C121/Low_Dose/00000111.dcm,130.0,262144,0.007266666274517775,0,,,,,,,0,,,,,,,0,,,,,,,0,,,,,,
C121,Chest,165,test/C121/Low_Dose/00000151.dcm,130.0,262144,0.007297202479094267,0,,,,,,,0,,,,,,,0,,,,,,,0,,,,,,
C121,Chest,166,test/C121/Low_Dose/00000165.dcm,130.0,262144,0.007256059441715479,0,,,,,,,0,,,,,,,0,,,,,,,0,,,,,,
C121,Chest,167,test/C121/Low_Dose/00000097.dcm,130.0,262144,0.007233898621052504,0,,,,,,,0,,,,,,,0,,,,,,,0,,,,,,
C121,Chest,168,test/C121/Low_Dose/00000141.dcm,130.0,262144,0.007238910533487797,0,,,,,,,0,,,,,,,0,,,,,,,0,,,,,,
C121,Chest,169,test/C121/Low_Dose/00000231.dcm,130.0,262144,0.007248972076922655,0,,,,,,,0,,,,,,,0,,,,,,,0,,,,,,
C121,Chest,170,test/C121/Low_Dose/00000001.dcm,130.0,262144,0.0072417231276631355,1,0.0042724609375,100.0,100.0,100.0,100.0,100.0,0,,,,,,,1,0.0042724609375,100.0,100.0,100.0,100.0,100.0,0,,,,,,
C121,Chest,171,test/C121/Low_Dose/00000384.dcm,130.0,262144,0.007165262475609779,0,,,,,,,0,,,,,,,0,,,,,,,0,,,,,,
C121,Chest,172,test/C121/Low_Dose/00000130.dcm,130.0,262144,0.007053733337670565,0,,,,,,,0,,,,,,,0,,,,,,,0,,,,,,
C121,Chest,173,test/C121/Low_Dose/00000264.dcm,130.0,262144,0.0070199728943407536,1,0.0067138671875,100.0,100.0,100.0,100.0,100.0,0,,,,,,,1,0.0067138671875,100.0,100.0,100.0,100.0,100.0,0,,,,,,
C121,Chest,174,test/C121/Low_Dose/00000295.dcm,130.0,262144,0.006948093418031931,0,,,,,,,0,,,,,,,0,,,,,,,0,,,,,,
C121,Chest,175,test/C121/Low_Dose/00000073.dcm,130.0,262144,0.00684202928096056,1,0.0059814453125,100.0,100.0,100.0,100.0,100.0,0,,,,,,,0,,,,,,,1,0.0059814453125,100.0,100.0,100.0,100.0,100.0
C121,Chest,176,test/C121/Low_Dose/00000289.dcm,130.0,262144,0.006890533957630396,0,,,,,,,0,,,,,,,0,,,,,,,0,,,,,,
C121,Chest,177,test/C121/Low_Dose/00000185.dcm,130.0,262144,0.006892730016261339,0,,,,,,,0,,,,,,,0,,,,,,,0,,,,,,
C121,Chest,178,test/C121/Low_Dose/00000280.dcm,130.0,262144,0.006865140050649643,0,,,,,,,0,,,,,,,0,,,,,,,0,,,,,,
C121,Chest,179,test/C121/Low_Dose/00000313.dcm,130.0,262144,0.006954635959118605,0,,,,,,,0,,,,,,,0,,,,,,,0,,,,,,
C121,Chest,180,test/C121/Low_Dose/00000005.dcm,130.0,262144,0.006985625252127647,0,,,,,,,0,,,,,,,0,,,,,,,0,,,,,,
C121,Chest,181,test/C121/Low_Dose/00000112.dcm,130.0,262144,0.006998990662395954,0,,,,,,,0,,,,,,,0,,,,,,,0,,,,,,
C121,Chest,182,test/C121/Low_Dose/00000265.dcm,130.0,262144,0.0070488471537828445,0,,,,,,,0,,,,,,,0,,,,,,,0,,,,,,
C121,Chest,183,test/C121/Low_Dose/00000087.dcm,130.0,262144,0.007104566320776939,1,0.0042724609375,100.0,100.0,100.0,100.0,100.0,0,,,,,,,1,0.0042724609375,100.0,100.0,100.0,100.0,100.0,0,,,,,,
C121,Chest,184,test/C121/Low_Dose/00000050.dcm,130.0,262144,0.0071473694406449795,0,,,,,,,0,,,,,,,0,,,,,,,0,,,,,,
C121,Chest,185,test/C121/Low_Dose/00000105.dcm,130.0,262144,0.00721744354814291,0,,,,,,,0,,,,,,,0,,,,,,,0,,,,,,
C121,Chest,186,test/C121/Low_Dose/00000260.dcm,130.0,262144,0.007192894816398621,0,,,,,,,0,,,,,,,0,,,,,,,0,,,,,,
C121,Chest,187,test/C121/Low_Dose/00000046.dcm,130.0,262144,0.007169768214225769,0,,,,,,,0,,,,,,,0,,,,,,,0,,,,,,
C121,Chest,188,test/C121/Low_Dose/00000196.dcm,130.0,262144,0.007222728803753853,0,,,,,,,0,,,,,,,0,,,,,,,0,,,,,,
C121,Chest,189,test/C121/Low_Dose/00000301.dcm,130.0,262144,0.007275608833879232,2,0.0020751953125,100.0,100.0,100.0,100.0,100.0,0,,,,,,,2,0.0020751953125,100.0,100.0,100.0,100.0,100.0,0,,,,,,
C121,Chest,190,test/C121/Low_Dose/00000044.dcm,130.0,262144,0.00725035322830081,0,,,,,,,0,,,,,,,0,,,,,,,0,,,,,,
C121,Chest,191,test/C121/Low_Dose/00000290.dcm,130.0,262144,0.007273321971297264,0,,,,,,,0,,,,,,,0,,,,,,,0,,,,,,
C121,Chest,192,test/C121/Low_Dose/00000337.dcm,130.0,262144,0.007257387973368168,0,,,,,,,0,,,,,,,0,,,,,,,0,,,,,,
C121,Chest,193,test/C121/Low_Dose/00000389.dcm,130.0,262144,0.007195045705884695,0,,,,,,,0,,,,,,,0,,,,,,,0,,,,,,
C121,Chest,194,test/C121/Low_Dose/00000036.dcm,130.0,262144,0.007250306662172079,0,,,,,,,0,,,,,,,0,,,,,,,0,,,,,,
C121,Chest,195,test/C121/Low_Dose/00000083.dcm,130.0,262144,0.007250247988849878,0,,,,,,,0,,,,,,,0,,,,,,,0,,,,,,
C121,Chest,196,test/C121/Low_Dose/00000035.dcm,130.0,262144,0.007297728210687637,0,,,,,,,0,,,,,,,0,,,,,,,0,,,,,,
C121,Chest,197,test/C121/Low_Dose/00000179.dcm,130.0,262144,0.007344217039644718,0,,,,,,,0,,,,,,,0,,,,,,,0,,,,,,
C121,Chest,198,test/C121/Low_Dose/00000348.dcm,130.0,262144,0.007338544353842735,0,,,,,,,0,,,,,,,0,,,,,,,0,,,,,,
C121,Chest,199,test/C121/Low_Dose/00000361.dcm,130.0,262144,0.007336662150919437,0,,,,,,,0,,,,,,,0,,,,,,,0,,,,,,
C121,Chest,200,test/C121/Low_Dose/00000380.dcm,130.0,262144,0.007313745096325874,0,,,,,,,0,,,,,,,0,,,,,,,0,,,,,,
C121,Chest,201,test/C121/Low_Dose/00000031.dcm,130.0,262144,0.007326036226004362,0,,,,,,,0,,,,,,,0,,,,,,,0,,,,,,
C121,Chest,202,test/C121/Low_Dose/00000026.dcm,130.0,262144,0.007253749296069145,0,,,,,,,0,,,,,,,0,,,,,,,0,,,,,,
C121,Chest,203,test/C121/Low_Dose/00000023.dcm,130.0,262144,0.007305196952074766,0,,,,,,,0,,,,,,,0,,,,,,,0,,,,,,
C121,Chest,204,test/C121/Low_Dose/00000244.dcm,130.0,262144,0.007310584653168917,1,0.0048828125,100.0,100.0,100.0,100.0,100.0,0,,,,,,,1,0.0048828125,100.0,100.0,100.0,100.0,100.0,0,,,,,,
C121,Chest,205,test/C121/Low_Dose/00000201.dcm,130.0,262144,0.007242176681756973,0,,,,,,,0,,,,,,,0,,,,,,,0,,,,,,
C121,Chest,206,test/C121/Low_Dose/00000228.dcm,130.0,262144,0.007289937697350979,2,0.00531005859375,100.0,100.0,100.0,100.0,100.0,0,,,,,,,2,0.00531005859375,100.0,100.0,100.0,100.0,100.0,0,,,,,,
C121,Chest,207,test/C121/Low_Dose/00000144.dcm,130.0,262144,0.007248720619827509,1,0.0037841796875,100.0,100.0,100.0,100.0,100.0,0,,,,,,,1,0.0037841796875,100.0,100.0,100.0,100.0,100.0,0,,,,,,
C121,Chest,208,test/C121/Low_Dose/00000129.dcm,130.0,262144,0.007206447888165712,1,0.0028076171875,100.0,100.0,100.0,100.0,100.0,0,,,,,,,1,0.0028076171875,100.0,100.0,100.0,100.0,100.0,0,,,,,,
C121,Chest,209,test/C121/Low_Dose/00000374.dcm,130.0,262144,0.007235092110931873,0,,,,,,,0,,,,,,,0,,,,,,,0,,,,,,
C121,Chest,210,test/C121/Low_Dose/00000223.dcm,130.0,262144,0.007177213206887245,0,,,,,,,0,,,,,,,0,,,,,,,0,,,,,,
C121,Chest,211,test/C121/Low_Dose/00000251.dcm,130.0,262144,0.007134875748306513,1,0.006103515625,100.0,100.0,100.0,100.0,100.0,0,,,,,,,0,,,,,,,1,0.006103515625,100.0,100.0,100.0,100.0,100.0
C121,Chest,212,test/C121/Low_Dose/00000098.dcm,130.0,262144,0.007200832013040781,0,,,,,,,0,,,,,,,0,,,,,,,0,,,,,,
C121,Chest,213,test/C121/Low_Dose/00000308.dcm,130.0,262144,0.007246418856084347,0,,,,,,,0,,,,,,,0,,,,,,,0,,,,,,
C121,Chest,214,test/C121/Low_Dose/00000063.dcm,130.0,262144,0.0072344341315329075,0,,,,,,,0,,,,,,,0,,,,,,,0,,,,,,
C121,Chest,215,test/C121/Low_Dose/00000117.dcm,130.0,262144,0.007275719661265612,0,,,,,,,0,,,,,,,0,,,,,,,0,,,,,,
C121,Chest,216,test/C121/Low_Dose/00000240.dcm,130.0,262144,0.007275429554283619,1,0.0030517578125,100.0,100.0,100.0,100.0,100.0,0,,,,,,,0,,,,,,,1,0.0030517578125,100.0,100.0,100.0,100.0,100.0
C121,Chest,217,test/C121/Low_Dose/00000388.dcm,130.0,262144,0.00732859643176198,0,,,,,,,0,,,,,,,0,,,,,,,0,,,,,,
C121,Chest,218,test/C121/Low_Dose/00000314.dcm,130.0,262144,0.00738899689167738,1,0.0003662109375,100.0,100.0,100.0,100.0,100.0,0,,,,,,,1,0.0003662109375,100.0,100.0,100.0,100.0,100.0,0,,,,,,
C121,Chest,219,test/C121/Low_Dose/00000146.dcm,130.0,262144,0.007434761617332697,0,,,,,,,0,,,,,,,0,,,,,,,0,,,,,,
C121,Chest,220,test/C121/Low_Dose/00000093.dcm,130.0,262144,0.007410465739667416,0,,,,,,,0,,,,,,,0,,,,,,,0,,,,,,
C121,Chest,221,test/C121/Low_Dose/00000096.dcm,130.0,262144,0.007520289625972509,1,0.005859375,100.0,100.0,100.0,100.0,100.0,0,,,,,,,1,0.005859375,100.0,100.0,100.0,100.0,100.0,0,,,,,,
C121,Chest,222,test/C121/Low_Dose/00000332.dcm,130.0,262144,0.007532342337071896,0,,,,,,,0,,,,,,,0,,,,,,,0,,,,,,
C121,Chest,223,test/C121/Low_Dose/00000211.dcm,130.0,262144,0.0076348562724888325,0,,,,,,,0,,,,,,,0,,,,,,,0,,,,,,
C121,Chest,224,test/C121/Low_Dose/00000341.dcm,130.0,262144,0.007750969845801592,0,,,,,,,0,,,,,,,0,,,,,,,0,,,,,,
C121,Chest,225,test/C121/Low_Dose/00000088.dcm,130.0,262144,0.007868057116866112,0,,,,,,,0,,,,,,,0,,,,,,,0,,,,,,
C121,Chest,226,test/C121/Low_Dose/00000299.dcm,130.0,262144,0.007824000902473927,0,,,,,,,0,,,,,,,0,,,,,,,0,,,,,,
C121,Chest,227,test/C121/Low_Dose/00000034.dcm,130.0,262144,0.007793919183313847,0,,,,,,,0,,,,,,,0,,,,,,,0,,,,,,
C121,Chest,228,test/C121/Low_Dose/00000027.dcm,130.0,262144,0.0077582900412380695,1,0.0032958984375,100.0,100.0,100.0,100.0,100.0,0,,,,,,,1,0.0032958984375,100.0,100.0,100.0,100.0,100.0,0,,,,,,
C121,Chest,229,test/C121/Low_Dose/00000184.dcm,130.0,262144,0.007697966415435076,0,,,,,,,0,,,,,,,0,,,,,,,0,,,,,,
C121,Chest,230,test/C121/Low_Dose/00000060.dcm,130.0,262144,0.007718484848737717,1,0.0028076171875,100.0,100.0,100.0,100.0,100.0,0,,,,,,,1,0.0028076171875,100.0,100.0,100.0,100.0,100.0,0,,,,,,
C121,Chest,231,test/C121/Low_Dose/00000310.dcm,130.0,262144,0.007710926700383425,0,,,,,,,0,,,,,,,0,,,,,,,0,,,,,,
C121,Chest,232,test/C121/Low_Dose/00000335.dcm,130.0,262144,0.0076451473869383335,0,,,,,,,0,,,,,,,0,,,,,,,0,,,,,,
C121,Chest,233,test/C121/Low_Dose/00000086.dcm,130.0,262144,0.00769141037017107,0,,,,,,,0,,,,,,,0,,,,,,,0,,,,,,
C121,Chest,234,test/C121/Low_Dose/00000123.dcm,130.0,262144,0.007640922907739878,0,,,,,,,0,,,,,,,0,,,,,,,0,,,,,,
C121,Chest,235,test/C121/Low_Dose/00000049.dcm,130.0,262144,0.00753323407843709,0,,,,,,,0,,,,,,,0,,,,,,,0,,,,,,
C121,Chest,236,test/C121/Low_Dose/00000164.dcm,130.0,262144,0.007493921555578709,1,0.0025634765625,100.0,100.0,100.0,100.0,100.0,0,,,,,,,0,,,,,,,1,0.0025634765625,100.0,100.0,100.0,100.0,100.0
C121,Chest,237,test/C121/Low_Dose/00000122.dcm,130.0,262144,0.007508914452046156,0,,,,,,,0,,,,,,,0,,,,,,,0,,,,,,
C121,Chest,238,test/C121/Low_Dose/00000204.dcm,130.0,262144,0.0075099472887814045,0,,,,,,,0,,,,,,,0,,,,,,,0,,,,,,
C121,Chest,239,test/C121/Low_Dose/00000191.dcm,130.0,262144,0.007470696233212948,0,,,,,,,0,,,,,,,0,,,,,,,0,,,,,,
C121,Chest,240,test/C121/Low_Dose/00000011.dcm,130.0,262144,0.007388099562376738,0,,,,,,,0,,,,,,,0,,,,,,,0,,,,,,
C121,Chest,241,test/C121/Low_Dose/00000029.dcm,130.0,262144,0.0072968099266290665,0,,,,,,,0,,,,,,,0,,,,,,,0,,,,,,
C121,Chest,242,test/C121/Low_Dose/00000347.dcm,130.0,262144,0.0072425296530127525,0,,,,,,,0,,,,,,,0,,,,,,,0,,,,,,
C121,Chest,243,test/C121/Low_Dose/00000357.dcm,130.0,262144,0.007185847032815218,0,,,,,,,0,,,,,,,0,,,,,,,0,,,,,,
C121,Chest,244,test/C121/Low_Dose/00000250.dcm,130.0,262144,0.007175363600254059,0,,,,,,,0,,,,,,,0,,,,,,,0,,,,,,
C121,Chest,245,test/C121/Low_Dose/00000336.dcm,130.0,262144,0.007221379317343235,0,,,,,,,0,,,,,,,0,,,,,,,0,,,,,,
C121,Chest,246,test/C121/Low_Dose/00000252.dcm,130.0,262144,0.007249315734952688,1,0.00439453125,100.0,100.0,100.0,100.0,100.0,0,,,,,,,1,0.00439453125,100.0,100.0,100.0,100.0,100.0,0,,,,,,
C121,Chest,247,test/C121/Low_Dose/00000091.dcm,130.0,262144,0.0071510798297822475,0,,,,,,,0,,,,,,,0,,,,,,,0,,,,,,
C121,Chest,248,test/C121/Low_Dose/00000186.dcm,130.0,262144,0.0070514921098947525,0,,,,,,,0,,,,,,,0,,,,,,,0,,,,,,
C121,Chest,249,test/C121/Low_Dose/00000109.dcm,130.0,262144,0.006949004717171192,0,,,,,,,0,,,,,,,0,,,,,,,0,,,,,,
C121,Chest,250,test/C121/Low_Dose/00000150.dcm,130.0,262144,0.00688141118735075,0,,,,,,,0,,,,,,,0,,,,,,,0,,,,,,
C121,Chest,251,test/C121/Low_Dose/00000062.dcm,130.0,262144,0.006905587390065193,0,,,,,,,0,,,,,,,0,,,,,,,0,,,,,,
C121,Chest,252,test/C121/Low_Dose/00000161.dcm,130.0,262144,0.006925934925675392,1,0.0062255859375,100.0,100.0,100.0,100.0,100.0,0,,,,,,,1,0.0062255859375,100.0,100.0,100.0,100.0,100.0,0,,,,,,
C121,Chest,253,test/C121/Low_Dose/00000383.dcm,130.0,262144,0.006948080845177174,0,,,,,,,0,,,,,,,0,,,,,,,0,,,,,,
C121,Chest,254,test/C121/Low_Dose/00000311.dcm,130.0,262144,0.007060811389237642,2,0.00323486328125,100.0,100.0,100.0,100.0,100.0,0,,,,,,,2,0.00323486328125,100.0,100.0,100.0,100.0,100.0,0,,,,,,
C121,Chest,255,test/C121/Low_Dose/00000283.dcm,130.0,262144,0.007191192824393511,0,,,,,,,0,,,,,,,0,,,,,,,0,,,,,,
C121,Chest,256,test/C121/Low_Dose/00000116.dcm,130.0,262144,0.007277969736605883,0,,,,,,,0,,,,,,,0,,,,,,,0,,,,,,
C121,Chest,257,test/C121/Low_Dose/00000254.dcm,130.0,262144,0.007273954804986715,2,0.001708984375,100.0,100.0,100.0,100.0,100.0,0,,,,,,,1,0.0008544921875,100.0,100.0,100.0,100.0,100.0,1,0.0025634765625,100.0,100.0,100.0,100.0,100.0
C121,Chest,258,test/C121/Low_Dose/00000018.dcm,130.0,262144,0.007292328868061304,1,0.00341796875,100.0,100.0,100.0,100.0,100.0,0,,,,,,,0,,,,,,,1,0.00341796875,100.0,100.0,100.0,100.0,100.0
C121,Chest,259,test/C121/Low_Dose/00000177.dcm,130.0,262144,0.007238654885441065,0,,,,,,,0,,,,,,,0,,,,,,,0,,,,,,
C121,Chest,260,test/C121/Low_Dose/00000331.dcm,130.0,262144,0.007150418125092983,1,0.0,100.0,100.0,100.0,100.0,100.0,0,,,,,,,1,0.0,100.0,100.0,100.0,100.0,100.0,0,,,,,,
C121,Chest,261,test/C121/Low_Dose/00000189.dcm,130.0,262144,0.007105677854269743,0,,,,,,,0,,,,,,,0,,,,,,,0,,,,,,
C121,Chest,262,test/C121/Low_Dose/00000360.dcm,130.0,262144,0.00693730590865016,1,0.0028076171875,100.0,100.0,100.0,100.0,100.0,0,,,,,,,0,,,,,,,1,0.0028076171875,100.0,100.0,100.0,100.0,100.0
C121,Chest,263,test/C121/Low_Dose/00000353.dcm,130.0,262144,0.006962944287806749,0,,,,,,,0,,,,,,,0,,,,,,,0,,,,,,
C121,Chest,264,test/C121/Low_Dose/00000053.dcm,130.0,262144,0.006932174786925316,0,,,,,,,0,,,,,,,0,,,,,,,0,,,,,,
C121,Chest,265,test/C121/Low_Dose/00000002.dcm,130.0,262144,0.006839699111878872,0,,,,,,,0,,,,,,,0,,,,,,,0,,,,,,
C121,Chest,266,test/C121/Low_Dose/00000070.dcm,130.0,262144,0.006820140406489372,0,,,,,,,0,,,,,,,0,,,,,,,0,,,,,,
C121,Chest,267,test/C121/Low_Dose/00000138.dcm,130.0,262144,0.006724209524691105,0,,,,,,,0,,,,,,,0,,,,,,,0,,,,,,
C121,Chest,268,test/C121/Low_Dose/00000176.dcm,130.0,262144,0.006657079327851534,0,,,,,,,0,,,,,,,0,,,,,,,0,,,,,,
C121,Chest,269,test/C121/Low_Dose/00000230.dcm,130.0,262144,0.006628427188843489,0,,,,,,,0,,,,,,,0,,,,,,,0,,,,,,
C121,Chest,270,test/C121/Low_Dose/00000213.dcm,130.0,262144,0.006594881881028414,0,,,,,,,0,,,,,,,0,,,,,,,0,,,,,,
C121,Chest,271,test/C121/Low_Dose/00000010.dcm,130.0,262144,0.006504612974822521,0,,,,,,,0,,,,,,,0,,,,,,,0,,,,,,
C121,Chest,272,test/C121/Low_Dose/00000262.dcm,130.0,262144,0.0065482123754918575,0,,,,,,,0,,,,,,,0,,,,,,,0,,,,,,
C121,Chest,273,test/C121/Low_Dose/00000297.dcm,130.0,262144,0.006516964174807072,0,,,,,,,0,,,,,,,0,,,,,,,0,,,,,,
C121,Chest,274,test/C121/Low_Dose/00000079.dcm,130.0,262144,0.0064079612493515015,0,,,,,,,0,,,,,,,0,,,,,,,0,,,,,,
C121,Chest,275,test/C121/Low_Dose/00000281.dcm,130.0,262144,0.0063995434902608395,0,,,,,,,0,,,,,,,0,,,,,,,0,,,,,,
C121,Chest,276,test/C121/Low_Dose/00000340.dcm,130.0,262144,0.006390209775418043,0,,,,,,,0,,,,,,,0,,,,,,,0,,,,,,
C121,Chest,277,test/C121/Low_Dose/00000202.dcm,130.0,262144,0.0063241468742489815,0,,,,,,,0,,,,,,,0,,,,,,,0,,,,,,
C121,Chest,278,test/C121/Low_Dose/00000210.dcm,130.0,262144,0.006364400964230299,0,,,,,,,0,,,,,,,0,,,,,,,0,,,,,,
C121,Chest,279,test/C121/Low_Dose/00000016.dcm,130.0,262144,0.006304014939814806,1,0.0009765625,100.0,100.0,100.0,100.0,100.0,0,,,,,,,0,,,,,,,1,0.0009765625,100.0,100.0,100.0,100.0,100.0
C121,Chest,280,test/C121/Low_Dose/00000012.dcm,130.0,262144,0.006214297842234373,0,,,,,,,0,,,,,,,0,,,,,,,0,,,,,,
C121,Chest,281,test/C121/Low_Dose/00000364.dcm,130.0,262144,0.006154936272650957,1,0.001220703125,100.0,100.0,100.0,100.0,100.0,0,,,,,,,1,0.001220703125,100.0,100.0,100.0,100.0,100.0,0,,,,,,
C121,Chest,282,test/C121/Low_Dose/00000199.dcm,130.0,262144,0.00604606606066227,0,,,,,,,0,,,,,,,0,,,,,,,0,,,,,,
C121,Chest,283,test/C121/Low_Dose/00000248.dcm,130.0,262144,0.006002495065331459,0,,,,,,,0,,,,,,,0,,,,,,,0,,,,,,
C121,Chest,284,test/C121/Low_Dose/00000072.dcm,130.0,262144,0.0060479226522147655,0,,,,,,,0,,,,,,,0,,,,,,,0,,,,,,
C121,Chest,285,test/C121/Low_Dose/00000245.dcm,130.0,262144,0.0060626668855547905,0,,,,,,,0,,,,,,,0,,,,,,,0,,,,,,
C121,Chest,286,test/C121/Low_Dose/00000386.dcm,130.0,262144,0.006035347003489733,0,,,,,,,0,,,,,,,0,,,,,,,0,,,,,,
C121,Chest,287,test/C121/Low_Dose/00000085.dcm,130.0,262144,0.006156559567898512,0,,,,,,,0,,,,,,,0,,,,,,,0,,,,,,
C121,Chest,288,test/C121/Low_Dose/00000071.dcm,130.0,262144,0.006228655576705933,0,,,,,,,0,,,,,,,0,,,,,,,0,,,,,,
C121,Chest,289,test/C121/Low_Dose/00000056.dcm,130.0,262144,0.006240753922611475,0,,,,,,,0,,,,,,,0,,,,,,,0,,,,,,
C121,Chest,290,test/C121/Low_Dose/00000059.dcm,130.0,262144,0.006311108358204365,0,,,,,,,0,,,,,,,0,,,,,,,0,,,,,,
C121,Chest,291,test/C121/Low_Dose/00000359.dcm,130.0,262144,0.0063009788282215595,0,,,,,,,0,,,,,,,0,,,,,,,0,,,,,,
C121,Chest,292,test/C121/Low_Dose/00000195.dcm,130.0,262144,0.0062912385910749435,0,,,,,,,0,,,,,,,0,,,,,,,0,,,,,,
C121,Chest,293,test/C121/Low_Dose/00000305.dcm,130.0,262144,0.006330340169370174,0,,,,,,,0,,,,,,,0,,,,,,,0,,,,,,
C121,Chest,294,test/C121/Low_Dose/00000291.dcm,130.0,262144,0.006306415423750877,0,,,,,,,0,,,,,,,0,,,,,,,0,,,,,,
C121,Chest,295,test/C121/Low_Dose/00000078.dcm,130.0,262144,0.006234812084585428,0,,,,,,,0,,,,,,,0,,,,,,,0,,,,,,
C121,Chest,296,test/C121/Low_Dose/00000363.dcm,130.0,262144,0.006328094284981489,0,,,,,,,0,,,,,,,0,,,,,,,0,,,,,,
C121,Chest,297,test/C121/Low_Dose/00000334.dcm,130.0,262144,0.006340303923934698,0,,,,,,,0,,,,,,,0,,,,,,,0,,,,,,
C121,Chest,298,test/C121/Low_Dose/00000143.dcm,130.0,262144,0.006280053406953812,1,0.005859375,100.0,100.0,100.0,100.0,100.0,0,,,,,,,0,,,,,,,1,0.005859375,100.0,100.0,100.0,100.0,100.0
C121,Chest,299,test/C121/Low_Dose/00000172.dcm,130.0,262144,0.006342065054923296,1,0.002685546875,100.0,100.0,100.0,100.0,100.0,0,,,,,,,1,0.002685546875,100.0,100.0,100.0,100.0,100.0,0,,,,,,
C121,Chest,300,test/C121/Low_Dose/00000033.dcm,130.0,262144,0.006363255437463522,0,,,,,,,0,,,,,,,0,,,,,,,0,,,,,,
C121,Chest,301,test/C121/Low_Dose/00000007.dcm,130.0,262144,0.0062997001223266125,2,0.00274658203125,100.0,100.0,100.0,100.0,100.0,0,,,,,,,0,,,,,,,2,0.00274658203125,100.0,100.0,100.0,100.0,100.0
C121,Chest,302,test/C121/Low_Dose/00000119.dcm,130.0,262144,0.006362267304211855,0,,,,,,,0,,,,,,,0,,,,,,,0,,,,,,
C121,Chest,303,test/C121/Low_Dose/00000140.dcm,130.0,262144,0.006405931897461414,1,0.0023193359375,100.0,100.0,100.0,100.0,100.0,0,,,,,,,0,,,,,,,1,0.0023193359375,100.0,100.0,100.0,100.0,100.0
C121,Chest,304,test/C121/Low_Dose/00000125.dcm,130.0,262144,0.006404157727956772,0,,,,,,,0,,,,,,,0,,,,,,,0,,,,,,
C121,Chest,305,test/C121/Low_Dose/00000269.dcm,130.0,262144,0.00644897622987628,0,,,,,,,0,,,,,,,0,,,,,,,0,,,,,,
C121,Chest,306,test/C121/Low_Dose/00000300.dcm,130.0,262144,0.006453240755945444,0,,,,,,,0,,,,,,,0,,,,,,,0,,,,,,
C121,Chest,307,test/C121/Low_Dose/00000102.dcm,130.0,262144,0.0064009083434939384,0,,,,,,,0,,,,,,,0,,,,,,,0,,,,,,
C121,Chest,308,test/C121/Low_Dose/00000215.dcm,130.0,262144,0.006374854128807783,0,,,,,,,0,,,,,,,0,,,,,,,0,,,,,,
C121,Chest,309,test/C121/Low_Dose/00000326.dcm,130.0,262144,0.006347616668790579,0,,,,,,,0,,,,,,,0,,,,,,,0,,,,,,
C121,Chest,310,test/C121/Low_Dose/00000296.dcm,130.0,262144,0.006304153241217136,0,,,,,,,0,,,,,,,0,,,,,,,0,,,,,,
C121,Chest,311,test/C121/Low_Dose/00000236.dcm,130.0,262144,0.006306605413556099,0,,,,,,,0,,,,,,,0,,,,,,,0,,,,,,
C121,Chest,312,test/C121/Low_Dose/00000113.dcm,130.0,262144,0.006240751128643751,0,,,,,,,0,,,,,,,0,,,,,,,0,,,,,,
C121,Chest,313,test/C121/Low_Dose/00000197.dcm,130.0,262144,0.006094531621783972,0,,,,,,,0,,,,,,,0,,,,,,,0,,,,,,
C121,Chest,314,test/C121/Low_Dose/00000114.dcm,130.0,262144,0.006106285378336906,0,,,,,,,0,,,,,,,0,,,,,,,0,,,,,,
C121,Chest,315,test/C121/Low_Dose/00000288.dcm,130.0,262144,0.006045402027666569,0,,,,,,,0,,,,,,,0,,,,,,,0,,,,,,
C121,Chest,316,test/C121/Low_Dose/00000218.dcm,130.0,262144,0.005996301770210266,0,,,,,,,0,,,,,,,0,,,,,,,0,,,,,,
C121,Chest,317,test/C121/Low_Dose/00000276.dcm,130.0,262144,0.005990984849631786,0,,,,,,,0,,,,,,,0,,,,,,,0,,,,,,
C121,Chest,318,test/C121/Low_Dose/00000069.dcm,130.0,262144,0.005998251494020224,0,,,,,,,0,,,,,,,0,,,,,,,0,,,,,,
C121,Chest,319,test/C121/Low_Dose/00000303.dcm,130.0,262144,0.005918593145906925,0,,,,,,,0,,,,,,,0,,,,,,,0,,,,,,
C121,Chest,320,test/C121/Low_Dose/00000224.dcm,130.0,262144,0.006015439983457327,1,0.0008544921875,100.0,100.0,100.0,100.0,100.0,0,,,,,,,1,0.0008544921875,100.0,100.0,100.0,100.0,100.0,0,,,,,,
C121,Chest,321,test/C121/Low_Dose/00000104.dcm,130.0,262144,0.006003503687679768,0,,,,,,,0,,,,,,,0,,,,,,,0,,,,,,
C121,Chest,322,test/C121/Low_Dose/00000371.dcm,130.0,262144,0.006000688299536705,0,,,,,,,0,,,,,,,0,,,,,,,0,,,,,,
C121,Chest,323,test/C121/Low_Dose/00000263.dcm,130.0,262144,0.006099895108491182,1,0.001953125,100.0,100.0,100.0,100.0,100.0,0,,,,,,,0,,,,,,,1,0.001953125,100.0,100.0,100.0,100.0,100.0
C121,Chest,324,test/C121/Low_Dose/00000285.dcm,130.0,262144,0.006182511802762747,1,0.0050048828125,100.0,100.0,100.0,100.0,100.0,0,,,,,,,0,,,,,,,1,0.0050048828125,100.0,100.0,100.0,100.0,100.0
C121,Chest,325,test/C121/Low_Dose/00000275.dcm,130.0,262144,0.0061630792915821075,1,0.0,100.0,100.0,100.0,100.0,100.0,0,,,,,,,1,0.0,100.0,100.0,100.0,100.0,100.0,0,,,,,,
C121,Chest,326,test/C121/Low_Dose/00000292.dcm,130.0,262144,0.006222894415259361,0,,,,,,,0,,,,,,,0,,,,,,,0,,,,,,
C121,Chest,327,test/C121/Low_Dose/00000009.dcm,130.0,262144,0.00625409372150898,0,,,,,,,0,,,,,,,0,,,,,,,0,,,,,,
C121,Chest,328,test/C121/Low_Dose/00000324.dcm,130.0,262144,0.00625685416162014,0,,,,,,,0,,,,,,,0,,,,,,,0,,,,,,
C121,Chest,329,test/C121/Low_Dose/00000333.dcm,130.0,262144,0.006360580679029226,1,0.005615234375,100.0,100.0,100.0,100.0,100.0,0,,,,,,,1,0.005615234375,100.0,100.0,100.0,100.0,100.0,0,,,,,,
C121,Chest,330,test/C121/Low_Dose/00000022.dcm,130.0,262144,0.006380713544785976,0,,,,,,,0,,,,,,,0,,,,,,,0,,,,,,
C121,Chest,331,test/C121/Low_Dose/00000171.dcm,130.0,262144,0.006400929763913155,0,,,,,,,0,,,,,,,0,,,,,,,0,,,,,,
C121,Chest,332,test/C121/Low_Dose/00000174.dcm,130.0,262144,0.006487247068434954,0,,,,,,,0,,,,,,,0,,,,,,,0,,,,,,
C121,Chest,333,test/C121/Low_Dose/00000225.dcm,130.0,262144,0.006510850973427296,0,,,,,,,0,,,,,,,0,,,,,,,0,,,,,,
C121,Chest,334,test/C121/Low_Dose/00000365.dcm,130.0,262144,0.006487699691206217,0,,,,,,,0,,,,,,,0,,,,,,,0,,,,,,
C121,Chest,335,test/C121/Low_Dose/00000169.dcm,130.0,262144,0.006514136213809252,0,,,,,,,0,,,,,,,0,,,,,,,0,,,,,,
C121,Chest,336,test/C121/Low_Dose/00000272.dcm,130.0,262144,0.0065982406958937645,0,,,,,,,0,,,,,,,0,,,,,,,0,,,,,,
C121,Chest,337,test/C121/Low_Dose/00000135.dcm,130.0,262144,0.006578737869858742,0,,,,,,,0,,,,,,,0,,,,,,,0,,,,,,
C121,Chest,338,test/C121/Low_Dose/00000238.dcm,130.0,262144,0.006674460135400295,0,,,,,,,0,,,,,,,0,,,,,,,0,,,,,,
C121,Chest,339,test/C121/Low_Dose/00000131.dcm,130.0,262144,0.006706770043820143,0,,,,,,,0,,,,,,,0,,,,,,,0,,,,,,
C121,Chest,340,test/C121/Low_Dose/00000385.dcm,130.0,262144,0.006735057104378939,0,,,,,,,0,,,,,,,0,,,,,,,0,,,,,,
C121,Chest,341,test/C121/Low_Dose/00000025.dcm,130.0,262144,0.006781852338463068,0,,,,,,,0,,,,,,,0,,,,,,,0,,,,,,
C121,Chest,342,test/C121/Low_Dose/00000057.dcm,130.0,262144,0.006728708278387785,0,,,,,,,0,,,,,,,0,,,,,,,0,,,,,,
C121,Chest,343,test/C121/Low_Dose/00000362.dcm,130.0,262144,0.006698883604258299,0,,,,,,,0,,,,,,,0,,,,,,,0,,,,,,
C121,Chest,344,test/C121/Low_Dose/00000167.dcm,130.0,262144,0.006752932909876108,0,,,,,,,0,,,,,,,0,,,,,,,0,,,,,,
C121,Chest,345,test/C121/Low_Dose/00000343.dcm,130.0,262144,0.0067654745653271675,0,,,,,,,0,,,,,,,0,,,,,,,0,,,,,,
C121,Chest,346,test/C121/Low_Dose/00000338.dcm,130.0,262144,0.006676063407212496,0,,,,,,,0,,,,,,,0,,,,,,,0,,,,,,
C121,Chest,347,test/C121/Low_Dose/00000054.dcm,130.0,262144,0.006710314191877842,0,,,,,,,0,,,,,,,0,,,,,,,0,,,,,,
C121,Chest,348,test/C121/Low_Dose/00000235.dcm,130.0,262144,0.0067164720967411995,0,,,,,,,0,,,,,,,0,,,,,,,0,,,,,,
C121,Chest,349,test/C121/Low_Dose/00000126.dcm,130.0,262144,0.006661964114755392,0,,,,,,,0,,,,,,,0,,,,,,,0,,,,,,
C121,Chest,350,test/C121/Low_Dose/00000090.dcm,130.0,262144,0.00665640365332365,1,0.001708984375,100.0,100.0,100.0,100.0,100.0,0,,,,,,,1,0.001708984375,100.0,100.0,100.0,100.0,100.0,0,,,,,,
C121,Chest,351,test/C121/Low_Dose/00000178.dcm,130.0,262144,0.006597525905817747,0,,,,,,,0,,,,,,,0,,,,,,,0,,,,,,
C121,Chest,352,test/C121/Low_Dose/00000193.dcm,130.0,262144,0.006490462459623814,0,,,,,,,0,,,,,,,0,,,,,,,0,,,,,,
C121,Chest,353,test/C121/Low_Dose/00000100.dcm,130.0,262144,0.006416259799152613,0,,,,,,,0,,,,,,,0,,,,,,,0,,,,,,
C121,Chest,354,test/C121/Low_Dose/00000030.dcm,130.0,262144,0.006393769755959511,0,,,,,,,0,,,,,,,0,,,,,,,0,,,,,,
C121,Chest,355,test/C121/Low_Dose/00000214.dcm,130.0,262144,0.0063681285828351974,0,,,,,,,0,,,,,,,0,,,,,,,0,,,,,,
C121,Chest,356,test/C121/Low_Dose/00000115.dcm,130.0,262144,0.0063769156113266945,0,,,,,,,0,,,,,,,0,,,,,,,0,,,,,,
C121,Chest,357,test/C121/Low_Dose/00000089.dcm,130.0,262144,0.006442919839173555,0,,,,,,,0,,,,,,,0,,,,,,,0,,,,,,
C121,Chest,358,test/C121/Low_Dose/00000284.dcm,130.0,262144,0.006417281460016966,2,0.00274658203125,100.0,100.0,100.0,100.0,100.0,0,,,,,,,1,0.0015869140625,100.0,100.0,100.0,100.0,100.0,1,0.00390625,100.0,100.0,100.0,100.0,100.0
C121,Chest,359,test/C121/Low_Dose/00000279.dcm,130.0,262144,0.00644997414201498,0,,,,,,,0,,,,,,,0,,,,,,,0,,,,,,
C121,Chest,360,test/C121/Low_Dose/00000342.dcm,130.0,262144,0.006472043693065643,1,0.000732421875,100.0,100.0,100.0,100.0,100.0,0,,,,,,,1,0.000732421875,100.0,100.0,100.0,100.0,100.0,0,,,,,,
C121,Chest,361,test/C121/Low_Dose/00000015.dcm,130.0,262144,0.006467978470027447,0,,,,,,,0,,,,,,,0,,,,,,,0,,,,,,
C121,Chest,362,test/C121/Low_Dose/00000239.dcm,130.0,262144,0.0064349425956606865,0,,,,,,,0,,,,,,,0,,,,,,,0,,,,,,
C121,Chest,363,test/C121/Low_Dose/00000024.dcm,130.0,262144,0.006449020467698574,0,,,,,,,0,,,,,,,0,,,,,,,0,,,,,,
C121,Chest,364,test/C121/Low_Dose/00000037.dcm,130.0,262144,0.006417291238903999,0,,,,,,,0,,,,,,,0,,,,,,,0,,,,,,
C121,Chest,365,test/C121/Low_Dose/00000309.dcm,130.0,262144,0.00645401980727911,2,0.00311279296875,100.0,100.0,100.0,100.0,100.0,0,,,,,,,1,0.0006103515625,100.0,100.0,100.0,100.0,100.0,1,0.005615234375,100.0,100.0,100.0,100.0,100.0
C121,Chest,366,test/C121/Low_Dose/00000068.dcm,130.0,262144,0.0064141396433115005,1,0.0032958984375,100.0,100.0,100.0,100.0,100.0,0,,,,,,,1,0.0032958984375,100.0,100.0,100.0,100.0,100.0,0,,,,,,
C121,Chest,367,test/C121/Low_Dose/00000366.dcm,130.0,262144,0.0063324011862277985,1,0.0029296875,100.0,100.0,100.0,100.0,100.0,0,,,,,,,1,0.0029296875,100.0,100.0,100.0,100.0,100.0,0,,,,,,
C121,Chest,368,test/C121/Low_Dose/00000014.dcm,130.0,262144,0.006387453060597181,1,0.0015869140625,100.0,100.0,100.0,100.0,100.0,0,,,,,,,0,,,,,,,1,0.0015869140625,100.0,100.0,100.0,100.0,100.0
C121,Chest,369,test/C121/Low_Dose/00000128.dcm,130.0,262144,0.0063077486120164394,0,,,,,,,0,,,,,,,0,,,,,,,0,,,,,,
C121,Chest,370,test/C121/Low_Dose/00000328.dcm,130.0,262144,0.006263188552111387,0,,,,,,,0,,,,,,,0,,,,,,,0,,,,,,
C121,Chest,371,test/C121/Low_Dose/00000227.dcm,130.0,262144,0.006257673259824514,0,,,,,,,0,,,,,,,0,,,,,,,0,,,,,,
C121,Chest,372,test/C121/Low_Dose/00000369.dcm,130.0,262144,0.006276985630393028,0,,,,,,,0,,,,,,,0,,,,,,,0,,,,,,
C121,Chest,373,test/C121/Low_Dose/00000273.dcm,130.0,262144,0.006208185572177172,0,,,,,,,0,,,,,,,0,,,,,,,0,,,,,,
C121,Chest,374,test/C121/Low_Dose/00000067.dcm,130.0,262144,0.0061722490936517715,1,0.0010986328125,100.0,100.0,100.0,100.0,100.0,0,,,,,,,1,0.0010986328125,100.0,100.0,100.0,100.0,100.0,0,,,,,,
C121,Chest,375,test/C121/Low_Dose/00000020.dcm,130.0,262144,0.005915950518101454,0,,,,,,,0,,,,,,,0,,,,,,,0,,,,,,
C121,Chest,376,test/C121/Low_Dose/00000220.dcm,130.0,262144,0.005490926094353199,0,,,,,,,0,,,,,,,0,,,,,,,0,,,,,,
C121,Chest,377,test/C121/Low_Dose/00000182.dcm,130.0,262144,0.005292706191539764,0,,,,,,,0,,,,,,,0,,,,,,,0,,,,,,
C121,Chest,378,test/C121/Low_Dose/00000390.dcm,130.0,262144,0.005224271677434444,0,,,,,,,0,,,,,,,0,,,,,,,0,,,,,,
C121,Chest,379,test/C121/Low_Dose/00000110.dcm,130.0,262144,0.005342238582670689,0,,,,,,,0,,,,,,,0,,,,,,,0,,,,,,
C121,Chest,380,test/C121/Low_Dose/00000370.dcm,130.0,262144,0.005725323688238859,0,,,,,,,0,,,,,,,0,,,,,,,0,,,,,,
C121,Chest,381,test/C121/Low_Dose/00000212.dcm,130.0,262144,0.00629865238443017,2,0.000244140625,100.0,100.0,100.0,100.0,100.0,0,,,,,,,1,0.00048828125,100.0,100.0,100.0,100.0,100.0,1,0.0,100.0,100.0,100.0,100.0,100.0
C121,Chest,382,test/C121/Low_Dose/00000237.dcm,130.0,262144,0.006966296583414078,0,,,,,,,0,,,,,,,0,,,,,,,0,,,,,,
C121,Chest,383,test/C121/Low_Dose/00000021.dcm,130.0,262144,0.007981287315487862,1,0.00048828125,100.0,100.0,100.0,100.0,100.0,0,,,,,,,1,0.00048828125,100.0,100.0,100.0,100.0,100.0,0,,,,,,
C121,Chest,384,test/C121/Low_Dose/00000095.dcm,130.0,262144,0.009109918028116226,0,,,,,,,0,,,,,,,0,,,,,,,0,,,,,,
C121,Chest,385,test/C121/Low_Dose/00000156.dcm,130.0,262144,0.010142953135073185,0,,,,,,,0,,,,,,,0,,,,,,,0,,,,,,
C121,Chest,386,test/C121/Low_Dose/00000266.dcm,130.0,262144,0.011244137771427631,0,,,,,,,0,,,,,,,0,,,,,,,0,,,,,,
C121,Chest,387,test/C121/Low_Dose/00000055.dcm,130.0,262144,0.012118292972445488,0,,,,,,,0,,,,,,,0,,,,,,,0,,,,,,
C121,Chest,388,test/C121/Low_Dose/00000270.dcm,130.0,262144,0.012580552138388157,0,,,,,,,0,,,,,,,0,,,,,,,0,,,,,,
C121,Chest,389,test/C121/Low_Dose/00000358.dcm,130.0,262144,0.01287826057523489,0,,,,,,,0,,,,,,,0,,,,,,,0,,,,,,
C121,Chest,390,test/C121/Low_Dose/00000181.dcm,130.0,262144,0.01282836776226759,0,,,,,,,0,,,,,,,0,,,,,,,0,,,,,,
C121,Chest,391,test/C121/Low_Dose/00000318.dcm,130.0,262144,0.012405654415488243,0,,,,,,,0,,,,,,,0,,,,,,,0,,,,,,
C135,Chest,0,test/C135/Low_Dose/00000082.dcm,130.0,262144,0.005976724438369274,0,,,,,,,0,,,,,,,0,,,,,,,0,,,,,,
C135,Chest,1,test/C135/Low_Dose/00000174.dcm,130.0,262144,0.005988020915538073,0,,,,,,,0,,,,,,,0,,,,,,,0,,,,,,
C135,Chest,2,test/C135/Low_Dose/00000355.dcm,130.0,262144,0.0058792331255972385,0,,,,,,,0,,,,,,,0,,,,,,,0,,,,,,
C135,Chest,3,test/C135/Low_Dose/00000295.dcm,130.0,262144,0.005778735503554344,0,,,,,,,0,,,,,,,0,,,,,,,0,,,,,,
C135,Chest,4,test/C135/Low_Dose/00000070.dcm,130.0,262144,0.005636748392134905,1,0.0025634765625,100.0,100.0,100.0,100.0,100.0,0,,,,,,,0,,,,,,,1,0.0025634765625,100.0,100.0,100.0,100.0,100.0
C135,Chest,5,test/C135/Low_Dose/00000026.dcm,130.0,262144,0.0055526369251310825,1,0.0037841796875,100.0,100.0,100.0,100.0,100.0,0,,,,,,,1,0.0037841796875,100.0,100.0,100.0,100.0,100.0,0,,,,,,
C135,Chest,6,test/C135/Low_Dose/00000219.dcm,130.0,262144,0.005484634079039097,0,,,,,,,0,,,,,,,0,,,,,,,0,,,,,,
C135,Chest,7,test/C135/Low_Dose/00000131.dcm,130.0,262144,0.005436706356704235,1,0.0052490234375,100.0,100.0,100.0,100.0,100.0,0,,,,,,,0,,,,,,,1,0.0052490234375,100.0,100.0,100.0,100.0,100.0
C135,Chest,8,test/C135/Low_Dose/00000272.dcm,130.0,262144,0.005473126191645861,1,0.0048828125,100.0,100.0,100.0,100.0,100.0,0,,,,,,,0,,,,,,,1,0.0048828125,100.0,100.0,100.0,100.0,100.0
C135,Chest,9,test/C135/Low_Dose/00000204.dcm,130.0,262144,0.00553229870274663,0,,,,,,,0,,,,,,,0,,,,,,,0,,,,,,
C135,Chest,10,test/C135/Low_Dose/00000281.dcm,130.0,262144,0.005560752470046282,0,,,,,,,0,,,,,,,0,,,,,,,0,,,,,,
C135,Chest,11,test/C135/Low_Dose/00000157.dcm,130.0,262144,0.0056346384808421135,0,,,,,,,0,,,,,,,0,,,,,,,0,,,,,,
C135,Chest,12,test/C135/Low_Dose/00000083.dcm,130.0,262144,0.005718171130865812,1,0.0001220703125,100.0,100.0,100.0,100.0,100.0,0,,,,,,,1,0.0001220703125,100.0,100.0,100.0,100.0,100.0,0,,,,,,
C135,Chest,13,test/C135/Low_Dose/00000249.dcm,130.0,262144,0.005766204558312893,0,,,,,,,0,,,,,,,0,,,,,,,0,,,,,,
C135,Chest,14,test/C135/Low_Dose/00000245.dcm,130.0,262144,0.005877580028027296,0,,,,,,,0,,,,,,,0,,,,,,,0,,,,,,
C135,Chest,15,test/C135/Low_Dose/00000202.dcm,130.0,262144,0.0059037278406322,0,,,,,,,0,,,,,,,0,,,,,,,0,,,,,,
C135,Chest,16,test/C135/Low_Dose/00000123.dcm,130.0,262144,0.005959844682365656,1,0.0015869140625,100.0,100.0,100.0,100.0,100.0,0,,,,,,,1,0.0015869140625,100.0,100.0,100.0,100.0,100.0,0,,,,,,
C135,Chest,17,test/C135/Low_Dose/00000164.dcm,130.0,262144,0.006008528172969818,1,0.001220703125,100.0,100.0,100.0,100.0,100.0,0,,,,,,,1,0.001220703125,100.0,100.0,100.0,100.0,100.0,0,,,,,,
C135,Chest,18,test/C135/Low_Dose/00000011.dcm,130.0,262144,0.006018208339810371,0,,,,,,,0,,,,,,,0,,,,,,,0,,,,,,
C135,Chest,19,test/C135/Low_Dose/00000155.dcm,130.0,262144,0.006047589238733053,1,0.003173828125,100.0,100.0,100.0,100.0,100.0,0,,,,,,,0,,,,,,,1,0.003173828125,100.0,100.0,100.0,100.0,100.0
C135,Chest,20,test/C135/Low_Dose/00000086.dcm,130.0,262144,0.006111487280577421,1,0.0057373046875,100.0,100.0,100.0,100.0,100.0,0,,,,,,,1,0.0057373046875,100.0,100.0,100.0,100.0,100.0,0,,,,,,
C135,Chest,21,test/C135/Low_Dose/00000265.dcm,130.0,262144,0.0062041254714131355,0,,,,,,,0,,,,,,,0,,,,,,,0,,,,,,
C135,Chest,22,test/C135/Low_Dose/00000115.dcm,130.0,262144,0.006268974393606186,0,,,,,,,0,,,,,,,0,,,,,,,0,,,,,,
C135,Chest,23,test/C135/Low_Dose/00000335.dcm,130.0,262144,0.006415488198399544,0,,,,,,,0,,,,,,,0,,,,,,,0,,,,,,
C135,Chest,24,test/C135/Low_Dose/00000139.dcm,130.0,262144,0.00646726181730628,0,,,,,,,0,,,,,,,0,,,,,,,0,,,,,,
C135,Chest,25,test/C135/Low_Dose/00000241.dcm,130.0,262144,0.006546563934534788,0,,,,,,,0,,,,,,,0,,,,,,,0,,,,,,
C135,Chest,26,test/C135/Low_Dose/00000273.dcm,130.0,262144,0.006718289107084274,0,,,,,,,0,,,,,,,0,,,,,,,0,,,,,,
C135,Chest,27,test/C135/Low_Dose/00000179.dcm,130.0,262144,0.006897099781781435,0,,,,,,,0,,,,,,,0,,,,,,,0,,,,,,
C135,Chest,28,test/C135/Low_Dose/00000293.dcm,130.0,262144,0.00706074945628643,1,0.0025634765625,100.0,100.0,100.0,100.0,100.0,0,,,,,,,1,0.0025634765625,100.0,100.0,100.0,100.0,100.0,0,,,,,,
C135,Chest,29,test/C135/Low_Dose/00000057.dcm,130.0,262144,0.007253146730363369,1,0.0009765625,100.0,100.0,100.0,100.0,100.0,0,,,,,,,0,,,,,,,1,0.0009765625,100.0,100.0,100.0,100.0,100.0
C135,Chest,30,test/C135/Low_Dose/00000039.dcm,130.0,262144,0.007384278811514378,0,,,,,,,0,,,,,,,0,,,,,,,0,,,,,,
C135,Chest,31,test/C135/Low_Dose/00000127.dcm,130.0,262144,0.007495423313230276,0,,,,,,,0,,,,,,,0,,,,,,,0,,,,,,
C135,Chest,32,test/C135/Low_Dose/00000004.dcm,130.0,262144,0.007524485234171152,0,,,,,,,0,,,,,,,0,,,,,,,0,,,,,,
C135,Chest,33,test/C135/Low_Dose/00000105.dcm,130.0,262144,0.007541904225945473,1,0.0010986328125,100.0,100.0,100.0,100.0,100.0,0,,,,,,,1,0.0010986328125,100.0,100.0,100.0,100.0,100.0,0,,,,,,
C135,Chest,34,test/C135/Low_Dose/00000049.dcm,130.0,262144,0.007467471994459629,1,0.0042724609375,100.0,100.0,100.0,100.0,100.0,0,,,,,,,0,,,,,,,1,0.0042724609375,100.0,100.0,100.0,100.0,100.0
C135,Chest,35,test/C135/Low_Dose/00000213.dcm,130.0,262144,0.007440072484314442,0,,,,,,,0,,,,,,,0,,,,,,,0,,,,,,
C135,Chest,36,test/C135/Low_Dose/00000090.dcm,130.0,262144,0.007380484603345394,0,,,,,,,0,,,,,,,0,,,,,,,0,,,,,,
C135,Chest,37,test/C135/Low_Dose/00000283.dcm,130.0,262144,0.007257310673594475,0,,,,,,,0,,,,,,,0,,,,,,,0,,,,,,
C135,Chest,38,test/C135/Low_Dose/00000126.dcm,130.0,262144,0.0071499585174024105,0,,,,,,,0,,,,,,,0,,,,,,,0,,,,,,
C135,Chest,39,test/C135/Low_Dose/00000092.dcm,130.0,262144,0.007061551790684462,0,,,,,,,0,,,,,,,0,,,,,,,0,,,,,,
C135,Chest,40,test/C135/Low_Dose/00000027.dcm,130.0,262144,0.006979066412895918,0,,,,,,,0,,,,,,,0,,,,,,,0,,,,,,
C135,Chest,41,test/C135/Low_Dose/00000079.dcm,130.0,262144,0.006929654162377119,1,0.0042724609375,100.0,100.0,100.0,100.0,100.0,0,,,,,,,1,0.0042724609375,100.0,100.0,100.0,100.0,100.0,0,,,,,,
C135,Chest,42,test/C135/Low_Dose/00000072.dcm,130.0,262144,0.006859028246253729,0,,,,,,,0,,,,,,,0,,,,,,,0,,,,,,
C135,Chest,43,test/C135/Low_Dose/00000270.dcm,130.0,262144,0.006847836542874575,0,,,,,,,0,,,,,,,0,,,,,,,0,,,,,,
C135,Chest,44,test/C135/Low_Dose/00000089.dcm,130.0,262144,0.006861412897706032,0,,,,,,,0,,,,,,,0,,,,,,,0,,,,,,
C135,Chest,45,test/C135/Low_Dose/00000299.dcm,130.0,262144,0.006898053921759129,0,,,,,,,0,,,,,,,0,,,,,,,0,,,,,,
C135,Chest,46,test/C135/Low_Dose/00000064.dcm,130.0,262144,0.00691757770255208,0,,,,,,,0,,,,,,,0,,,,,,,0,,,,,,
C135,Chest,47,test/C135/Low_Dose/00000172.dcm,130.0,262144,0.006925453897565603,0,,,,,,,0,,,,,,,0,,,,,,,0,,,,,,
C135,Chest,48,test/C135/Low_Dose/00000165.dcm,130.0,262144,0.006907452363520861,0,,,,,,,0,,,,,,,0,,,,,,,0,,,,,,
C135,Chest,49,test/C135/Low_Dose/00000237.dcm,130.0,262144,0.006866609212011099,0,,,,,,,0,,,,,,,0,,,,,,,0,,,,,,
C135,Chest,50,test/C135/Low_Dose/00000239.dcm,130.0,262144,0.00682132737711072,0,,,,,,,0,,,,,,,0,,,,,,,0,,,,,,
C135,Chest,51,test/C135/Low_Dose/00000320.dcm,130.0,262144,0.0067644258961081505,0,,,,,,,0,,,,,,,0,,,,,,,0,,,,,,
C135,Chest,52,test/C135/Low_Dose/00000181.dcm,130.0,262144,0.006750960368663073,1,0.0047607421875,100.0,100.0,100.0,100.0,100.0,0,,,,,,,1,0.0047607421875,100.0,100.0,100.0,100.0,100.0,0,,,,,,
C135,Chest,53,test/C135/Low_Dose/00000238.dcm,130.0,262144,0.006829939316958189,0,,,,,,,0,,,,,,,0,,,,,,,0,,,,,,
C135,Chest,54,test/C135/Low_Dose/00000170.dcm,130.0,262144,0.006895512342453003,1,0.0048828125,100.0,100.0,100.0,100.0,100.0,0,,,,,,,0,,,,,,,1,0.0048828125,100.0,100.0,100.0,100.0,100.0
C135,Chest,55,test/C135/Low_Dose/00000101.dcm,130.0,262144,0.006923896260559559,1,0.0057373046875,100.0,100.0,100.0,100.0,100.0,0,,,,,,,0,,,,,,,1,0.0057373046875,100.0,100.0,100.0,100.0,100.0
C135,Chest,56,test/C135/Low_Dose/00000047.dcm,130.0,262144,0.007055779919028282,0,,,,,,,0,,,,,,,0,,,,,,,0,,,,,,
C135,Chest,57,test/C135/Low_Dose/00000296.dcm,130.0,262144,0.0070845442824065685,0,,,,,,,0,,,,,,,0,,,,,,,0,,,,,,
C135,Chest,58,test/C135/Low_Dose/00000191.dcm,130.0,262144,0.00709312129765749,0,,,,,,,0,,,,,,,0,,,,,,,0,,,,,,
C135,Chest,59,test/C135/Low_Dose/00000254.dcm,130.0,262144,0.007192719727754593,0,,,,,,,0,,,,,,,0,,,,,,,0,,,,,,
C135,Chest,60,test/C135/Low_Dose/00000305.dcm,130.0,262144,0.007241584360599518,0,,,,,,,0,,,,,,,0,,,,,,,0,,,,,,
C135,Chest,61,test/C135/Low_Dose/00000074.dcm,130.0,262144,0.007324132137000561,1,0.0069580078125,100.0,100.0,100.0,100.0,100.0,0,,,,,,,0,,,,,,,1,0.0069580078125,100.0,100.0,100.0,100.0,100.0
C135,Chest,62,test/C135/Low_Dose/00000176.dcm,130.0,262144,0.007411071099340916,0,,,,,,,0,,,,,,,0,,,,,,,0,,,,,,
C135,Chest,63,test/C135/Low_Dose/00000214.dcm,130.0,262144,0.007533579133450985,0,,,,,,,0,,,,,,,0,,,,,,,0,,,,,,
C135,Chest,64,test/C135/Low_Dose/00000138.dcm,130.0,262144,0.007578935939818621,1,0.0069580078125,100.0,100.0,100.0,100.0,100.0,0,,,,,,,1,0.0069580078125,100.0,100.0,100.0,100.0,100.0,0,,,,,,
C135,Chest,65,test/C135/Low_Dose/00000217.dcm,130.0,262144,0.007658626884222031,1,0.006103515625,100.0,100.0,100.0,100.0,100.0,0,,,,,,,1,0.006103515625,100.0,100.0,100.0,100.0,100.0,0,,,,,,
C135,Chest,66,test/C135/Low_Dose/00000266.dcm,130.0,262144,0.007696785498410463,0,,,,,,,0,,,,,,,0,,,,,,,0,,,,,,
C135,Chest,67,test/C135/Low_Dose/00000216.dcm,130.0,262144,0.007667894940823317,0,,,,,,,0,,,,,,,0,,,,,,,0,,,,,,
C135,Chest,68,test/C135/Low_Dose/00000114.dcm,130.0,262144,0.007717526517808437,0,,,,,,,0,,,,,,,0,,,,,,,0,,,,,,
C135,Chest,69,test/C135/Low_Dose/00000160.dcm,130.0,262144,0.007711196318268776,1,0.0013427734375,100.0,100.0,100.0,100.0,100.0,0,,,,,,,0,,,,,,,1,0.0013427734375,100.0,100.0,100.0,100.0,100.0
C135,Chest,70,test/C135/Low_Dose/00000012.dcm,130.0,262144,0.007629341911524534,1,0.0006103515625,100.0,100.0,100.0,100.0,100.0,0,,,,,,,1,0.0006103515625,100.0,100.0,100.0,100.0,100.0,0,,,,,,
C135,Chest,71,test/C135/Low_Dose/00000084.dcm,130.0,262144,0.007530547678470612,0,,,,,,,0,,,,,,,0,,,,,,,0,,,,,,
C135,Chest,72,test/C135/Low_Dose/00000268.dcm,130.0,262144,0.007463817950338125,0,,,,,,,0,,,,,,,0,,,,,,,0,,,,,,
C135,Chest,73,test/C135/Low_Dose/00000231.dcm,130.0,262144,0.007311489898711443,0,,,,,,,0,,,,,,,0,,,,,,,0,,,,,,
C135,Chest,74,test/C135/Low_Dose/00000194.dcm,130.0,262144,0.007266063243150711,0,,,,,,,0,,,,,,,0,,,,,,,0,,,,,,
C135,Chest,75,test/C135/Low_Dose/00000071.dcm,130.0,262144,0.007253738585859537,0,,,,,,,0,,,,,,,0,,,,,,,0,,,,,,
C135,Chest,76,test/C135/Low_Dose/00000129.dcm,130.0,262144,0.007207659538835287,0,,,,,,,0,,,,,,,0,,,,,,,0,,,,,,
C135,Chest,77,test/C135/Low_Dose/00000192.dcm,130.0,262144,0.007217989303171635,1,0.0018310546875,100.0,100.0,100.0,100.0,100.0,0,,,,,,,0,,,,,,,1,0.0018310546875,100.0,100.0,100.0,100.0,100.0
C135,Chest,78,test/C135/Low_Dose/00000113.dcm,130.0,262144,0.0071993484161794186,0,,,,,,,0,,,,,,,0,,,,,,,0,,,,,,
C135,Chest,79,test/C135/Low_Dose/00000292.dcm,130.0,262144,0.007089878898113966,0,,,,,,,0,,,,,,,0,,,,,,,0,,,,,,
C135,Chest,80,test/C135/Low_Dose/00000328.dcm,130.0,262144,0.007099778391420841,0,,,,,,,0,,,,,,,0,,,,,,,0,,,,,,
C135,Chest,81,test/C135/Low_Dose/00000038.dcm,130.0,262144,0.007116484455764294,0,,,,,,,0,,,,,,,0,,,,,,,0,,,,,,
C135,Chest,82,test/C135/Low_Dose/00000227.dcm,130.0,262144,0.007061371114104986,0,,,,,,,0,,,,,,,0,,,,,,,0,,,,,,
C135,Chest,83,test/C135/Low_Dose/00000352.dcm,130.0,262144,0.007120106369256973,0,,,,,,,0,,,,,,,0,,,,,,,0,,,,,,
C135,Chest,84,test/C135/Low_Dose/00000095.dcm,130.0,262144,0.007112761959433556,1,0.0059814453125,100.0,100.0,100.0,100.0,100.0,0,,,,,,,1,0.0059814453125,100.0,100.0,100.0,100.0,100.0,0,,,,,,
C135,Chest,85,test/C135/Low_Dose/00000337.dcm,130.0,262144,0.007040427997708321,0,,,,,,,0,,,,,,,0,,,,,,,0,,,,,,
C135,Chest,86,test/C135/Low_Dose/00000223.dcm,130.0,262144,0.007046834100037813,0,,,,,,,0,,,,,,,0,,,,,,,0,,,,,,
C135,Chest,87,test/C135/Low_Dose/00000240.dcm,130.0,262144,0.007040408439934254,1,0.0003662109375,100.0,100.0,100.0,100.0,100.0,0,,,,,,,1,0.0003662109375,100.0,100.0,100.0,100.0,100.0,0,,,,,,
C135,Chest,88,test/C135/Low_Dose/00000118.dcm,130.0,262144,0.0070431833155453205,0,,,,,,,0,,,,,,,0,,,,,,,0,,,,,,
C135,Chest,89,test/C135/Low_Dose/00000317.dcm,130.0,262144,0.007052483968436718,0,,,,,,,0,,,,,,,0,,,,,,,0,,,,,,
C135,Chest,90,test/C135/Low_Dose/00000087.dcm,130.0,262144,0.007076806388795376,0,,,,,,,0,,,,,,,0,,,,,,,0,,,,,,
C135,Chest,91,test/C135/Low_Dose/00000190.dcm,130.0,262144,0.0070739081129431725,0,,,,,,,0,,,,,,,0,,,,,,,0,,,,,,
C135,Chest,92,test/C135/Low_Dose/00000258.dcm,130.0,262144,0.007111228536814451,0,,,,,,,0,,,,,,,0,,,,,,,0,,,,,,
C135,Chest,93,test/C135/Low_Dose/00000009.dcm,130.0,262144,0.007119851186871529,0,,,,,,,0,,,,,,,0,,,,,,,0,,,,,,
C135,Chest,94,test/C135/Low_Dose/00000330.dcm,130.0,262144,0.007103107403963804,0,,,,,,,0,,,,,,,0,,,,,,,0,,,,,,
C135,Chest,95,test/C135/Low_Dose/00000019.dcm,130.0,262144,0.007178159896284342,2,0.0020751953125,100.0,100.0,100.0,100.0,100.0,0,,,,,,,1,0.0032958984375,100.0,100.0,100.0,100.0,100.0,1,0.0008544921875,100.0,100.0,100.0,100.0,100.0
C135,Chest,96,test/C135/Low_Dose/00000078.dcm,130.0,262144,0.007182999514043331,0,,,,,,,0,,,,,,,0,,,,,,,0,,,,,,
C135,Chest,97,test/C135/Low_Dose/00000205.dcm,130.0,262144,0.007190315052866936,0,,,,,,,0,,,,,,,0,,,,,,,0,,,,,,
C135,Chest,98,test/C135/Low_Dose/00000322.dcm,130.0,262144,0.0072809490375220776,0,,,,,,,0,,,,,,,0,,,,,,,0,,,,,,
C135,Chest,99,test/C135/Low_Dose/00000023.dcm,130.0,262144,0.007327342871576548,0,,,,,,,0,,,,,,,0,,,,,,,0,,,,,,
C135,Chest,100,test/C135/Low_Dose/00000112.dcm,130.0,262144,0.007279445417225361,0,,,,,,,0,,,,,,,0,,,,,,,0,,,,,,
C135,Chest,101,test/C135/Low_Dose/00000106.dcm,130.0,262144,0.0073702372610569,1,0.0050048828125,100.0,100.0,100.0,100.0,100.0,0,,,,,,,1,0.0050048828125,100.0,100.0,100.0,100.0,100.0,0,,,,,,
C135,Chest,102,test/C135/Low_Dose/00000098.dcm,130.0,262144,0.007392219267785549,0,,,,,,,0,,,,,,,0,,,,,,,0,,,,,,
C135,Chest,103,test/C135/Low_Dose/00000267.dcm,130.0,262144,0.0073616900481283665,2,0.00494384765625,100.0,100.0,100.0,100.0,100.0,0,,,,,,,2,0.00494384765625,100.0,100.0,100.0,100.0,100.0,0,,,,,,
C135,Chest,104,test/C135/Low_Dose/00000228.dcm,130.0,262144,0.007347068749368191,1,0.0025634765625,100.0,100.0,100.0,100.0,100.0,0,,,,,,,1,0.0025634765625,100.0,100.0,100.0,100.0,100.0,0,,,,,,
C135,Chest,105,test/C135/Low_Dose/00000346.dcm,130.0,262144,0.0073507316410541534,0,,,,,,,0,,,,,,,0,,,,,,,0,,,,,,
C135,Chest,106,test/C135/Low_Dose/00000134.dcm,130.0,262144,0.007270329631865025,1,0.00244140625,100.0,100.0,100.0,100.0,100.0,0,,,,,,,1,0.00244140625,100.0,100.0,100.0,100.0,100.0,0,,,,,,
C135,Chest,107,test/C135/Low_Dose/00000148.dcm,130.0,262144,0.007280922960489988,0,,,,,,,0,,,,,,,0,,,,,,,0,,,,,,
C135,Chest,108,test/C135/Low_Dose/00000028.dcm,130.0,262144,0.0072170440107584,1,0.0029296875,100.0,100.0,100.0,100.0,100.0,0,,,,,,,0,,,,,,,1,0.0029296875,100.0,100.0,100.0,100.0,100.0
C135,Chest,109,test/C135/Low_Dose/00000150.dcm,130.0,262144,0.007118873298168182,0,,,,,,,0,,,,,,,0,,,,,,,0,,,,,,
C135,Chest,110,test/C135/Low_Dose/00000037.dcm,130.0,262144,0.0071259671822190285,0,,,,,,,0,,,,,,,0,,,,,,,0,,,,,,
C135,Chest,111,test/C135/Low_Dose/00000354.dcm,130.0,262144,0.007058529183268547,0,,,,,,,0,,,,,,,0,,,,,,,0,,,,,,
C135,Chest,112,test/C135/Low_Dose/00000242.dcm,130.0,262144,0.007002041209489107,0,,,,,,,0,,,,,,,0,,,,,,,0,,,,,,
C135,Chest,113,test/C135/Low_Dose/00000255.dcm,130.0,262144,0.0070051271468400955,0,,,,,,,0,,,,,,,0,,,,,,,0,,,,,,
C135,Chest,114,test/C135/Low_Dose/00000161.dcm,130.0,262144,0.006981386337429285,0,,,,,,,0,,,,,,,0,,,,,,,0,,,,,,
C135,Chest,115,test/C135/Low_Dose/00000271.dcm,130.0,262144,0.006936024408787489,1,0.00390625,100.0,100.0,100.0,100.0,100.0,0,,,,,,,1,0.00390625,100.0,100.0,100.0,100.0,100.0,0,,,,,,
C135,Chest,116,test/C135/Low_Dose/00000347.dcm,130.0,262144,0.00695727439597249,0,,,,,,,0,,,,,,,0,,,,,,,0,,,,,,
C135,Chest,117,test/C135/Low_Dose/00000353.dcm,130.0,262144,0.006876991596072912,2,0.0030517578125,100.0,100.0,100.0,100.0,100.0,0,,,,,,,2,0.0030517578125,100.0,100.0,100.0,100.0,100.0,0,,,,,,
C135,Chest,118,test/C135/Low_Dose/00000314.dcm,130.0,262144,0.006876887753605843,0,,,,,,,0,,,,,,,0,,,,,,,0,,,,,,
C135,Chest,119,test/C135/Low_Dose/00000056.dcm,130.0,262144,0.006907131522893906,0,,,,,,,0,,,,,,,0,,,,,,,0,,,,,,
C135,Chest,120,test/C135/Low_Dose/00000018.dcm,130.0,262144,0.006913908291608095,0,,,,,,,0,,,,,,,0,,,,,,,0,,,,,,
C135,Chest,121,test/C135/Low_Dose/00000323.dcm,130.0,262144,0.006852682214230299,0,,,,,,,0,,,,,,,0,,,,,,,0,,,,,,
C135,Chest,122,test/C135/Low_Dose/00000099.dcm,130.0,262144,0.00688532367348671,0,,,,,,,0,,,,,,,0,,,,,,,0,,,,,,
C135,Chest,123,test/C135/Low_Dose/00000048.dcm,130.0,262144,0.006917217280715704,0,,,,,,,0,,,,,,,0,,,,,,,0,,,,,,
C135,Chest,124,test/C135/Low_Dose/00000054.dcm,130.0,262144,0.006898237392306328,0,,,,,,,0,,,,,,,0,,,,,,,0,,,,,,
C135,Chest,125,test/C135/Low_Dose/00000315.dcm,130.0,262144,0.007019284181296825,1,0.00439453125,100.0,100.0,100.0,100.0,100.0,0,,,,,,,0,,,,,,,1,0.00439453125,100.0,100.0,100.0,100.0,100.0
C135,Chest,126,test/C135/Low_Dose/00000342.dcm,130.0,262144,0.0070645492523908615,1,0.00439453125,100.0,100.0,100.0,100.0,100.0,0,,,,,,,1,0.00439453125,100.0,100.0,100.0,100.0,100.0,0,,,,,,
C135,Chest,127,test/C135/Low_Dose/00000243.dcm,130.0,262144,0.007063525728881359,1,0.0001220703125,100.0,100.0,100.0,100.0,100.0,0,,,,,,,0,,,,,,,1,0.0001220703125,100.0,100.0,100.0,100.0,100.0
C135,Chest,128,test/C135/Low_Dose/00000286.dcm,130.0,262144,0.007132954895496368,0,,,,,,,0,,,,,,,0,,,,,,,0,,,,,,
C135,Chest,129,test/C135/Low_Dose/00000339.dcm,130.0,262144,0.007207581773400307,0,,,,,,,0,,,,,,,0,,,,,,,0,,,,,,
C135,Chest,130,test/C135/Low_Dose/00000104.dcm,130.0,262144,0.0072469888255000114,1,0.0029296875,100.0,100.0,100.0,100.0,100.0,0,,,,,,,1,0.0029296875,100.0,100.0,100.0,100.0,100.0,0,,,,,,
C135,Chest,131,test/C135/Low_Dose/00000197.dcm,130.0,262144,0.007350413594394922,0,,,,,,,0,,,,,,,0,,,,,,,0,,,,,,
C135,Chest,132,test/C135/Low_Dose/00000171.dcm,130.0,262144,0.007389499805867672,1,0.0020751953125,100.0,100.0,100.0,100.0,100.0,0,,,,,,,1,0.0020751953125,100.0,100.0,100.0,100.0,100.0,0,,,,,,
C135,Chest,133,test/C135/Low_Dose/00000261.dcm,130.0,262144,0.007375931832939386,0,,,,,,,0,,,,,,,0,,,,,,,0,,,,,,
C135,Chest,134,test/C135/Low_Dose/00000142.dcm,130.0,262144,0.007421816233545542,0,,,,,,,0,,,,,,,0,,,,,,,0,,,,,,
C135,Chest,135,test/C135/Low_Dose/00000253.dcm,130.0,262144,0.007436071056872606,0,,,,,,,0,,,,,,,0,,,,,,,0,,,,,,
C135,Chest,136,test/C135/Low_Dose/00000144.dcm,130.0,262144,0.007385925855487585,1,0.0035400390625,100.0,100.0,100.0,100.0,100.0,0,,,,,,,1,0.0035400390625,100.0,100.0,100.0,100.0,100.0,0,,,,,,
C135,Chest,137,test/C135/Low_Dose/00000318.dcm,130.0,262144,0.007482585962861776,1,0.00732421875,100.0,100.0,100.0,100.0,100.0,0,,,,,,,1,0.00732421875,100.0,100.0,100.0,100.0,100.0,0,,,,,,
C135,Chest,138,test/C135/Low_Dose/00000010.dcm,130.0,262144,0.007428128272294998,0,,,,,,,0,,,,,,,0,,,,,,,0,,,,,,
C135,Chest,139,test/C135/Low_Dose/00000032.dcm,130.0,262144,0.007323899772018194,0,,,,,,,0,,,,,,,0,,,,,,,0,,,,,,
C135,Chest,140,test/C135/Low_Dose/00000107.dcm,130.0,262144,0.007325546350330114,1,0.004150390625,100.0,100.0,100.0,100.0,100.0,0,,,,,,,1,0.004150390625,100.0,100.0,100.0,100.0,100.0,0,,,,,,
C135,Chest,141,test/C135/Low_Dose/00000235.dcm,130.0,262144,0.007250960450619459,1,0.0050048828125,100.0,100.0,100.0,100.0,100.0,0,,,,,,,0,,,,,,,1,0.0050048828125,100.0,100.0,100.0,100.0,100.0
C135,Chest,142,test/C135/Low_Dose/00000008.dcm,130.0,262144,0.007185674272477627,3,0.004557291666666667,100.0,100.0,100.0,100.0,100.0,0,,,,,,,0,,,,,,,3,0.004557291666666667,100.0,100.0,100.0,100.0,100.0
C135,Chest,143,test/C135/Low_Dose/00000066.dcm,130.0,262144,0.007196389138698578,1,0.000732421875,100.0,100.0,100.0,100.0,100.0,0,,,,,,,1,0.000732421875,100.0,100.0,100.0,100.0,100.0,0,,,,,,
C135,Chest,144,test/C135/Low_Dose/00000040.dcm,130.0,262144,0.007191253360360861,0,,,,,,,0,,,,,,,0,,,,,,,0,,,,,,
C135,Chest,145,test/C135/Low_Dose/00000097.dcm,130.0,262144,0.007052250672131777,0,,,,,,,0,,,,,,,0,,,,,,,0,,,,,,
C135,Chest,146,test/C135/Low_Dose/00000289.dcm,130.0,262144,0.0070665935054421425,1,0.00341796875,100.0,100.0,100.0,100.0,100.0,0,,,,,,,0,,,,,,,1,0.00341796875,100.0,100.0,100.0,100.0,100.0
C135,Chest,147,test/C135/Low_Dose/00000336.dcm,130.0,262144,0.007072892971336842,1,0.0035400390625,100.0,100.0,100.0,100.0,100.0,0,,,,,,,1,0.0035400390625,100.0,100.0,100.0,100.0,100.0,0,,,,,,
C135,Chest,148,test/C135/Low_Dose/00000177.dcm,130.0,262144,0.007003271486610174,0,,,,,,,0,,,,,,,0,,,,,,,0,,,,,,
C135,Chest,149,test/C135/Low_Dose/00000208.dcm,130.0,262144,0.0070987059734761715,0,,,,,,,0,,,,,,,0,,,,,,,0,,,,,,
C135,Chest,150,test/C135/Low_Dose/00000151.dcm,130.0,262144,0.007085834629833698,0,,,,,,,0,,,,,,,0,,,,,,,0,,,,,,
C135,Chest,151,test/C135/Low_Dose/00000081.dcm,130.0,262144,0.007069984916597605,0,,,,,,,0,,,,,,,0,,,,,,,0,,,,,,
C135,Chest,152,test/C135/Low_Dose/00000215.dcm,130.0,262144,0.007178518455475569,0,,,,,,,0,,,,,,,0,,,,,,,0,,,,,,
C135,Chest,153,test/C135/Low_Dose/00000034.dcm,130.0,262144,0.0072046746499836445,2,0.00286865234375,100.0,100.0,100.0,100.0,100.0,0,,,,,,,2,0.00286865234375,100.0,100.0,100.0,100.0,100.0,0,,,,,,
C135,Chest,154,test/C135/Low_Dose/00000225.dcm,130.0,262144,0.007155467290431261,0,,,,,,,0,,,,,,,0,,,,,,,0,,,,,,
C135,Chest,155,test/C135/Low_Dose/00000350.dcm,130.0,262144,0.007280286867171526,1,0.003173828125,100.0,100.0,100.0,100.0,100.0,0,,,,,,,1,0.003173828125,100.0,100.0,100.0,100.0,100.0,0,,,,,,
C135,Chest,156,test/C135/Low_Dose/00000145.dcm,130.0,262144,0.007290486246347427,0,,,,,,,0,,,,,,,0,,,,,,,0,,,,,,
C135,Chest,157,test/C135/Low_Dose/00000278.dcm,130.0,262144,0.007271071430295706,1,0.0052490234375,100.0,100.0,100.0,100.0,100.0,0,,,,,,,1,0.0052490234375,100.0,100.0,100.0,100.0,100.0,0,,,,,,
C135,Chest,158,test/C135/Low_Dose/00000076.dcm,130.0,262144,0.007392161060124636,0,,,,,,,0,,,,,,,0,,,,,,,0,,,,,,
C135,Chest,159,test/C135/Low_Dose/00000137.dcm,130.0,262144,0.007418964058160782,1,0.0010986328125,100.0,100.0,100.0,100.0,100.0,0,,,,,,,1,0.0010986328125,100.0,100.0,100.0,100.0,100.0,0,,,,,,
C135,Chest,160,test/C135/Low_Dose/00000091.dcm,130.0,262144,0.00743457768112421,1,0.0001220703125,100.0,100.0,100.0,100.0,100.0,0,,,,,,,0,,,,,,,1,0.0001220703125,100.0,100.0,100.0,100.0,100.0
C135,Chest,161,test/C135/Low_Dose/00000015.dcm,130.0,262144,0.00748261995613575,0,,,,,,,0,,,,,,,0,,,,,,,0,,,,,,
C135,Chest,162,test/C135/Low_Dose/00000260.dcm,130.0,262144,0.007528197951614857,0,,,,,,,0,,,,,,,0,,,,,,,0,,,,,,
C135,Chest,163,test/C135/Low_Dose/00000201.dcm,130.0,262144,0.0075451345182955265,0,,,,,,,0,,,,,,,0,,,,,,,0,,,,,,
C135,Chest,164,test/C135/Low_Dose/00000193.dcm,130.0,262144,0.007598568219691515,0,,,,,,,0,,,,,,,0,,,,,,,0,,,,,,
C135,Chest,165,test/C135/Low_Dose/00000080.dcm,130.0,262144,0.007616645190864801,0,,,,,,,0,,,,,,,0,,,,,,,0,,,,,,
C135,Chest,166,test/C135/Low_Dose/00000135.dcm,130.0,262144,0.007644439581781626,0,,,,,,,0,,,,,,,0,,,,,,,0,,,,,,
C135,Chest,167,test/C135/Low_Dose/00000251.dcm,130.0,262144,0.007768772076815367,1,0.0072021484375,100.0,100.0,100.0,100.0,100.0,0,,,,,,,0,,,,,,,1,0.0072021484375,100.0,100.0,100.0,100.0,100.0
C135,Chest,168,test/C135/Low_Dose/00000062.dcm,130.0,262144,0.007732979021966457,0,,,,,,,0,,,,,,,0,,,,,,,0,,,,,,
C135,Chest,169,test/C135/Low_Dose/00000120.dcm,130.0,262144,0.007709107361733913,1,0.001953125,100.0,100.0,100.0,100.0,100.0,0,,,,,,,0,,,,,,,1,0.001953125,100.0,100.0,100.0,100.0,100.0
C135,Chest,170,test/C135/Low_Dose/00000035.dcm,130.0,262144,0.0076701524667441845,0,,,,,,,0,,,,,,,0,,,,,,,0,,,,,,
C135,Chest,171,test/C135/Low_Dose/00000121.dcm,130.0,262144,0.007635405752807856,0,,,,,,,0,,,,,,,0,,,,,,,0,,,,,,
C135,Chest,172,test/C135/Low_Dose/00000195.dcm,130.0,262144,0.0075924755074083805,0,,,,,,,0,,,,,,,0,,,,,,,0,,,,,,
C135,Chest,173,test/C135/Low_Dose/00000077.dcm,130.0,262144,0.007680835202336311,0,,,,,,,0,,,,,,,0,,,,,,,0,,,,,,
C135,Chest,174,test/C135/Low_Dose/00000096.dcm,130.0,262144,0.0077060223557055,0,,,,,,,0,,,,,,,0,,,,,,,0,,,,,,
C135,Chest,175,test/C135/Low_Dose/00000302.dcm,130.0,262144,0.0075907050631940365,1,0.0032958984375,100.0,100.0,100.0,100.0,100.0,0,,,,,,,1,0.0032958984375,100.0,100.0,100.0,100.0,100.0,0,,,,,,
C135,Chest,176,test/C135/Low_Dose/00000304.dcm,130.0,262144,0.0075736865401268005,0,,,,,,,0,,,,,,,0,,,,,,,0,,,,,,
C135,Chest,177,test/C135/Low_Dose/00000146.dcm,130.0,262144,0.007501177955418825,1,0.0020751953125,100.0,100.0,100.0,100.0,100.0,0,,,,,,,1,0.0020751953125,100.0,100.0,100.0,100.0,100.0,0,,,,,,
C135,Chest,178,test/C135/Low_Dose/00000294.dcm,130.0,262144,0.007397763431072235,1,0.0023193359375,100.0,100.0,100.0,100.0,100.0,0,,,,,,,1,0.0023193359375,100.0,100.0,100.0,100.0,100.0,0,,,,,,
C135,Chest,179,test/C135/Low_Dose/00000338.dcm,130.0,262144,0.007410513237118721,0,,,,,,,0,,,,,,,0,,,,,,,0,,,,,,
C135,Chest,180,test/C135/Low_Dose/00000221.dcm,130.0,262144,0.007404653821140528,1,0.00732421875,100.0,100.0,100.0,100.0,100.0,0,,,,,,,1,0.00732421875,100.0,100.0,100.0,100.0,100.0,0,,,,,,
C135,Chest,181,test/C135/Low_Dose/00000021.dcm,130.0,262144,0.00740232365205884,0,,,,,,,0,,,,,,,0,,,,,,,0,,,,,,
C135,Chest,182,test/C135/Low_Dose/00000073.dcm,130.0,262144,0.007426968775689602,0,,,,,,,0,,,,,,,0,,,,,,,0,,,,,,
C135,Chest,183,test/C135/Low_Dose/00000211.dcm,130.0,262144,0.0073784273117780685,2,0.00421142578125,100.0,100.0,100.0,100.0,100.0,0,,,,,,,1,0.006103515625,100.0,100.0,100.0,100.0,100.0,1,0.0023193359375,100.0,100.0,100.0,100.0,100.0
C135,Chest,184,test/C135/Low_Dose/00000282.dcm,130.0,262144,0.007276720833033323,0,,,,,,,0,,,,,,,0,,,,,,,0,,,,,,
C135,Chest,185,test/C135/Low_Dose/00000184.dcm,130.0,262144,0.007302332203835249,0,,,,,,,0,,,,,,,0,,,,,,,0,,,,,,
C135,Chest,186,test/C135/Low_Dose/00000199.dcm,130.0,262144,0.007290970999747515,0,,,,,,,0,,,,,,,0,,,,,,,0,,,,,,
C135,Chest,187,test/C135/Low_Dose/00000058.dcm,130.0,262144,0.007252177223563194,0,,,,,,,0,,,,,,,0,,,,,,,0,,,,,,
C135,Chest,188,test/C135/Low_Dose/00000307.dcm,130.0,262144,0.007317468523979187,0,,,,,,,0,,,,,,,0,,,,,,,0,,,,,,
C135,Chest,189,test/C135/Low_Dose/00000178.dcm,130.0,262144,0.007352291606366634,0,,,,,,,0,,,,,,,0,,,,,,,0,,,,,,
C135,Chest,190,test/C135/Low_Dose/00000244.dcm,130.0,262144,0.007353511638939381,0,,,,,,,0,,,,,,,0,,,,,,,0,,,,,,
C135,Chest,191,test/C135/Low_Dose/00000110.dcm,130.0,262144,0.0073843649588525295,0,,,,,,,0,,,,,,,0,,,,,,,0,,,,,,
C135,Chest,192,test/C135/Low_Dose/00000220.dcm,130.0,262144,0.007403104566037655,0,,,,,,,0,,,,,,,0,,,,,,,0,,,,,,
C135,Chest,193,test/C135/Low_Dose/00000030.dcm,130.0,262144,0.007375939749181271,0,,,,,,,0,,,,,,,0,,,,,,,0,,,,,,
C135,Chest,194,test/C135/Low_Dose/00000348.dcm,130.0,262144,0.00743132783100009,0,,,,,,,0,,,,,,,0,,,,,,,0,,,,,,
C135,Chest,195,test/C135/Low_Dose/00000044.dcm,130.0,262144,0.007435254752635956,0,,,,,,,0,,,,,,,0,,,,,,,0,,,,,,
C135,Chest,196,test/C135/Low_Dose/00000247.dcm,130.0,262144,0.0073827700689435005,0,,,,,,,0,,,,,,,0,,,,,,,0,,,,,,
C135,Chest,197,test/C135/Low_Dose/00000033.dcm,130.0,262144,0.00748101994395256,0,,,,,,,0,,,,,,,0,,,,,,,0,,,,,,
C135,Chest,198,test/C135/Low_Dose/00000187.dcm,130.0,262144,0.0075516062788665295,3,0.004435221354166667,100.0,100.0,100.0,100.0,100.0,0,,,,,,,0,,,,,,,3,0.004435221354166667,100.0,100.0,100.0,100.0,100.0
C135,Chest,199,test/C135/Low_Dose/00000333.dcm,130.0,262144,0.007552080322057009,0,,,,,,,0,,,,,,,0,,,,,,,0,,,,,,
C135,Chest,200,test/C135/Low_Dose/00000284.dcm,130.0,262144,0.007668607868254185,0,,,,,,,0,,,,,,,0,,,,,,,0,,,,,,
C135,Chest,201,test/C135/Low_Dose/00000334.dcm,130.0,262144,0.00769659923389554,1,0.0072021484375,100.0,100.0,100.0,100.0,100.0,0,,,,,,,1,0.0072021484375,100.0,100.0,100.0,100.0,100.0,0,,,,,,
C135,Chest,202,test/C135/Low_Dose/00000321.dcm,130.0,262144,0.0076154922135174274,1,0.00146484375,100.0,100.0,100.0,100.0,100.0,0,,,,,,,1,0.00146484375,100.0,100.0,100.0,100.0,100.0,0,,,,,,
C135,Chest,203,test/C135/Low_Dose/00000003.dcm,130.0,262144,0.007756099570542574,0,,,,,,,0,,,,,,,0,,,,,,,0,,,,,,
C135,Chest,204,test/C135/Low_Dose/00000316.dcm,130.0,262144,0.007715053856372833,0,,,,,,,0,,,,,,,0,,,,,,,0,,,,,,
C135,Chest,205,test/C135/Low_Dose/00000327.dcm,130.0,262144,0.007688593585044146,0,,,,,,,0,,,,,,,0,,,,,,,0,,,,,,
C135,Chest,206,test/C135/Low_Dose/00000236.dcm,130.0,262144,0.0077506680972874165,0,,,,,,,0,,,,,,,0,,,,,,,0,,,,,,
C135,Chest,207,test/C135/Low_Dose/00000287.dcm,130.0,262144,0.007840153761208057,1,0.00537109375,100.0,100.0,100.0,100.0,100.0,0,,,,,,,0,,,,,,,1,0.00537109375,100.0,100.0,100.0,100.0,100.0
C135,Chest,208,test/C135/Low_Dose/00000124.dcm,130.0,262144,0.007760372944176197,0,,,,,,,0,,,,,,,0,,,,,,,0,,,,,,
C135,Chest,209,test/C135/Low_Dose/00000153.dcm,130.0,262144,0.007827285677194595,2,0.00250244140625,100.0,100.0,100.0,100.0,100.0,0,,,,,,,0,,,,,,,2,0.00250244140625,100.0,100.0,100.0,100.0,100.0
C135,Chest,210,test/C135/Low_Dose/00000226.dcm,130.0,262144,0.007757432293146849,0,,,,,,,0,,,,,,,0,,,,,,,0,,,,,,
C135,Chest,211,test/C135/Low_Dose/00000130.dcm,130.0,262144,0.007666232530027628,0,,,,,,,0,,,,,,,0,,,,,,,0,,,,,,
C135,Chest,212,test/C135/Low_Dose/00000186.dcm,130.0,262144,0.007720501162111759,0,,,,,,,0,,,,,,,0,,,,,,,0,,,,,,
C135,Chest,213,test/C135/Low_Dose/00000152.dcm,130.0,262144,0.00772610679268837,1,0.005859375,100.0,100.0,100.0,100.0,100.0,0,,,,,,,0,,,,,,,1,0.005859375,100.0,100.0,100.0,100.0,100.0
C135,Chest,214,test/C135/Low_Dose/00000166.dcm,130.0,262144,0.007697993889451027,0,,,,,,,0,,,,,,,0,,,,,,,0,,,,,,
C135,Chest,215,test/C135/Low_Dose/00000140.dcm,130.0,262144,0.007772853597998619,0,,,,,,,0,,,,,,,0,,,,,,,0,,,,,,
C135,Chest,216,test/C135/Low_Dose/00000093.dcm,130.0,262144,0.007838418707251549,0,,,,,,,0,,,,,,,0,,,,,,,0,,,,,,
C135,Chest,217,test/C135/Low_Dose/00000230.dcm,130.0,262144,0.007769638206809759,0,,,,,,,0,,,,,,,0,,,,,,,0,,,,,,
C135,Chest,218,test/C135/Low_Dose/00000313.dcm,130.0,262144,0.007761626038700342,0,,,,,,,0,,,,,,,0,,,,,,,0,,,,,,
C135,Chest,219,test/C135/Low_Dose/00000324.dcm,130.0,262144,0.007762664929032326,0,,,,,,,0,,,,,,,0,,,,,,,0,,,,,,
C135,Chest,220,test/C135/Low_Dose/00000332.dcm,130.0,262144,0.007730543613433838,0,,,,,,,0,,,,,,,0,,,,,,,0,,,,,,
C135,Chest,221,test/C135/Low_Dose/00000168.dcm,130.0,262144,0.007775868289172649,0,,,,,,,0,,,,,,,0,,,,,,,0,,,,,,
C135,Chest,222,test/C135/Low_Dose/00000210.dcm,130.0,262144,0.007824281230568886,1,0.0001220703125,100.0,100.0,100.0,100.0,100.0,0,,,,,,,0,,,,,,,1,0.0001220703125,100.0,100.0,100.0,100.0,100.0
C135,Chest,223,test/C135/Low_Dose/00000025.dcm,130.0,262144,0.007822385989129543,0,,,,,,,0,,,,,,,0,,,,,,,0,,,,,,
C135,Chest,224,test/C135/Low_Dose/00000185.dcm,130.0,262144,0.007958180271089077,0,,,,,,,0,,,,,,,0,,,,,,,0,,,,,,
C135,Chest,225,test/C135/Low_Dose/00000325.dcm,130.0,262144,0.007951183244585991,0,,,,,,,0,,,,,,,0,,,,,,,0,,,,,,
C135,Chest,226,test/C135/Low_Dose/00000250.dcm,130.0,262144,0.00797225534915924,1,0.0,100.0,100.0,100.0,100.0,100.0,0,,,,,,,0,,,,,,,1,0.0,100.0,100.0,100.0,100.0,100.0
C135,Chest,227,test/C135/Low_Dose/00000264.dcm,130.0,262144,0.008017182350158691,3,0.003946940104166667,100.0,100.0,100.0,100.0,100.0,0,,,,,,,2,0.003662109375,100.0,100.0,100.0,100.0,100.0,1,0.0045166015625,100.0,100.0,100.0,100.0,100.0
C135,Chest,228,test/C135/Low_Dose/00000345.dcm,130.0,262144,0.007985820062458515,0,,,,,,,0,,,,,,,0,,,,,,,0,,,,,,
C135,Chest,229,test/C135/Low_Dose/00000233.dcm,130.0,262144,0.007932275533676147,0,,,,,,,0,,,,,,,0,,,,,,,0,,,,,,
C135,Chest,230,test/C135/Low_Dose/00000094.dcm,130.0,262144,0.007942435331642628,1,0.00732421875,100.0,100.0,100.0,100.0,100.0,0,,,,,,,1,0.00732421875,100.0,100.0,100.0,100.0,100.0,0,,,,,,
C135,Chest,231,test/C135/Low_Dose/00000117.dcm,130.0,262144,0.007997069507837296,1,0.0072021484375,100.0,100.0,100.0,100.0,100.0,0,,,,,,,1,0.0072021484375,100.0,100.0,100.0,100.0,100.0,0,,,,,,
C135,Chest,232,test/C135/Low_Dose/00000045.dcm,130.0,262144,0.00805633794516325,1,0.00732421875,100.0,100.0,100.0,100.0,100.0,0,,,,,,,1,0.00732421875,100.0,100.0,100.0,100.0,100.0,0,,,,,,
C135,Chest,233,test/C135/Low_Dose/00000203.dcm,130.0,262144,0.008126825094223022,3,0.0033365885416666665,100.0,100.0,100.0,100.0,100.0,0,,,,,,,1,0.0015869140625,100.0,100.0,100.0,100.0,100.0,2,0.00421142578125,100.0,100.0,100.0,100.0,100.0
C135,Chest,234,test/C135/Low_Dose/00000248.dcm,130.0,262144,0.00816037505865097,0,,,,,,,0,,,,,,,0,,,,,,,0,,,,,,
C135,Chest,235,test/C135/Low_Dose/00000059.dcm,130.0,262144,0.00812305323779583,0,,,,,,,0,,,,,,,0,,,,,,,0,,,,,,
C135,Chest,236,test/C135/Low_Dose/00000311.dcm,130.0,262144,0.008170867338776588,0,,,,,,,0,,,,,,,0,,,,,,,0,,,,,,
C135,Chest,237,test/C135/Low_Dose/00000016.dcm,130.0,262144,0.00818652007728815,0,,,,,,,0,,,,,,,0,,,,,,,0,,,,,,
C135,Chest,238,test/C135/Low_Dose/00000331.dcm,130.0,262144,0.008190939202904701,0,,,,,,,0,,,,,,,0,,,,,,,0,,,,,,
C135,Chest,239,test/C135/Low_Dose/00000125.dcm,130.0,262144,0.00822182185947895,0,,,,,,,0,,,,,,,0,,,,,,,0,,,,,,
C135,Chest,240,test/C135/Low_Dose/00000005.dcm,130.0,262144,0.008242818526923656,0,,,,,,,0,,,,,,,0,,,,,,,0,,,,,,
C135,Chest,241,test/C135/Low_Dose/00000159.dcm,130.0,262144,0.008214949630200863,1,0.0028076171875,100.0,100.0,100.0,100.0,100.0,0,,,,,,,1,0.0028076171875,100.0,100.0,100.0,100.0,100.0,0,,,,,,
C135,Chest,242,test/C135/Low_Dose/00000088.dcm,130.0,262144,0.008249745704233646,0,,,,,,,0,,,,,,,0,,,,,,,0,,,,,,
C135,Chest,243,test/C135/Low_Dose/00000306.dcm,130.0,262144,0.008298964239656925,0,,,,,,,0,,,,,,,0,,,,,,,0,,,,,,
C135,Chest,244,test/C135/Low_Dose/00000297.dcm,130.0,262144,0.008254644460976124,0,,,,,,,0,,,,,,,0,,,,,,,0,,,,,,
C135,Chest,245,test/C135/Low_Dose/00000063.dcm,130.0,262144,0.00823110993951559,0,,,,,,,0,,,,,,,0,,,,,,,0,,,,,,
C135,Chest,246,test/C135/Low_Dose/00000309.dcm,130.0,262144,0.008154142647981644,1,0.0064697265625,100.0,100.0,100.0,100.0,100.0,0,,,,,,,0,,,,,,,1,0.0064697265625,100.0,100.0,100.0,100.0,100.0
C135,Chest,247,test/C135/Low_Dose/00000103.dcm,130.0,262144,0.008062866516411304,0,,,,,,,0,,,,,,,0,,,,,,,0,,,,,,
C135,Chest,248,test/C135/Low_Dose/00000017.dcm,130.0,262144,0.008066319860517979,2,0.00341796875,100.0,100.0,100.0,100.0,100.0,0,,,,,,,1,0.0067138671875,100.0,100.0,100.0,100.0,100.0,1,0.0001220703125,100.0,100.0,100.0,100.0,100.0
C135,Chest,249,test/C135/Low_Dose/00000128.dcm,130.0,262144,0.008007943630218506,1,0.0009765625,100.0,100.0,100.0,100.0,100.0,0,,,,,,,1,0.0009765625,100.0,100.0,100.0,100.0,100.0,0,,,,,,
C135,Chest,250,test/C135/Low_Dose/00000029.dcm,130.0,262144,0.007960992865264416,0,,,,,,,0,,,,,,,0,,,,,,,0,,,,,,
C135,Chest,251,test/C135/Low_Dose/00000275.dcm,130.0,262144,0.00801596324890852,0,,,,,,,0,,,,,,,0,,,,,,,0,,,,,,
C135,Chest,252,test/C135/Low_Dose/00000042.dcm,130.0,262144,0.008096595294773579,0,,,,,,,0,,,,,,,0,,,,,,,0,,,,,,
C135,Chest,253,test/C135/Low_Dose/00000111.dcm,130.0,262144,0.008139877580106258,0,,,,,,,0,,,,,,,0,,,,,,,0,,,,,,
C135,Chest,254,test/C135/Low_Dose/00000298.dcm,130.0,262144,0.008209383115172386,0,,,,,,,0,,,,,,,0,,,,,,,0,,,,,,
C135,Chest,255,test/C135/Low_Dose/00000209.dcm,130.0,262144,0.008096078410744667,0,,,,,,,0,,,,,,,0,,,,,,,0,,,,,,
C135,Chest,256,test/C135/Low_Dose/00000001.dcm,130.0,262144,0.007935124449431896,0,,,,,,,0,,,,,,,0,,,,,,,0,,,,,,
C135,Chest,257,test/C135/Low_Dose/00000002.dcm,130.0,262144,0.007966173812747002,0,,,,,,,0,,,,,,,0,,,,,,,0,,,,,,
C135,Chest,258,test/C135/Low_Dose/00000303.dcm,130.0,262144,0.007891074754297733,0,,,,,,,0,,,,,,,0,,,,,,,0,,,,,,
C135,Chest,259,test/C135/Low_Dose/00000326.dcm,130.0,262144,0.00778886117041111,1,0.00732421875,100.0,100.0,100.0,100.0,100.0,0,,,,,,,0,,,,,,,1,0.00732421875,100.0,100.0,100.0,100.0,100.0
C135,Chest,260,test/C135/Low_Dose/00000196.dcm,130.0,262144,0.007793785072863102,0,,,,,,,0,,,,,,,0,,,,,,,0,,,,,,
C135,Chest,261,test/C135/Low_Dose/00000274.dcm,130.0,262144,0.007761881221085787,0,,,,,,,0,,,,,,,0,,,,,,,0,,,,,,
C135,Chest,262,test/C135/Low_Dose/00000052.dcm,130.0,262144,0.0076281786896288395,1,0.0059814453125,100.0,100.0,100.0,100.0,100.0,0,,,,,,,0,,,,,,,1,0.0059814453125,100.0,100.0,100.0,100.0,100.0
C135,Chest,263,test/C135/Low_Dose/00000232.dcm,130.0,262144,0.007676044013351202,1,0.0068359375,100.0,100.0,100.0,100.0,100.0,0,,,,,,,1,0.0068359375,100.0,100.0,100.0,100.0,100.0,0,,,,,,
C135,Chest,264,test/C135/Low_Dose/00000133.dcm,130.0,262144,0.007581658661365509,0,,,,,,,0,,,,,,,0,,,,,,,0,,,,,,
C135,Chest,265,test/C135/Low_Dose/00000051.dcm,130.0,262144,0.007476313505321741,0,,,,,,,0,,,,,,,0,,,,,,,0,,,,,,
C135,Chest,266,test/C135/Low_Dose/00000169.dcm,130.0,262144,0.007446556817740202,0,,,,,,,0,,,,,,,0,,,,,,,0,,,,,,
C135,Chest,267,test/C135/Low_Dose/00000188.dcm,130.0,262144,0.007377591449767351,1,0.004150390625,100.0,100.0,100.0,100.0,100.0,0,,,,,,,1,0.004150390625,100.0,100.0,100.0,100.0,100.0,0,,,,,,
C135,Chest,268,test/C135/Low_Dose/00000173.dcm,130.0,262144,0.0072311898693442345,0,,,,,,,0,,,,,,,0,,,,,,,0,,,,,,
C135,Chest,269,test/C135/Low_Dose/00000182.dcm,130.0,262144,0.007294460199773312,1,0.0025634765625,100.0,100.0,100.0,100.0,100.0,0,,,,,,,1,0.0025634765625,100.0,100.0,100.0,100.0,100.0,0,,,,,,
C135,Chest,270,test/C135/Low_Dose/00000288.dcm,130.0,262144,0.007241394370794296,0,,,,,,,0,,,,,,,0,,,,,,,0,,,,,,
C135,Chest,271,test/C135/Low_Dose/00000256.dcm,130.0,262144,0.007176208775490522,0,,,,,,,0,,,,,,,0,,,,,,,0,,,,,,
C135,Chest,272,test/C135/Low_Dose/00000234.dcm,130.0,262144,0.00723943579941988,1,0.0050048828125,100.0,100.0,100.0,100.0,100.0,0,,,,,,,0,,,,,,,1,0.0050048828125,100.0,100.0,100.0,100.0,100.0
C135,Chest,273,test/C135/Low_Dose/00000119.dcm,130.0,262144,0.007296082563698292,0,,,,,,,0,,,,,,,0,,,,,,,0,,,,,,
C135,Chest,274,test/C135/Low_Dose/00000100.dcm,130.0,262144,0.00723256915807724,0,,,,,,,0,,,,,,,0,,,,,,,0,,,,,,
C135,Chest,275,test/C135/Low_Dose/00000308.dcm,130.0,262144,0.007338492199778557,0,,,,,,,0,,,,,,,0,,,,,,,0,,,,,,
C135,Chest,276,test/C135/Low_Dose/00000291.dcm,130.0,262144,0.007313503418117762,0,,,,,,,0,,,,,,,0,,,,,,,0,,,,,,
C135,Chest,277,test/C135/Low_Dose/00000276.dcm,130.0,262144,0.0071748048067092896,0,,,,,,,0,,,,,,,0,,,,,,,0,,,,,,
C135,Chest,278,test/C135/Low_Dose/00000041.dcm,130.0,262144,0.007246554363518953,0,,,,,,,0,,,,,,,0,,,,,,,0,,,,,,
C135,Chest,279,test/C135/Low_Dose/00000141.dcm,130.0,262144,0.007260005921125412,2,0.0050048828125,100.0,100.0,100.0,100.0,100.0,0,,,,,,,2,0.0050048828125,100.0,100.0,100.0,100.0,100.0,0,,,,,,
C135,Chest,280,test/C135/Low_Dose/00000116.dcm,130.0,262144,0.00719009293243289,0,,,,,,,0,,,,,,,0,,,,,,,0,,,,,,
C135,Chest,281,test/C135/Low_Dose/00000069.dcm,130.0,262144,0.007291363086551428,0,,,,,,,0,,,,,,,0,,,,,,,0,,,,,,
C135,Chest,282,test/C135/Low_Dose/00000300.dcm,130.0,262144,0.007334749214351177,0,,,,,,,0,,,,,,,0,,,,,,,0,,,,,,
C135,Chest,283,test/C135/Low_Dose/00000279.dcm,130.0,262144,0.007255553267896175,0,,,,,,,0,,,,,,,0,,,,,,,0,,,,,,
C135,Chest,284,test/C135/Low_Dose/00000007.dcm,130.0,262144,0.007373040542006493,0,,,,,,,0,,,,,,,0,,,,,,,0,,,,,,
C135,Chest,285,test/C135/Low_Dose/00000341.dcm,130.0,262144,0.007433182559907436,0,,,,,,,0,,,,,,,0,,,,,,,0,,,,,,
C135,Chest,286,test/C135/Low_Dose/00000312.dcm,130.0,262144,0.007424316834658384,0,,,,,,,0,,,,,,,0,,,,,,,0,,,,,,
C135,Chest,287,test/C135/Low_Dose/00000022.dcm,130.0,262144,0.007562144659459591,0,,,,,,,0,,,,,,,0,,,,,,,0,,,,,,
C135,Chest,288,test/C135/Low_Dose/00000340.dcm,130.0,262144,0.007610700558871031,0,,,,,,,0,,,,,,,0,,,,,,,0,,,,,,
C135,Chest,289,test/C135/Low_Dose/00000061.dcm,130.0,262144,0.007582059130072594,0,,,,,,,0,,,,,,,0,,,,,,,0,,,,,,
C135,Chest,290,test/C135/Low_Dose/00000180.dcm,130.0,262144,0.007693888619542122,0,,,,,,,0,,,,,,,0,,,,,,,0,,,,,,
C135,Chest,291,test/C135/Low_Dose/00000031.dcm,130.0,262144,0.00774313835427165,0,,,,,,,0,,,,,,,0,,,,,,,0,,,,,,
C135,Chest,292,test/C135/Low_Dose/00000206.dcm,130.0,262144,0.0077159772627055645,0,,,,,,,0,,,,,,,0,,,,,,,0,,,,,,
C135,Chest,293,test/C135/Low_Dose/00000136.dcm,130.0,262144,0.007815550081431866,0,,,,,,,0,,,,,,,0,,,,,,,0,,,,,,
C135,Chest,294,test/C135/Low_Dose/00000043.dcm,130.0,262144,0.0078445328399539,1,0.004150390625,100.0,100.0,100.0,100.0,100.0,0,,,,,,,0,,,,,,,1,0.004150390625,100.0,100.0,100.0,100.0,100.0
C135,Chest,295,test/C135/Low_Dose/00000252.dcm,130.0,262144,0.007820206694304943,0,,,,,,,0,,,,,,,0,,,,,,,0,,,,,,
C135,Chest,296,test/C135/Low_Dose/00000218.dcm,130.0,262144,0.007917487993836403,0,,,,,,,0,,,,,,,0,,,,,,,0,,,,,,
C135,Chest,297,test/C135/Low_Dose/00000183.dcm,130.0,262144,0.007906918413937092,1,0.001953125,100.0,100.0,100.0,100.0,100.0,0,,,,,,,0,,,,,,,1,0.001953125,100.0,100.0,100.0,100.0,100.0
C135,Chest,298,test/C135/Low_Dose/00000344.dcm,130.0,262144,0.007867791689932346,0,,,,,,,0,,,,,,,0,,,,,,,0,,,,,,
C135,Chest,299,test/C135/Low_Dose/00000349.dcm,130.0,262144,0.00800741370767355,0,,,,,,,0,,,,,,,0,,,,,,,0,,,,,,
C135,Chest,300,test/C135/Low_Dose/00000108.dcm,130.0,262144,0.007998155429959297,0,,,,,,,0,,,,,,,0,,,,,,,0,,,,,,
C135,Chest,301,test/C135/Low_Dose/00000006.dcm,130.0,262144,0.00789281353354454,1,0.002197265625,100.0,100.0,100.0,100.0,100.0,0,,,,,,,0,,,,,,,1,0.002197265625,100.0,100.0,100.0,100.0,100.0
C135,Chest,302,test/C135/Low_Dose/00000065.dcm,130.0,262144,0.00800240971148014,0,,,,,,,0,,,,,,,0,,,,,,,0,,,,,,
C135,Chest,303,test/C135/Low_Dose/00000222.dcm,130.0,262144,0.008019932545721531,0,,,,,,,0,,,,,,,0,,,,,,,0,,,,,,
C135,Chest,304,test/C135/Low_Dose/00000132.dcm,130.0,262144,0.00793360359966755,0,,,,,,,0,,,,,,,0,,,,,,,0,,,,,,
C135,Chest,305,test/C135/Low_Dose/00000224.dcm,130.0,262144,0.008001760579645634,0,,,,,,,0,,,,,,,0,,,,,,,0,,,,,,
C135,Chest,306,test/C135/Low_Dose/00000075.dcm,130.0,262144,0.007994337938725948,0,,,,,,,0,,,,,,,0,,,,,,,0,,,,,,
C135,Chest,307,test/C135/Low_Dose/00000156.dcm,130.0,262144,0.007910388521850109,0,,,,,,,0,,,,,,,0,,,,,,,0,,,,,,
C135,Chest,308,test/C135/Low_Dose/00000143.dcm,130.0,262144,0.00802384689450264,0,,,,,,,0,,,,,,,0,,,,,,,0,,,,,,
C135,Chest,309,test/C135/Low_Dose/00000246.dcm,130.0,262144,0.00804745964705944,0,,,,,,,0,,,,,,,0,,,,,,,0,,,,,,
C135,Chest,310,test/C135/Low_Dose/00000013.dcm,130.0,262144,0.008006677962839603,1,0.0018310546875,100.0,100.0,100.0,100.0,100.0,0,,,,,,,1,0.0018310546875,100.0,100.0,100.0,100.0,100.0,0,,,,,,
C135,Chest,311,test/C135/Low_Dose/00000351.dcm,130.0,262144,0.008051698096096516,0,,,,,,,0,,,,,,,0,,,,,,,0,,,,,,
C135,Chest,312,test/C135/Low_Dose/00000167.dcm,130.0,262144,0.008080772124230862,1,0.0050048828125,100.0,100.0,100.0,100.0,100.0,0,,,,,,,1,0.0050048828125,100.0,100.0,100.0,100.0,100.0,0,,,,,,
C135,Chest,313,test/C135/Low_Dose/00000162.dcm,130.0,262144,0.00800748448818922,0,,,,,,,0,,,,,,,0,,,,,,,0,,,,,,
C135,Chest,314,test/C135/Low_Dose/00000263.dcm,130.0,262144,0.0080661466345191,0,,,,,,,0,,,,,,,0,,,,,,,0,,,,,,
C135,Chest,315,test/C135/Low_Dose/00000068.dcm,130.0,262144,0.00804110150784254,0,,,,,,,0,,,,,,,0,,,,,,,0,,,,,,
C135,Chest,316,test/C135/Low_Dose/00000200.dcm,130.0,262144,0.007971438579261303,1,0.0023193359375,100.0,100.0,100.0,100.0,100.0,0,,,,,,,0,,,,,,,1,0.0023193359375,100.0,100.0,100.0,100.0,100.0
C135,Chest,317,test/C135/Low_Dose/00000046.dcm,130.0,262144,0.008093170821666718,0,,,,,,,0,,,,,,,0,,,,,,,0,,,,,,
C135,Chest,318,test/C135/Low_Dose/00000158.dcm,130.0,262144,0.008102649822831154,0,,,,,,,0,,,,,,,0,,,,,,,0,,,,,,
C135,Chest,319,test/C135/Low_Dose/00000212.dcm,130.0,262144,0.008064312860369682,0,,,,,,,0,,,,,,,0,,,,,,,0,,,,,,
C135,Chest,320,test/C135/Low_Dose/00000343.dcm,130.0,262144,0.00816786102950573,0,,,,,,,0,,,,,,,0,,,,,,,0,,,,,,
C135,Chest,321,test/C135/Low_Dose/00000147.dcm,130.0,262144,0.008196709677577019,0,,,,,,,0,,,,,,,0,,,,,,,0,,,,,,
C135,Chest,322,test/C135/Low_Dose/00000207.dcm,130.0,262144,0.008189495652914047,0,,,,,,,0,,,,,,,0,,,,,,,0,,,,,,
C135,Chest,323,test/C135/Low_Dose/00000149.dcm,130.0,262144,0.00832055788487196,0,,,,,,,0,,,,,,,0,,,,,,,0,,,,,,
C135,Chest,324,test/C135/Low_Dose/00000262.dcm,130.0,262144,0.00836444366723299,0,,,,,,,0,,,,,,,0,,,,,,,0,,,,,,
C135,Chest,325,test/C135/Low_Dose/00000085.dcm,130.0,262144,0.00833278801292181,0,,,,,,,0,,,,,,,0,,,,,,,0,,,,,,
C135,Chest,326,test/C135/Low_Dose/00000036.dcm,130.0,262144,0.008388086222112179,0,,,,,,,0,,,,,,,0,,,,,,,0,,,,,,
C135,Chest,327,test/C135/Low_Dose/00000102.dcm,130.0,262144,0.008405257947742939,0,,,,,,,0,,,,,,,0,,,,,,,0,,,,,,
C135,Chest,328,test/C135/Low_Dose/00000014.dcm,130.0,262144,0.008330064825713634,0,,,,,,,0,,,,,,,0,,,,,,,0,,,,,,
C135,Chest,329,test/C135/Low_Dose/00000163.dcm,130.0,262144,0.008436656557023525,0,,,,,,,0,,,,,,,0,,,,,,,0,,,,,,
C135,Chest,330,test/C135/Low_Dose/00000050.dcm,130.0,262144,0.008428462781012058,0,,,,,,,0,,,,,,,0,,,,,,,0,,,,,,
C135,Chest,331,test/C135/Low_Dose/00000067.dcm,130.0,262144,0.008346742019057274,1,0.003662109375,100.0,100.0,100.0,100.0,100.0,0,,,,,,,1,0.003662109375,100.0,100.0,100.0,100.0,100.0,0,,,,,,
C135,Chest,332,test/C135/Low_Dose/00000280.dcm,130.0,262144,0.008413589559495449,1,0.00390625,100.0,100.0,100.0,100.0,100.0,0,,,,,,,1,0.00390625,100.0,100.0,100.0,100.0,100.0,0,,,,,,
C135,Chest,333,test/C135/Low_Dose/00000285.dcm,130.0,262144,0.008408550173044205,1,0.002685546875,100.0,100.0,100.0,100.0,100.0,0,,,,,,,1,0.002685546875,100.0,100.0,100.0,100.0,100.0,0,,,,,,
C135,Chest,334,test/C135/Low_Dose/00000053.dcm,130.0,262144,0.0083196721971035,1,0.00732421875,100.0,100.0,100.0,100.0,100.0,0,,,,,,,0,,,,,,,1,0.00732421875,100.0,100.0,100.0,100.0,100.0
C135,Chest,335,test/C135/Low_Dose/00000024.dcm,130.0,262144,0.008450143039226532,0,,,,,,,0,,,,,,,0,,,,,,,0,,,,,,
C135,Chest,336,test/C135/Low_Dose/00000257.dcm,130.0,262144,0.008510102517902851,0,,,,,,,0,,,,,,,0,,,,,,,0,,,,,,
C135,Chest,337,test/C135/Low_Dose/00000055.dcm,130.0,262144,0.008424299769103527,0,,,,,,,0,,,,,,,0,,,,,,,0,,,,,,
C135,Chest,338,test/C135/Low_Dose/00000122.dcm,130.0,262144,0.008566408418118954,0,,,,,,,0,,,,,,,0,,,,,,,0,,,,,,
C135,Chest,339,test/C135/Low_Dose/00000109.dcm,130.0,262144,0.008594824932515621,0,,,,,,,0,,,,,,,0,,,,,,,0,,,,,,
C135,Chest,340,test/C135/Low_Dose/00000290.dcm,130.0,262144,0.008525977842509747,0,,,,,,,0,,,,,,,0,,,,,,,0,,,,,,
C135,Chest,341,test/C135/Low_Dose/00000060.dcm,130.0,262144,0.008623795583844185,1,0.0001220703125,100.0,100.0,100.0,100.0,100.0,0,,,,,,,1,0.0001220703125,100.0,100.0,100.0,100.0,100.0,0,,,,,,
C135,Chest,342,test/C135/Low_Dose/00000259.dcm,130.0,262144,0.008607525378465652,0,,,,,,,0,,,,,,,0,,,,,,,0,,,,,,
C135,Chest,343,test/C135/Low_Dose/00000175.dcm,130.0,262144,0.008537103421986103,0,,,,,,,0,,,,,,,0,,,,,,,0,,,,,,
C135,Chest,344,test/C135/Low_Dose/00000310.dcm,130.0,262144,0.008626882918179035,0,,,,,,,0,,,,,,,0,,,,,,,0,,,,,,
C135,Chest,345,test/C135/Low_Dose/00000319.dcm,130.0,262144,0.008578985929489136,0,,,,,,,0,,,,,,,0,,,,,,,0,,,,,,
C135,Chest,346,test/C135/Low_Dose/00000329.dcm,130.0,262144,0.00854326132684946,1,0.0079345703125,100.0,100.0,100.0,100.0,100.0,0,,,,,,,0,,,,,,,1,0.0079345703125,100.0,100.0,100.0,100.0,100.0
C135,Chest,347,test/C135/Low_Dose/00000277.dcm,130.0,262144,0.008593843318521976,0,,,,,,,0,,,,,,,0,,,,,,,0,,,,,,
C135,Chest,348,test/C135/Low_Dose/00000198.dcm,130.0,262144,0.008583580143749714,0,,,,,,,0,,,,,,,0,,,,,,,0,,,,,,
C135,Chest,349,test/C135/Low_Dose/00000154.dcm,130.0,262144,0.008493279106914997,0,,,,,,,0,,,,,,,0,,,,,,,0,,,,,,
C135,Chest,350,test/C135/Low_Dose/00000269.dcm,130.0,262144,0.008472339250147343,0,,,,,,,0,,,,,,,0,,,,,,,0,,,,,,
C135,Chest,351,test/C135/Low_Dose/00000229.dcm,130.0,262144,0.008443561382591724,2,0.00555419921875,100.0,100.0,100.0,100.0,100.0,0,,,,,,,0,,,,,,,2,0.00555419921875,100.0,100.0,100.0,100.0,100.0
C135,Chest,352,test/C135/Low_Dose/00000301.dcm,130.0,262144,0.008379265666007996,0,,,,,,,0,,,,,,,0,,,,,,,0,,,,,,
C135,Chest,353,test/C135/Low_Dose/00000189.dcm,130.0,262144,0.008454781956970692,0,,,,,,,0,,,,,,,0,,,,,,,0,,,,,,
C135,Chest,354,test/C135/Low_Dose/00000020.dcm,130.0,262144,0.008459997363388538,0,,,,,,,0,,,,,,,0,,,,,,,0,,,,,,
C170,Chest,0,test/C170/Low_Dose/00000338.dcm,130.0,262144,0.0038330962415784597,0,,,,,,,0,,,,,,,0,,,,,,,0,,,,,,
C170,Chest,1,test/C170/Low_Dose/00000302.dcm,130.0,262144,0.003902100259438157,0,,,,,,,0,,,,,,,0,,,,,,,0,,,,,,
C170,Chest,2,test/C170/Low_Dose/00000096.dcm,130.0,262144,0.00409496808424592,0,,,,,,,0,,,,,,,0,,,,,,,0,,,,,,
C170,Chest,3,test/C170/Low_Dose/00000091.dcm,130.0,262144,0.004309941083192825,0,,,,,,,0,,,,,,,0,,,,,,,0,,,,,,
C170,Chest,4,test/C170/Low_Dose/00000092.dcm,130.0,262144,0.00444179680198431,0,,,,,,,0,,,,,,,0,,,,,,,0,,,,,,
C170,Chest,5,test/C170/Low_Dose/00000145.dcm,130.0,262144,0.0046294089406728745,0,,,,,,,0,,,,,,,0,,,,,,,0,,,,,,
C170,Chest,6,test/C170/Low_Dose/00000022.dcm,130.0,262144,0.004733671899884939,0,,,,,,,0,,,,,,,0,,,,,,,0,,,,,,
C170,Chest,7,test/C170/Low_Dose/00000134.dcm,130.0,262144,0.00472915219143033,0,,,,,,,0,,,,,,,0,,,,,,,0,,,,,,
C170,Chest,8,test/C170/Low_Dose/00000359.dcm,130.0,262144,0.004717134404927492,0,,,,,,,0,,,,,,,0,,,,,,,0,,,,,,
C170,Chest,9,test/C170/Low_Dose/00000291.dcm,130.0,262144,0.004663127474486828,0,,,,,,,0,,,,,,,0,,,,,,,0,,,,,,
C170,Chest,10,test/C170/Low_Dose/00000340.dcm,130.0,262144,0.004596572834998369,0,,,,,,,0,,,,,,,0,,,,,,,0,,,,,,
C170,Chest,11,test/C170/Low_Dose/00000059.dcm,130.0,262144,0.004656980745494366,0,,,,,,,0,,,,,,,0,,,,,,,0,,,,,,
C170,Chest,12,test/C170/Low_Dose/00000343.dcm,130.0,262144,0.004647312685847282,0,,,,,,,0,,,,,,,0,,,,,,,0,,,,,,
C170,Chest,13,test/C170/Low_Dose/00000226.dcm,130.0,262144,0.004532674793154001,0,,,,,,,0,,,,,,,0,,,,,,,0,,,,,,
C170,Chest,14,test/C170/Low_Dose/00000030.dcm,130.0,262144,0.004443231504410505,0,,,,,,,0,,,,,,,0,,,,,,,0,,,,,,
C170,Chest,15,test/C170/Low_Dose/00000164.dcm,130.0,262144,0.004382987041026354,0,,,,,,,0,,,,,,,0,,,,,,,0,,,,,,
C170,Chest,16,test/C170/Low_Dose/00000032.dcm,130.0,262144,0.004272062797099352,0,,,,,,,0,,,,,,,0,,,,,,,0,,,,,,
C170,Chest,17,test/C170/Low_Dose/00000053.dcm,130.0,262144,0.0042855762876570225,0,,,,,,,0,,,,,,,0,,,,,,,0,,,,,,
C170,Chest,18,test/C170/Low_Dose/00000086.dcm,130.0,262144,0.004317854531109333,0,,,,,,,0,,,,,,,0,,,,,,,0,,,,,,
C170,Chest,19,test/C170/Low_Dose/00000152.dcm,130.0,262144,0.004275943618267775,1,0.003173828125,100.0,100.0,100.0,100.0,100.0,0,,,,,,,1,0.003173828125,100.0,100.0,100.0,100.0,100.0,0,,,,,,
C170,Chest,20,test/C170/Low_Dose/00000342.dcm,130.0,262144,0.004404236096888781,0,,,,,,,0,,,,,,,0,,,,,,,0,,,,,,
C170,Chest,21,test/C170/Low_Dose/00000015.dcm,130.0,262144,0.004451819229871035,0,,,,,,,0,,,,,,,0,,,,,,,0,,,,,,
C170,Chest,22,test/C170/Low_Dose/00000301.dcm,130.0,262144,0.004591194912791252,0,,,,,,,0,,,,,,,0,,,,,,,0,,,,,,
C170,Chest,23,test/C170/Low_Dose/00000287.dcm,130.0,262144,0.0046490696258842945,0,,,,,,,0,,,,,,,0,,,,,,,0,,,,,,
C170,Chest,24,test/C170/Low_Dose/00000220.dcm,130.0,262144,0.004734606482088566,1,0.004638671875,100.0,100.0,100.0,100.0,100.0,0,,,,,,,0,,,,,,,1,0.004638671875,100.0,100.0,100.0,100.0,100.0
C170,Chest,25,test/C170/Low_Dose/00000004.dcm,130.0,262144,0.004794782493263483,0,,,,,,,0,,,,,,,0,,,,,,,0,,,,,,
C170,Chest,26,test/C170/Low_Dose/00000124.dcm,130.0,262144,0.004857371561229229,0,,,,,,,0,,,,,,,0,,,,,,,0,,,,,,
C170,Chest,27,test/C170/Low_Dose/00000072.dcm,130.0,262144,0.004862848203629255,0,,,,,,,0,,,,,,,0,,,,,,,0,,,,,,
C170,Chest,28,test/C170/Low_Dose/00000048.dcm,130.0,262144,0.0048601082526147366,0,,,,,,,0,,,,,,,0,,,,,,,0,,,,,,
C170,Chest,29,test/C170/Low_Dose/00000316.dcm,130.0,262144,0.004891338758170605,0,,,,,,,0,,,,,,,0,,,,,,,0,,,,,,
C170,Chest,30,test/C170/Low_Dose/00000063.dcm,130.0,262144,0.0049078622832894325,0,,,,,,,0,,,,,,,0,,,,,,,0,,,,,,
C170,Chest,31,test/C170/Low_Dose/00000189.dcm,130.0,262144,0.004918185528367758,0,,,,,,,0,,,,,,,0,,,,,,,0,,,,,,
C170,Chest,32,test/C170/Low_Dose/00000187.dcm,130.0,262144,0.0050500244833528996,0,,,,,,,0,,,,,,,0,,,,,,,0,,,,,,
C170,Chest,33,test/C170/Low_Dose/00000069.dcm,130.0,262144,0.005162122659385204,0,,,,,,,0,,,,,,,0,,,,,,,0,,,,,,
C170,Chest,34,test/C170/Low_Dose/00000128.dcm,130.0,262144,0.005305652506649494,0,,,,,,,0,,,,,,,0,,,,,,,0,,,,,,
C170,Chest,35,test/C170/Low_Dose/00000146.dcm,130.0,262144,0.005446786526590586,0,,,,,,,0,,,,,,,0,,,,,,,0,,,,,,
C170,Chest,36,test/C170/Low_Dose/00000011.dcm,130.0,262144,0.005540939047932625,0,,,,,,,0,,,,,,,0,,,,,,,0,,,,,,
C170,Chest,37,test/C170/Low_Dose/00000269.dcm,130.0,262144,0.005711681675165892,0,,,,,,,0,,,,,,,0,,,,,,,0,,,,,,
C170,Chest,38,test/C170/Low_Dose/00000345.dcm,130.0,262144,0.005883463192731142,0,,,,,,,0,,,,,,,0,,,,,,,0,,,,,,
C170,Chest,39,test/C170/Low_Dose/00000049.dcm,130.0,262144,0.0060730003751814365,0,,,,,,,0,,,,,,,0,,,,,,,0,,,,,,
C170,Chest,40,test/C170/Low_Dose/00000357.dcm,130.0,262144,0.006166478618979454,0,,,,,,,0,,,,,,,0,,,,,,,0,,,,,,
C170,Chest,41,test/C170/Low_Dose/00000244.dcm,130.0,262144,0.006268901284784079,1,0.003173828125,100.0,100.0,100.0,100.0,100.0,0,,,,,,,0,,,,,,,1,0.003173828125,100.0,100.0,100.0,100.0,100.0
C170,Chest,42,test/C170/Low_Dose/00000241.dcm,130.0,262144,0.006288519129157066,0,,,,,,,0,,,,,,,0,,,,,,,0,,,,,,
C170,Chest,43,test/C170/Low_Dose/00000009.dcm,130.0,262144,0.006260906346142292,0,,,,,,,0,,,,,,,0,,,,,,,0,,,,,,
C170,Chest,44,test/C170/Low_Dose/00000216.dcm,130.0,262144,0.006254993844777346,2,0.00286865234375,100.0,100.0,100.0,100.0,100.0,0,,,,,,,0,,,,,,,2,0.00286865234375,100.0,100.0,100.0,100.0,100.0
C170,Chest,45,test/C170/Low_Dose/00000185.dcm,130.0,262144,0.006198789458721876,0,,,,,,,0,,,,,,,0,,,,,,,0,,,,,,
C170,Chest,46,test/C170/Low_Dose/00000116.dcm,130.0,262144,0.006119050085544586,0,,,,,,,0,,,,,,,0,,,,,,,0,,,,,,
C170,Chest,47,test/C170/Low_Dose/00000138.dcm,130.0,262144,0.00605402234941721,0,,,,,,,0,,,,,,,0,,,,,,,0,,,,,,
C170,Chest,48,test/C170/Low_Dose/00000060.dcm,130.0,262144,0.005974616855382919,1,0.0040283203125,100.0,100.0,100.0,100.0,100.0,0,,,,,,,0,,,,,,,1,0.0040283203125,100.0,100.0,100.0,100.0,100.0
C170,Chest,49,test/C170/Low_Dose/00000200.dcm,130.0,262144,0.005845216568559408,0,,,,,,,0,,,,,,,0,,,,,,,0,,,,,,
C170,Chest,50,test/C170/Low_Dose/00000250.dcm,130.0,262144,0.005763653665781021,0,,,,,,,0,,,,,,,0,,,,,,,0,,,,,,
C170,Chest,51,test/C170/Low_Dose/00000275.dcm,130.0,262144,0.005703162867575884,0,,,,,,,0,,,,,,,0,,,,,,,0,,,,,,
C170,Chest,52,test/C170/Low_Dose/00000348.dcm,130.0,262144,0.005649201571941376,0,,,,,,,0,,,,,,,0,,,,,,,0,,,,,,
C170,Chest,53,test/C170/Low_Dose/00000127.dcm,130.0,262144,0.005647240672260523,1,0.0032958984375,100.0,100.0,100.0,100.0,100.0,0,,,,,,,1,0.0032958984375,100.0,100.0,100.0,100.0,100.0,0,,,,,,
C170,Chest,54,test/C170/Low_Dose/00000131.dcm,130.0,262144,0.005640015471726656,0,,,,,,,0,,,,,,,0,,,,,,,0,,,,,,
C170,Chest,55,test/C170/Low_Dose/00000308.dcm,130.0,262144,0.005644193850457668,1,0.003662109375,100.0,100.0,100.0,100.0,100.0,0,,,,,,,0,,,,,,,1,0.003662109375,100.0,100.0,100.0,100.0,100.0
C170,Chest,56,test/C170/Low_Dose/00000110.dcm,130.0,262144,0.0057222419418394566,0,,,,,,,0,,,,,,,0,,,,,,,0,,,,,,
C170,Chest,57,test/C170/Low_Dose/00000315.dcm,130.0,262144,0.005836834665387869,0,,,,,,,0,,,,,,,0,,,,,,,0,,,,,,
C170,Chest,58,test/C170/Low_Dose/00000259.dcm,130.0,262144,0.005841244477778673,0,,,,,,,0,,,,,,,0,,,,,,,0,,,,,,
C170,Chest,59,test/C170/Low_Dose/00000180.dcm,130.0,262144,0.005868848878890276,1,0.0032958984375,100.0,100.0,100.0,100.0,100.0,0,,,,,,,1,0.0032958984375,100.0,100.0,100.0,100.0,100.0,0,,,,,,
C170,Chest,60,test/C170/Low_Dose/00000176.dcm,130.0,262144,0.005879164207726717,0,,,,,,,0,,,,,,,0,,,,,,,0,,,,,,
C170,Chest,61,test/C170/Low_Dose/00000182.dcm,130.0,262144,0.005919291637837887,0,,,,,,,0,,,,,,,0,,,,,,,0,,,,,,
C170,Chest,62,test/C170/Low_Dose/00000190.dcm,130.0,262144,0.005921240895986557,0,,,,,,,0,,,,,,,0,,,,,,,0,,,,,,
C170,Chest,63,test/C170/Low_Dose/00000228.dcm,130.0,262144,0.005955973174422979,0,,,,,,,0,,,,,,,0,,,,,,,0,,,,,,
C170,Chest,64,test/C170/Low_Dose/00000174.dcm,130.0,262144,0.005972637329250574,0,,,,,,,0,,,,,,,0,,,,,,,0,,,,,,
C170,Chest,65,test/C170/Low_Dose/00000117.dcm,130.0,262144,0.006093196105211973,1,0.0037841796875,100.0,100.0,100.0,100.0,100.0,0,,,,,,,0,,,,,,,1,0.0037841796875,100.0,100.0,100.0,100.0,100.0
C170,Chest,66,test/C170/Low_Dose/00000266.dcm,130.0,262144,0.006149540189653635,0,,,,,,,0,,,,,,,0,,,,,,,0,,,,,,
C170,Chest,67,test/C170/Low_Dose/00000062.dcm,130.0,262144,0.006203345488756895,1,0.00439453125,100.0,100.0,100.0,100.0,100.0,0,,,,,,,0,,,,,,,1,0.00439453125,100.0,100.0,100.0,100.0,100.0
C170,Chest,68,test/C170/Low_Dose/00000258.dcm,130.0,262144,0.0062932539731264114,0,,,,,,,0,,,,,,,0,,,,,,,0,,,,,,
C170,Chest,69,test/C170/Low_Dose/00000141.dcm,130.0,262144,0.006348046474158764,1,0.0003662109375,100.0,100.0,100.0,100.0,100.0,0,,,,,,,1,0.0003662109375,100.0,100.0,100.0,100.0,100.0,0,,,,,,
C170,Chest,70,test/C170/Low_Dose/00000020.dcm,130.0,262144,0.006449486594647169,0,,,,,,,0,,,,,,,0,,,,,,,0,,,,,,
C170,Chest,71,test/C170/Low_Dose/00000310.dcm,130.0,262144,0.006585516966879368,0,,,,,,,0,,,,,,,0,,,,,,,0,,,,,,
C170,Chest,72,test/C170/Low_Dose/00000195.dcm,130.0,262144,0.006727549247443676,0,,,,,,,0,,,,,,,0,,,,,,,0,,,,,,
C170,Chest,73,test/C170/Low_Dose/00000311.dcm,130.0,262144,0.00680392375215888,1,0.001220703125,100.0,100.0,100.0,100.0,100.0,0,,,,,,,1,0.001220703125,100.0,100.0,100.0,100.0,100.0,0,,,,,,
C170,Chest,74,test/C170/Low_Dose/00000282.dcm,130.0,262144,0.006910627242177725,0,,,,,,,0,,,,,,,0,,,,,,,0,,,,,,
C170,Chest,75,test/C170/Low_Dose/00000209.dcm,130.0,262144,0.0069710551761090755,0,,,,,,,0,,,,,,,0,,,,,,,0,,,,,,
C170,Chest,76,test/C170/Low_Dose/00000056.dcm,130.0,262144,0.0070563205517828465,1,0.0050048828125,100.0,100.0,100.0,100.0,100.0,0,,,,,,,0,,,,,,,1,0.0050048828125,100.0,100.0,100.0,100.0,100.0
C170,Chest,77,test/C170/Low_Dose/00000186.dcm,130.0,262144,0.007072027772665024,0,,,,,,,0,,,,,,,0,,,,,,,0,,,,,,
C170,Chest,78,test/C170/Low_Dose/00000052.dcm,130.0,262144,0.007071021478623152,0,,,,,,,0,,,,,,,0,,,,,,,0,,,,,,
C170,Chest,79,test/C170/Low_Dose/00000035.dcm,130.0,262144,0.006978853140026331,0,,,,,,,0,,,,,,,0,,,,,,,0,,,,,,
C170,Chest,80,test/C170/Low_Dose/00000341.dcm,130.0,262144,0.006920814048498869,0,,,,,,,0,,,,,,,0,,,,,,,0,,,,,,
C170,Chest,81,test/C170/Low_Dose/00000194.dcm,130.0,262144,0.006788409780710936,1,0.0064697265625,100.0,100.0,100.0,100.0,100.0,0,,,,,,,0,,,,,,,1,0.0064697265625,100.0,100.0,100.0,100.0,100.0
C170,Chest,82,test/C170/Low_Dose/00000212.dcm,130.0,262144,0.0066573116928339005,1,0.001220703125,100.0,100.0,100.0,100.0,100.0,0,,,,,,,1,0.001220703125,100.0,100.0,100.0,100.0,100.0,0,,,,,,
C170,Chest,83,test/C170/Low_Dose/00000136.dcm,130.0,262144,0.006548827979713678,0,,,,,,,0,,,,,,,0,,,,,,,0,,,,,,
C170,Chest,84,test/C170/Low_Dose/00000118.dcm,130.0,262144,0.006462948862463236,0,,,,,,,0,,,,,,,0,,,,,,,0,,,,,,
C170,Chest,85,test/C170/Low_Dose/00000292.dcm,130.0,262144,0.006410128902643919,1,0.0059814453125,100.0,100.0,100.0,100.0,100.0,0,,,,,,,1,0.0059814453125,100.0,100.0,100.0,100.0,100.0,0,,,,,,
C170,Chest,86,test/C170/Low_Dose/00000235.dcm,130.0,262144,0.006394301075488329,0,,,,,,,0,,,,,,,0,,,,,,,0,,,,,,
C170,Chest,87,test/C170/Low_Dose/00000057.dcm,130.0,262144,0.006350720301270485,0,,,,,,,0,,,,,,,0,,,,,,,0,,,,,,
C170,Chest,88,test/C170/Low_Dose/00000121.dcm,130.0,262144,0.0063230786472558975,0,,,,,,,0,,,,,,,0,,,,,,,0,,,,,,
C170,Chest,89,test/C170/Low_Dose/00000029.dcm,130.0,262144,0.006305281538516283,0,,,,,,,0,,,,,,,0,,,,,,,0,,,,,,
C170,Chest,90,test/C170/Low_Dose/00000330.dcm,130.0,262144,0.006275574676692486,0,,,,,,,0,,,,,,,0,,,,,,,0,,,,,,
C170,Chest,91,test/C170/Low_Dose/00000277.dcm,130.0,262144,0.00631102966144681,0,,,,,,,0,,,,,,,0,,,,,,,0,,,,,,
C170,Chest,92,test/C170/Low_Dose/00000276.dcm,130.0,262144,0.006352577358484268,0,,,,,,,0,,,,,,,0,,,,,,,0,,,,,,
C170,Chest,93,test/C170/Low_Dose/00000326.dcm,130.0,262144,0.006413452792912722,0,,,,,,,0,,,,,,,0,,,,,,,0,,,,,,
C170,Chest,94,test/C170/Low_Dose/00000233.dcm,130.0,262144,0.00637815473601222,0,,,,,,,0,,,,,,,0,,,,,,,0,,,,,,
C170,Chest,95,test/C170/Low_Dose/00000163.dcm,130.0,262144,0.006386975757777691,0,,,,,,,0,,,,,,,0,,,,,,,0,,,,,,
C170,Chest,96,test/C170/Low_Dose/00000067.dcm,130.0,262144,0.0063941590487957,0,,,,,,,0,,,,,,,0,,,,,,,0,,,,,,
C170,Chest,97,test/C170/Low_Dose/00000034.dcm,130.0,262144,0.006375652272254229,0,,,,,,,0,,,,,,,0,,,,,,,0,,,,,,
C170,Chest,98,test/C170/Low_Dose/00000143.dcm,130.0,262144,0.006443819496780634,1,0.001953125,100.0,100.0,100.0,100.0,100.0,0,,,,,,,1,0.001953125,100.0,100.0,100.0,100.0,100.0,0,,,,,,
C170,Chest,99,test/C170/Low_Dose/00000017.dcm,130.0,262144,0.006449009291827679,0,,,,,,,0,,,,,,,0,,,,,,,0,,,,,,
C170,Chest,100,test/C170/Low_Dose/00000355.dcm,130.0,262144,0.006469166371971369,0,,,,,,,0,,,,,,,0,,,,,,,0,,,,,,
C170,Chest,101,test/C170/Low_Dose/00000044.dcm,130.0,262144,0.006575883831828833,1,0.0059814453125,100.0,100.0,100.0,100.0,100.0,0,,,,,,,1,0.0059814453125,100.0,100.0,100.0,100.0,100.0,0,,,,,,
C170,Chest,102,test/C170/Low_Dose/00000329.dcm,130.0,262144,0.006669781636446714,0,,,,,,,0,,,,,,,0,,,,,,,0,,,,,,
C170,Chest,103,test/C170/Low_Dose/00000331.dcm,130.0,262144,0.006723496597260237,0,,,,,,,0,,,,,,,0,,,,,,,0,,,,,,
C170,Chest,104,test/C170/Low_Dose/00000088.dcm,130.0,262144,0.0068909162655472755,0,,,,,,,0,,,,,,,0,,,,,,,0,,,,,,
C170,Chest,105,test/C170/Low_Dose/00000008.dcm,130.0,262144,0.006986486259847879,0,,,,,,,0,,,,,,,0,,,,,,,0,,,,,,
C170,Chest,106,test/C170/Low_Dose/00000236.dcm,130.0,262144,0.007015632931143045,0,,,,,,,0,,,,,,,0,,,,,,,0,,,,,,
C170,Chest,107,test/C170/Low_Dose/00000081.dcm,130.0,262144,0.0070943888276815414,0,,,,,,,0,,,,,,,0,,,,,,,0,,,,,,
C170,Chest,108,test/C170/Low_Dose/00000064.dcm,130.0,262144,0.007175716105848551,0,,,,,,,0,,,,,,,0,,,,,,,0,,,,,,
C170,Chest,109,test/C170/Low_Dose/00000295.dcm,130.0,262144,0.007164801936596632,0,,,,,,,0,,,,,,,0,,,,,,,0,,,,,,
C170,Chest,110,test/C170/Low_Dose/00000274.dcm,130.0,262144,0.007314182817935944,0,,,,,,,0,,,,,,,0,,,,,,,0,,,,,,
C170,Chest,111,test/C170/Low_Dose/00000154.dcm,130.0,262144,0.007366579491645098,0,,,,,,,0,,,,,,,0,,,,,,,0,,,,,,
C170,Chest,112,test/C170/Low_Dose/00000255.dcm,130.0,262144,0.007425056770443916,0,,,,,,,0,,,,,,,0,,,,,,,0,,,,,,
C170,Chest,113,test/C170/Low_Dose/00000306.dcm,130.0,262144,0.007396804168820381,0,,,,,,,0,,,,,,,0,,,,,,,0,,,,,,
C170,Chest,114,test/C170/Low_Dose/00000066.dcm,130.0,262144,0.0073352693580091,0,,,,,,,0,,,,,,,0,,,,,,,0,,,,,,
C170,Chest,115,test/C170/Low_Dose/00000028.dcm,130.0,262144,0.007214003708213568,0,,,,,,,0,,,,,,,0,,,,,,,0,,,,,,
C170,Chest,116,test/C170/Low_Dose/00000242.dcm,130.0,262144,0.007211912423372269,0,,,,,,,0,,,,,,,0,,,,,,,0,,,,,,
C170,Chest,117,test/C170/Low_Dose/00000344.dcm,130.0,262144,0.007128999102860689,0,,,,,,,0,,,,,,,0,,,,,,,0,,,,,,
C170,Chest,118,test/C170/Low_Dose/00000192.dcm,130.0,262144,0.007054197136312723,0,,,,,,,0,,,,,,,0,,,,,,,0,,,,,,
C170,Chest,119,test/C170/Low_Dose/00000087.dcm,130.0,262144,0.00704508600756526,1,0.0008544921875,100.0,100.0,100.0,100.0,100.0,0,,,,,,,0,,,,,,,1,0.0008544921875,100.0,100.0,100.0,100.0,100.0
C170,Chest,120,test/C170/Low_Dose/00000253.dcm,130.0,262144,0.007045624777674675,0,,,,,,,0,,,,,,,0,,,,,,,0,,,,,,
C170,Chest,121,test/C170/Low_Dose/00000026.dcm,130.0,262144,0.00697522796690464,0,,,,,,,0,,,,,,,0,,,,,,,0,,,,,,
C170,Chest,122,test/C170/Low_Dose/00000082.dcm,130.0,262144,0.006987676490098238,0,,,,,,,0,,,,,,,0,,,,,,,0,,,,,,
C170,Chest,123,test/C170/Low_Dose/00000171.dcm,130.0,262144,0.00695750443264842,0,,,,,,,0,,,,,,,0,,,,,,,0,,,,,,
C170,Chest,124,test/C170/Low_Dose/00000070.dcm,130.0,262144,0.0068898326717317104,0,,,,,,,0,,,,,,,0,,,,,,,0,,,,,,
C170,Chest,125,test/C170/Low_Dose/00000147.dcm,130.0,262144,0.006896867882460356,0,,,,,,,0,,,,,,,0,,,,,,,0,,,,,,
C170,Chest,126,test/C170/Low_Dose/00000262.dcm,130.0,262144,0.006851560436189175,0,,,,,,,0,,,,,,,0,,,,,,,0,,,,,,
C170,Chest,127,test/C170/Low_Dose/00000278.dcm,130.0,262144,0.006795537658035755,0,,,,,,,0,,,,,,,0,,,,,,,0,,,,,,
C170,Chest,128,test/C170/Low_Dose/00000318.dcm,130.0,262144,0.006794114597141743,0,,,,,,,0,,,,,,,0,,,,,,,0,,,,,,
C170,Chest,129,test/C170/Low_Dose/00000135.dcm,130.0,262144,0.006756003480404615,1,0.006103515625,100.0,100.0,100.0,100.0,100.0,0,,,,,,,1,0.006103515625,100.0,100.0,100.0,100.0,100.0,0,,,,,,
C170,Chest,130,test/C170/Low_Dose/00000109.dcm,130.0,262144,0.006755875889211893,0,,,,,,,0,,,,,,,0,,,,,,,0,,,,,,
C170,Chest,131,test/C170/Low_Dose/00000120.dcm,130.0,262144,0.006765397731214762,1,0.0015869140625,100.0,100.0,100.0,100.0,100.0,0,,,,,,,0,,,,,,,1,0.0015869140625,100.0,100.0,100.0,100.0,100.0
C170,Chest,132,test/C170/Low_Dose/00000335.dcm,130.0,262144,0.006735692266374826,0,,,,,,,0,,,,,,,0,,,,,,,0,,,,,,
C170,Chest,133,test/C170/Low_Dose/00000101.dcm,130.0,262144,0.006741619203239679,0,,,,,,,0,,,,,,,0,,,,,,,0,,,,,,
C170,Chest,134,test/C170/Low_Dose/00000217.dcm,130.0,262144,0.006813718006014824,0,,,,,,,0,,,,,,,0,,,,,,,0,,,,,,
C170,Chest,135,test/C170/Low_Dose/00000071.dcm,130.0,262144,0.006816639564931393,0,,,,,,,0,,,,,,,0,,,,,,,0,,,,,,
C170,Chest,136,test/C170/Low_Dose/00000045.dcm,130.0,262144,0.006846227683126926,1,0.0045166015625,100.0,100.0,100.0,100.0,100.0,0,,,,,,,1,0.0045166015625,100.0,100.0,100.0,100.0,100.0,0,,,,,,
C170,Chest,137,test/C170/Low_Dose/00000065.dcm,130.0,262144,0.006964630912989378,0,,,,,,,0,,,,,,,0,,,,,,,0,,,,,,
C170,Chest,138,test/C170/Low_Dose/00000219.dcm,130.0,262144,0.006999340374022722,0,,,,,,,0,,,,,,,0,,,,,,,0,,,,,,
C170,Chest,139,test/C170/Low_Dose/00000333.dcm,130.0,262144,0.006958730053156614,2,0.00030517578125,100.0,100.0,100.0,100.0,100.0,0,,,,,,,0,,,,,,,2,0.00030517578125,100.0,100.0,100.0,100.0,100.0
C170,Chest,140,test/C170/Low_Dose/00000230.dcm,130.0,262144,0.0070593697018921375,0,,,,,,,0,,,,,,,0,,,,,,,0,,,,,,
C170,Chest,141,test/C170/Low_Dose/00000218.dcm,130.0,262144,0.007146491203457117,0,,,,,,,0,,,,,,,0,,,,,,,0,,,,,,
C170,Chest,142,test/C170/Low_Dose/00000007.dcm,130.0,262144,0.007192522753030062,0,,,,,,,0,,,,,,,0,,,,,,,0,,,,,,
C170,Chest,143,test/C170/Low_Dose/00000104.dcm,130.0,262144,0.0072732772678136826,0,,,,,,,0,,,,,,,0,,,,,,,0,,,,,,
C170,Chest,144,test/C170/Low_Dose/00000073.dcm,130.0,262144,0.007338006515055895,0,,,,,,,0,,,,,,,0,,,,,,,0,,,,,,
C170,Chest,145,test/C170/Low_Dose/00000113.dcm,130.0,262144,0.007310868240892887,3,0.0035400390625,100.0,100.0,100.0,100.0,100.0,0,,,,,,,1,0.0032958984375,100.0,100.0,100.0,100.0,100.0,2,0.003662109375,100.0,100.0,100.0,100.0,100.0
C170,Chest,146,test/C170/Low_Dose/00000114.dcm,130.0,262144,0.007385692559182644,0,,,,,,,0,,,,,,,0,,,,,,,0,,,,,,
C170,Chest,147,test/C170/Low_Dose/00000003.dcm,130.0,262144,0.007337058894336224,0,,,,,,,0,,,,,,,0,,,,,,,0,,,,,,
C170,Chest,148,test/C170/Low_Dose/00000207.dcm,130.0,262144,0.0072715491987764835,0,,,,,,,0,,,,,,,0,,,,,,,0,,,,,,
C170,Chest,149,test/C170/Low_Dose/00000204.dcm,130.0,262144,0.0072846380062401295,0,,,,,,,0,,,,,,,0,,,,,,,0,,,,,,
C170,Chest,150,test/C170/Low_Dose/00000243.dcm,130.0,262144,0.007226315326988697,0,,,,,,,0,,,,,,,0,,,,,,,0,,,,,,
C170,Chest,151,test/C170/Low_Dose/00000123.dcm,130.0,262144,0.007120562717318535,0,,,,,,,0,,,,,,,0,,,,,,,0,,,,,,
C170,Chest,152,test/C170/Low_Dose/00000089.dcm,130.0,262144,0.0070775714702904224,0,,,,,,,0,,,,,,,0,,,,,,,0,,,,,,
C170,Chest,153,test/C170/Low_Dose/00000043.dcm,130.0,262144,0.0069622015580534935,0,,,,,,,0,,,,,,,0,,,,,,,0,,,,,,
C170,Chest,154,test/C170/Low_Dose/00000181.dcm,130.0,262144,0.006781727075576782,0,,,,,,,0,,,,,,,0,,,,,,,0,,,,,,
C170,Chest,155,test/C170/Low_Dose/00000354.dcm,130.0,262144,0.006774509325623512,1,0.0057373046875,100.0,100.0,100.0,100.0,100.0,0,,,,,,,1,0.0057373046875,100.0,100.0,100.0,100.0,100.0,0,,,,,,
C170,Chest,156,test/C170/Low_Dose/00000137.dcm,130.0,262144,0.006756701972335577,2,0.00262451171875,100.0,100.0,100.0,100.0,100.0,0,,,,,,,1,0.0045166015625,100.0,100.0,100.0,100.0,100.0,1,0.000732421875,100.0,100.0,100.0,100.0,100.0
C170,Chest,157,test/C170/Low_Dose/00000097.dcm,130.0,262144,0.006692894734442234,0,,,,,,,0,,,,,,,0,,,,,,,0,,,,,,
C170,Chest,158,test/C170/Low_Dose/00000012.dcm,130.0,262144,0.006696072407066822,1,0.0042724609375,100.0,100.0,100.0,100.0,100.0,0,,,,,,,1,0.0042724609375,100.0,100.0,100.0,100.0,100.0,0,,,,,,
C170,Chest,159,test/C170/Low_Dose/00000261.dcm,130.0,262144,0.0066442592069506645,0,,,,,,,0,,,,,,,0,,,,,,,0,,,,,,
C170,Chest,160,test/C170/Low_Dose/00000211.dcm,130.0,262144,0.0066062877885997295,0,,,,,,,0,,,,,,,0,,,,,,,0,,,,,,
C170,Chest,161,test/C170/Low_Dose/00000227.dcm,130.0,262144,0.006630874238908291,1,0.005859375,100.0,100.0,100.0,100.0,100.0,0,,,,,,,1,0.005859375,100.0,100.0,100.0,100.0,100.0,0,,,,,,
C170,Chest,162,test/C170/Low_Dose/00000005.dcm,130.0,262144,0.00662588607519865,0,,,,,,,0,,,,,,,0,,,,,,,0,,,,,,
C170,Chest,163,test/C170/Low_Dose/00000325.dcm,130.0,262144,0.00659991055727005,0,,,,,,,0,,,,,,,0,,,,,,,0,,,,,,
C170,Chest,164,test/C170/Low_Dose/00000050.dcm,130.0,262144,0.006679360289126635,1,0.00439453125,100.0,100.0,100.0,100.0,100.0,0,,,,,,,1,0.00439453125,100.0,100.0,100.0,100.0,100.0,0,,,,,,
C170,Chest,165,test/C170/Low_Dose/00000158.dcm,130.0,262144,0.006741452030837536,0,,,,,,,0,,,,,,,0,,,,,,,0,,,,,,
C170,Chest,166,test/C170/Low_Dose/00000313.dcm,130.0,262144,0.006711108610033989,0,,,,,,,0,,,,,,,0,,,,,,,0,,,,,,
C170,Chest,167,test/C170/Low_Dose/00000068.dcm,130.0,262144,0.006797919049859047,1,0.00390625,100.0,100.0,100.0,100.0,100.0,0,,,,,,,0,,,,,,,1,0.00390625,100.0,100.0,100.0,100.0,100.0
C170,Chest,168,test/C170/Low_Dose/00000252.dcm,130.0,262144,0.006774934474378824,0,,,,,,,0,,,,,,,0,,,,,,,0,,,,,,
C170,Chest,169,test/C170/Low_Dose/00000140.dcm,130.0,262144,0.006805580109357834,0,,,,,,,0,,,,,,,0,,,,,,,0,,,,,,
C170,Chest,170,test/C170/Low_Dose/00000094.dcm,130.0,262144,0.006865304429084063,0,,,,,,,0,,,,,,,0,,,,,,,0,,,,,,
C170,Chest,171,test/C170/Low_Dose/00000108.dcm,130.0,262144,0.006935497745871544,0,,,,,,,0,,,,,,,0,,,,,,,0,,,,,,
C170,Chest,172,test/C170/Low_Dose/00000358.dcm,130.0,262144,0.006931493990123272,1,0.0050048828125,100.0,100.0,100.0,100.0,100.0,0,,,,,,,0,,,,,,,1,0.0050048828125,100.0,100.0,100.0,100.0,100.0
C170,Chest,173,test/C170/Low_Dose/00000294.dcm,130.0,262144,0.007058064918965101,0,,,,,,,0,,,,,,,0,,,,,,,0,,,,,,
C170,Chest,174,test/C170/Low_Dose/00000240.dcm,130.0,262144,0.0071355439722537994,0,,,,,,,0,,,,,,,0,,,,,,,0,,,,,,
C170,Chest,175,test/C170/Low_Dose/00000334.dcm,130.0,262144,0.00721983565017581,0,,,,,,,0,,,,,,,0,,,,,,,0,,,,,,
C170,Chest,176,test/C170/Low_Dose/00000033.dcm,130.0,262144,0.007391477935016155,0,,,,,,,0,,,,,,,0,,,,,,,0,,,,,,
C170,Chest,177,test/C170/Low_Dose/00000111.dcm,130.0,262144,0.007412752136588097,1,0.00439453125,100.0,100.0,100.0,100.0,100.0,0,,,,,,,0,,,,,,,1,0.00439453125,100.0,100.0,100.0,100.0,100.0
C170,Chest,178,test/C170/Low_Dose/00000142.dcm,130.0,262144,0.007442285772413015,1,0.00048828125,100.0,100.0,100.0,100.0,100.0,0,,,,,,,1,0.00048828125,100.0,100.0,100.0,100.0,100.0,0,,,,,,
C170,Chest,179,test/C170/Low_Dose/00000201.dcm,130.0,262144,0.007476483471691608,1,0.005615234375,100.0,100.0,100.0,100.0,100.0,0,,,,,,,1,0.005615234375,100.0,100.0,100.0,100.0,100.0,0,,,,,,
C170,Chest,180,test/C170/Low_Dose/00000356.dcm,130.0,262144,0.007487422786653042,0,,,,,,,0,,,,,,,0,,,,,,,0,,,,,,
C170,Chest,181,test/C170/Low_Dose/00000352.dcm,130.0,262144,0.007455135229974985,0,,,,,,,0,,,,,,,0,,,,,,,0,,,,,,
C170,Chest,182,test/C170/Low_Dose/00000320.dcm,130.0,262144,0.007469640579074621,0,,,,,,,0,,,,,,,0,,,,,,,0,,,,,,
C170,Chest,183,test/C170/Low_Dose/00000084.dcm,130.0,262144,0.007483599241822958,0,,,,,,,0,,,,,,,0,,,,,,,0,,,,,,
C170,Chest,184,test/C170/Low_Dose/00000263.dcm,130.0,262144,0.00741692166775465,0,,,,,,,0,,,,,,,0,,,,,,,0,,,,,,
C170,Chest,185,test/C170/Low_Dose/00000214.dcm,130.0,262144,0.007422163616865873,0,,,,,,,0,,,,,,,0,,,,,,,0,,,,,,
C170,Chest,186,test/C170/Low_Dose/00000155.dcm,130.0,262144,0.0073015931993722916,1,0.006591796875,100.0,100.0,100.0,100.0,100.0,0,,,,,,,1,0.006591796875,100.0,100.0,100.0,100.0,100.0,0,,,,,,
C170,Chest,187,test/C170/Low_Dose/00000327.dcm,130.0,262144,0.007195891346782446,1,0.00048828125,100.0,100.0,100.0,100.0,100.0,0,,,,,,,1,0.00048828125,100.0,100.0,100.0,100.0,100.0,0,,,,,,
C170,Chest,188,test/C170/Low_Dose/00000126.dcm,130.0,262144,0.007201005704700947,1,0.001953125,100.0,100.0,100.0,100.0,100.0,0,,,,,,,1,0.001953125,100.0,100.0,100.0,100.0,100.0,0,,,,,,
C170,Chest,189,test/C170/Low_Dose/00000309.dcm,130.0,262144,0.007183327805250883,0,,,,,,,0,,,,,,,0,,,,,,,0,,,,,,
C170,Chest,190,test/C170/Low_Dose/00000019.dcm,130.0,262144,0.007137905340641737,0,,,,,,,0,,,,,,,0,,,,,,,0,,,,,,
C170,Chest,191,test/C170/Low_Dose/00000024.dcm,130.0,262144,0.007283225189894438,0,,,,,,,0,,,,,,,0,,,,,,,0,,,,,,
C170,Chest,192,test/C170/Low_Dose/00000305.dcm,130.0,262144,0.007272002752870321,0,,,,,,,0,,,,,,,0,,,,,,,0,,,,,,
C170,Chest,193,test/C170/Low_Dose/00000170.dcm,130.0,262144,0.007252892013639212,0,,,,,,,0,,,,,,,0,,,,,,,0,,,,,,
C170,Chest,194,test/C170/Low_Dose/00000237.dcm,130.0,262144,0.007293973118066788,1,0.003662109375,100.0,100.0,100.0,100.0,100.0,0,,,,,,,1,0.003662109375,100.0,100.0,100.0,100.0,100.0,0,,,,,,
C170,Chest,195,test/C170/Low_Dose/00000273.dcm,130.0,262144,0.007358366623520851,0,,,,,,,0,,,,,,,0,,,,,,,0,,,,,,
C170,Chest,196,test/C170/Low_Dose/00000347.dcm,130.0,262144,0.007367351558059454,0,,,,,,,0,,,,,,,0,,,,,,,0,,,,,,
C170,Chest,197,test/C170/Low_Dose/00000038.dcm,130.0,262144,0.007498792838305235,0,,,,,,,0,,,,,,,0,,,,,,,0,,,,,,
C170,Chest,198,test/C170/Low_Dose/00000213.dcm,130.0,262144,0.007569555658847094,0,,,,,,,0,,,,,,,0,,,,,,,0,,,,,,
C170,Chest,199,test/C170/Low_Dose/00000303.dcm,130.0,262144,0.0075660464353859425,1,0.002685546875,100.0,100.0,100.0,100.0,100.0,0,,,,,,,1,0.002685546875,100.0,100.0,100.0,100.0,100.0,0,,,,,,
C170,Chest,200,test/C170/Low_Dose/00000159.dcm,130.0,262144,0.007685665041208267,0,,,,,,,0,,,,,,,0,,,,,,,0,,,,,,
C170,Chest,201,test/C170/Low_Dose/00000272.dcm,130.0,262144,0.007698938716202974,0,,,,,,,0,,,,,,,0,,,,,,,0,,,,,,
C170,Chest,202,test/C170/Low_Dose/00000125.dcm,130.0,262144,0.007745973765850067,0,,,,,,,0,,,,,,,0,,,,,,,0,,,,,,
C170,Chest,203,test/C170/Low_Dose/00000162.dcm,130.0,262144,0.007852145470678806,0,,,,,,,0,,,,,,,0,,,,,,,0,,,,,,
C170,Chest,204,test/C170/Low_Dose/00000129.dcm,130.0,262144,0.00789543054997921,0,,,,,,,0,,,,,,,0,,,,,,,0,,,,,,
C170,Chest,205,test/C170/Low_Dose/00000083.dcm,130.0,262144,0.007981578819453716,1,0.0003662109375,100.0,100.0,100.0,100.0,100.0,0,,,,,,,1,0.0003662109375,100.0,100.0,100.0,100.0,100.0,0,,,,,,
C170,Chest,206,test/C170/Low_Dose/00000296.dcm,130.0,262144,0.008118173107504845,1,0.0008544921875,100.0,100.0,100.0,100.0,100.0,0,,,,,,,1,0.0008544921875,100.0,100.0,100.0,100.0,100.0,0,,,,,,
C170,Chest,207,test/C170/Low_Dose/00000210.dcm,130.0,262144,0.008201622404158115,3,0.0024820963541666665,100.0,100.0,100.0,100.0,100.0,0,,,,,,,2,0.00250244140625,100.0,100.0,100.0,100.0,100.0,1,0.00244140625,100.0,100.0,100.0,100.0,100.0
C170,Chest,208,test/C170/Low_Dose/00000112.dcm,130.0,262144,0.00821911171078682,1,0.0062255859375,100.0,100.0,100.0,100.0,100.0,0,,,,,,,1,0.0062255859375,100.0,100.0,100.0,100.0,100.0,0,,,,,,
C170,Chest,209,test/C170/Low_Dose/00000177.dcm,130.0,262144,0.008356422185897827,0,,,,,,,0,,,,,,,0,,,,,,,0,,,,,,
C170,Chest,210,test/C170/Low_Dose/00000075.dcm,130.0,262144,0.00841925386339426,0,,,,,,,0,,,,,,,0,,,,,,,0,,,,,,
C170,Chest,211,test/C170/Low_Dose/00000036.dcm,130.0,262144,0.00848701037466526,0,,,,,,,0,,,,,,,0,,,,,,,0,,,,,,
C170,Chest,212,test/C170/Low_Dose/00000279.dcm,130.0,262144,0.008573044091463089,0,,,,,,,0,,,,,,,0,,,,,,,0,,,,,,
C170,Chest,213,test/C170/Low_Dose/00000283.dcm,130.0,262144,0.008647948503494263,0,,,,,,,0,,,,,,,0,,,,,,,0,,,,,,
C170,Chest,214,test/C170/Low_Dose/00000167.dcm,130.0,262144,0.00868687592446804,1,0.0047607421875,100.0,100.0,100.0,100.0,100.0,0,,,,,,,1,0.0047607421875,100.0,100.0,100.0,100.0,100.0,0,,,,,,
C170,Chest,215,test/C170/Low_Dose/00000247.dcm,130.0,262144,0.008722817525267601,0,,,,,,,0,,,,,,,0,,,,,,,0,,,,,,
C170,Chest,216,test/C170/Low_Dose/00000284.dcm,130.0,262144,0.008755571208894253,0,,,,,,,0,,,,,,,0,,,,,,,0,,,,,,
C170,Chest,217,test/C170/Low_Dose/00000160.dcm,130.0,262144,0.008773145265877247,0,,,,,,,0,,,,,,,0,,,,,,,0,,,,,,
C170,Chest,218,test/C170/Low_Dose/00000165.dcm,130.0,262144,0.008779175579547882,0,,,,,,,0,,,,,,,0,,,,,,,0,,,,,,
C170,Chest,219,test/C170/Low_Dose/00000324.dcm,130.0,262144,0.008797264657914639,0,,,,,,,0,,,,,,,0,,,,,,,0,,,,,,
C170,Chest,220,test/C170/Low_Dose/00000351.dcm,130.0,262144,0.008708853274583817,0,,,,,,,0,,,,,,,0,,,,,,,0,,,,,,
C170,Chest,221,test/C170/Low_Dose/00000168.dcm,130.0,262144,0.008596966974437237,0,,,,,,,0,,,,,,,0,,,,,,,0,,,,,,
C170,Chest,222,test/C170/Low_Dose/00000157.dcm,130.0,262144,0.008457295596599579,0,,,,,,,0,,,,,,,0,,,,,,,0,,,,,,
C170,Chest,223,test/C170/Low_Dose/00000023.dcm,130.0,262144,0.008306517265737057,0,,,,,,,0,,,,,,,0,,,,,,,0,,,,,,
C170,Chest,224,test/C170/Low_Dose/00000178.dcm,130.0,262144,0.008160728961229324,0,,,,,,,0,,,,,,,0,,,,,,,0,,,,,,
C170,Chest,225,test/C170/Low_Dose/00000297.dcm,130.0,262144,0.008053325116634369,0,,,,,,,0,,,,,,,0,,,,,,,0,,,,,,
C170,Chest,226,test/C170/Low_Dose/00000314.dcm,130.0,262144,0.007896004244685173,2,0.00311279296875,100.0,100.0,100.0,100.0,100.0,0,,,,,,,2,0.00311279296875,100.0,100.0,100.0,100.0,100.0,0,,,,,,
C170,Chest,227,test/C170/Low_Dose/00000139.dcm,130.0,262144,0.007786155678331852,0,,,,,,,0,,,,,,,0,,,,,,,0,,,,,,
C170,Chest,228,test/C170/Low_Dose/00000196.dcm,130.0,262144,0.0077479188330471516,1,0.0025634765625,100.0,100.0,100.0,100.0,100.0,0,,,,,,,0,,,,,,,1,0.0025634765625,100.0,100.0,100.0,100.0,100.0
C170,Chest,229,test/C170/Low_Dose/00000107.dcm,130.0,262144,0.0077232476323843,0,,,,,,,0,,,,,,,0,,,,,,,0,,,,,,
C170,Chest,230,test/C170/Low_Dose/00000031.dcm,130.0,262144,0.0077627901919186115,0,,,,,,,0,,,,,,,0,,,,,,,0,,,,,,
C170,Chest,231,test/C170/Low_Dose/00000286.dcm,130.0,262144,0.007805351167917252,0,,,,,,,0,,,,,,,0,,,,,,,0,,,,,,
C170,Chest,232,test/C170/Low_Dose/00000161.dcm,130.0,262144,0.007815402001142502,0,,,,,,,0,,,,,,,0,,,,,,,0,,,,,,
C170,Chest,233,test/C170/Low_Dose/00000191.dcm,130.0,262144,0.007871382869780064,0,,,,,,,0,,,,,,,0,,,,,,,0,,,,,,
C170,Chest,234,test/C170/Low_Dose/00000133.dcm,130.0,262144,0.007850078865885735,1,0.0074462890625,100.0,100.0,100.0,100.0,100.0,0,,,,,,,0,,,,,,,1,0.0074462890625,100.0,100.0,100.0,100.0,100.0
C170,Chest,235,test/C170/Low_Dose/00000079.dcm,130.0,262144,0.007785805035382509,0,,,,,,,0,,,,,,,0,,,,,,,0,,,,,,
C170,Chest,236,test/C170/Low_Dose/00000332.dcm,130.0,262144,0.007794504053890705,0,,,,,,,0,,,,,,,0,,,,,,,0,,,,,,
C170,Chest,237,test/C170/Low_Dose/00000151.dcm,130.0,262144,0.007806386332958937,0,,,,,,,0,,,,,,,0,,,,,,,0,,,,,,
C170,Chest,238,test/C170/Low_Dose/00000047.dcm,130.0,262144,0.007734372746199369,0,,,,,,,0,,,,,,,0,,,,,,,0,,,,,,
C170,Chest,239,test/C170/Low_Dose/00000215.dcm,130.0,262144,0.007747934199869633,0,,,,,,,0,,,,,,,0,,,,,,,0,,,,,,
C170,Chest,240,test/C170/Low_Dose/00000353.dcm,130.0,262144,0.007723750080913305,0,,,,,,,0,,,,,,,0,,,,,,,0,,,,,,
C170,Chest,241,test/C170/Low_Dose/00000317.dcm,130.0,262144,0.007646598853170872,1,0.000244140625,100.0,100.0,100.0,100.0,100.0,0,,,,,,,0,,,,,,,1,0.000244140625,100.0,100.0,100.0,100.0,100.0
C170,Chest,242,test/C170/Low_Dose/00000006.dcm,130.0,262144,0.0076808929443359375,0,,,,,,,0,,,,,,,0,,,,,,,0,,,,,,
C170,Chest,243,test/C170/Low_Dose/00000018.dcm,130.0,262144,0.007663802709430456,0,,,,,,,0,,,,,,,0,,,,,,,0,,,,,,
C170,Chest,244,test/C170/Low_Dose/00000293.dcm,130.0,262144,0.007596923504024744,2,0.00433349609375,100.0,100.0,100.0,100.0,100.0,0,,,,,,,1,0.0068359375,100.0,100.0,100.0,100.0,100.0,1,0.0018310546875,100.0,100.0,100.0,100.0,100.0
C170,Chest,245,test/C170/Low_Dose/00000105.dcm,130.0,262144,0.007644870784133673,0,,,,,,,0,,,,,,,0,,,,,,,0,,,,,,
C170,Chest,246,test/C170/Low_Dose/00000040.dcm,130.0,262144,0.007610583212226629,0,,,,,,,0,,,,,,,0,,,,,,,0,,,,,,
C170,Chest,247,test/C170/Low_Dose/00000249.dcm,130.0,262144,0.007570631802082062,1,0.005126953125,100.0,100.0,100.0,100.0,100.0,0,,,,,,,1,0.005126953125,100.0,100.0,100.0,100.0,100.0,0,,,,,,
C170,Chest,248,test/C170/Low_Dose/00000264.dcm,130.0,262144,0.007609090302139521,1,0.0023193359375,100.0,100.0,100.0,100.0,100.0,0,,,,,,,0,,,,,,,1,0.0023193359375,100.0,100.0,100.0,100.0,100.0
C170,Chest,249,test/C170/Low_Dose/00000239.dcm,130.0,262144,0.007602258585393429,1,0.0059814453125,100.0,100.0,100.0,100.0,100.0,0,,,,,,,0,,,,,,,1,0.0059814453125,100.0,100.0,100.0,100.0,100.0
C170,Chest,250,test/C170/Low_Dose/00000027.dcm,130.0,262144,0.007564444560557604,0,,,,,,,0,,,,,,,0,,,,,,,0,,,,,,
C170,Chest,251,test/C170/Low_Dose/00000051.dcm,130.0,262144,0.007498945575207472,1,0.00390625,100.0,100.0,100.0,100.0,100.0,0,,,,,,,0,,,,,,,1,0.00390625,100.0,100.0,100.0,100.0,100.0
C170,Chest,252,test/C170/Low_Dose/00000350.dcm,130.0,262144,0.007435902953147888,0,,,,,,,0,,,,,,,0,,,,,,,0,,,,,,
C170,Chest,253,test/C170/Low_Dose/00000115.dcm,130.0,262144,0.0073181018233299255,1,0.0030517578125,100.0,100.0,100.0,100.0,100.0,0,,,,,,,1,0.0030517578125,100.0,100.0,100.0,100.0,100.0,0,,,,,,
C170,Chest,254,test/C170/Low_Dose/00000254.dcm,130.0,262144,0.007243038155138493,1,0.0062255859375,100.0,100.0,100.0,100.0,100.0,0,,,,,,,0,,,,,,,1,0.0062255859375,100.0,100.0,100.0,100.0,100.0
C170,Chest,255,test/C170/Low_Dose/00000172.dcm,130.0,262144,0.007120958063751459,0,,,,,,,0,,,,,,,0,,,,,,,0,,,,,,
C170,Chest,256,test/C170/Low_Dose/00000246.dcm,130.0,262144,0.006984055042266846,0,,,,,,,0,,,,,,,0,,,,,,,0,,,,,,
C170,Chest,257,test/C170/Low_Dose/00000251.dcm,130.0,262144,0.006974905729293823,0,,,,,,,0,,,,,,,0,,,,,,,0,,,,,,
C170,Chest,258,test/C170/Low_Dose/00000268.dcm,130.0,262144,0.006911598611623049,0,,,,,,,0,,,,,,,0,,,,,,,0,,,,,,
C170,Chest,259,test/C170/Low_Dose/00000148.dcm,130.0,262144,0.006809515412896872,2,0.00384521484375,100.0,100.0,100.0,100.0,100.0,0,,,,,,,0,,,,,,,2,0.00384521484375,100.0,100.0,100.0,100.0,100.0
C170,Chest,260,test/C170/Low_Dose/00000208.dcm,130.0,262144,0.006770262029021978,0,,,,,,,0,,,,,,,0,,,,,,,0,,,,,,
C170,Chest,261,test/C170/Low_Dose/00000166.dcm,130.0,262144,0.006727349944412708,0,,,,,,,0,,,,,,,0,,,,,,,0,,,,,,
C170,Chest,262,test/C170/Low_Dose/00000095.dcm,130.0,262144,0.006679813843220472,0,,,,,,,0,,,,,,,0,,,,,,,0,,,,,,
C170,Chest,263,test/C170/Low_Dose/00000299.dcm,130.0,262144,0.006786772049963474,0,,,,,,,0,,,,,,,0,,,,,,,0,,,,,,
C170,Chest,264,test/C170/Low_Dose/00000270.dcm,130.0,262144,0.006832675077021122,0,,,,,,,0,,,,,,,0,,,,,,,0,,,,,,
C170,Chest,265,test/C170/Low_Dose/00000304.dcm,130.0,262144,0.006827875040471554,1,0.0025634765625,100.0,100.0,100.0,100.0,100.0,0,,,,,,,1,0.0025634765625,100.0,100.0,100.0,100.0,100.0,0,,,,,,
C170,Chest,266,test/C170/Low_Dose/00000224.dcm,130.0,262144,0.006894607096910477,0,,,,,,,0,,,,,,,0,,,,,,,0,,,,,,
C170,Chest,267,test/C170/Low_Dose/00000300.dcm,130.0,262144,0.006848273798823357,1,0.0015869140625,100.0,100.0,100.0,100.0,100.0,0,,,,,,,0,,,,,,,1,0.0015869140625,100.0,100.0,100.0,100.0,100.0
C170,Chest,268,test/C170/Low_Dose/00000150.dcm,130.0,262144,0.006826071999967098,0,,,,,,,0,,,,,,,0,,,,,,,0,,,,,,
C170,Chest,269,test/C170/Low_Dose/00000349.dcm,130.0,262144,0.006867220159620047,0,,,,,,,0,,,,,,,0,,,,,,,0,,,,,,
C170,Chest,270,test/C170/Low_Dose/00000198.dcm,130.0,262144,0.00684109702706337,0,,,,,,,0,,,,,,,0,,,,,,,0,,,,,,
C170,Chest,271,test/C170/Low_Dose/00000202.dcm,130.0,262144,0.00680920947343111,0,,,,,,,0,,,,,,,0,,,,,,,0,,,,,,
C170,Chest,272,test/C170/Low_Dose/00000078.dcm,130.0,262144,0.006834034807980061,0,,,,,,,0,,,,,,,0,,,,,,,0,,,,,,
C170,Chest,273,test/C170/Low_Dose/00000322.dcm,130.0,262144,0.006861947942525148,0,,,,,,,0,,,,,,,0,,,,,,,0,,,,,,
C170,Chest,274,test/C170/Low_Dose/00000106.dcm,130.0,262144,0.006823532748967409,0,,,,,,,0,,,,,,,0,,,,,,,0,,,,,,
C170,Chest,275,test/C170/Low_Dose/00000188.dcm,130.0,262144,0.006841873284429312,0,,,,,,,0,,,,,,,0,,,,,,,0,,,,,,
C170,Chest,276,test/C170/Low_Dose/00000260.dcm,130.0,262144,0.006867126561701298,0,,,,,,,0,,,,,,,0,,,,,,,0,,,,,,
C170,Chest,277,test/C170/Low_Dose/00000225.dcm,130.0,262144,0.00687419855967164,0,,,,,,,0,,,,,,,0,,,,,,,0,,,,,,
C170,Chest,278,test/C170/Low_Dose/00000290.dcm,130.0,262144,0.006991795264184475,1,0.0010986328125,100.0,100.0,100.0,100.0,100.0,0,,,,,,,1,0.0010986328125,100.0,100.0,100.0,100.0,100.0,0,,,,,,
C170,Chest,279,test/C170/Low_Dose/00000257.dcm,130.0,262144,0.007007407024502754,1,0.0015869140625,100.0,100.0,100.0,100.0,100.0,0,,,,,,,1,0.0015869140625,100.0,100.0,100.0,100.0,100.0,0,,,,,,
C170,Chest,280,test/C170/Low_Dose/00000323.dcm,130.0,262144,0.006972040049731731,1,0.0013427734375,100.0,100.0,100.0,100.0,100.0,0,,,,,,,0,,,,,,,1,0.0013427734375,100.0,100.0,100.0,100.0,100.0
C170,Chest,281,test/C170/Low_Dose/00000156.dcm,130.0,262144,0.007020131219178438,2,0.00518798828125,100.0,100.0,100.0,100.0,100.0,0,,,,,,,0,,,,,,,2,0.00518798828125,100.0,100.0,100.0,100.0,100.0
C170,Chest,282,test/C170/Low_Dose/00000016.dcm,130.0,262144,0.007077397778630257,1,0.0050048828125,100.0,100.0,100.0,100.0,100.0,0,,,,,,,0,,,,,,,1,0.0050048828125,100.0,100.0,100.0,100.0,100.0
C170,Chest,283,test/C170/Low_Dose/00000231.dcm,130.0,262144,0.007006586529314518,1,0.0028076171875,100.0,100.0,100.0,100.0,100.0,0,,,,,,,0,,,,,,,1,0.0028076171875,100.0,100.0,100.0,100.0,100.0
C170,Chest,284,test/C170/Low_Dose/00000119.dcm,130.0,262144,0.007061706390231848,1,0.0054931640625,100.0,100.0,100.0,100.0,100.0,0,,,,,,,0,,,,,,,1,0.0054931640625,100.0,100.0,100.0,100.0,100.0
C170,Chest,285,test/C170/Low_Dose/00000102.dcm,130.0,262144,0.007055582478642464,0,,,,,,,0,,,,,,,0,,,,,,,0,,,,,,
C170,Chest,286,test/C170/Low_Dose/00000098.dcm,130.0,262144,0.006953437812626362,1,0.006591796875,100.0,100.0,100.0,100.0,100.0,0,,,,,,,1,0.006591796875,100.0,100.0,100.0,100.0,100.0,0,,,,,,
C170,Chest,287,test/C170/Low_Dose/00000337.dcm,130.0,262144,0.006960013881325722,0,,,,,,,0,,,,,,,0,,,,,,,0,,,,,,
C170,Chest,288,test/C170/Low_Dose/00000199.dcm,130.0,262144,0.006886409129947424,1,0.001708984375,100.0,100.0,100.0,100.0,100.0,0,,,,,,,1,0.001708984375,100.0,100.0,100.0,100.0,100.0,0,,,,,,
C170,Chest,289,test/C170/Low_Dose/00000041.dcm,130.0,262144,0.006828684825450182,1,0.005615234375,100.0,100.0,100.0,100.0,100.0,0,,,,,,,0,,,,,,,1,0.005615234375,100.0,100.0,100.0,100.0,100.0
C170,Chest,290,test/C170/Low_Dose/00000289.dcm,130.0,262144,0.006846241652965546,1,0.0018310546875,100.0,100.0,100.0,100.0,100.0,0,,,,,,,1,0.0018310546875,100.0,100.0,100.0,100.0,100.0,0,,,,,,
C170,Chest,291,test/C170/Low_Dose/00000021.dcm,130.0,262144,0.0068562519736588,0,,,,,,,0,,,,,,,0,,,,,,,0,,,,,,
C170,Chest,292,test/C170/Low_Dose/00000025.dcm,130.0,262144,0.006731454748660326,0,,,,,,,0,,,,,,,0,,,,,,,0,,,,,,
C170,Chest,293,test/C170/Low_Dose/00000179.dcm,130.0,262144,0.006749505642801523,0,,,,,,,0,,,,,,,0,,,,,,,0,,,,,,
C170,Chest,294,test/C170/Low_Dose/00000010.dcm,130.0,262144,0.006739526987075806,0,,,,,,,0,,,,,,,0,,,,,,,0,,,,,,
C170,Chest,295,test/C170/Low_Dose/00000169.dcm,130.0,262144,0.006698773708194494,0,,,,,,,0,,,,,,,0,,,,,,,0,,,,,,
C170,Chest,296,test/C170/Low_Dose/00000285.dcm,130.0,262144,0.0067170229740440845,0,,,,,,,0,,,,,,,0,,,,,,,0,,,,,,
C170,Chest,297,test/C170/Low_Dose/00000090.dcm,130.0,262144,0.0066960952244699,0,,,,,,,0,,,,,,,0,,,,,,,0,,,,,,
C170,Chest,298,test/C170/Low_Dose/00000037.dcm,130.0,262144,0.006658218335360289,1,0.0042724609375,100.0,100.0,100.0,100.0,100.0,0,,,,,,,0,,,,,,,1,0.0042724609375,100.0,100.0,100.0,100.0,100.0
C170,Chest,299,test/C170/Low_Dose/00000346.dcm,130.0,262144,0.006690998561680317,0,,,,,,,0,,,,,,,0,,,,,,,0,,,,,,
C170,Chest,300,test/C170/Low_Dose/00000288.dcm,130.0,262144,0.006648632697761059,0,,,,,,,0,,,,,,,0,,,,,,,0,,,,,,
C170,Chest,301,test/C170/Low_Dose/00000223.dcm,130.0,262144,0.006607988849282265,1,0.0040283203125,100.0,100.0,100.0,100.0,100.0,0,,,,,,,1,0.0040283203125,100.0,100.0,100.0,100.0,100.0,0,,,,,,
C170,Chest,302,test/C170/Low_Dose/00000248.dcm,130.0,262144,0.006656366400420666,1,0.005859375,100.0,100.0,100.0,100.0,100.0,0,,,,,,,1,0.005859375,100.0,100.0,100.0,100.0,100.0,0,,,,,,
C170,Chest,303,test/C170/Low_Dose/00000206.dcm,130.0,262144,0.006657890975475311,0,,,,,,,0,,,,,,,0,,,,,,,0,,,,,,
C170,Chest,304,test/C170/Low_Dose/00000132.dcm,130.0,262144,0.006656862795352936,0,,,,,,,0,,,,,,,0,,,,,,,0,,,,,,
C170,Chest,305,test/C170/Low_Dose/00000080.dcm,130.0,262144,0.006736243609338999,0,,,,,,,0,,,,,,,0,,,,,,,0,,,,,,
C170,Chest,306,test/C170/Low_Dose/00000144.dcm,130.0,262144,0.006750785745680332,1,0.0032958984375,100.0,100.0,100.0,100.0,100.0,0,,,,,,,0,,,,,,,1,0.0032958984375,100.0,100.0,100.0,100.0,100.0
C170,Chest,307,test/C170/Low_Dose/00000122.dcm,130.0,262144,0.0067201158963143826,1,0.0064697265625,100.0,100.0,100.0,100.0,100.0,0,,,,,,,1,0.0064697265625,100.0,100.0,100.0,100.0,100.0,0,,,,,,
C170,Chest,308,test/C170/Low_Dose/00000173.dcm,130.0,262144,0.006735621951520443,1,0.00634765625,100.0,100.0,100.0,100.0,100.0,0,,,,,,,1,0.00634765625,100.0,100.0,100.0,100.0,100.0,0,,,,,,
C170,Chest,309,test/C170/Low_Dose/00000153.dcm,130.0,262144,0.006748083513230085,1,0.002685546875,100.0,100.0,100.0,100.0,100.0,0,,,,,,,1,0.002685546875,100.0,100.0,100.0,100.0,100.0,0,,,,,,
C170,Chest,310,test/C170/Low_Dose/00000149.dcm,130.0,262144,0.0067174406722188,0,,,,,,,0,,,,,,,0,,,,,,,0,,,,,,
C170,Chest,311,test/C170/Low_Dose/00000014.dcm,130.0,262144,0.0067772818729281425,0,,,,,,,0,,,,,,,0,,,,,,,0,,,,,,
C170,Chest,312,test/C170/Low_Dose/00000193.dcm,130.0,262144,0.0068427338264882565,1,0.00048828125,100.0,100.0,100.0,100.0,100.0,0,,,,,,,1,0.00048828125,100.0,100.0,100.0,100.0,100.0,0,,,,,,
C170,Chest,313,test/C170/Low_Dose/00000232.dcm,130.0,262144,0.006798378191888332,0,,,,,,,0,,,,,,,0,,,,,,,0,,,,,,
C170,Chest,314,test/C170/Low_Dose/00000298.dcm,130.0,262144,0.006934124510735273,0,,,,,,,0,,,,,,,0,,,,,,,0,,,,,,
C170,Chest,315,test/C170/Low_Dose/00000074.dcm,130.0,262144,0.006956492550671101,1,0.00146484375,100.0,100.0,100.0,100.0,100.0,0,,,,,,,1,0.00146484375,100.0,100.0,100.0,100.0,100.0,0,,,,,,
C170,Chest,316,test/C170/Low_Dose/00000312.dcm,130.0,262144,0.006984827108681202,0,,,,,,,0,,,,,,,0,,,,,,,0,,,,,,
C170,Chest,317,test/C170/Low_Dose/00000055.dcm,130.0,262144,0.007059937343001366,0,,,,,,,0,,,,,,,0,,,,,,,0,,,,,,
C170,Chest,318,test/C170/Low_Dose/00000100.dcm,130.0,262144,0.007069026120007038,0,,,,,,,0,,,,,,,0,,,,,,,0,,,,,,
C170,Chest,319,test/C170/Low_Dose/00000197.dcm,130.0,262144,0.007045696955174208,1,0.0018310546875,100.0,100.0,100.0,100.0,100.0,0,,,,,,,0,,,,,,,1,0.0018310546875,100.0,100.0,100.0,100.0,100.0
C170,Chest,320,test/C170/Low_Dose/00000103.dcm,130.0,262144,0.007072579115629196,0,,,,,,,0,,,,,,,0,,,,,,,0,,,,,,
C170,Chest,321,test/C170/Low_Dose/00000077.dcm,130.0,262144,0.007025608327239752,0,,,,,,,0,,,,,,,0,,,,,,,0,,,,,,
C170,Chest,322,test/C170/Low_Dose/00000281.dcm,130.0,262144,0.006971506867557764,1,0.0006103515625,100.0,100.0,100.0,100.0,100.0,0,,,,,,,1,0.0006103515625,100.0,100.0,100.0,100.0,100.0,0,,,,,,
C170,Chest,323,test/C170/Low_Dose/00000175.dcm,130.0,262144,0.0069290087558329105,1,0.0040283203125,100.0,100.0,100.0,100.0,100.0,0,,,,,,,1,0.0040283203125,100.0,100.0,100.0,100.0,100.0,0,,,,,,
C170,Chest,324,test/C170/Low_Dose/00000321.dcm,130.0,262144,0.006901963148266077,1,0.0032958984375,100.0,100.0,100.0,100.0,100.0,0,,,,,,,1,0.0032958984375,100.0,100.0,100.0,100.0,100.0,0,,,,,,
C170,Chest,325,test/C170/Low_Dose/00000039.dcm,130.0,262144,0.006814783439040184,0,,,,,,,0,,,,,,,0,,,,,,,0,,,,,,
C170,Chest,326,test/C170/Low_Dose/00000046.dcm,130.0,262144,0.0068351575173437595,0,,,,,,,0,,,,,,,0,,,,,,,0,,,,,,
C170,Chest,327,test/C170/Low_Dose/00000013.dcm,130.0,262144,0.006779070012271404,0,,,,,,,0,,,,,,,0,,,,,,,0,,,,,,
C170,Chest,328,test/C170/Low_Dose/00000054.dcm,130.0,262144,0.006713223643600941,1,0.00390625,100.0,100.0,100.0,100.0,100.0,0,,,,,,,1,0.00390625,100.0,100.0,100.0,100.0,100.0,0,,,,,,
C170,Chest,329,test/C170/Low_Dose/00000085.dcm,130.0,262144,0.0066873906180262566,0,,,,,,,0,,,,,,,0,,,,,,,0,,,,,,
C170,Chest,330,test/C170/Low_Dose/00000238.dcm,130.0,262144,0.006616544909775257,0,,,,,,,0,,,,,,,0,,,,,,,0,,,,,,
C170,Chest,331,test/C170/Low_Dose/00000339.dcm,130.0,262144,0.006591564975678921,0,,,,,,,0,,,,,,,0,,,,,,,0,,,,,,
C170,Chest,332,test/C170/Low_Dose/00000184.dcm,130.0,262144,0.006547834258526564,2,0.00091552734375,100.0,100.0,100.0,100.0,100.0,0,,,,,,,1,0.0008544921875,100.0,100.0,100.0,100.0,100.0,1,0.0009765625,100.0,100.0,100.0,100.0,100.0
C170,Chest,333,test/C170/Low_Dose/00000328.dcm,130.0,262144,0.0065335663966834545,1,0.0050048828125,100.0,100.0,100.0,100.0,100.0,0,,,,,,,0,,,,,,,1,0.0050048828125,100.0,100.0,100.0,100.0,100.0
C170,Chest,334,test/C170/Low_Dose/00000205.dcm,130.0,262144,0.0065093995071947575,0,,,,,,,0,,,,,,,0,,,,,,,0,,,,,,
C170,Chest,335,test/C170/Low_Dose/00000222.dcm,130.0,262144,0.006501300726085901,0,,,,,,,0,,,,,,,0,,,,,,,0,,,,,,
C170,Chest,336,test/C170/Low_Dose/00000183.dcm,130.0,262144,0.006464777514338493,0,,,,,,,0,,,,,,,0,,,,,,,0,,,,,,
C170,Chest,337,test/C170/Low_Dose/00000307.dcm,130.0,262144,0.006446853745728731,0,,,,,,,0,,,,,,,0,,,,,,,0,,,,,,
C170,Chest,338,test/C170/Low_Dose/00000061.dcm,130.0,262144,0.006474992725998163,0,,,,,,,0,,,,,,,0,,,,,,,0,,,,,,
C170,Chest,339,test/C170/Low_Dose/00000221.dcm,130.0,262144,0.006519411224871874,0,,,,,,,0,,,,,,,0,,,,,,,0,,,,,,
C170,Chest,340,test/C170/Low_Dose/00000234.dcm,130.0,262144,0.006456280592828989,0,,,,,,,0,,,,,,,0,,,,,,,0,,,,,,
C170,Chest,341,test/C170/Low_Dose/00000280.dcm,130.0,262144,0.00646031741052866,1,0.0040283203125,100.0,100.0,100.0,100.0,100.0,0,,,,,,,0,,,,,,,1,0.0040283203125,100.0,100.0,100.0,100.0,100.0
C170,Chest,342,test/C170/Low_Dose/00000245.dcm,130.0,262144,0.006427958607673645,0,,,,,,,0,,,,,,,0,,,,,,,0,,,,,,
C170,Chest,343,test/C170/Low_Dose/00000058.dcm,130.0,262144,0.0064002047292888165,0,,,,,,,0,,,,,,,0,,,,,,,0,,,,,,
C170,Chest,344,test/C170/Low_Dose/00000099.dcm,130.0,262144,0.006419219542294741,1,0.000244140625,100.0,100.0,100.0,100.0,100.0,0,,,,,,,0,,,,,,,1,0.000244140625,100.0,100.0,100.0,100.0,100.0
C170,Chest,345,test/C170/Low_Dose/00000130.dcm,130.0,262144,0.0063879527151584625,1,0.00146484375,100.0,100.0,100.0,100.0,100.0,0,,,,,,,0,,,,,,,1,0.00146484375,100.0,100.0,100.0,100.0,100.0
C170,Chest,346,test/C170/Low_Dose/00000267.dcm,130.0,262144,0.00642238138243556,1,0.004150390625,100.0,100.0,100.0,100.0,100.0,0,,,,,,,0,,,,,,,1,0.004150390625,100.0,100.0,100.0,100.0,100.0
C170,Chest,347,test/C170/Low_Dose/00000265.dcm,130.0,262144,0.006533166393637657,1,0.0037841796875,100.0,100.0,100.0,100.0,100.0,0,,,,,,,0,,,,,,,1,0.0037841796875,100.0,100.0,100.0,100.0,100.0
C170,Chest,348,test/C170/Low_Dose/00000076.dcm,130.0,262144,0.0066048079170286655,0,,,,,,,0,,,,,,,0,,,,,,,0,,,,,,
C170,Chest,349,test/C170/Low_Dose/00000229.dcm,130.0,262144,0.006619610358029604,0,,,,,,,0,,,,,,,0,,,,,,,0,,,,,,
C170,Chest,350,test/C170/Low_Dose/00000002.dcm,130.0,262144,0.006706015672534704,0,,,,,,,0,,,,,,,0,,,,,,,0,,,,,,
C170,Chest,351,test/C170/Low_Dose/00000256.dcm,130.0,262144,0.006787681486457586,2,0.0029296875,100.0,100.0,100.0,100.0,100.0,0,,,,,,,2,0.0029296875,100.0,100.0,100.0,100.0,100.0,0,,,,,,
C170,Chest,352,test/C170/Low_Dose/00000203.dcm,130.0,262144,0.006747204344719648,0,,,,,,,0,,,,,,,0,,,,,,,0,,,,,,
C170,Chest,353,test/C170/Low_Dose/00000001.dcm,130.0,262144,0.006744164973497391,0,,,,,,,0,,,,,,,0,,,,,,,0,,,,,,
C170,Chest,354,test/C170/Low_Dose/00000336.dcm,130.0,262144,0.006740763783454895,0,,,,,,,0,,,,,,,0,,,,,,,0,,,,,,
C170,Chest,355,test/C170/Low_Dose/00000319.dcm,130.0,262144,0.006678028963506222,0,,,,,,,0,,,,,,,0,,,,,,,0,,,,,,
C170,Chest,356,test/C170/Low_Dose/00000271.dcm,130.0,262144,0.006652223877608776,0,,,,,,,0,,,,,,,0,,,,,,,0,,,,,,
C170,Chest,357,test/C170/Low_Dose/00000042.dcm,130.0,262144,0.006578315049409866,1,0.00439453125,100.0,100.0,100.0,100.0,100.0,0,,,,,,,0,,,,,,,1,0.00439453125,100.0,100.0,100.0,100.0,100.0
C170,Chest,358,test/C170/Low_Dose/00000093.dcm,130.0,262144,0.0065182470716536045,0,,,,,,,0,,,,,,,0,,,,,,,0,,,,,,
C249,Chest,0,test/C249/Low_Dose/00000207.dcm,130.0,262144,0.004271813668310642,0,,,,,,,0,,,,,,,0,,,,,,,0,,,,,,
C249,Chest,1,test/C249/Low_Dose/00000319.dcm,130.0,262144,0.0043423911556601524,0,,,,,,,0,,,,,,,0,,,,,,,0,,,,,,
C249,Chest,2,test/C249/Low_Dose/00000171.dcm,130.0,262144,0.004365372471511364,0,,,,,,,0,,,,,,,0,,,,,,,0,,,,,,
C249,Chest,3,test/C249/Low_Dose/00000182.dcm,130.0,262144,0.004383217077702284,0,,,,,,,0,,,,,,,0,,,,,,,0,,,,,,
C249,Chest,4,test/C249/Low_Dose/00000223.dcm,130.0,262144,0.00442357175052166,0,,,,,,,0,,,,,,,0,,,,,,,0,,,,,,
C249,Chest,5,test/C249/Low_Dose/00000112.dcm,130.0,262144,0.004367255140095949,0,,,,,,,0,,,,,,,0,,,,,,,0,,,,,,
C249,Chest,6,test/C249/Low_Dose/00000104.dcm,130.0,262144,0.004320348147302866,0,,,,,,,0,,,,,,,0,,,,,,,0,,,,,,
C249,Chest,7,test/C249/Low_Dose/00000288.dcm,130.0,262144,0.004273013211786747,0,,,,,,,0,,,,,,,0,,,,,,,0,,,,,,
C249,Chest,8,test/C249/Low_Dose/00000156.dcm,130.0,262144,0.004215715918689966,0,,,,,,,0,,,,,,,0,,,,,,,0,,,,,,
C249,Chest,9,test/C249/Low_Dose/00000282.dcm,130.0,262144,0.004240416456013918,0,,,,,,,0,,,,,,,0,,,,,,,0,,,,,,
C249,Chest,10,test/C249/Low_Dose/00000079.dcm,130.0,262144,0.0042984806932508945,0,,,,,,,0,,,,,,,0,,,,,,,0,,,,,,
C249,Chest,11,test/C249/Low_Dose/00000029.dcm,130.0,262144,0.0043827835470438,1,0.0032958984375,100.0,100.0,100.0,100.0,100.0,0,,,,,,,0,,,,,,,1,0.0032958984375,100.0,100.0,100.0,100.0,100.0
C249,Chest,12,test/C249/Low_Dose/00000057.dcm,130.0,262144,0.00447274511680007,0,,,,,,,0,,,,,,,0,,,,,,,0,,,,,,
C249,Chest,13,test/C249/Low_Dose/00000287.dcm,130.0,262144,0.004584562033414841,0,,,,,,,0,,,,,,,0,,,,,,,0,,,,,,
C249,Chest,14,test/C249/Low_Dose/00000190.dcm,130.0,262144,0.0047272732481360435,0,,,,,,,0,,,,,,,0,,,,,,,0,,,,,,
C249,Chest,15,test/C249/Low_Dose/00000010.dcm,130.0,262144,0.004927164409309626,0,,,,,,,0,,,,,,,0,,,,,,,0,,,,,,
C249,Chest,16,test/C249/Low_Dose/00000100.dcm,130.0,262144,0.005178613588213921,1,0.001220703125,100.0,100.0,100.0,100.0,100.0,0,,,,,,,0,,,,,,,1,0.001220703125,100.0,100.0,100.0,100.0,100.0
C249,Chest,17,test/C249/Low_Dose/00000256.dcm,130.0,262144,0.005385315511375666,0,,,,,,,0,,,,,,,0,,,,,,,0,,,,,,
C249,Chest,18,test/C249/Low_Dose/00000179.dcm,130.0,262144,0.00550058064982295,0,,,,,,,0,,,,,,,0,,,,,,,0,,,,,,
C249,Chest,19,test/C249/Low_Dose/00000159.dcm,130.0,262144,0.00558295426890254,0,,,,,,,0,,,,,,,0,,,,,,,0,,,,,,
C249,Chest,20,test/C249/Low_Dose/00000088.dcm,130.0,262144,0.00555826723575592,0,,,,,,,0,,,,,,,0,,,,,,,0,,,,,,
C249,Chest,21,test/C249/Low_Dose/00000202.dcm,130.0,262144,0.0055372281931340694,0,,,,,,,0,,,,,,,0,,,,,,,0,,,,,,
C249,Chest,22,test/C249/Low_Dose/00000215.dcm,130.0,262144,0.005484890658408403,0,,,,,,,0,,,,,,,0,,,,,,,0,,,,,,
C249,Chest,23,test/C249/Low_Dose/00000125.dcm,130.0,262144,0.005403255112469196,0,,,,,,,0,,,,,,,0,,,,,,,0,,,,,,
C249,Chest,24,test/C249/Low_Dose/00000292.dcm,130.0,262144,0.005320345051586628,0,,,,,,,0,,,,,,,0,,,,,,,0,,,,,,
C249,Chest,25,test/C249/Low_Dose/00000040.dcm,130.0,262144,0.005227386485785246,0,,,,,,,0,,,,,,,0,,,,,,,0,,,,,,
C249,Chest,26,test/C249/Low_Dose/00000148.dcm,130.0,262144,0.005122234113514423,0,,,,,,,0,,,,,,,0,,,,,,,0,,,,,,
C249,Chest,27,test/C249/Low_Dose/00000110.dcm,130.0,262144,0.005045872647315264,0,,,,,,,0,,,,,,,0,,,,,,,0,,,,,,
C249,Chest,28,test/C249/Low_Dose/00000038.dcm,130.0,262144,0.004979177378118038,1,0.0009765625,100.0,100.0,100.0,100.0,100.0,0,,,,,,,1,0.0009765625,100.0,100.0,100.0,100.0,100.0,0,,,,,,
C249,Chest,29,test/C249/Low_Dose/00000175.dcm,130.0,262144,0.00497872568666935,0,,,,,,,0,,,,,,,0,,,,,,,0,,,,,,
C249,Chest,30,test/C249/Low_Dose/00000027.dcm,130.0,262144,0.004942269064486027,0,,,,,,,0,,,,,,,0,,,,,,,0,,,,,,
C249,Chest,31,test/C249/Low_Dose/00000280.dcm,130.0,262144,0.004905803594738245,2,0.002685546875,100.0,100.0,100.0,100.0,100.0,0,,,,,,,2,0.002685546875,100.0,100.0,100.0,100.0,100.0,0,,,,,,
C249,Chest,32,test/C249/Low_Dose/00000284.dcm,130.0,262144,0.004862407688051462,0,,,,,,,0,,,,,,,0,,,,,,,0,,,,,,
C249,Chest,33,test/C249/Low_Dose/00000195.dcm,130.0,262144,0.004832240752875805,0,,,,,,,0,,,,,,,0,,,,,,,0,,,,,,
C249,Chest,34,test/C249/Low_Dose/00000160.dcm,130.0,262144,0.004876249469816685,0,,,,,,,0,,,,,,,0,,,,,,,0,,,,,,
C249,Chest,35,test/C249/Low_Dose/00000213.dcm,130.0,262144,0.004963637795299292,0,,,,,,,0,,,,,,,0,,,,,,,0,,,,,,
C249,Chest,36,test/C249/Low_Dose/00000145.dcm,130.0,262144,0.0050108726136386395,0,,,,,,,0,,,,,,,0,,,,,,,0,,,,,,
C249,Chest,37,test/C249/Low_Dose/00000122.dcm,130.0,262144,0.0050818524323403835,0,,,,,,,0,,,,,,,0,,,,,,,0,,,,,,
C249,Chest,38,test/C249/Low_Dose/00000001.dcm,130.0,262144,0.005128050688654184,0,,,,,,,0,,,,,,,0,,,,,,,0,,,,,,
C249,Chest,39,test/C249/Low_Dose/00000092.dcm,130.0,262144,0.005161583889275789,0,,,,,,,0,,,,,,,0,,,,,,,0,,,,,,
C249,Chest,40,test/C249/Low_Dose/00000049.dcm,130.0,262144,0.005238705314695835,0,,,,,,,0,,,,,,,0,,,,,,,0,,,,,,
C249,Chest,41,test/C249/Low_Dose/00000084.dcm,130.0,262144,0.005288105923682451,0,,,,,,,0,,,,,,,0,,,,,,,0,,,,,,
C249,Chest,42,test/C249/Low_Dose/00000344.dcm,130.0,262144,0.005359896924346685,0,,,,,,,0,,,,,,,0,,,,,,,0,,,,,,
C249,Chest,43,test/C249/Low_Dose/00000105.dcm,130.0,262144,0.005425553768873215,0,,,,,,,0,,,,,,,0,,,,,,,0,,,,,,
C249,Chest,44,test/C249/Low_Dose/00000020.dcm,130.0,262144,0.005501403007656336,0,,,,,,,0,,,,,,,0,,,,,,,0,,,,,,
C249,Chest,45,test/C249/Low_Dose/00000271.dcm,130.0,262144,0.005557386204600334,0,,,,,,,0,,,,,,,0,,,,,,,0,,,,,,
C249,Chest,46,test/C249/Low_Dose/00000009.dcm,130.0,262144,0.005636089481413364,2,0.002685546875,100.0,100.0,100.0,100.0,100.0,0,,,,,,,1,0.0050048828125,100.0,100.0,100.0,100.0,100.0,1,0.0003662109375,100.0,100.0,100.0,100.0,100.0
C249,Chest,47,test/C249/Low_Dose/00000204.dcm,130.0,262144,0.0057324981316924095,0,,,,,,,0,,,,,,,0,,,,,,,0,,,,,,
C249,Chest,48,test/C249/Low_Dose/00000071.dcm,130.0,262144,0.005834211595356464,0,,,,,,,0,,,,,,,0,,,,,,,0,,,,,,
C249,Chest,49,test/C249/Low_Dose/00000014.dcm,130.0,262144,0.005970697849988937,0,,,,,,,0,,,,,,,0,,,,,,,0,,,,,,
C249,Chest,50,test/C249/Low_Dose/00000335.dcm,130.0,262144,0.006149528082460165,0,,,,,,,0,,,,,,,0,,,,,,,0,,,,,,
C249,Chest,51,test/C249/Low_Dose/00000022.dcm,130.0,262144,0.006306070368736982,0,,,,,,,0,,,,,,,0,,,,,,,0,,,,,,
C249,Chest,52,test/C249/Low_Dose/00000075.dcm,130.0,262144,0.0064790938049554825,0,,,,,,,0,,,,,,,0,,,,,,,0,,,,,,
C249,Chest,53,test/C249/Low_Dose/00000262.dcm,130.0,262144,0.006688789930194616,0,,,,,,,0,,,,,,,0,,,,,,,0,,,,,,
C249,Chest,54,test/C249/Low_Dose/00000174.dcm,130.0,262144,0.0067358301021158695,0,,,,,,,0,,,,,,,0,,,,,,,0,,,,,,
C249,Chest,55,test/C249/Low_Dose/00000291.dcm,130.0,262144,0.006782600190490484,0,,,,,,,0,,,,,,,0,,,,,,,0,,,,,,
C249,Chest,56,test/C249/Low_Dose/00000323.dcm,130.0,262144,0.006757085677236319,0,,,,,,,0,,,,,,,0,,,,,,,0,,,,,,
C249,Chest,57,test/C249/Low_Dose/00000208.dcm,130.0,262144,0.006673121824860573,0,,,,,,,0,,,,,,,0,,,,,,,0,,,,,,
C249,Chest,58,test/C249/Low_Dose/00000069.dcm,130.0,262144,0.0065588634461164474,0,,,,,,,0,,,,,,,0,,,,,,,0,,,,,,
C249,Chest,59,test/C249/Low_Dose/00000334.dcm,130.0,262144,0.006506772246211767,0,,,,,,,0,,,,,,,0,,,,,,,0,,,,,,
C249,Chest,60,test/C249/Low_Dose/00000245.dcm,130.0,262144,0.006406440865248442,0,,,,,,,0,,,,,,,0,,,,,,,0,,,,,,
C249,Chest,61,test/C249/Low_Dose/00000275.dcm,130.0,262144,0.006338238250464201,0,,,,,,,0,,,,,,,0,,,,,,,0,,,,,,
C249,Chest,62,test/C249/Low_Dose/00000034.dcm,130.0,262144,0.006197350565344095,0,,,,,,,0,,,,,,,0,,,,,,,0,,,,,,
C249,Chest,63,test/C249/Low_Dose/00000017.dcm,130.0,262144,0.0061521572060883045,0,,,,,,,0,,,,,,,0,,,,,,,0,,,,,,
C249,Chest,64,test/C249/Low_Dose/00000043.dcm,130.0,262144,0.006106305867433548,0,,,,,,,0,,,,,,,0,,,,,,,0,,,,,,
C249,Chest,65,test/C249/Low_Dose/00000035.dcm,130.0,262144,0.00601530447602272,0,,,,,,,0,,,,,,,0,,,,,,,0,,,,,,
C249,Chest,66,test/C249/Low_Dose/00000164.dcm,130.0,262144,0.005945660173892975,0,,,,,,,0,,,,,,,0,,,,,,,0,,,,,,
C249,Chest,67,test/C249/Low_Dose/00000170.dcm,130.0,262144,0.00596296600997448,0,,,,,,,0,,,,,,,0,,,,,,,0,,,,,,
C249,Chest,68,test/C249/Low_Dose/00000085.dcm,130.0,262144,0.005983962211757898,0,,,,,,,0,,,,,,,0,,,,,,,0,,,,,,
C249,Chest,69,test/C249/Low_Dose/00000030.dcm,130.0,262144,0.005986558273434639,1,0.00048828125,100.0,100.0,100.0,100.0,100.0,0,,,,,,,0,,,,,,,1,0.00048828125,100.0,100.0,100.0,100.0,100.0
C249,Chest,70,test/C249/Low_Dose/00000183.dcm,130.0,262144,0.006027691066265106,1,0.00341796875,100.0,100.0,100.0,100.0,100.0,0,,,,,,,1,0.00341796875,100.0,100.0,100.0,100.0,100.0,0,,,,,,
C249,Chest,71,test/C249/Low_Dose/00000339.dcm,130.0,262144,0.006036406382918358,1,0.0008544921875,100.0,100.0,100.0,100.0,100.0,0,,,,,,,1,0.0008544921875,100.0,100.0,100.0,100.0,100.0,0,,,,,,
C249,Chest,72,test/C249/Low_Dose/00000264.dcm,130.0,262144,0.006043959874659777,0,,,,,,,0,,,,,,,0,,,,,,,0,,,,,,
C249,Chest,73,test/C249/Low_Dose/00000241.dcm,130.0,262144,0.006109192501753569,0,,,,,,,0,,,,,,,0,,,,,,,0,,,,,,
C249,Chest,74,test/C249/Low_Dose/00000298.dcm,130.0,262144,0.006126188673079014,0,,,,,,,0,,,,,,,0,,,,,,,0,,,,,,
C249,Chest,75,test/C249/Low_Dose/00000011.dcm,130.0,262144,0.006166405044496059,1,0.0015869140625,100.0,100.0,100.0,100.0,100.0,0,,,,,,,0,,,,,,,1,0.0015869140625,100.0,100.0,100.0,100.0,100.0
C249,Chest,76,test/C249/Low_Dose/00000023.dcm,130.0,262144,0.006222772877663374,0,,,,,,,0,,,,,,,0,,,,,,,0,,,,,,
C249,Chest,77,test/C249/Low_Dose/00000119.dcm,130.0,262144,0.006287670228630304,0,,,,,,,0,,,,,,,0,,,,,,,0,,,,,,
C249,Chest,78,test/C249/Low_Dose/00000074.dcm,130.0,262144,0.006363761145621538,0,,,,,,,0,,,,,,,0,,,,,,,0,,,,,,
C249,Chest,79,test/C249/Low_Dose/00000008.dcm,130.0,262144,0.006476596463471651,0,,,,,,,0,,,,,,,0,,,,,,,0,,,,,,
C249,Chest,80,test/C249/Low_Dose/00000063.dcm,130.0,262144,0.006585468538105488,0,,,,,,,0,,,,,,,0,,,,,,,0,,,,,,
C249,Chest,81,test/C249/Low_Dose/00000193.dcm,130.0,262144,0.006663132458925247,1,0.006103515625,100.0,100.0,100.0,100.0,100.0,0,,,,,,,1,0.006103515625,100.0,100.0,100.0,100.0,100.0,0,,,,,,
C249,Chest,82,test/C249/Low_Dose/00000224.dcm,130.0,262144,0.006795465014874935,0,,,,,,,0,,,,,,,0,,,,,,,0,,,,,,
C249,Chest,83,test/C249/Low_Dose/00000158.dcm,130.0,262144,0.006878304295241833,0,,,,,,,0,,,,,,,0,,,,,,,0,,,,,,
C249,Chest,84,test/C249/Low_Dose/00000046.dcm,130.0,262144,0.006985506042838097,0,,,,,,,0,,,,,,,0,,,,,,,0,,,,,,
C249,Chest,85,test/C249/Low_Dose/00000244.dcm,130.0,262144,0.0070832218043506145,0,,,,,,,0,,,,,,,0,,,,,,,0,,,,,,
C249,Chest,86,test/C249/Low_Dose/00000234.dcm,130.0,262144,0.007170266006141901,0,,,,,,,0,,,,,,,0,,,,,,,0,,,,,,
C249,Chest,87,test/C249/Low_Dose/00000153.dcm,130.0,262144,0.007266405038535595,0,,,,,,,0,,,,,,,0,,,,,,,0,,,,,,
C249,Chest,88,test/C249/Low_Dose/00000312.dcm,130.0,262144,0.007378900423645973,1,0.004150390625,100.0,100.0,100.0,100.0,100.0,0,,,,,,,0,,,,,,,1,0.004150390625,100.0,100.0,100.0,100.0,100.0
C249,Chest,89,test/C249/Low_Dose/00000048.dcm,130.0,262144,0.007400298025459051,0,,,,,,,0,,,,,,,0,,,,,,,0,,,,,,
C249,Chest,90,test/C249/Low_Dose/00000016.dcm,130.0,262144,0.00737506989389658,0,,,,,,,0,,,,,,,0,,,,,,,0,,,,,,
C249,Chest,91,test/C249/Low_Dose/00000082.dcm,130.0,262144,0.00735368300229311,1,0.0023193359375,100.0,100.0,100.0,100.0,100.0,0,,,,,,,1,0.0023193359375,100.0,100.0,100.0,100.0,100.0,0,,,,,,
C249,Chest,92,test/C249/Low_Dose/00000058.dcm,130.0,262144,0.007241593673825264,1,0.0003662109375,100.0,100.0,100.0,100.0,100.0,0,,,,,,,0,,,,,,,1,0.0003662109375,100.0,100.0,100.0,100.0,100.0
C249,Chest,93,test/C249/Low_Dose/00000039.dcm,130.0,262144,0.007117530331015587,0,,,,,,,0,,,,,,,0,,,,,,,0,,,,,,
C249,Chest,94,test/C249/Low_Dose/00000248.dcm,130.0,262144,0.007029758766293526,0,,,,,,,0,,,,,,,0,,,,,,,0,,,,,,
C249,Chest,95,test/C249/Low_Dose/00000340.dcm,130.0,262144,0.006974237505346537,0,,,,,,,0,,,,,,,0,,,,,,,0,,,,,,
C249,Chest,96,test/C249/Low_Dose/00000252.dcm,130.0,262144,0.006920479238033295,0,,,,,,,0,,,,,,,0,,,,,,,0,,,,,,
C249,Chest,97,test/C249/Low_Dose/00000277.dcm,130.0,262144,0.006840903777629137,0,,,,,,,0,,,,,,,0,,,,,,,0,,,,,,
C249,Chest,98,test/C249/Low_Dose/00000076.dcm,130.0,262144,0.006765945814549923,0,,,,,,,0,,,,,,,0,,,,,,,0,,,,,,
C249,Chest,99,test/C249/Low_Dose/00000098.dcm,130.0,262144,0.006746760103851557,0,,,,,,,0,,,,,,,0,,,,,,,0,,,,,,
C249,Chest,100,test/C249/Low_Dose/00000141.dcm,130.0,262144,0.006735675036907196,0,,,,,,,0,,,,,,,0,,,,,,,0,,,,,,
C249,Chest,101,test/C249/Low_Dose/00000257.dcm,130.0,262144,0.006727851461619139,0,,,,,,,0,,,,,,,0,,,,,,,0,,,,,,
C249,Chest,102,test/C249/Low_Dose/00000231.dcm,130.0,262144,0.00676170876249671,0,,,,,,,0,,,,,,,0,,,,,,,0,,,,,,
C249,Chest,103,test/C249/Low_Dose/00000189.dcm,130.0,262144,0.0067399637773633,0,,,,,,,0,,,,,,,0,,,,,,,0,,,,,,
C249,Chest,104,test/C249/Low_Dose/00000239.dcm,130.0,262144,0.0067606219090521336,0,,,,,,,0,,,,,,,0,,,,,,,0,,,,,,
C249,Chest,105,test/C249/Low_Dose/00000185.dcm,130.0,262144,0.006773015949875116,0,,,,,,,0,,,,,,,0,,,,,,,0,,,,,,
C249,Chest,106,test/C249/Low_Dose/00000296.dcm,130.0,262144,0.006792890373617411,0,,,,,,,0,,,,,,,0,,,,,,,0,,,,,,
C249,Chest,107,test/C249/Low_Dose/00000021.dcm,130.0,262144,0.006816368084400892,0,,,,,,,0,,,,,,,0,,,,,,,0,,,,,,
C249,Chest,108,test/C249/Low_Dose/00000281.dcm,130.0,262144,0.006784253753721714,0,,,,,,,0,,,,,,,0,,,,,,,0,,,,,,
C249,Chest,109,test/C249/Low_Dose/00000161.dcm,130.0,262144,0.0067263199016451836,0,,,,,,,0,,,,,,,0,,,,,,,0,,,,,,
C249,Chest,110,test/C249/Low_Dose/00000308.dcm,130.0,262144,0.006685848813503981,1,0.0010986328125,100.0,100.0,100.0,100.0,100.0,0,,,,,,,0,,,,,,,1,0.0010986328125,100.0,100.0,100.0,100.0,100.0
C249,Chest,111,test/C249/Low_Dose/00000313.dcm,130.0,262144,0.006704718805849552,0,,,,,,,0,,,,,,,0,,,,,,,0,,,,,,
C249,Chest,112,test/C249/Low_Dose/00000151.dcm,130.0,262144,0.006728991866111755,0,,,,,,,0,,,,,,,0,,,,,,,0,,,,,,
C249,Chest,113,test/C249/Low_Dose/00000081.dcm,130.0,262144,0.006760492455214262,0,,,,,,,0,,,,,,,0,,,,,,,0,,,,,,
C249,Chest,114,test/C249/Low_Dose/00000045.dcm,130.0,262144,0.006725867744535208,0,,,,,,,0,,,,,,,0,,,,,,,0,,,,,,
C249,Chest,115,test/C249/Low_Dose/00000261.dcm,130.0,262144,0.006772208027541637,1,0.004150390625,100.0,100.0,100.0,100.0,100.0,0,,,,,,,0,,,,,,,1,0.004150390625,100.0,100.0,100.0,100.0,100.0
C249,Chest,116,test/C249/Low_Dose/00000107.dcm,130.0,262144,0.006800144445151091,0,,,,,,,0,,,,,,,0,,,,,,,0,,,,,,
C249,Chest,117,test/C249/Low_Dose/00000184.dcm,130.0,262144,0.006836982443928719,0,,,,,,,0,,,,,,,0,,,,,,,0,,,,,,
C249,Chest,118,test/C249/Low_Dose/00000320.dcm,130.0,262144,0.006888555362820625,0,,,,,,,0,,,,,,,0,,,,,,,0,,,,,,
C249,Chest,119,test/C249/Low_Dose/00000036.dcm,130.0,262144,0.007041663862764835,0,,,,,,,0,,,,,,,0,,,,,,,0,,,,,,
C249,Chest,120,test/C249/Low_Dose/00000221.dcm,130.0,262144,0.007139525376260281,0,,,,,,,0,,,,,,,0,,,,,,,0,,,,,,
C249,Chest,121,test/C249/Low_Dose/00000065.dcm,130.0,262144,0.007268832065165043,0,,,,,,,0,,,,,,,0,,,,,,,0,,,,,,
C249,Chest,122,test/C249/Low_Dose/00000031.dcm,130.0,262144,0.007425086107105017,0,,,,,,,0,,,,,,,0,,,,,,,0,,,,,,
C249,Chest,123,test/C249/Low_Dose/00000056.dcm,130.0,262144,0.007495312951505184,0,,,,,,,0,,,,,,,0,,,,,,,0,,,,,,
C249,Chest,124,test/C249/Low_Dose/00000286.dcm,130.0,262144,0.007460616063326597,0,,,,,,,0,,,,,,,0,,,,,,,0,,,,,,
C249,Chest,125,test/C249/Low_Dose/00000177.dcm,130.0,262144,0.007418540772050619,0,,,,,,,0,,,,,,,0,,,,,,,0,,,,,,
C249,Chest,126,test/C249/Low_Dose/00000166.dcm,130.0,262144,0.007378466427326202,0,,,,,,,0,,,,,,,0,,,,,,,0,,,,,,
C249,Chest,127,test/C249/Low_Dose/00000032.dcm,130.0,262144,0.00732659175992012,0,,,,,,,0,,,,,,,0,,,,,,,0,,,,,,
C249,Chest,128,test/C249/Low_Dose/00000283.dcm,130.0,262144,0.0071846176870167255,0,,,,,,,0,,,,,,,0,,,,,,,0,,,,,,
C249,Chest,129,test/C249/Low_Dose/00000060.dcm,130.0,262144,0.007107303943485022,0,,,,,,,0,,,,,,,0,,,,,,,0,,,,,,
C249,Chest,130,test/C249/Low_Dose/00000137.dcm,130.0,262144,0.006998980883508921,0,,,,,,,0,,,,,,,0,,,,,,,0,,,,,,
C249,Chest,131,test/C249/Low_Dose/00000025.dcm,130.0,262144,0.006904709152877331,0,,,,,,,0,,,,,,,0,,,,,,,0,,,,,,
C249,Chest,132,test/C249/Low_Dose/00000093.dcm,130.0,262144,0.006807862315326929,0,,,,,,,0,,,,,,,0,,,,,,,0,,,,,,
C249,Chest,133,test/C249/Low_Dose/00000220.dcm,130.0,262144,0.0067070247605443,1,0.0045166015625,100.0,100.0,100.0,100.0,100.0,0,,,,,,,0,,,,,,,1,0.0045166015625,100.0,100.0,100.0,100.0,100.0
C249,Chest,134,test/C249/Low_Dose/00000130.dcm,130.0,262144,0.006569328717887402,0,,,,,,,0,,,,,,,0,,,,,,,0,,,,,,
C249,Chest,135,test/C249/Low_Dose/00000318.dcm,130.0,262144,0.0064531308598816395,0,,,,,,,0,,,,,,,0,,,,,,,0,,,,,,
C249,Chest,136,test/C249/Low_Dose/00000243.dcm,130.0,262144,0.006432965863496065,0,,,,,,,0,,,,,,,0,,,,,,,0,,,,,,
C249,Chest,137,test/C249/Low_Dose/00000236.dcm,130.0,262144,0.006367241498082876,0,,,,,,,0,,,,,,,0,,,,,,,0,,,,,,
C249,Chest,138,test/C249/Low_Dose/00000226.dcm,130.0,262144,0.00632605142891407,0,,,,,,,0,,,,,,,0,,,,,,,0,,,,,,
C249,Chest,139,test/C249/Low_Dose/00000072.dcm,130.0,262144,0.006345927715301514,1,0.00048828125,100.0,100.0,100.0,100.0,100.0,0,,,,,,,0,,,,,,,1,0.00048828125,100.0,100.0,100.0,100.0,100.0
C249,Chest,140,test/C249/Low_Dose/00000338.dcm,130.0,262144,0.006349117495119572,0,,,,,,,0,,,,,,,0,,,,,,,0,,,,,,
C249,Chest,141,test/C249/Low_Dose/00000042.dcm,130.0,262144,0.006321783177554607,2,0.0009765625,100.0,100.0,100.0,100.0,100.0,0,,,,,,,0,,,,,,,2,0.0009765625,100.0,100.0,100.0,100.0,100.0
C249,Chest,142,test/C249/Low_Dose/00000086.dcm,130.0,262144,0.006306061055511236,0,,,,,,,0,,,,,,,0,,,,,,,0,,,,,,
C249,Chest,143,test/C249/Low_Dose/00000167.dcm,130.0,262144,0.006363413296639919,0,,,,,,,0,,,,,,,0,,,,,,,0,,,,,,
C249,Chest,144,test/C249/Low_Dose/00000297.dcm,130.0,262144,0.00635746493935585,0,,,,,,,0,,,,,,,0,,,,,,,0,,,,,,
C249,Chest,145,test/C249/Low_Dose/00000341.dcm,130.0,262144,0.006317638326436281,0,,,,,,,0,,,,,,,0,,,,,,,0,,,,,,
C249,Chest,146,test/C249/Low_Dose/00000144.dcm,130.0,262144,0.006395046133548021,0,,,,,,,0,,,,,,,0,,,,,,,0,,,,,,
C249,Chest,147,test/C249/Low_Dose/00000120.dcm,130.0,262144,0.006436726078391075,0,,,,,,,0,,,,,,,0,,,,,,,0,,,,,,
C249,Chest,148,test/C249/Low_Dose/00000317.dcm,130.0,262144,0.006470294203609228,0,,,,,,,0,,,,,,,0,,,,,,,0,,,,,,
C249,Chest,149,test/C249/Low_Dose/00000129.dcm,130.0,262144,0.006544413045048714,0,,,,,,,0,,,,,,,0,,,,,,,0,,,,,,
C249,Chest,150,test/C249/Low_Dose/00000168.dcm,130.0,262144,0.006605415139347315,0,,,,,,,0,,,,,,,0,,,,,,,0,,,,,,
C249,Chest,151,test/C249/Low_Dose/00000053.dcm,130.0,262144,0.006709998939186335,0,,,,,,,0,,,,,,,0,,,,,,,0,,,,,,
C249,Chest,152,test/C249/Low_Dose/00000324.dcm,130.0,262144,0.00683094747364521,0,,,,,,,0,,,,,,,0,,,,,,,0,,,,,,
C249,Chest,153,test/C249/Low_Dose/00000012.dcm,130.0,262144,0.0070093777030706406,0,,,,,,,0,,,,,,,0,,,,,,,0,,,,,,
C249,Chest,154,test/C249/Low_Dose/00000114.dcm,130.0,262144,0.007091528736054897,0,,,,,,,0,,,,,,,0,,,,,,,0,,,,,,
C249,Chest,155,test/C249/Low_Dose/00000325.dcm,130.0,262144,0.007165126036852598,0,,,,,,,0,,,,,,,0,,,,,,,0,,,,,,
C249,Chest,156,test/C249/Low_Dose/00000142.dcm,130.0,262144,0.007227569352835417,0,,,,,,,0,,,,,,,0,,,,,,,0,,,,,,
C249,Chest,157,test/C249/Low_Dose/00000274.dcm,130.0,262144,0.007218174636363983,0,,,,,,,0,,,,,,,0,,,,,,,0,,,,,,
C249,Chest,158,test/C249/Low_Dose/00000068.dcm,130.0,262144,0.007265949156135321,0,,,,,,,0,,,,,,,0,,,,,,,0,,,,,,
C249,Chest,159,test/C249/Low_Dose/00000139.dcm,130.0,262144,0.007251263130456209,0,,,,,,,0,,,,,,,0,,,,,,,0,,,,,,
C249,Chest,160,test/C249/Low_Dose/00000306.dcm,130.0,262144,0.0071929385885596275,0,,,,,,,0,,,,,,,0,,,,,,,0,,,,,,
C249,Chest,161,test/C249/Low_Dose/00000096.dcm,130.0,262144,0.007157675456255674,0,,,,,,,0,,,,,,,0,,,,,,,0,,,,,,
C249,Chest,162,test/C249/Low_Dose/00000106.dcm,130.0,262144,0.007053540088236332,0,,,,,,,0,,,,,,,0,,,,,,,0,,,,,,
C249,Chest,163,test/C249/Low_Dose/00000028.dcm,130.0,262144,0.006908080540597439,0,,,,,,,0,,,,,,,0,,,,,,,0,,,,,,
C249,Chest,164,test/C249/Low_Dose/00000342.dcm,130.0,262144,0.006829461548477411,0,,,,,,,0,,,,,,,0,,,,,,,0,,,,,,
C249,Chest,165,test/C249/Low_Dose/00000305.dcm,130.0,262144,0.006743901874870062,0,,,,,,,0,,,,,,,0,,,,,,,0,,,,,,
C249,Chest,166,test/C249/Low_Dose/00000091.dcm,130.0,262144,0.006646929308772087,0,,,,,,,0,,,,,,,0,,,,,,,0,,,,,,
C249,Chest,167,test/C249/Low_Dose/00000127.dcm,130.0,262144,0.006617092993110418,0,,,,,,,0,,,,,,,0,,,,,,,0,,,,,,
C249,Chest,168,test/C249/Low_Dose/00000004.dcm,130.0,262144,0.006567615084350109,0,,,,,,,0,,,,,,,0,,,,,,,0,,,,,,
C249,Chest,169,test/C249/Low_Dose/00000024.dcm,130.0,262144,0.00650577200576663,0,,,,,,,0,,,,,,,0,,,,,,,0,,,,,,
C249,Chest,170,test/C249/Low_Dose/00000302.dcm,130.0,262144,0.006432733498513699,0,,,,,,,0,,,,,,,0,,,,,,,0,,,,,,
C249,Chest,171,test/C249/Low_Dose/00000123.dcm,130.0,262144,0.006388319656252861,0,,,,,,,0,,,,,,,0,,,,,,,0,,,,,,
C249,Chest,172,test/C249/Low_Dose/00000152.dcm,130.0,262144,0.006307839881628752,0,,,,,,,0,,,,,,,0,,,,,,,0,,,,,,
C249,Chest,173,test/C249/Low_Dose/00000180.dcm,130.0,262144,0.00638661440461874,0,,,,,,,0,,,,,,,0,,,,,,,0,,,,,,
C249,Chest,174,test/C249/Low_Dose/00000013.dcm,130.0,262144,0.006405550986528397,0,,,,,,,0,,,,,,,0,,,,,,,0,,,,,,
C249,Chest,175,test/C249/Low_Dose/00000304.dcm,130.0,262144,0.0063054850324988365,0,,,,,,,0,,,,,,,0,,,,,,,0,,,,,,
C249,Chest,176,test/C249/Low_Dose/00000217.dcm,130.0,262144,0.006330529227852821,0,,,,,,,0,,,,,,,0,,,,,,,0,,,,,,
C249,Chest,177,test/C249/Low_Dose/00000260.dcm,130.0,262144,0.006371833384037018,0,,,,,,,0,,,,,,,0,,,,,,,0,,,,,,
C249,Chest,178,test/C249/Low_Dose/00000233.dcm,130.0,262144,0.0063452632166445255,0,,,,,,,0,,,,,,,0,,,,,,,0,,,,,,
C249,Chest,179,test/C249/Low_Dose/00000194.dcm,130.0,262144,0.006452920846641064,0,,,,,,,0,,,,,,,0,,,,,,,0,,,,,,
C249,Chest,180,test/C249/Low_Dose/00000300.dcm,130.0,262144,0.006481586489826441,0,,,,,,,0,,,,,,,0,,,,,,,0,,,,,,
C249,Chest,181,test/C249/Low_Dose/00000015.dcm,130.0,262144,0.006519800517708063,0,,,,,,,0,,,,,,,0,,,,,,,0,,,,,,
C249,Chest,182,test/C249/Low_Dose/00000150.dcm,130.0,262144,0.006641151383519173,0,,,,,,,0,,,,,,,0,,,,,,,0,,,,,,
C249,Chest,183,test/C249/Low_Dose/00000047.dcm,130.0,262144,0.00669625960290432,0,,,,,,,0,,,,,,,0,,,,,,,0,,,,,,
C249,Chest,184,test/C249/Low_Dose/00000146.dcm,130.0,262144,0.006702135317027569,0,,,,,,,0,,,,,,,0,,,,,,,0,,,,,,
C249,Chest,185,test/C249/Low_Dose/00000267.dcm,130.0,262144,0.006775024812668562,0,,,,,,,0,,,,,,,0,,,,,,,0,,,,,,
C249,Chest,186,test/C249/Low_Dose/00000330.dcm,130.0,262144,0.006822188850492239,0,,,,,,,0,,,,,,,0,,,,,,,0,,,,,,
C249,Chest,187,test/C249/Low_Dose/00000080.dcm,130.0,262144,0.0068947505205869675,1,0.0001220703125,100.0,100.0,100.0,100.0,100.0,0,,,,,,,0,,,,,,,1,0.0001220703125,100.0,100.0,100.0,100.0,100.0
C249,Chest,188,test/C249/Low_Dose/00000169.dcm,130.0,262144,0.006968104746192694,1,0.0050048828125,100.0,100.0,100.0,100.0,100.0,0,,,,,,,1,0.0050048828125,100.0,100.0,100.0,100.0,100.0,0,,,,,,
C249,Chest,189,test/C249/Low_Dose/00000073.dcm,130.0,262144,0.006964643020182848,0,,,,,,,0,,,,,,,0,,,,,,,0,,,,,,
C249,Chest,190,test/C249/Low_Dose/00000315.dcm,130.0,262144,0.007013430818915367,1,0.005859375,100.0,100.0,100.0,100.0,100.0,0,,,,,,,0,,,,,,,1,0.005859375,100.0,100.0,100.0,100.0,100.0
C249,Chest,191,test/C249/Low_Dose/00000348.dcm,130.0,262144,0.0071248807944357395,0,,,,,,,0,,,,,,,0,,,,,,,0,,,,,,
C249,Chest,192,test/C249/Low_Dose/00000329.dcm,130.0,262144,0.007173185236752033,0,,,,,,,0,,,,,,,0,,,,,,,0,,,,,,
C249,Chest,193,test/C249/Low_Dose/00000019.dcm,130.0,262144,0.00716171320527792,1,0.0032958984375,100.0,100.0,100.0,100.0,100.0,0,,,,,,,0,,,,,,,1,0.0032958984375,100.0,100.0,100.0,100.0,100.0
C249,Chest,194,test/C249/Low_Dose/00000196.dcm,130.0,262144,0.0071930051781237125,0,,,,,,,0,,,,,,,0,,,,,,,0,,,,,,
C249,Chest,195,test/C249/Low_Dose/00000237.dcm,130.0,262144,0.007150901481509209,0,,,,,,,0,,,,,,,0,,,,,,,0,,,,,,
C249,Chest,196,test/C249/Low_Dose/00000134.dcm,130.0,262144,0.007099696900695562,0,,,,,,,0,,,,,,,0,,,,,,,0,,,,,,
C249,Chest,197,test/C249/Low_Dose/00000289.dcm,130.0,262144,0.007024213206022978,0,,,,,,,0,,,,,,,0,,,,,,,0,,,,,,
C249,Chest,198,test/C249/Low_Dose/00000198.dcm,130.0,262144,0.0070143286138772964,0,,,,,,,0,,,,,,,0,,,,,,,0,,,,,,
C249,Chest,199,test/C249/Low_Dose/00000327.dcm,130.0,262144,0.0069522736594080925,0,,,,,,,0,,,,,,,0,,,,,,,0,,,,,,
C249,Chest,200,test/C249/Low_Dose/00000124.dcm,130.0,262144,0.006875859573483467,0,,,,,,,0,,,,,,,0,,,,,,,0,,,,,,
C249,Chest,201,test/C249/Low_Dose/00000199.dcm,130.0,262144,0.0068560028448700905,0,,,,,,,0,,,,,,,0,,,,,,,0,,,,,,
C249,Chest,202,test/C249/Low_Dose/00000143.dcm,130.0,262144,0.0067907338961958885,0,,,,,,,0,,,,,,,0,,,,,,,0,,,,,,
C249,Chest,203,test/C249/Low_Dose/00000219.dcm,130.0,262144,0.006719812750816345,0,,,,,,,0,,,,,,,0,,,,,,,0,,,,,,
C249,Chest,204,test/C249/Low_Dose/00000094.dcm,130.0,262144,0.006656045094132423,0,,,,,,,0,,,,,,,0,,,,,,,0,,,,,,
C249,Chest,205,test/C249/Low_Dose/00000064.dcm,130.0,262144,0.0065847281366586685,0,,,,,,,0,,,,,,,0,,,,,,,0,,,,,,
C249,Chest,206,test/C249/Low_Dose/00000343.dcm,130.0,262144,0.006569202058017254,0,,,,,,,0,,,,,,,0,,,,,,,0,,,,,,
C249,Chest,207,test/C249/Low_Dose/00000132.dcm,130.0,262144,0.00655327970162034,0,,,,,,,0,,,,,,,0,,,,,,,0,,,,,,
C249,Chest,208,test/C249/Low_Dose/00000059.dcm,130.0,262144,0.006535910535603762,0,,,,,,,0,,,,,,,0,,,,,,,0,,,,,,
C249,Chest,209,test/C249/Low_Dose/00000083.dcm,130.0,262144,0.006579852197319269,0,,,,,,,0,,,,,,,0,,,,,,,0,,,,,,
C249,Chest,210,test/C249/Low_Dose/00000051.dcm,130.0,262144,0.006583710201084614,0,,,,,,,0,,,,,,,0,,,,,,,0,,,,,,
C249,Chest,211,test/C249/Low_Dose/00000041.dcm,130.0,262144,0.0065863607451319695,1,0.0003662109375,100.0,100.0,100.0,100.0,100.0,0,,,,,,,1,0.0003662109375,100.0,100.0,100.0,100.0,100.0,0,,,,,,
C249,Chest,212,test/C249/Low_Dose/00000108.dcm,130.0,262144,0.006528961472213268,0,,,,,,,0,,,,,,,0,,,,,,,0,,,,,,
C249,Chest,213,test/C249/Low_Dose/00000235.dcm,130.0,262144,0.006510588806122541,0,,,,,,,0,,,,,,,0,,,,,,,0,,,,,,
C249,Chest,214,test/C249/Low_Dose/00000259.dcm,130.0,262144,0.006481112912297249,1,0.0,100.0,100.0,100.0,100.0,100.0,0,,,,,,,1,0.0,100.0,100.0,100.0,100.0,100.0,0,,,,,,
C249,Chest,215,test/C249/Low_Dose/00000187.dcm,130.0,262144,0.006541639566421509,0,,,,,,,0,,,,,,,0,,,,,,,0,,,,,,
C249,Chest,216,test/C249/Low_Dose/00000197.dcm,130.0,262144,0.0065677231177687645,1,0.001220703125,100.0,100.0,100.0,100.0,100.0,0,,,,,,,1,0.001220703125,100.0,100.0,100.0,100.0,100.0,0,,,,,,
C249,Chest,217,test/C249/Low_Dose/00000191.dcm,130.0,262144,0.006669611670076847,0,,,,,,,0,,,,,,,0,,,,,,,0,,,,,,
C249,Chest,218,test/C249/Low_Dose/00000290.dcm,130.0,262144,0.006821916904300451,0,,,,,,,0,,,,,,,0,,,,,,,0,,,,,,
C249,Chest,219,test/C249/Low_Dose/00000216.dcm,130.0,262144,0.006952992174774408,0,,,,,,,0,,,,,,,0,,,,,,,0,,,,,,
C249,Chest,220,test/C249/Low_Dose/00000133.dcm,130.0,262144,0.007020487450063229,0,,,,,,,0,,,,,,,0,,,,,,,0,,,,,,
C249,Chest,221,test/C249/Low_Dose/00000192.dcm,130.0,262144,0.007039912510663271,0,,,,,,,0,,,,,,,0,,,,,,,0,,,,,,
C249,Chest,222,test/C249/Low_Dose/00000346.dcm,130.0,262144,0.006971309427171946,0,,,,,,,0,,,,,,,0,,,,,,,0,,,,,,
C249,Chest,223,test/C249/Low_Dose/00000102.dcm,130.0,262144,0.006974166724830866,0,,,,,,,0,,,,,,,0,,,,,,,0,,,,,,
C249,Chest,224,test/C249/Low_Dose/00000295.dcm,130.0,262144,0.0070190695114433765,0,,,,,,,0,,,,,,,0,,,,,,,0,,,,,,
C249,Chest,225,test/C249/Low_Dose/00000278.dcm,130.0,262144,0.007045941427350044,2,0.0048828125,100.0,100.0,100.0,100.0,100.0,0,,,,,,,0,,,,,,,2,0.0048828125,100.0,100.0,100.0,100.0,100.0
C249,Chest,226,test/C249/Low_Dose/00000206.dcm,130.0,262144,0.007105828728526831,0,,,,,,,0,,,,,,,0,,,,,,,0,,,,,,
C249,Chest,227,test/C249/Low_Dose/00000230.dcm,130.0,262144,0.007159463129937649,0,,,,,,,0,,,,,,,0,,,,,,,0,,,,,,
C249,Chest,228,test/C249/Low_Dose/00000138.dcm,130.0,262144,0.007185766007751226,0,,,,,,,0,,,,,,,0,,,,,,,0,,,,,,
C249,Chest,229,test/C249/Low_Dose/00000246.dcm,130.0,262144,0.007212914526462555,0,,,,,,,0,,,,,,,0,,,,,,,0,,,,,,
C249,Chest,230,test/C249/Low_Dose/00000321.dcm,130.0,262144,0.007190296892076731,0,,,,,,,0,,,,,,,0,,,,,,,0,,,,,,
C249,Chest,231,test/C249/Low_Dose/00000294.dcm,130.0,262144,0.007146271876990795,1,0.0023193359375,100.0,100.0,100.0,100.0,100.0,0,,,,,,,0,,,,,,,1,0.0023193359375,100.0,100.0,100.0,100.0,100.0
C249,Chest,232,test/C249/Low_Dose/00000265.dcm,130.0,262144,0.007074160501360893,1,0.0020751953125,100.0,100.0,100.0,100.0,100.0,0,,,,,,,1,0.0020751953125,100.0,100.0,100.0,100.0,100.0,0,,,,,,
C249,Chest,233,test/C249/Low_Dose/00000178.dcm,130.0,262144,0.007071959786117077,0,,,,,,,0,,,,,,,0,,,,,,,0,,,,,,
C249,Chest,234,test/C249/Low_Dose/00000140.dcm,130.0,262144,0.007028765510767698,1,0.0062255859375,100.0,100.0,100.0,100.0,100.0,0,,,,,,,1,0.0062255859375,100.0,100.0,100.0,100.0,100.0,0,,,,,,
C249,Chest,235,test/C249/Low_Dose/00000097.dcm,130.0,262144,0.006977072451263666,1,0.0015869140625,100.0,100.0,100.0,100.0,100.0,0,,,,,,,0,,,,,,,1,0.0015869140625,100.0,100.0,100.0,100.0,100.0
C249,Chest,236,test/C249/Low_Dose/00000211.dcm,130.0,262144,0.006954165641218424,1,0.00048828125,100.0,100.0,100.0,100.0,100.0,0,,,,,,,1,0.00048828125,100.0,100.0,100.0,100.0,100.0,0,,,,,,
C249,Chest,237,test/C249/Low_Dose/00000272.dcm,130.0,262144,0.006849472876638174,0,,,,,,,0,,,,,,,0,,,,,,,0,,,,,,
C249,Chest,238,test/C249/Low_Dose/00000316.dcm,130.0,262144,0.006820228882133961,0,,,,,,,0,,,,,,,0,,,,,,,0,,,,,,
C249,Chest,239,test/C249/Low_Dose/00000322.dcm,130.0,262144,0.006757119204849005,0,,,,,,,0,,,,,,,0,,,,,,,0,,,,,,
C249,Chest,240,test/C249/Low_Dose/00000247.dcm,130.0,262144,0.0066779665648937225,0,,,,,,,0,,,,,,,0,,,,,,,0,,,,,,
C249,Chest,241,test/C249/Low_Dose/00000062.dcm,130.0,262144,0.006617048289626837,0,,,,,,,0,,,,,,,0,,,,,,,0,,,,,,
C249,Chest,242,test/C249/Low_Dose/00000155.dcm,130.0,262144,0.006590145640075207,1,0.00634765625,100.0,100.0,100.0,100.0,100.0,0,,,,,,,1,0.00634765625,100.0,100.0,100.0,100.0,100.0,0,,,,,,
C249,Chest,243,test/C249/Low_Dose/00000266.dcm,130.0,262144,0.006533677224069834,1,0.004150390625,100.0,100.0,100.0,100.0,100.0,0,,,,,,,1,0.004150390625,100.0,100.0,100.0,100.0,100.0,0,,,,,,
C249,Chest,244,test/C249/Low_Dose/00000276.dcm,130.0,262144,0.006520303897559643,0,,,,,,,0,,,,,,,0,,,,,,,0,,,,,,
C249,Chest,245,test/C249/Low_Dose/00000336.dcm,130.0,262144,0.006539101246744394,0,,,,,,,0,,,,,,,0,,,,,,,0,,,,,,
C249,Chest,246,test/C249/Low_Dose/00000255.dcm,130.0,262144,0.006568145472556353,0,,,,,,,0,,,,,,,0,,,,,,,0,,,,,,
C249,Chest,247,test/C249/Low_Dose/00000238.dcm,130.0,262144,0.006562622729688883,0,,,,,,,0,,,,,,,0,,,,,,,0,,,,,,
C249,Chest,248,test/C249/Low_Dose/00000212.dcm,130.0,262144,0.006511951331049204,1,0.0052490234375,100.0,100.0,100.0,100.0,100.0,0,,,,,,,1,0.0052490234375,100.0,100.0,100.0,100.0,100.0,0,,,,,,
C249,Chest,249,test/C249/Low_Dose/00000172.dcm,130.0,262144,0.00647616945207119,0,,,,,,,0,,,,,,,0,,,,,,,0,,,,,,
C249,Chest,250,test/C249/Low_Dose/00000087.dcm,130.0,262144,0.006428281310945749,0,,,,,,,0,,,,,,,0,,,,,,,0,,,,,,
C249,Chest,251,test/C249/Low_Dose/00000115.dcm,130.0,262144,0.006419017445296049,0,,,,,,,0,,,,,,,0,,,,,,,0,,,,,,
C249,Chest,252,test/C249/Low_Dose/00000037.dcm,130.0,262144,0.006544550880789757,0,,,,,,,0,,,,,,,0,,,,,,,0,,,,,,
C249,Chest,253,test/C249/Low_Dose/00000078.dcm,130.0,262144,0.006615770980715752,0,,,,,,,0,,,,,,,0,,,,,,,0,,,,,,
C249,Chest,254,test/C249/Low_Dose/00000205.dcm,130.0,262144,0.0066722119227051735,0,,,,,,,0,,,,,,,0,,,,,,,0,,,,,,
C249,Chest,255,test/C249/Low_Dose/00000285.dcm,130.0,262144,0.006737011484801769,0,,,,,,,0,,,,,,,0,,,,,,,0,,,,,,
C249,Chest,256,test/C249/Low_Dose/00000229.dcm,130.0,262144,0.006751267705112696,0,,,,,,,0,,,,,,,0,,,,,,,0,,,,,,
C249,Chest,257,test/C249/Low_Dose/00000066.dcm,130.0,262144,0.006832938641309738,1,0.000244140625,100.0,100.0,100.0,100.0,100.0,0,,,,,,,0,,,,,,,1,0.000244140625,100.0,100.0,100.0,100.0,100.0
C249,Chest,258,test/C249/Low_Dose/00000310.dcm,130.0,262144,0.006904472131282091,0,,,,,,,0,,,,,,,0,,,,,,,0,,,,,,
C249,Chest,259,test/C249/Low_Dose/00000345.dcm,130.0,262144,0.006914661265909672,0,,,,,,,0,,,,,,,0,,,,,,,0,,,,,,
C249,Chest,260,test/C249/Low_Dose/00000311.dcm,130.0,262144,0.007016623392701149,0,,,,,,,0,,,,,,,0,,,,,,,0,,,,,,
C249,Chest,261,test/C249/Low_Dose/00000333.dcm,130.0,262144,0.007063263561576605,0,,,,,,,0,,,,,,,0,,,,,,,0,,,,,,
C249,Chest,262,test/C249/Low_Dose/00000293.dcm,130.0,262144,0.007092032115906477,0,,,,,,,0,,,,,,,0,,,,,,,0,,,,,,
C249,Chest,263,test/C249/Low_Dose/00000279.dcm,130.0,262144,0.007079425733536482,0,,,,,,,0,,,,,,,0,,,,,,,0,,,,,,
C249,Chest,264,test/C249/Low_Dose/00000254.dcm,130.0,262144,0.007090085186064243,0,,,,,,,0,,,,,,,0,,,,,,,0,,,,,,
C249,Chest,265,test/C249/Low_Dose/00000188.dcm,130.0,262144,0.007060743402689695,0,,,,,,,0,,,,,,,0,,,,,,,0,,,,,,
C249,Chest,266,test/C249/Low_Dose/00000210.dcm,130.0,262144,0.007011327426880598,0,,,,,,,0,,,,,,,0,,,,,,,0,,,,,,
C249,Chest,267,test/C249/Low_Dose/00000157.dcm,130.0,262144,0.00695817032828927,0,,,,,,,0,,,,,,,0,,,,,,,0,,,,,,
C249,Chest,268,test/C249/Low_Dose/00000173.dcm,130.0,262144,0.0069516184739768505,0,,,,,,,0,,,,,,,0,,,,,,,0,,,,,,
C249,Chest,269,test/C249/Low_Dose/00000250.dcm,130.0,262144,0.006939320359379053,0,,,,,,,0,,,,,,,0,,,,,,,0,,,,,,
C249,Chest,270,test/C249/Low_Dose/00000227.dcm,130.0,262144,0.006942209787666798,0,,,,,,,0,,,,,,,0,,,,,,,0,,,,,,
C249,Chest,271,test/C249/Low_Dose/00000090.dcm,130.0,262144,0.006770559120923281,0,,,,,,,0,,,,,,,0,,,,,,,0,,,,,,
C249,Chest,272,test/C249/Low_Dose/00000128.dcm,130.0,262144,0.006688204128295183,1,0.006103515625,100.0,100.0,100.0,100.0,100.0,0,,,,,,,0,,,,,,,1,0.006103515625,100.0,100.0,100.0,100.0,100.0
C249,Chest,273,test/C249/Low_Dose/00000222.dcm,130.0,262144,0.0065983012318611145,0,,,,,,,0,,,,,,,0,,,,,,,0,,,,,,
C249,Chest,274,test/C249/Low_Dose/00000099.dcm,130.0,262144,0.006526212673634291,0,,,,,,,0,,,,,,,0,,,,,,,0,,,,,,
C249,Chest,275,test/C249/Low_Dose/00000117.dcm,130.0,262144,0.006525545381009579,0,,,,,,,0,,,,,,,0,,,,,,,0,,,,,,
C249,Chest,276,test/C249/Low_Dose/00000263.dcm,130.0,262144,0.006552510429173708,1,0.0062255859375,100.0,100.0,100.0,100.0,100.0,0,,,,,,,0,,,,,,,1,0.0062255859375,100.0,100.0,100.0,100.0,100.0
C249,Chest,277,test/C249/Low_Dose/00000218.dcm,130.0,262144,0.0064901867881417274,0,,,,,,,0,,,,,,,0,,,,,,,0,,,,,,
C249,Chest,278,test/C249/Low_Dose/00000301.dcm,130.0,262144,0.0064772991463541985,0,,,,,,,0,,,,,,,0,,,,,,,0,,,,,,
C249,Chest,279,test/C249/Low_Dose/00000269.dcm,130.0,262144,0.006529847159981728,0,,,,,,,0,,,,,,,0,,,,,,,0,,,,,,
C249,Chest,280,test/C249/Low_Dose/00000258.dcm,130.0,262144,0.0064147040247917175,0,,,,,,,0,,,,,,,0,,,,,,,0,,,,,,
C249,Chest,281,test/C249/Low_Dose/00000242.dcm,130.0,262144,0.006438175681978464,0,,,,,,,0,,,,,,,0,,,,,,,0,,,,,,
C249,Chest,282,test/C249/Low_Dose/00000018.dcm,130.0,262144,0.006453234236687422,0,,,,,,,0,,,,,,,0,,,,,,,0,,,,,,
C249,Chest,283,test/C249/Low_Dose/00000273.dcm,130.0,262144,0.006506079807877541,0,,,,,,,0,,,,,,,0,,,,,,,0,,,,,,
C249,Chest,284,test/C249/Low_Dose/00000200.dcm,130.0,262144,0.006582096219062805,0,,,,,,,0,,,,,,,0,,,,,,,0,,,,,,
C249,Chest,285,test/C249/Low_Dose/00000331.dcm,130.0,262144,0.006661738269031048,0,,,,,,,0,,,,,,,0,,,,,,,0,,,,,,
C249,Chest,286,test/C249/Low_Dose/00000077.dcm,130.0,262144,0.00671564694494009,0,,,,,,,0,,,,,,,0,,,,,,,0,,,,,,
C249,Chest,287,test/C249/Low_Dose/00000121.dcm,130.0,262144,0.006795487832278013,0,,,,,,,0,,,,,,,0,,,,,,,0,,,,,,
C249,Chest,288,test/C249/Low_Dose/00000006.dcm,130.0,262144,0.006840195972472429,1,0.0003662109375,100.0,100.0,100.0,100.0,100.0,0,,,,,,,0,,,,,,,1,0.0003662109375,100.0,100.0,100.0,100.0,100.0
C249,Chest,289,test/C249/Low_Dose/00000249.dcm,130.0,262144,0.006847407203167677,0,,,,,,,0,,,,,,,0,,,,,,,0,,,,,,
C249,Chest,290,test/C249/Low_Dose/00000337.dcm,130.0,262144,0.006931052543222904,0,,,,,,,0,,,,,,,0,,,,,,,0,,,,,,
C249,Chest,291,test/C249/Low_Dose/00000111.dcm,130.0,262144,0.006949706003069878,0,,,,,,,0,,,,,,,0,,,,,,,0,,,,,,
C249,Chest,292,test/C249/Low_Dose/00000070.dcm,130.0,262144,0.006969938054680824,1,0.0045166015625,100.0,100.0,100.0,100.0,100.0,0,,,,,,,0,,,,,,,1,0.0045166015625,100.0,100.0,100.0,100.0,100.0
C249,Chest,293,test/C249/Low_Dose/00000232.dcm,130.0,262144,0.007098447531461716,0,,,,,,,0,,,,,,,0,,,,,,,0,,,,,,
C249,Chest,294,test/C249/Low_Dose/00000067.dcm,130.0,262144,0.0071919020265340805,0,,,,,,,0,,,,,,,0,,,,,,,0,,,,,,
C249,Chest,295,test/C249/Low_Dose/00000347.dcm,130.0,262144,0.007235964760184288,0,,,,,,,0,,,,,,,0,,,,,,,0,,,,,,
C249,Chest,296,test/C249/Low_Dose/00000026.dcm,130.0,262144,0.007273381110280752,0,,,,,,,0,,,,,,,0,,,,,,,0,,,,,,
C249,Chest,297,test/C249/Low_Dose/00000005.dcm,130.0,262144,0.007275426294654608,2,0.001953125,100.0,100.0,100.0,100.0,100.0,0,,,,,,,1,0.00390625,100.0,100.0,100.0,100.0,100.0,1,0.0,100.0,100.0,100.0,100.0,100.0
C249,Chest,298,test/C249/Low_Dose/00000136.dcm,130.0,262144,0.007217525504529476,0,,,,,,,0,,,,,,,0,,,,,,,0,,,,,,
C249,Chest,299,test/C249/Low_Dose/00000326.dcm,130.0,262144,0.007239596918225288,0,,,,,,,0,,,,,,,0,,,,,,,0,,,,,,
C249,Chest,300,test/C249/Low_Dose/00000209.dcm,130.0,262144,0.007245260756462812,1,0.0040283203125,100.0,100.0,100.0,100.0,100.0,0,,,,,,,0,,,,,,,1,0.0040283203125,100.0,100.0,100.0,100.0,100.0
C249,Chest,301,test/C249/Low_Dose/00000303.dcm,130.0,262144,0.007197720464318991,0,,,,,,,0,,,,,,,0,,,,,,,0,,,,,,
C249,Chest,302,test/C249/Low_Dose/00000332.dcm,130.0,262144,0.007215633988380432,0,,,,,,,0,,,,,,,0,,,,,,,0,,,,,,
C249,Chest,303,test/C249/Low_Dose/00000095.dcm,130.0,262144,0.00713011110201478,0,,,,,,,0,,,,,,,0,,,,,,,0,,,,,,
C249,Chest,304,test/C249/Low_Dose/00000251.dcm,130.0,262144,0.0070437900722026825,0,,,,,,,0,,,,,,,0,,,,,,,0,,,,,,
C249,Chest,305,test/C249/Low_Dose/00000270.dcm,130.0,262144,0.007014396600425243,1,0.002685546875,100.0,100.0,100.0,100.0,100.0,0,,,,,,,0,,,,,,,1,0.002685546875,100.0,100.0,100.0,100.0,100.0
C249,Chest,306,test/C249/Low_Dose/00000299.dcm,130.0,262144,0.006993668153882027,0,,,,,,,0,,,,,,,0,,,,,,,0,,,,,,
C249,Chest,307,test/C249/Low_Dose/00000307.dcm,130.0,262144,0.0069387853145599365,0,,,,,,,0,,,,,,,0,,,,,,,0,,,,,,
C249,Chest,308,test/C249/Low_Dose/00000149.dcm,130.0,262144,0.006898839958012104,0,,,,,,,0,,,,,,,0,,,,,,,0,,,,,,
C249,Chest,309,test/C249/Low_Dose/00000109.dcm,130.0,262144,0.006916670128703117,0,,,,,,,0,,,,,,,0,,,,,,,0,,,,,,
C249,Chest,310,test/C249/Low_Dose/00000055.dcm,130.0,262144,0.006907757371664047,0,,,,,,,0,,,,,,,0,,,,,,,0,,,,,,
C249,Chest,311,test/C249/Low_Dose/00000154.dcm,130.0,262144,0.006917003076523542,0,,,,,,,0,,,,,,,0,,,,,,,0,,,,,,
C249,Chest,312,test/C249/Low_Dose/00000101.dcm,130.0,262144,0.006833198480308056,0,,,,,,,0,,,,,,,0,,,,,,,0,,,,,,
C249,Chest,313,test/C249/Low_Dose/00000103.dcm,130.0,262144,0.006839150097221136,1,0.006591796875,100.0,100.0,100.0,100.0,100.0,0,,,,,,,1,0.006591796875,100.0,100.0,100.0,100.0,100.0,0,,,,,,
C249,Chest,314,test/C249/Low_Dose/00000131.dcm,130.0,262144,0.006836657878011465,0,,,,,,,0,,,,,,,0,,,,,,,0,,,,,,
C249,Chest,315,test/C249/Low_Dose/00000054.dcm,130.0,262144,0.0068513574078679085,0,,,,,,,0,,,,,,,0,,,,,,,0,,,,,,
C249,Chest,316,test/C249/Low_Dose/00000162.dcm,130.0,262144,0.0068286024034023285,0,,,,,,,0,,,,,,,0,,,,,,,0,,,,,,
C249,Chest,317,test/C249/Low_Dose/00000050.dcm,130.0,262144,0.006876730360090733,0,,,,,,,0,,,,,,,0,,,,,,,0,,,,,,
C249,Chest,318,test/C249/Low_Dose/00000268.dcm,130.0,262144,0.006909071933478117,0,,,,,,,0,,,,,,,0,,,,,,,0,,,,,,
C249,Chest,319,test/C249/Low_Dose/00000240.dcm,130.0,262144,0.006992687936872244,0,,,,,,,0,,,,,,,0,,,,,,,0,,,,,,
C249,Chest,320,test/C249/Low_Dose/00000181.dcm,130.0,262144,0.007043353281915188,0,,,,,,,0,,,,,,,0,,,,,,,0,,,,,,
C249,Chest,321,test/C249/Low_Dose/00000163.dcm,130.0,262144,0.007111795246601105,0,,,,,,,0,,,,,,,0,,,,,,,0,,,,,,
C249,Chest,322,test/C249/Low_Dose/00000309.dcm,130.0,262144,0.0071236006915569305,0,,,,,,,0,,,,,,,0,,,,,,,0,,,,,,
C249,Chest,323,test/C249/Low_Dose/00000253.dcm,130.0,262144,0.007185571826994419,0,,,,,,,0,,,,,,,0,,,,,,,0,,,,,,
C249,Chest,324,test/C249/Low_Dose/00000203.dcm,130.0,262144,0.00725516164675355,0,,,,,,,0,,,,,,,0,,,,,,,0,,,,,,
C249,Chest,325,test/C249/Low_Dose/00000044.dcm,130.0,262144,0.007265037391334772,1,0.00634765625,100.0,100.0,100.0,100.0,100.0,0,,,,,,,1,0.00634765625,100.0,100.0,100.0,100.0,100.0,0,,,,,,
C249,Chest,326,test/C249/Low_Dose/00000201.dcm,130.0,262144,0.007357136346399784,0,,,,,,,0,,,,,,,0,,,,,,,0,,,,,,
C249,Chest,327,test/C249/Low_Dose/00000113.dcm,130.0,262144,0.007411923259496689,0,,,,,,,0,,,,,,,0,,,,,,,0,,,,,,
C249,Chest,328,test/C249/Low_Dose/00000052.dcm,130.0,262144,0.007476731203496456,0,,,,,,,0,,,,,,,0,,,,,,,0,,,,,,
C249,Chest,329,test/C249/Low_Dose/00000116.dcm,130.0,262144,0.007558552082628012,1,0.0047607421875,100.0,100.0,100.0,100.0,100.0,0,,,,,,,1,0.0047607421875,100.0,100.0,100.0,100.0,100.0,0,,,,,,
C249,Chest,330,test/C249/Low_Dose/00000147.dcm,130.0,262144,0.007596459239721298,0,,,,,,,0,,,,,,,0,,,,,,,0,,,,,,
C249,Chest,331,test/C249/Low_Dose/00000003.dcm,130.0,262144,0.007628304418176413,0,,,,,,,0,,,,,,,0,,,,,,,0,,,,,,
C249,Chest,332,test/C249/Low_Dose/00000349.dcm,130.0,262144,0.007664912845939398,1,0.0006103515625,100.0,100.0,100.0,100.0,100.0,0,,,,,,,1,0.0006103515625,100.0,100.0,100.0,100.0,100.0,0,,,,,,
C249,Chest,333,test/C249/Low_Dose/00000225.dcm,130.0,262144,0.007633008994162083,0,,,,,,,0,,,,,,,0,,,,,,,0,,,,,,
C249,Chest,334,test/C249/Low_Dose/00000002.dcm,130.0,262144,0.00756848556920886,0,,,,,,,0,,,,,,,0,,,,,,,0,,,,,,
C249,Chest,335,test/C249/Low_Dose/00000007.dcm,130.0,262144,0.007543927524238825,0,,,,,,,0,,,,,,,0,,,,,,,0,,,,,,
C249,Chest,336,test/C249/Low_Dose/00000214.dcm,130.0,262144,0.007526659872382879,0,,,,,,,0,,,,,,,0,,,,,,,0,,,,,,
C249,Chest,337,test/C249/Low_Dose/00000314.dcm,130.0,262144,0.007510819938033819,0,,,,,,,0,,,,,,,0,,,,,,,0,,,,,,
C249,Chest,338,test/C249/Low_Dose/00000135.dcm,130.0,262144,0.0074786776676774025,0,,,,,,,0,,,,,,,0,,,,,,,0,,,,,,
C249,Chest,339,test/C249/Low_Dose/00000228.dcm,130.0,262144,0.007405357901006937,1,0.001953125,100.0,100.0,100.0,100.0,100.0,0,,,,,,,1,0.001953125,100.0,100.0,100.0,100.0,100.0,0,,,,,,
C249,Chest,340,test/C249/Low_Dose/00000350.dcm,130.0,262144,0.007352039683610201,0,,,,,,,0,,,,,,,0,,,,,,,0,,,,,,
C249,Chest,341,test/C249/Low_Dose/00000118.dcm,130.0,262144,0.007304906379431486,1,0.0048828125,100.0,100.0,100.0,100.0,100.0,0,,,,,,,0,,,,,,,1,0.0048828125,100.0,100.0,100.0,100.0,100.0
C249,Chest,342,test/C249/Low_Dose/00000089.dcm,130.0,262144,0.007257174700498581,0,,,,,,,0,,,,,,,0,,,,,,,0,,,,,,
C249,Chest,343,test/C249/Low_Dose/00000126.dcm,130.0,262144,0.007230918388813734,0,,,,,,,0,,,,,,,0,,,,,,,0,,,,,,
C249,Chest,344,test/C249/Low_Dose/00000328.dcm,130.0,262144,0.007261748891323805,0,,,,,,,0,,,,,,,0,,,,,,,0,,,,,,
C249,Chest,345,test/C249/Low_Dose/00000186.dcm,130.0,262144,0.007238937076181173,1,0.006103515625,100.0,100.0,100.0,100.0,100.0,0,,,,,,,1,0.006103515625,100.0,100.0,100.0,100.0,100.0,0,,,,,,
C249,Chest,346,test/C249/Low_Dose/00000033.dcm,130.0,262144,0.007193002849817276,0,,,,,,,0,,,,,,,0,,,,,,,0,,,,,,
C249,Chest,347,test/C249/Low_Dose/00000165.dcm,130.0,262144,0.007218616548925638,0,,,,,,,0,,,,,,,0,,,,,,,0,,,,,,
C249,Chest,348,test/C249/Low_Dose/00000061.dcm,130.0,262144,0.007153056561946869,1,0.0057373046875,100.0,100.0,100.0,100.0,100.0,0,,,,,,,1,0.0057373046875,100.0,100.0,100.0,100.0,100.0,0,,,,,,
C249,Chest,349,test/C249/Low_Dose/00000176.dcm,130.0,262144,0.007096361368894577,0,,,,,,,0,,,,,,,0,,,,,,,0,,,,,,
C280,Chest,0,test/C280/Low_Dose/00000085.dcm,130.0,262144,0.005269435700029135,0,,,,,,,0,,,,,,,0,,,,,,,0,,,,,,
C280,Chest,1,test/C280/Low_Dose/00000046.dcm,130.0,262144,0.005240911152213812,0,,,,,,,0,,,,,,,0,,,,,,,0,,,,,,
C280,Chest,2,test/C280/Low_Dose/00000106.dcm,130.0,262144,0.0053192367777228355,1,0.0030517578125,100.0,100.0,100.0,100.0,100.0,0,,,,,,,1,0.0030517578125,100.0,100.0,100.0,100.0,100.0,0,,,,,,
C280,Chest,3,test/C280/Low_Dose/00000319.dcm,130.0,262144,0.005398966372013092,0,,,,,,,0,,,,,,,0,,,,,,,0,,,,,,
C280,Chest,4,test/C280/Low_Dose/00000369.dcm,130.0,262144,0.005429161246865988,0,,,,,,,0,,,,,,,0,,,,,,,0,,,,,,
C280,Chest,5,test/C280/Low_Dose/00000309.dcm,130.0,262144,0.005539742764085531,0,,,,,,,0,,,,,,,0,,,,,,,0,,,,,,
C280,Chest,6,test/C280/Low_Dose/00000308.dcm,130.0,262144,0.005550069268792868,0,,,,,,,0,,,,,,,0,,,,,,,0,,,,,,
C280,Chest,7,test/C280/Low_Dose/00000207.dcm,130.0,262144,0.005632610525935888,0,,,,,,,0,,,,,,,0,,,,,,,0,,,,,,
C280,Chest,8,test/C280/Low_Dose/00000299.dcm,130.0,262144,0.005835782270878553,0,,,,,,,0,,,,,,,0,,,,,,,0,,,,,,
C280,Chest,9,test/C280/Low_Dose/00000111.dcm,130.0,262144,0.006055385805666447,1,0.0020751953125,100.0,100.0,100.0,100.0,100.0,0,,,,,,,1,0.0020751953125,100.0,100.0,100.0,100.0,100.0,0,,,,,,
C280,Chest,10,test/C280/Low_Dose/00000157.dcm,130.0,262144,0.006227090023458004,0,,,,,,,0,,,,,,,0,,,,,,,0,,,,,,
C280,Chest,11,test/C280/Low_Dose/00000041.dcm,130.0,262144,0.0065645757131278515,0,,,,,,,0,,,,,,,0,,,,,,,0,,,,,,
C280,Chest,12,test/C280/Low_Dose/00000294.dcm,130.0,262144,0.006886808667331934,0,,,,,,,0,,,,,,,0,,,,,,,0,,,,,,
C280,Chest,13,test/C280/Low_Dose/00000282.dcm,130.0,262144,0.0071244677528738976,0,,,,,,,0,,,,,,,0,,,,,,,0,,,,,,
C280,Chest,14,test/C280/Low_Dose/00000190.dcm,130.0,262144,0.00739698251709342,0,,,,,,,0,,,,,,,0,,,,,,,0,,,,,,
C280,Chest,15,test/C280/Low_Dose/00000124.dcm,130.0,262144,0.007519563194364309,0,,,,,,,0,,,,,,,0,,,,,,,0,,,,,,
C280,Chest,16,test/C280/Low_Dose/00000181.dcm,130.0,262144,0.00756459916010499,0,,,,,,,0,,,,,,,0,,,,,,,0,,,,,,
C280,Chest,17,test/C280/Low_Dose/00000273.dcm,130.0,262144,0.007669419515877962,0,,,,,,,0,,,,,,,0,,,,,,,0,,,,,,
C280,Chest,18,test/C280/Low_Dose/00000159.dcm,130.0,262144,0.007584388833492994,0,,,,,,,0,,,,,,,0,,,,,,,0,,,,,,
C280,Chest,19,test/C280/Low_Dose/00000341.dcm,130.0,262144,0.007561796344816685,0,,,,,,,0,,,,,,,0,,,,,,,0,,,,,,
C280,Chest,20,test/C280/Low_Dose/00000022.dcm,130.0,262144,0.0075212703086435795,0,,,,,,,0,,,,,,,0,,,,,,,0,,,,,,
C280,Chest,21,test/C280/Low_Dose/00000147.dcm,130.0,262144,0.007389510050415993,0,,,,,,,0,,,,,,,0,,,,,,,0,,,,,,
C280,Chest,22,test/C280/Low_Dose/00000258.dcm,130.0,262144,0.007144381757825613,0,,,,,,,0,,,,,,,0,,,,,,,0,,,,,,
C280,Chest,23,test/C280/Low_Dose/00000242.dcm,130.0,262144,0.007055189926177263,0,,,,,,,0,,,,,,,0,,,,,,,0,,,,,,
C280,Chest,24,test/C280/Low_Dose/00000088.dcm,130.0,262144,0.0068533578887581825,0,,,,,,,0,,,,,,,0,,,,,,,0,,,,,,
C280,Chest,25,test/C280/Low_Dose/00000216.dcm,130.0,262144,0.006720786448568106,0,,,,,,,0,,,,,,,0,,,,,,,0,,,,,,
C280,Chest,26,test/C280/Low_Dose/00000126.dcm,130.0,262144,0.006688413675874472,0,,,,,,,0,,,,,,,0,,,,,,,0,,,,,,
C280,Chest,27,test/C280/Low_Dose/00000043.dcm,130.0,262144,0.006653631571680307,0,,,,,,,0,,,,,,,0,,,,,,,0,,,,,,
C280,Chest,28,test/C280/Low_Dose/00000346.dcm,130.0,262144,0.006562224123626947,0,,,,,,,0,,,,,,,0,,,,,,,0,,,,,,
C280,Chest,29,test/C280/Low_Dose/00000087.dcm,130.0,262144,0.006653253920376301,1,0.0040283203125,100.0,100.0,100.0,100.0,100.0,0,,,,,,,1,0.0040283203125,100.0,100.0,100.0,100.0,100.0,0,,,,,,
C280,Chest,30,test/C280/Low_Dose/00000202.dcm,130.0,262144,0.006801539100706577,2,0.00262451171875,100.0,100.0,100.0,100.0,100.0,0,,,,,,,2,0.00262451171875,100.0,100.0,100.0,100.0,100.0,0,,,,,,
C280,Chest,31,test/C280/Low_Dose/00000183.dcm,130.0,262144,0.006909199990332127,0,,,,,,,0,,,,,,,0,,,,,,,0,,,,,,
C280,Chest,32,test/C280/Low_Dose/00000115.dcm,130.0,262144,0.007095713634043932,1,0.002685546875,100.0,100.0,100.0,100.0,100.0,0,,,,,,,0,,,,,,,1,0.002685546875,100.0,100.0,100.0,100.0,100.0
C280,Chest,33,test/C280/Low_Dose/00000019.dcm,130.0,262144,0.007131796330213547,0,,,,,,,0,,,,,,,0,,,,,,,0,,,,,,
C280,Chest,34,test/C280/Low_Dose/00000170.dcm,130.0,262144,0.0071172951720654964,2,0.0018310546875,100.0,100.0,100.0,100.0,100.0,0,,,,,,,0,,,,,,,2,0.0018310546875,100.0,100.0,100.0,100.0,100.0
C280,Chest,35,test/C280/Low_Dose/00000229.dcm,130.0,262144,0.007208565250039101,1,0.0032958984375,100.0,100.0,100.0,100.0,100.0,0,,,,,,,0,,,,,,,1,0.0032958984375,100.0,100.0,100.0,100.0,100.0
C280,Chest,36,test/C280/Low_Dose/00000149.dcm,130.0,262144,0.0072184400632977486,0,,,,,,,0,,,,,,,0,,,,,,,0,,,,,,
C280,Chest,37,test/C280/Low_Dose/00000314.dcm,130.0,262144,0.007224137894809246,1,0.003662109375,100.0,100.0,100.0,100.0,100.0,0,,,,,,,0,,,,,,,1,0.003662109375,100.0,100.0,100.0,100.0,100.0
C280,Chest,38,test/C280/Low_Dose/00000196.dcm,130.0,262144,0.0072902776300907135,0,,,,,,,0,,,,,,,0,,,,,,,0,,,,,,
C280,Chest,39,test/C280/Low_Dose/00000296.dcm,130.0,262144,0.0073358588851988316,0,,,,,,,0,,,,,,,0,,,,,,,0,,,,,,
C280,Chest,40,test/C280/Low_Dose/00000255.dcm,130.0,262144,0.007305192295461893,0,,,,,,,0,,,,,,,0,,,,,,,0,,,,,,
C280,Chest,41,test/C280/Low_Dose/00000306.dcm,130.0,262144,0.007324987556785345,1,0.001953125,100.0,100.0,100.0,100.0,100.0,0,,,,,,,1,0.001953125,100.0,100.0,100.0,100.0,100.0,0,,,,,,
C280,Chest,42,test/C280/Low_Dose/00000099.dcm,130.0,262144,0.0073850410990417,0,,,,,,,0,,,,,,,0,,,,,,,0,,,,,,
C280,Chest,43,test/C280/Low_Dose/00000114.dcm,130.0,262144,0.007492931094020605,0,,,,,,,0,,,,,,,0,,,,,,,0,,,,,,
C280,Chest,44,test/C280/Low_Dose/00000167.dcm,130.0,262144,0.007612981833517551,0,,,,,,,0,,,,,,,0,,,,,,,0,,,,,,
C280,Chest,45,test/C280/Low_Dose/00000083.dcm,130.0,262144,0.007776639889925718,1,0.00390625,100.0,100.0,100.0,100.0,100.0,0,,,,,,,0,,,,,,,1,0.00390625,100.0,100.0,100.0,100.0,100.0
C280,Chest,46,test/C280/Low_Dose/00000007.dcm,130.0,262144,0.007946192286908627,0,,,,,,,0,,,,,,,0,,,,,,,0,,,,,,
C280,Chest,47,test/C280/Low_Dose/00000354.dcm,130.0,262144,0.008133388124406338,1,0.0062255859375,100.0,100.0,100.0,100.0,100.0,0,,,,,,,1,0.0062255859375,100.0,100.0,100.0,100.0,100.0,0,,,,,,
C280,Chest,48,test/C280/Low_Dose/00000203.dcm,130.0,262144,0.008290473371744156,1,0.0059814453125,100.0,100.0,100.0,100.0,100.0,0,,,,,,,0,,,,,,,1,0.0059814453125,100.0,100.0,100.0,100.0,100.0
C280,Chest,49,test/C280/Low_Dose/00000286.dcm,130.0,262144,0.008410460315644741,0,,,,,,,0,,,,,,,0,,,,,,,0,,,,,,
C280,Chest,50,test/C280/Low_Dose/00000171.dcm,130.0,262144,0.00855677854269743,0,,,,,,,0,,,,,,,0,,,,,,,0,,,,,,
C280,Chest,51,test/C280/Low_Dose/00000012.dcm,130.0,262144,0.008604793809354305,0,,,,,,,0,,,,,,,0,,,,,,,0,,,,,,
C280,Chest,52,test/C280/Low_Dose/00000045.dcm,130.0,262144,0.008602885529398918,0,,,,,,,0,,,,,,,0,,,,,,,0,,,,,,
C280,Chest,53,test/C280/Low_Dose/00000361.dcm,130.0,262144,0.008660556748509407,0,,,,,,,0,,,,,,,0,,,,,,,0,,,,,,
C280,Chest,54,test/C280/Low_Dose/00000285.dcm,130.0,262144,0.008686625398695469,0,,,,,,,0,,,,,,,0,,,,,,,0,,,,,,
C280,Chest,55,test/C280/Low_Dose/00000198.dcm,130.0,262144,0.00858443696051836,1,0.0003662109375,100.0,100.0,100.0,100.0,100.0,0,,,,,,,1,0.0003662109375,100.0,100.0,100.0,100.0,100.0,0,,,,,,
C280,Chest,56,test/C280/Low_Dose/00000246.dcm,130.0,262144,0.008612406440079212,0,,,,,,,0,,,,,,,0,,,,,,,0,,,,,,
C280,Chest,57,test/C280/Low_Dose/00000161.dcm,130.0,262144,0.008500128984451294,0,,,,,,,0,,,,,,,0,,,,,,,0,,,,,,
C280,Chest,58,test/C280/Low_Dose/00000163.dcm,130.0,262144,0.008359227329492569,1,0.0048828125,100.0,100.0,100.0,100.0,100.0,0,,,,,,,1,0.0048828125,100.0,100.0,100.0,100.0,100.0,0,,,,,,
C280,Chest,59,test/C280/Low_Dose/00000173.dcm,130.0,262144,0.008311720564961433,0,,,,,,,0,,,,,,,0,,,,,,,0,,,,,,
C280,Chest,60,test/C280/Low_Dose/00000244.dcm,130.0,262144,0.008244008757174015,1,0.0047607421875,100.0,100.0,100.0,100.0,100.0,0,,,,,,,0,,,,,,,1,0.0047607421875,100.0,100.0,100.0,100.0,100.0
C280,Chest,61,test/C280/Low_Dose/00000195.dcm,130.0,262144,0.008133815601468086,0,,,,,,,0,,,,,,,0,,,,,,,0,,,,,,
C280,Chest,62,test/C280/Low_Dose/00000288.dcm,130.0,262144,0.008126217871904373,0,,,,,,,0,,,,,,,0,,,,,,,0,,,,,,
C280,Chest,63,test/C280/Low_Dose/00000347.dcm,130.0,262144,0.008120386861264706,0,,,,,,,0,,,,,,,0,,,,,,,0,,,,,,
C280,Chest,64,test/C280/Low_Dose/00000107.dcm,130.0,262144,0.008101318962872028,0,,,,,,,0,,,,,,,0,,,,,,,0,,,,,,
C280,Chest,65,test/C280/Low_Dose/00000276.dcm,130.0,262144,0.00819524098187685,0,,,,,,,0,,,,,,,0,,,,,,,0,,,,,,
C280,Chest,66,test/C280/Low_Dose/00000151.dcm,130.0,262144,0.008265931159257889,1,0.0078125,100.0,100.0,100.0,100.0,100.0,0,,,,,,,1,0.0078125,100.0,100.0,100.0,100.0,100.0,0,,,,,,
C280,Chest,67,test/C280/Low_Dose/00000104.dcm,130.0,262144,0.008261813782155514,0,,,,,,,0,,,,,,,0,,,,,,,0,,,,,,
C280,Chest,68,test/C280/Low_Dose/00000143.dcm,130.0,262144,0.00832811277359724,0,,,,,,,0,,,,,,,0,,,,,,,0,,,,,,
C280,Chest,69,test/C280/Low_Dose/00000150.dcm,130.0,262144,0.00833220686763525,0,,,,,,,0,,,,,,,0,,,,,,,0,,,,,,
C280,Chest,70,test/C280/Low_Dose/00000113.dcm,130.0,262144,0.008306560106575489,1,0.001953125,100.0,100.0,100.0,100.0,100.0,0,,,,,,,0,,,,,,,1,0.001953125,100.0,100.0,100.0,100.0,100.0
C280,Chest,71,test/C280/Low_Dose/00000189.dcm,130.0,262144,0.008344900794327259,1,0.003173828125,100.0,100.0,100.0,100.0,100.0,0,,,,,,,1,0.003173828125,100.0,100.0,100.0,100.0,100.0,0,,,,,,
C280,Chest,72,test/C280/Low_Dose/00000076.dcm,130.0,262144,0.008354848250746727,1,0.004150390625,100.0,100.0,100.0,100.0,100.0,0,,,,,,,0,,,,,,,1,0.004150390625,100.0,100.0,100.0,100.0,100.0
C280,Chest,73,test/C280/Low_Dose/00000350.dcm,130.0,262144,0.008335001766681671,1,0.00732421875,100.0,100.0,100.0,100.0,100.0,0,,,,,,,1,0.00732421875,100.0,100.0,100.0,100.0,100.0,0,,,,,,
C280,Chest,74,test/C280/Low_Dose/00000168.dcm,130.0,262144,0.008367584086954594,0,,,,,,,0,,,,,,,0,,,,,,,0,,,,,,
C280,Chest,75,test/C280/Low_Dose/00000293.dcm,130.0,262144,0.008319705724716187,1,0.0048828125,100.0,100.0,100.0,100.0,100.0,0,,,,,,,1,0.0048828125,100.0,100.0,100.0,100.0,100.0,0,,,,,,
C280,Chest,76,test/C280/Low_Dose/00000026.dcm,130.0,262144,0.008273335173726082,0,,,,,,,0,,,,,,,0,,,,,,,0,,,,,,
C280,Chest,77,test/C280/Low_Dose/00000224.dcm,130.0,262144,0.008218547329306602,0,,,,,,,0,,,,,,,0,,,,,,,0,,,,,,
C280,Chest,78,test/C280/Low_Dose/00000030.dcm,130.0,262144,0.008191402070224285,1,0.005615234375,100.0,100.0,100.0,100.0,100.0,0,,,,,,,1,0.005615234375,100.0,100.0,100.0,100.0,100.0,0,,,,,,
C280,Chest,79,test/C280/Low_Dose/00000020.dcm,130.0,262144,0.008079695515334606,0,,,,,,,0,,,,,,,0,,,,,,,0,,,,,,
C280,Chest,80,test/C280/Low_Dose/00000353.dcm,130.0,262144,0.008179494179785252,0,,,,,,,0,,,,,,,0,,,,,,,0,,,,,,
C280,Chest,81,test/C280/Low_Dose/00000131.dcm,130.0,262144,0.008266301825642586,0,,,,,,,0,,,,,,,0,,,,,,,0,,,,,,
C280,Chest,82,test/C280/Low_Dose/00000013.dcm,130.0,262144,0.008275923319160938,0,,,,,,,0,,,,,,,0,,,,,,,0,,,,,,
C280,Chest,83,test/C280/Low_Dose/00000025.dcm,130.0,262144,0.008350463584065437,1,0.0078125,100.0,100.0,100.0,100.0,100.0,0,,,,,,,0,,,,,,,1,0.0078125,100.0,100.0,100.0,100.0,100.0
C280,Chest,84,test/C280/Low_Dose/00000033.dcm,130.0,262144,0.008343841880559921,0,,,,,,,0,,,,,,,0,,,,,,,0,,,,,,
C280,Chest,85,test/C280/Low_Dose/00000092.dcm,130.0,262144,0.008295243605971336,1,0.0015869140625,100.0,100.0,100.0,100.0,100.0,0,,,,,,,0,,,,,,,1,0.0015869140625,100.0,100.0,100.0,100.0,100.0
C280,Chest,86,test/C280/Low_Dose/00000349.dcm,130.0,262144,0.008352357894182205,0,,,,,,,0,,,,,,,0,,,,,,,0,,,,,,
C280,Chest,87,test/C280/Low_Dose/00000018.dcm,130.0,262144,0.008335800841450691,0,,,,,,,0,,,,,,,0,,,,,,,0,,,,,,
C280,Chest,88,test/C280/Low_Dose/00000334.dcm,130.0,262144,0.008291821926832199,0,,,,,,,0,,,,,,,0,,,,,,,0,,,,,,
C280,Chest,89,test/C280/Low_Dose/00000326.dcm,130.0,262144,0.008359928615391254,0,,,,,,,0,,,,,,,0,,,,,,,0,,,,,,
C280,Chest,90,test/C280/Low_Dose/00000335.dcm,130.0,262144,0.008300893940031528,0,,,,,,,0,,,,,,,0,,,,,,,0,,,,,,
C280,Chest,91,test/C280/Low_Dose/00000292.dcm,130.0,262144,0.00809277780354023,0,,,,,,,0,,,,,,,0,,,,,,,0,,,,,,
C280,Chest,92,test/C280/Low_Dose/00000329.dcm,130.0,262144,0.008070404641330242,1,0.00634765625,100.0,100.0,100.0,100.0,100.0,0,,,,,,,1,0.00634765625,100.0,100.0,100.0,100.0,100.0,0,,,,,,
C280,Chest,93,test/C280/Low_Dose/00000121.dcm,130.0,262144,0.007965143769979477,2,0.004150390625,100.0,100.0,100.0,100.0,100.0,0,,,,,,,0,,,,,,,2,0.004150390625,100.0,100.0,100.0,100.0,100.0
C280,Chest,94,test/C280/Low_Dose/00000231.dcm,130.0,262144,0.007859892211854458,0,,,,,,,0,,,,,,,0,,,,,,,0,,,,,,
C280,Chest,95,test/C280/Low_Dose/00000343.dcm,130.0,262144,0.007874967530369759,0,,,,,,,0,,,,,,,0,,,,,,,0,,,,,,
C280,Chest,96,test/C280/Low_Dose/00000302.dcm,130.0,262144,0.007880876772105694,0,,,,,,,0,,,,,,,0,,,,,,,0,,,,,,
C280,Chest,97,test/C280/Low_Dose/00000271.dcm,130.0,262144,0.007834937423467636,0,,,,,,,0,,,,,,,0,,,,,,,0,,,,,,
C280,Chest,98,test/C280/Low_Dose/00000021.dcm,130.0,262144,0.007948920130729675,0,,,,,,,0,,,,,,,0,,,,,,,0,,,,,,
C280,Chest,99,test/C280/Low_Dose/00000365.dcm,130.0,262144,0.007951576262712479,0,,,,,,,0,,,,,,,0,,,,,,,0,,,,,,
C280,Chest,100,test/C280/Low_Dose/00000260.dcm,130.0,262144,0.007843513041734695,0,,,,,,,0,,,,,,,0,,,,,,,0,,,,,,
C280,Chest,101,test/C280/Low_Dose/00000127.dcm,130.0,262144,0.007867086678743362,2,0.00433349609375,100.0,100.0,100.0,100.0,100.0,0,,,,,,,2,0.00433349609375,100.0,100.0,100.0,100.0,100.0,0,,,,,,
C280,Chest,102,test/C280/Low_Dose/00000162.dcm,130.0,262144,0.007872754707932472,1,0.0032958984375,100.0,100.0,100.0,100.0,100.0,0,,,,,,,1,0.0032958984375,100.0,100.0,100.0,100.0,100.0,0,,,,,,
C280,Chest,103,test/C280/Low_Dose/00000052.dcm,130.0,262144,0.007777599152177572,0,,,,,,,0,,,,,,,0,,,,,,,0,,,,,,
C280,Chest,104,test/C280/Low_Dose/00000191.dcm,130.0,262144,0.00780797004699707,1,0.00244140625,100.0,100.0,100.0,100.0,100.0,0,,,,,,,1,0.00244140625,100.0,100.0,100.0,100.0,100.0,0,,,,,,
C280,Chest,105,test/C280/Low_Dose/00000268.dcm,130.0,262144,0.007826858200132847,0,,,,,,,0,,,,,,,0,,,,,,,0,,,,,,
C280,Chest,106,test/C280/Low_Dose/00000305.dcm,130.0,262144,0.007636740803718567,0,,,,,,,0,,,,,,,0,,,,,,,0,,,,,,
C280,Chest,107,test/C280/Low_Dose/00000223.dcm,130.0,262144,0.007710014469921589,0,,,,,,,0,,,,,,,0,,,,,,,0,,,,,,
C280,Chest,108,test/C280/Low_Dose/00000324.dcm,130.0,262144,0.00759481405839324,1,0.0009765625,100.0,100.0,100.0,100.0,100.0,0,,,,,,,1,0.0009765625,100.0,100.0,100.0,100.0,100.0,0,,,,,,
C280,Chest,109,test/C280/Low_Dose/00000059.dcm,130.0,262144,0.007326446007937193,1,0.0,100.0,100.0,100.0,100.0,100.0,0,,,,,,,1,0.0,100.0,100.0,100.0,100.0,100.0,0,,,,,,
C280,Chest,110,test/C280/Low_Dose/00000005.dcm,130.0,262144,0.007379645481705666,1,0.0029296875,100.0,100.0,100.0,100.0,100.0,0,,,,,,,0,,,,,,,1,0.0029296875,100.0,100.0,100.0,100.0,100.0
C280,Chest,111,test/C280/Low_Dose/00000077.dcm,130.0,262144,0.007279477547854185,0,,,,,,,0,,,,,,,0,,,,,,,0,,,,,,
C280,Chest,112,test/C280/Low_Dose/00000315.dcm,130.0,262144,0.0072143408469855785,1,0.0050048828125,100.0,100.0,100.0,100.0,100.0,0,,,,,,,0,,,,,,,1,0.0050048828125,100.0,100.0,100.0,100.0,100.0
C280,Chest,113,test/C280/Low_Dose/00000174.dcm,130.0,262144,0.007376792374998331,1,0.0064697265625,100.0,100.0,100.0,100.0,100.0,0,,,,,,,1,0.0064697265625,100.0,100.0,100.0,100.0,100.0,0,,,,,,
C280,Chest,114,test/C280/Low_Dose/00000073.dcm,130.0,262144,0.0073731099255383015,1,0.0037841796875,100.0,100.0,100.0,100.0,100.0,0,,,,,,,1,0.0037841796875,100.0,100.0,100.0,100.0,100.0,0,,,,,,
C280,Chest,115,test/C280/Low_Dose/00000279.dcm,130.0,262144,0.007399522699415684,0,,,,,,,0,,,,,,,0,,,,,,,0,,,,,,
C280,Chest,116,test/C280/Low_Dose/00000006.dcm,130.0,262144,0.007646509446203709,0,,,,,,,0,,,,,,,0,,,,,,,0,,,,,,
C280,Chest,117,test/C280/Low_Dose/00000105.dcm,130.0,262144,0.007733508944511414,1,0.000732421875,100.0,100.0,100.0,100.0,100.0,0,,,,,,,0,,,,,,,1,0.000732421875,100.0,100.0,100.0,100.0,100.0
C280,Chest,118,test/C280/Low_Dose/00000123.dcm,130.0,262144,0.007735150400549173,0,,,,,,,0,,,,,,,0,,,,,,,0,,,,,,
C280,Chest,119,test/C280/Low_Dose/00000199.dcm,130.0,262144,0.007898646406829357,0,,,,,,,0,,,,,,,0,,,,,,,0,,,,,,
C280,Chest,120,test/C280/Low_Dose/00000211.dcm,130.0,262144,0.00791213195770979,0,,,,,,,0,,,,,,,0,,,,,,,0,,,,,,
C280,Chest,121,test/C280/Low_Dose/00000210.dcm,130.0,262144,0.007876299321651459,0,,,,,,,0,,,,,,,0,,,,,,,0,,,,,,
C280,Chest,122,test/C280/Low_Dose/00000141.dcm,130.0,262144,0.007978569716215134,1,0.0064697265625,100.0,100.0,100.0,100.0,100.0,0,,,,,,,0,,,,,,,1,0.0064697265625,100.0,100.0,100.0,100.0,100.0
C280,Chest,123,test/C280/Low_Dose/00000164.dcm,130.0,262144,0.007935711182653904,1,0.0,100.0,100.0,100.0,100.0,100.0,0,,,,,,,0,,,,,,,1,0.0,100.0,100.0,100.0,100.0,100.0
C280,Chest,124,test/C280/Low_Dose/00000247.dcm,130.0,262144,0.0077813719399273396,0,,,,,,,0,,,,,,,0,,,,,,,0,,,,,,
C280,Chest,125,test/C280/Low_Dose/00000096.dcm,130.0,262144,0.007671167142689228,1,0.0045166015625,100.0,100.0,100.0,100.0,100.0,0,,,,,,,1,0.0045166015625,100.0,100.0,100.0,100.0,100.0,0,,,,,,
C280,Chest,126,test/C280/Low_Dose/00000051.dcm,130.0,262144,0.007489919662475586,0,,,,,,,0,,,,,,,0,,,,,,,0,,,,,,
C280,Chest,127,test/C280/Low_Dose/00000320.dcm,130.0,262144,0.007248686160892248,0,,,,,,,0,,,,,,,0,,,,,,,0,,,,,,
C280,Chest,128,test/C280/Low_Dose/00000212.dcm,130.0,262144,0.0071348268538713455,0,,,,,,,0,,,,,,,0,,,,,,,0,,,,,,
C280,Chest,129,test/C280/Low_Dose/00000325.dcm,130.0,262144,0.007030929438769817,0,,,,,,,0,,,,,,,0,,,,,,,0,,,,,,
C280,Chest,130,test/C280/Low_Dose/00000110.dcm,130.0,262144,0.006851553451269865,1,0.0054931640625,100.0,100.0,100.0,100.0,100.0,0,,,,,,,1,0.0054931640625,100.0,100.0,100.0,100.0,100.0,0,,,,,,
C280,Chest,131,test/C280/Low_Dose/00000002.dcm,130.0,262144,0.006962194573134184,0,,,,,,,0,,,,,,,0,,,,,,,0,,,,,,
C280,Chest,132,test/C280/Low_Dose/00000049.dcm,130.0,262144,0.006925797089934349,1,0.006103515625,100.0,100.0,100.0,100.0,100.0,0,,,,,,,0,,,,,,,1,0.006103515625,100.0,100.0,100.0,100.0,100.0
C280,Chest,133,test/C280/Low_Dose/00000031.dcm,130.0,262144,0.006879505235701799,1,0.002685546875,100.0,100.0,100.0,100.0,100.0,0,,,,,,,0,,,,,,,1,0.002685546875,100.0,100.0,100.0,100.0,100.0
C280,Chest,134,test/C280/Low_Dose/00000250.dcm,130.0,262144,0.007055114954710007,0,,,,,,,0,,,,,,,0,,,,,,,0,,,,,,
C280,Chest,135,test/C280/Low_Dose/00000264.dcm,130.0,262144,0.007095410954207182,0,,,,,,,0,,,,,,,0,,,,,,,0,,,,,,
C280,Chest,136,test/C280/Low_Dose/00000135.dcm,130.0,262144,0.007107671815901995,0,,,,,,,0,,,,,,,0,,,,,,,0,,,,,,
C280,Chest,137,test/C280/Low_Dose/00000075.dcm,130.0,262144,0.007278410252183676,1,0.0057373046875,100.0,100.0,100.0,100.0,100.0,0,,,,,,,0,,,,,,,1,0.0057373046875,100.0,100.0,100.0,100.0,100.0
C280,Chest,138,test/C280/Low_Dose/00000093.dcm,130.0,262144,0.0073400563560426235,0,,,,,,,0,,,,,,,0,,,,,,,0,,,,,,
C280,Chest,139,test/C280/Low_Dose/00000240.dcm,130.0,262144,0.007251248229295015,0,,,,,,,0,,,,,,,0,,,,,,,0,,,,,,
C280,Chest,140,test/C280/Low_Dose/00000363.dcm,130.0,262144,0.007348348386585712,0,,,,,,,0,,,,,,,0,,,,,,,0,,,,,,
C280,Chest,141,test/C280/Low_Dose/00000277.dcm,130.0,262144,0.007282018195837736,0,,,,,,,0,,,,,,,0,,,,,,,0,,,,,,
C280,Chest,142,test/C280/Low_Dose/00000095.dcm,130.0,262144,0.007203459274023771,0,,,,,,,0,,,,,,,0,,,,,,,0,,,,,,
C280,Chest,143,test/C280/Low_Dose/00000082.dcm,130.0,262144,0.007260744925588369,0,,,,,,,0,,,,,,,0,,,,,,,0,,,,,,
C280,Chest,144,test/C280/Low_Dose/00000048.dcm,130.0,262144,0.007073466666042805,0,,,,,,,0,,,,,,,0,,,,,,,0,,,,,,
C280,Chest,145,test/C280/Low_Dose/00000256.dcm,130.0,262144,0.0069238729774951935,0,,,,,,,0,,,,,,,0,,,,,,,0,,,,,,
C280,Chest,146,test/C280/Low_Dose/00000134.dcm,130.0,262144,0.00696820393204689,1,0.0035400390625,100.0,100.0,100.0,100.0,100.0,0,,,,,,,0,,,,,,,1,0.0035400390625,100.0,100.0,100.0,100.0,100.0
C280,Chest,147,test/C280/Low_Dose/00000027.dcm,130.0,262144,0.0069527956657111645,0,,,,,,,0,,,,,,,0,,,,,,,0,,,,,,
C280,Chest,148,test/C280/Low_Dose/00000303.dcm,130.0,262144,0.006875390652567148,0,,,,,,,0,,,,,,,0,,,,,,,0,,,,,,
C280,Chest,149,test/C280/Low_Dose/00000084.dcm,130.0,262144,0.007013607304543257,0,,,,,,,0,,,,,,,0,,,,,,,0,,,,,,
C280,Chest,150,test/C280/Low_Dose/00000321.dcm,130.0,262144,0.007037827745079994,0,,,,,,,0,,,,,,,0,,,,,,,0,,,,,,
C280,Chest,151,test/C280/Low_Dose/00000133.dcm,130.0,262144,0.006932356394827366,0,,,,,,,0,,,,,,,0,,,,,,,0,,,,,,
C280,Chest,152,test/C280/Low_Dose/00000081.dcm,130.0,262144,0.007000900339335203,0,,,,,,,0,,,,,,,0,,,,,,,0,,,,,,
C280,Chest,153,test/C280/Low_Dose/00000089.dcm,130.0,262144,0.007039668504148722,1,0.0064697265625,100.0,100.0,100.0,100.0,100.0,0,,,,,,,1,0.0064697265625,100.0,100.0,100.0,100.0,100.0,0,,,,,,
C280,Chest,154,test/C280/Low_Dose/00000054.dcm,130.0,262144,0.006936752703040838,0,,,,,,,0,,,,,,,0,,,,,,,0,,,,,,
C280,Chest,155,test/C280/Low_Dose/00000266.dcm,130.0,262144,0.007107740733772516,1,0.0008544921875,100.0,100.0,100.0,100.0,100.0,0,,,,,,,0,,,,,,,1,0.0008544921875,100.0,100.0,100.0,100.0,100.0
C280,Chest,156,test/C280/Low_Dose/00000097.dcm,130.0,262144,0.007127492688596249,0,,,,,,,0,,,,,,,0,,,,,,,0,,,,,,
C280,Chest,157,test/C280/Low_Dose/00000290.dcm,130.0,262144,0.007092338055372238,0,,,,,,,0,,,,,,,0,,,,,,,0,,,,,,
C280,Chest,158,test/C280/Low_Dose/00000331.dcm,130.0,262144,0.007237244863063097,0,,,,,,,0,,,,,,,0,,,,,,,0,,,,,,
C280,Chest,159,test/C280/Low_Dose/00000060.dcm,130.0,262144,0.007205302361398935,0,,,,,,,0,,,,,,,0,,,,,,,0,,,,,,
C280,Chest,160,test/C280/Low_Dose/00000101.dcm,130.0,262144,0.007129774894565344,1,0.002685546875,100.0,100.0,100.0,100.0,100.0,0,,,,,,,0,,,,,,,1,0.002685546875,100.0,100.0,100.0,100.0,100.0
C280,Chest,161,test/C280/Low_Dose/00000137.dcm,130.0,262144,0.007207782473415136,0,,,,,,,0,,,,,,,0,,,,,,,0,,,,,,
C280,Chest,162,test/C280/Low_Dose/00000340.dcm,130.0,262144,0.007260364480316639,0,,,,,,,0,,,,,,,0,,,,,,,0,,,,,,
C280,Chest,163,test/C280/Low_Dose/00000362.dcm,130.0,262144,0.00709004420787096,0,,,,,,,0,,,,,,,0,,,,,,,0,,,,,,
C280,Chest,164,test/C280/Low_Dose/00000352.dcm,130.0,262144,0.007210903335362673,0,,,,,,,0,,,,,,,0,,,,,,,0,,,,,,
C280,Chest,165,test/C280/Low_Dose/00000332.dcm,130.0,262144,0.007284750696271658,0,,,,,,,0,,,,,,,0,,,,,,,0,,,,,,
C280,Chest,166,test/C280/Low_Dose/00000008.dcm,130.0,262144,0.007245074491947889,0,,,,,,,0,,,,,,,0,,,,,,,0,,,,,,
C280,Chest,167,test/C280/Low_Dose/00000184.dcm,130.0,262144,0.007415977772325277,1,0.006591796875,100.0,100.0,100.0,100.0,100.0,0,,,,,,,0,,,,,,,1,0.006591796875,100.0,100.0,100.0,100.0,100.0
C280,Chest,168,test/C280/Low_Dose/00000295.dcm,130.0,262144,0.007474361918866634,1,0.0064697265625,100.0,100.0,100.0,100.0,100.0,0,,,,,,,1,0.0064697265625,100.0,100.0,100.0,100.0,100.0,0,,,,,,
C280,Chest,169,test/C280/Low_Dose/00000330.dcm,130.0,262144,0.007437466643750668,0,,,,,,,0,,,,,,,0,,,,,,,0,,,,,,
C280,Chest,170,test/C280/Low_Dose/00000158.dcm,130.0,262144,0.007545031141489744,1,0.0001220703125,100.0,100.0,100.0,100.0,100.0,0,,,,,,,1,0.0001220703125,100.0,100.0,100.0,100.0,100.0,0,,,,,,
C280,Chest,171,test/C280/Low_Dose/00000248.dcm,130.0,262144,0.007582144346088171,0,,,,,,,0,,,,,,,0,,,,,,,0,,,,,,
C280,Chest,172,test/C280/Low_Dose/00000232.dcm,130.0,262144,0.007487120572477579,0,,,,,,,0,,,,,,,0,,,,,,,0,,,,,,
C280,Chest,173,test/C280/Low_Dose/00000154.dcm,130.0,262144,0.007604825310409069,1,0.000244140625,100.0,100.0,100.0,100.0,100.0,0,,,,,,,1,0.000244140625,100.0,100.0,100.0,100.0,100.0,0,,,,,,
C280,Chest,174,test/C280/Low_Dose/00000069.dcm,130.0,262144,0.007622991688549519,2,0.00653076171875,100.0,100.0,100.0,100.0,100.0,0,,,,,,,1,0.0068359375,100.0,100.0,100.0,100.0,100.0,1,0.0062255859375,100.0,100.0,100.0,100.0,100.0
C280,Chest,175,test/C280/Low_Dose/00000040.dcm,130.0,262144,0.007497844751924276,0,,,,,,,0,,,,,,,0,,,,,,,0,,,,,,
C280,Chest,176,test/C280/Low_Dose/00000192.dcm,130.0,262144,0.007588190026581287,0,,,,,,,0,,,,,,,0,,,,,,,0,,,,,,
C280,Chest,177,test/C280/Low_Dose/00000010.dcm,130.0,262144,0.007555938325822353,0,,,,,,,0,,,,,,,0,,,,,,,0,,,,,,
C280,Chest,178,test/C280/Low_Dose/00000067.dcm,130.0,262144,0.007553936447948217,0,,,,,,,0,,,,,,,0,,,,,,,0,,,,,,
C280,Chest,179,test/C280/Low_Dose/00000053.dcm,130.0,262144,0.0076039619743824005,0,,,,,,,0,,,,,,,0,,,,,,,0,,,,,,
C280,Chest,180,test/C280/Low_Dose/00000251.dcm,130.0,262144,0.007605375722050667,0,,,,,,,0,,,,,,,0,,,,,,,0,,,,,,
C280,Chest,181,test/C280/Low_Dose/00000342.dcm,130.0,262144,0.007601954508572817,1,0.005126953125,100.0,100.0,100.0,100.0,100.0,0,,,,,,,1,0.005126953125,100.0,100.0,100.0,100.0,100.0,0,,,,,,
C280,Chest,182,test/C280/Low_Dose/00000226.dcm,130.0,262144,0.007816821336746216,0,,,,,,,0,,,,,,,0,,,,,,,0,,,,,,
C280,Chest,183,test/C280/Low_Dose/00000227.dcm,130.0,262144,0.007945415563881397,0,,,,,,,0,,,,,,,0,,,,,,,0,,,,,,
C280,Chest,184,test/C280/Low_Dose/00000155.dcm,130.0,262144,0.008010596968233585,0,,,,,,,0,,,,,,,0,,,,,,,0,,,,,,
C280,Chest,185,test/C280/Low_Dose/00000112.dcm,130.0,262144,0.008229430764913559,1,0.002197265625,100.0,100.0,100.0,100.0,100.0,0,,,,,,,1,0.002197265625,100.0,100.0,100.0,100.0,100.0,0,,,,,,
C280,Chest,186,test/C280/Low_Dose/00000072.dcm,130.0,262144,0.008362160064280033,0,,,,,,,0,,,,,,,0,,,,,,,0,,,,,,
C280,Chest,187,test/C280/Low_Dose/00000138.dcm,130.0,262144,0.008400281891226768,1,0.000244140625,100.0,100.0,100.0,100.0,100.0,0,,,,,,,1,0.000244140625,100.0,100.0,100.0,100.0,100.0,0,,,,,,
C280,Chest,188,test/C280/Low_Dose/00000336.dcm,130.0,262144,0.008557045832276344,0,,,,,,,0,,,,,,,0,,,,,,,0,,,,,,
C280,Chest,189,test/C280/Low_Dose/00000056.dcm,130.0,262144,0.008662695996463299,0,,,,,,,0,,,,,,,0,,,,,,,0,,,,,,
C280,Chest,190,test/C280/Low_Dose/00000234.dcm,130.0,262144,0.008614874444901943,0,,,,,,,0,,,,,,,0,,,,,,,0,,,,,,
C280,Chest,191,test/C280/Low_Dose/00000254.dcm,130.0,262144,0.008766074664890766,0,,,,,,,0,,,,,,,0,,,,,,,0,,,,,,
C280,Chest,192,test/C280/Low_Dose/00000177.dcm,130.0,262144,0.008850371465086937,1,0.00732421875,100.0,100.0,100.0,100.0,100.0,0,,,,,,,0,,,,,,,1,0.00732421875,100.0,100.0,100.0,100.0,100.0
C280,Chest,193,test/C280/Low_Dose/00000172.dcm,130.0,262144,0.008820350281894207,0,,,,,,,0,,,,,,,0,,,,,,,0,,,,,,
C280,Chest,194,test/C280/Low_Dose/00000337.dcm,130.0,262144,0.008946464397013187,0,,,,,,,0,,,,,,,0,,,,,,,0,,,,,,
C280,Chest,195,test/C280/Low_Dose/00000317.dcm,130.0,262144,0.008927514776587486,1,0.0003662109375,100.0,100.0,100.0,100.0,100.0,0,,,,,,,0,,,,,,,1,0.0003662109375,100.0,100.0,100.0,100.0,100.0
C280,Chest,196,test/C280/Low_Dose/00000348.dcm,130.0,262144,0.008843707852065563,1,0.00341796875,100.0,100.0,100.0,100.0,100.0,0,,,,,,,1,0.00341796875,100.0,100.0,100.0,100.0,100.0,0,,,,,,
C280,Chest,197,test/C280/Low_Dose/00000160.dcm,130.0,262144,0.008871185593307018,1,0.0029296875,100.0,100.0,100.0,100.0,100.0,0,,,,,,,0,,,,,,,1,0.0029296875,100.0,100.0,100.0,100.0,100.0
C280,Chest,198,test/C280/Low_Dose/00000345.dcm,130.0,262144,0.00885204691439867,1,0.001220703125,100.0,100.0,100.0,100.0,100.0,0,,,,,,,1,0.001220703125,100.0,100.0,100.0,100.0,100.0,0,,,,,,
C280,Chest,199,test/C280/Low_Dose/00000028.dcm,130.0,262144,0.008779920637607574,0,,,,,,,0,,,,,,,0,,,,,,,0,,,,,,
C280,Chest,200,test/C280/Low_Dose/00000238.dcm,130.0,262144,0.008897408843040466,0,,,,,,,0,,,,,,,0,,,,,,,0,,,,,,
C280,Chest,201,test/C280/Low_Dose/00000228.dcm,130.0,262144,0.008990949019789696,0,,,,,,,0,,,,,,,0,,,,,,,0,,,,,,
C280,Chest,202,test/C280/Low_Dose/00000156.dcm,130.0,262144,0.009040553122758865,2,0.00555419921875,100.0,100.0,100.0,100.0,100.0,0,,,,,,,0,,,,,,,2,0.00555419921875,100.0,100.0,100.0,100.0,100.0
C280,Chest,203,test/C280/Low_Dose/00000014.dcm,130.0,262144,0.009180635213851929,0,,,,,,,0,,,,,,,0,,,,,,,0,,,,,,
C280,Chest,204,test/C280/Low_Dose/00000066.dcm,130.0,262144,0.009143555536866188,0,,,,,,,0,,,,,,,0,,,,,,,0,,,,,,
C280,Chest,205,test/C280/Low_Dose/00000291.dcm,130.0,262144,0.009115241467952728,0,,,,,,,0,,,,,,,0,,,,,,,0,,,,,,
C280,Chest,206,test/C280/Low_Dose/00000200.dcm,130.0,262144,0.009160797111690044,1,0.00439453125,100.0,100.0,100.0,100.0,100.0,0,,,,,,,0,,,,,,,1,0.00439453125,100.0,100.0,100.0,100.0,100.0
C280,Chest,207,test/C280/Low_Dose/00000130.dcm,130.0,262144,0.00923060066998005,0,,,,,,,0,,,,,,,0,,,,,,,0,,,,,,
C280,Chest,208,test/C280/Low_Dose/00000036.dcm,130.0,262144,0.009252282790839672,0,,,,,,,0,,,,,,,0,,,,,,,0,,,,,,
C280,Chest,209,test/C280/Low_Dose/00000078.dcm,130.0,262144,0.009401955641806126,0,,,,,,,0,,,,,,,0,,,,,,,0,,,,,,
C280,Chest,210,test/C280/Low_Dose/00000001.dcm,130.0,262144,0.009455974213778973,0,,,,,,,0,,,,,,,0,,,,,,,0,,,,,,
C280,Chest,211,test/C280/Low_Dose/00000311.dcm,130.0,262144,0.009364370256662369,1,0.0028076171875,100.0,100.0,100.0,100.0,100.0,0,,,,,,,0,,,,,,,1,0.0028076171875,100.0,100.0,100.0,100.0,100.0
C280,Chest,212,test/C280/Low_Dose/00000310.dcm,130.0,262144,0.009464390575885773,0,,,,,,,0,,,,,,,0,,,,,,,0,,,,,,
C280,Chest,213,test/C280/Low_Dose/00000188.dcm,130.0,262144,0.009554069489240646,0,,,,,,,0,,,,,,,0,,,,,,,0,,,,,,
C280,Chest,214,test/C280/Low_Dose/00000269.dcm,130.0,262144,0.009541015140712261,0,,,,,,,0,,,,,,,0,,,,,,,0,,,,,,
C280,Chest,215,test/C280/Low_Dose/00000038.dcm,130.0,262144,0.009684913791716099,1,0.008056640625,100.0,100.0,100.0,100.0,100.0,0,,,,,,,1,0.008056640625,100.0,100.0,100.0,100.0,100.0,0,,,,,,
C280,Chest,216,test/C280/Low_Dose/00000278.dcm,130.0,262144,0.0098429499194026,0,,,,,,,0,,,,,,,0,,,,,,,0,,,,,,
C280,Chest,217,test/C280/Low_Dose/00000322.dcm,130.0,262144,0.009813900105655193,0,,,,,,,0,,,,,,,0,,,,,,,0,,,,,,
C280,Chest,218,test/C280/Low_Dose/00000182.dcm,130.0,262144,0.009943160228431225,0,,,,,,,0,,,,,,,0,,,,,,,0,,,,,,
C280,Chest,219,test/C280/Low_Dose/00000338.dcm,130.0,262144,0.01002233475446701,1,0.0093994140625,100.0,100.0,100.0,100.0,100.0,0,,,,,,,1,0.0093994140625,100.0,100.0,100.0,100.0,100.0,0,,,,,,
C280,Chest,220,test/C280/Low_Dose/00000327.dcm,130.0,262144,0.010000074282288551,0,,,,,,,0,,,,,,,0,,,,,,,0,,,,,,
C280,Chest,221,test/C280/Low_Dose/00000239.dcm,130.0,262144,0.010013972409069538,2,0.00823974609375,100.0,100.0,100.0,100.0,100.0,0,,,,,,,1,0.0068359375,100.0,100.0,100.0,100.0,100.0,1,0.0096435546875,100.0,100.0,100.0,100.0,100.0
C280,Chest,222,test/C280/Low_Dose/00000139.dcm,130.0,262144,0.009986425749957561,1,0.0081787109375,100.0,100.0,100.0,100.0,100.0,0,,,,,,,1,0.0081787109375,100.0,100.0,100.0,100.0,100.0,0,,,,,,
C280,Chest,223,test/C280/Low_Dose/00000086.dcm,130.0,262144,0.009768236428499222,0,,,,,,,0,,,,,,,0,,,,,,,0,,,,,,
C280,Chest,224,test/C280/Low_Dose/00000004.dcm,130.0,262144,0.009782716631889343,0,,,,,,,0,,,,,,,0,,,,,,,0,,,,,,
C280,Chest,225,test/C280/Low_Dose/00000217.dcm,130.0,262144,0.009685399010777473,0,,,,,,,0,,,,,,,0,,,,,,,0,,,,,,
C280,Chest,226,test/C280/Low_Dose/00000313.dcm,130.0,262144,0.00958026759326458,2,0.0078125,100.0,100.0,100.0,100.0,100.0,0,,,,,,,1,0.0068359375,100.0,100.0,100.0,100.0,100.0,1,0.0087890625,100.0,100.0,100.0,100.0,100.0
C280,Chest,227,test/C280/Low_Dose/00000265.dcm,130.0,262144,0.009625962004065514,0,,,,,,,0,,,,,,,0,,,,,,,0,,,,,,
C280,Chest,228,test/C280/Low_Dose/00000148.dcm,130.0,262144,0.009540676139295101,0,,,,,,,0,,,,,,,0,,,,,,,0,,,,,,
C280,Chest,229,test/C280/Low_Dose/00000042.dcm,130.0,262144,0.009306694380939007,1,0.0023193359375,100.0,100.0,100.0,100.0,100.0,0,,,,,,,1,0.0023193359375,100.0,100.0,100.0,100.0,100.0,0,,,,,,
C280,Chest,230,test/C280/Low_Dose/00000270.dcm,130.0,262144,0.009261971339583397,0,,,,,,,0,,,,,,,0,,,,,,,0,,,,,,
C280,Chest,231,test/C280/Low_Dose/00000071.dcm,130.0,262144,0.009142383933067322,0,,,,,,,0,,,,,,,0,,,,,,,0,,,,,,
C280,Chest,232,test/C280/Low_Dose/00000065.dcm,130.0,262144,0.008982437662780285,0,,,,,,,0,,,,,,,0,,,,,,,0,,,,,,
C280,Chest,233,test/C280/Low_Dose/00000333.dcm,130.0,262144,0.008979312144219875,1,0.0047607421875,100.0,100.0,100.0,100.0,100.0,0,,,,,,,0,,,,,,,1,0.0047607421875,100.0,100.0,100.0,100.0,100.0
C280,Chest,234,test/C280/Low_Dose/00000175.dcm,130.0,262144,0.008946527726948261,0,,,,,,,0,,,,,,,0,,,,,,,0,,,,,,
C280,Chest,235,test/C280/Low_Dose/00000272.dcm,130.0,262144,0.008833752013742924,0,,,,,,,0,,,,,,,0,,,,,,,0,,,,,,
C280,Chest,236,test/C280/Low_Dose/00000128.dcm,130.0,262144,0.008892149664461613,1,0.0078125,100.0,100.0,100.0,100.0,100.0,0,,,,,,,1,0.0078125,100.0,100.0,100.0,100.0,100.0,0,,,,,,
C280,Chest,237,test/C280/Low_Dose/00000180.dcm,130.0,262144,0.008901011198759079,0,,,,,,,0,,,,,,,0,,,,,,,0,,,,,,
C280,Chest,238,test/C280/Low_Dose/00000023.dcm,130.0,262144,0.0087729562073946,1,0.005615234375,100.0,100.0,100.0,100.0,100.0,0,,,,,,,1,0.005615234375,100.0,100.0,100.0,100.0,100.0,0,,,,,,
C280,Chest,239,test/C280/Low_Dose/00000304.dcm,130.0,262144,0.00888804066926241,1,0.0003662109375,100.0,100.0,100.0,100.0,100.0,0,,,,,,,1,0.0003662109375,100.0,100.0,100.0,100.0,100.0,0,,,,,,
C280,Chest,240,test/C280/Low_Dose/00000047.dcm,130.0,262144,0.00880198273807764,0,,,,,,,0,,,,,,,0,,,,,,,0,,,,,,
C280,Chest,241,test/C280/Low_Dose/00000339.dcm,130.0,262144,0.008733797818422318,0,,,,,,,0,,,,,,,0,,,,,,,0,,,,,,
C280,Chest,242,test/C280/Low_Dose/00000201.dcm,130.0,262144,0.008778066374361515,0,,,,,,,0,,,,,,,0,,,,,,,0,,,,,,
C280,Chest,243,test/C280/Low_Dose/00000241.dcm,130.0,262144,0.008703566156327724,0,,,,,,,0,,,,,,,0,,,,,,,0,,,,,,
C280,Chest,244,test/C280/Low_Dose/00000176.dcm,130.0,262144,0.008535897359251976,0,,,,,,,0,,,,,,,0,,,,,,,0,,,,,,
C280,Chest,245,test/C280/Low_Dose/00000367.dcm,130.0,262144,0.008473980240523815,0,,,,,,,0,,,,,,,0,,,,,,,0,,,,,,
C280,Chest,246,test/C280/Low_Dose/00000316.dcm,130.0,262144,0.00831527914851904,0,,,,,,,0,,,,,,,0,,,,,,,0,,,,,,
C280,Chest,247,test/C280/Low_Dose/00000129.dcm,130.0,262144,0.007990063168108463,0,,,,,,,0,,,,,,,0,,,,,,,0,,,,,,
C280,Chest,248,test/C280/Low_Dose/00000103.dcm,130.0,262144,0.007904929108917713,0,,,,,,,0,,,,,,,0,,,,,,,0,,,,,,
C280,Chest,249,test/C280/Low_Dose/00000209.dcm,130.0,262144,0.007783699315041304,1,0.0040283203125,100.0,100.0,100.0,100.0,100.0,0,,,,,,,1,0.0040283203125,100.0,100.0,100.0,100.0,100.0,0,,,,,,
C280,Chest,250,test/C280/Low_Dose/00000017.dcm,130.0,262144,0.007532217539846897,0,,,,,,,0,,,,,,,0,,,,,,,0,,,,,,
C280,Chest,251,test/C280/Low_Dose/00000312.dcm,130.0,262144,0.007526872679591179,0,,,,,,,0,,,,,,,0,,,,,,,0,,,,,,
C280,Chest,252,test/C280/Low_Dose/00000145.dcm,130.0,262144,0.007449828088283539,0,,,,,,,0,,,,,,,0,,,,,,,0,,,,,,
C280,Chest,253,test/C280/Low_Dose/00000368.dcm,130.0,262144,0.007407897152006626,0,,,,,,,0,,,,,,,0,,,,,,,0,,,,,,
C280,Chest,254,test/C280/Low_Dose/00000068.dcm,130.0,262144,0.00764132896438241,0,,,,,,,0,,,,,,,0,,,,,,,0,,,,,,
C280,Chest,255,test/C280/Low_Dose/00000015.dcm,130.0,262144,0.007584757637232542,0,,,,,,,0,,,,,,,0,,,,,,,0,,,,,,
C280,Chest,256,test/C280/Low_Dose/00000280.dcm,130.0,262144,0.007439520675688982,0,,,,,,,0,,,,,,,0,,,,,,,0,,,,,,
C280,Chest,257,test/C280/Low_Dose/00000261.dcm,130.0,262144,0.007622491102665663,0,,,,,,,0,,,,,,,0,,,,,,,0,,,,,,
C280,Chest,258,test/C280/Low_Dose/00000220.dcm,130.0,262144,0.007654388900846243,1,0.006591796875,100.0,100.0,100.0,100.0,100.0,0,,,,,,,0,,,,,,,1,0.006591796875,100.0,100.0,100.0,100.0,100.0
C280,Chest,259,test/C280/Low_Dose/00000356.dcm,130.0,262144,0.007431146688759327,3,0.0040283203125,100.0,100.0,100.0,100.0,100.0,0,,,,,,,0,,,,,,,3,0.0040283203125,100.0,100.0,100.0,100.0,100.0
C280,Chest,260,test/C280/Low_Dose/00000323.dcm,130.0,262144,0.007537036202847958,0,,,,,,,0,,,,,,,0,,,,,,,0,,,,,,
C280,Chest,261,test/C280/Low_Dose/00000328.dcm,130.0,262144,0.007533451542258263,0,,,,,,,0,,,,,,,0,,,,,,,0,,,,,,
C280,Chest,262,test/C280/Low_Dose/00000281.dcm,130.0,262144,0.007289644796401262,0,,,,,,,0,,,,,,,0,,,,,,,0,,,,,,
C280,Chest,263,test/C280/Low_Dose/00000064.dcm,130.0,262144,0.007449721451848745,1,0.0028076171875,100.0,100.0,100.0,100.0,100.0,0,,,,,,,1,0.0028076171875,100.0,100.0,100.0,100.0,100.0,0,,,,,,
C280,Chest,264,test/C280/Low_Dose/00000214.dcm,130.0,262144,0.007368424907326698,0,,,,,,,0,,,,,,,0,,,,,,,0,,,,,,
C280,Chest,265,test/C280/Low_Dose/00000070.dcm,130.0,262144,0.007218571379780769,1,0.0042724609375,100.0,100.0,100.0,100.0,100.0,0,,,,,,,1,0.0042724609375,100.0,100.0,100.0,100.0,100.0,0,,,,,,
C280,Chest,266,test/C280/Low_Dose/00000204.dcm,130.0,262144,0.007441517431288958,0,,,,,,,0,,,,,,,0,,,,,,,0,,,,,,
C280,Chest,267,test/C280/Low_Dose/00000119.dcm,130.0,262144,0.007562181446701288,0,,,,,,,0,,,,,,,0,,,,,,,0,,,,,,
C280,Chest,268,test/C280/Low_Dose/00000029.dcm,130.0,262144,0.007513066288083792,1,0.0028076171875,100.0,100.0,100.0,100.0,100.0,0,,,,,,,1,0.0028076171875,100.0,100.0,100.0,100.0,100.0,0,,,,,,
C280,Chest,269,test/C280/Low_Dose/00000197.dcm,130.0,262144,0.007798998150974512,0,,,,,,,0,,,,,,,0,,,,,,,0,,,,,,
C280,Chest,270,test/C280/Low_Dose/00000122.dcm,130.0,262144,0.007823050022125244,0,,,,,,,0,,,,,,,0,,,,,,,0,,,,,,
C280,Chest,271,test/C280/Low_Dose/00000050.dcm,130.0,262144,0.007786727510392666,1,0.0067138671875,100.0,100.0,100.0,100.0,100.0,0,,,,,,,0,,,,,,,1,0.0067138671875,100.0,100.0,100.0,100.0,100.0
C280,Chest,272,test/C280/Low_Dose/00000094.dcm,130.0,262144,0.008054872043430805,0,,,,,,,0,,,,,,,0,,,,,,,0,,,,,,
C280,Chest,273,test/C280/Low_Dose/00000034.dcm,130.0,262144,0.008180159144103527,1,0.002197265625,100.0,100.0,100.0,100.0,100.0,0,,,,,,,0,,,,,,,1,0.002197265625,100.0,100.0,100.0,100.0,100.0
C280,Chest,274,test/C280/Low_Dose/00000140.dcm,130.0,262144,0.008174334652721882,2,0.00335693359375,100.0,100.0,100.0,100.0,100.0,0,,,,,,,2,0.00335693359375,100.0,100.0,100.0,100.0,100.0,0,,,,,,
C280,Chest,275,test/C280/Low_Dose/00000213.dcm,130.0,262144,0.008353471755981445,0,,,,,,,0,,,,,,,0,,,,,,,0,,,,,,
C280,Chest,276,test/C280/Low_Dose/00000221.dcm,130.0,262144,0.008404836058616638,0,,,,,,,0,,,,,,,0,,,,,,,0,,,,,,
C280,Chest,277,test/C280/Low_Dose/00000283.dcm,130.0,262144,0.008224519900977612,0,,,,,,,0,,,,,,,0,,,,,,,0,,,,,,
C280,Chest,278,test/C280/Low_Dose/00000237.dcm,130.0,262144,0.008315257728099823,0,,,,,,,0,,,,,,,0,,,,,,,0,,,,,,
C280,Chest,279,test/C280/Low_Dose/00000262.dcm,130.0,262144,0.008338048122823238,0,,,,,,,0,,,,,,,0,,,,,,,0,,,,,,
C280,Chest,280,test/C280/Low_Dose/00000117.dcm,130.0,262144,0.00821998342871666,0,,,,,,,0,,,,,,,0,,,,,,,0,,,,,,
C280,Chest,281,test/C280/Low_Dose/00000359.dcm,130.0,262144,0.008354870602488518,1,0.0079345703125,100.0,100.0,100.0,100.0,100.0,0,,,,,,,1,0.0079345703125,100.0,100.0,100.0,100.0,100.0,0,,,,,,
C280,Chest,282,test/C280/Low_Dose/00000132.dcm,130.0,262144,0.008354715071618557,0,,,,,,,0,,,,,,,0,,,,,,,0,,,,,,
C280,Chest,283,test/C280/Low_Dose/00000218.dcm,130.0,262144,0.008231593295931816,0,,,,,,,0,,,,,,,0,,,,,,,0,,,,,,
C280,Chest,284,test/C280/Low_Dose/00000194.dcm,130.0,262144,0.008345585316419601,0,,,,,,,0,,,,,,,0,,,,,,,0,,,,,,
C280,Chest,285,test/C280/Low_Dose/00000219.dcm,130.0,262144,0.008415192365646362,0,,,,,,,0,,,,,,,0,,,,,,,0,,,,,,
C280,Chest,286,test/C280/Low_Dose/00000098.dcm,130.0,262144,0.008345283567905426,0,,,,,,,0,,,,,,,0,,,,,,,0,,,,,,
C280,Chest,287,test/C280/Low_Dose/00000318.dcm,130.0,262144,0.00856695044785738,0,,,,,,,0,,,,,,,0,,,,,,,0,,,,,,
C280,Chest,288,test/C280/Low_Dose/00000058.dcm,130.0,262144,0.008667279966175556,0,,,,,,,0,,,,,,,0,,,,,,,0,,,,,,
C280,Chest,289,test/C280/Low_Dose/00000233.dcm,130.0,262144,0.008673409931361675,0,,,,,,,0,,,,,,,0,,,,,,,0,,,,,,
C280,Chest,290,test/C280/Low_Dose/00000109.dcm,130.0,262144,0.008863430470228195,1,0.0068359375,100.0,100.0,100.0,100.0,100.0,0,,,,,,,1,0.0068359375,100.0,100.0,100.0,100.0,100.0,0,,,,,,
C280,Chest,291,test/C280/Low_Dose/00000079.dcm,130.0,262144,0.008842521347105503,0,,,,,,,0,,,,,,,0,,,,,,,0,,,,,,
C280,Chest,292,test/C280/Low_Dose/00000165.dcm,130.0,262144,0.00867931917309761,0,,,,,,,0,,,,,,,0,,,,,,,0,,,,,,
C280,Chest,293,test/C280/Low_Dose/00000118.dcm,130.0,262144,0.008787903003394604,0,,,,,,,0,,,,,,,0,,,,,,,0,,,,,,
C280,Chest,294,test/C280/Low_Dose/00000298.dcm,130.0,262144,0.008774681948125362,0,,,,,,,0,,,,,,,0,,,,,,,0,,,,,,
C280,Chest,295,test/C280/Low_Dose/00000187.dcm,130.0,262144,0.008612323552370071,0,,,,,,,0,,,,,,,0,,,,,,,0,,,,,,
C280,Chest,296,test/C280/Low_Dose/00000037.dcm,130.0,262144,0.008782507851719856,0,,,,,,,0,,,,,,,0,,,,,,,0,,,,,,
C280,Chest,297,test/C280/Low_Dose/00000222.dcm,130.0,262144,0.00879544299095869,0,,,,,,,0,,,,,,,0,,,,,,,0,,,,,,
C280,Chest,298,test/C280/Low_Dose/00000153.dcm,130.0,262144,0.008641106076538563,1,0.000244140625,100.0,100.0,100.0,100.0,100.0,0,,,,,,,1,0.000244140625,100.0,100.0,100.0,100.0,100.0,0,,,,,,
C280,Chest,299,test/C280/Low_Dose/00000186.dcm,130.0,262144,0.008799243718385696,0,,,,,,,0,,,,,,,0,,,,,,,0,,,,,,
C280,Chest,300,test/C280/Low_Dose/00000366.dcm,130.0,262144,0.00886392593383789,0,,,,,,,0,,,,,,,0,,,,,,,0,,,,,,
C280,Chest,301,test/C280/Low_Dose/00000249.dcm,130.0,262144,0.008738267235457897,1,0.0086669921875,100.0,100.0,100.0,100.0,100.0,0,,,,,,,1,0.0086669921875,100.0,100.0,100.0,100.0,100.0,0,,,,,,
C280,Chest,302,test/C280/Low_Dose/00000062.dcm,130.0,262144,0.008917991071939468,0,,,,,,,0,,,,,,,0,,,,,,,0,,,,,,
C280,Chest,303,test/C280/Low_Dose/00000142.dcm,130.0,262144,0.008971628732979298,0,,,,,,,0,,,,,,,0,,,,,,,0,,,,,,
C280,Chest,304,test/C280/Low_Dose/00000364.dcm,130.0,262144,0.008917105384171009,1,0.008056640625,100.0,100.0,100.0,100.0,100.0,0,,,,,,,1,0.008056640625,100.0,100.0,100.0,100.0,100.0,0,,,,,,
C280,Chest,305,test/C280/Low_Dose/00000011.dcm,130.0,262144,0.009094114415347576,2,0.00372314453125,100.0,100.0,100.0,100.0,100.0,0,,,,,,,2,0.00372314453125,100.0,100.0,100.0,100.0,100.0,0,,,,,,
C280,Chest,306,test/C280/Low_Dose/00000208.dcm,130.0,262144,0.009105389937758446,0,,,,,,,0,,,,,,,0,,,,,,,0,,,,,,
C280,Chest,307,test/C280/Low_Dose/00000263.dcm,130.0,262144,0.009059621952474117,0,,,,,,,0,,,,,,,0,,,,,,,0,,,,,,
C280,Chest,308,test/C280/Low_Dose/00000169.dcm,130.0,262144,0.009268551133573055,0,,,,,,,0,,,,,,,0,,,,,,,0,,,,,,
C280,Chest,309,test/C280/Low_Dose/00000259.dcm,130.0,262144,0.00929940678179264,0,,,,,,,0,,,,,,,0,,,,,,,0,,,,,,
C280,Chest,310,test/C280/Low_Dose/00000225.dcm,130.0,262144,0.009205935522913933,1,0.009033203125,100.0,100.0,100.0,100.0,100.0,0,,,,,,,0,,,,,,,1,0.009033203125,100.0,100.0,100.0,100.0,100.0
C280,Chest,311,test/C280/Low_Dose/00000063.dcm,130.0,262144,0.009368851780891418,0,,,,,,,0,,,,,,,0,,,,,,,0,,,,,,
C280,Chest,312,test/C280/Low_Dose/00000257.dcm,130.0,262144,0.009371294640004635,1,0.003662109375,100.0,100.0,100.0,100.0,100.0,0,,,,,,,0,,,,,,,1,0.003662109375,100.0,100.0,100.0,100.0,100.0
C280,Chest,313,test/C280/Low_Dose/00000358.dcm,130.0,262144,0.00925086997449398,0,,,,,,,0,,,,,,,0,,,,,,,0,,,,,,
C280,Chest,314,test/C280/Low_Dose/00000108.dcm,130.0,262144,0.0093329893425107,1,0.005859375,100.0,100.0,100.0,100.0,100.0,0,,,,,,,1,0.005859375,100.0,100.0,100.0,100.0,100.0,0,,,,,,
C280,Chest,315,test/C280/Low_Dose/00000144.dcm,130.0,262144,0.009279136545956135,0,,,,,,,0,,,,,,,0,,,,,,,0,,,,,,
C280,Chest,316,test/C280/Low_Dose/00000351.dcm,130.0,262144,0.009156715124845505,0,,,,,,,0,,,,,,,0,,,,,,,0,,,,,,
C280,Chest,317,test/C280/Low_Dose/00000245.dcm,130.0,262144,0.009167173877358437,0,,,,,,,0,,,,,,,0,,,,,,,0,,,,,,
C280,Chest,318,test/C280/Low_Dose/00000080.dcm,130.0,262144,0.009183167479932308,0,,,,,,,0,,,,,,,0,,,,,,,0,,,,,,
C280,Chest,319,test/C280/Low_Dose/00000074.dcm,130.0,262144,0.009034041315317154,0,,,,,,,0,,,,,,,0,,,,,,,0,,,,,,
C280,Chest,320,test/C280/Low_Dose/00000344.dcm,130.0,262144,0.009157166816294193,0,,,,,,,0,,,,,,,0,,,,,,,0,,,,,,
C280,Chest,321,test/C280/Low_Dose/00000243.dcm,130.0,262144,0.009217072278261185,0,,,,,,,0,,,,,,,0,,,,,,,0,,,,,,
C280,Chest,322,test/C280/Low_Dose/00000125.dcm,130.0,262144,0.009096591733396053,0,,,,,,,0,,,,,,,0,,,,,,,0,,,,,,
C280,Chest,323,test/C280/Low_Dose/00000267.dcm,130.0,262144,0.009289970621466637,0,,,,,,,0,,,,,,,0,,,,,,,0,,,,,,
C280,Chest,324,test/C280/Low_Dose/00000236.dcm,130.0,262144,0.009291833266615868,1,0.0069580078125,100.0,100.0,100.0,100.0,100.0,0,,,,,,,0,,,,,,,1,0.0069580078125,100.0,100.0,100.0,100.0,100.0
C280,Chest,325,test/C280/Low_Dose/00000055.dcm,130.0,262144,0.009256976656615734,0,,,,,,,0,,,,,,,0,,,,,,,0,,,,,,
C280,Chest,326,test/C280/Low_Dose/00000116.dcm,130.0,262144,0.009410945698618889,1,0.005615234375,100.0,100.0,100.0,100.0,100.0,0,,,,,,,1,0.005615234375,100.0,100.0,100.0,100.0,100.0,0,,,,,,
C280,Chest,327,test/C280/Low_Dose/00000206.dcm,130.0,262144,0.009419862180948257,2,0.0057373046875,100.0,100.0,100.0,100.0,100.0,0,,,,,,,1,0.0037841796875,100.0,100.0,100.0,100.0,100.0,1,0.0076904296875,100.0,100.0,100.0,100.0,100.0
C280,Chest,328,test/C280/Low_Dose/00000120.dcm,130.0,262144,0.009317482821643353,0,,,,,,,0,,,,,,,0,,,,,,,0,,,,,,
C280,Chest,329,test/C280/Low_Dose/00000284.dcm,130.0,262144,0.009460773319005966,0,,,,,,,0,,,,,,,0,,,,,,,0,,,,,,
C280,Chest,330,test/C280/Low_Dose/00000044.dcm,130.0,262144,0.009382097981870174,0,,,,,,,0,,,,,,,0,,,,,,,0,,,,,,
C280,Chest,331,test/C280/Low_Dose/00000009.dcm,130.0,262144,0.009187120944261551,1,0.005859375,100.0,100.0,100.0,100.0,100.0,0,,,,,,,0,,,,,,,1,0.005859375,100.0,100.0,100.0,100.0,100.0
C280,Chest,332,test/C280/Low_Dose/00000205.dcm,130.0,262144,0.009178649634122849,0,,,,,,,0,,,,,,,0,,,,,,,0,,,,,,
C280,Chest,333,test/C280/Low_Dose/00000091.dcm,130.0,262144,0.009074598550796509,0,,,,,,,0,,,,,,,0,,,,,,,0,,,,,,
C280,Chest,334,test/C280/Low_Dose/00000185.dcm,130.0,262144,0.008848692290484905,1,0.0050048828125,100.0,100.0,100.0,100.0,100.0,0,,,,,,,0,,,,,,,1,0.0050048828125,100.0,100.0,100.0,100.0,100.0
C280,Chest,335,test/C280/Low_Dose/00000215.dcm,130.0,262144,0.008944394066929817,0,,,,,,,0,,,,,,,0,,,,,,,0,,,,,,
C280,Chest,336,test/C280/Low_Dose/00000300.dcm,130.0,262144,0.008933772332966328,0,,,,,,,0,,,,,,,0,,,,,,,0,,,,,,
C280,Chest,337,test/C280/Low_Dose/00000100.dcm,130.0,262144,0.00881060678511858,1,0.0069580078125,100.0,100.0,100.0,100.0,100.0,0,,,,,,,0,,,,,,,1,0.0069580078125,100.0,100.0,100.0,100.0,100.0
C280,Chest,338,test/C280/Low_Dose/00000275.dcm,130.0,262144,0.008974487893283367,0,,,,,,,0,,,,,,,0,,,,,,,0,,,,,,
C280,Chest,339,test/C280/Low_Dose/00000357.dcm,130.0,262144,0.009101198986172676,0,,,,,,,0,,,,,,,0,,,,,,,0,,,,,,
C280,Chest,340,test/C280/Low_Dose/00000179.dcm,130.0,262144,0.009052332490682602,1,0.00048828125,100.0,100.0,100.0,100.0,100.0,0,,,,,,,0,,,,,,,1,0.00048828125,100.0,100.0,100.0,100.0,100.0
C280,Chest,341,test/C280/Low_Dose/00000274.dcm,130.0,262144,0.009256644174456596,0,,,,,,,0,,,,,,,0,,,,,,,0,,,,,,
C280,Chest,342,test/C280/Low_Dose/00000355.dcm,130.0,262144,0.009280852973461151,1,0.00146484375,100.0,100.0,100.0,100.0,100.0,0,,,,,,,0,,,,,,,1,0.00146484375,100.0,100.0,100.0,100.0,100.0
C280,Chest,343,test/C280/Low_Dose/00000178.dcm,130.0,262144,0.009200147353112698,1,0.002685546875,100.0,100.0,100.0,100.0,100.0,0,,,,,,,0,,,,,,,1,0.002685546875,100.0,100.0,100.0,100.0,100.0
C280,Chest,344,test/C280/Low_Dose/00000035.dcm,130.0,262144,0.00930184219032526,1,0.0042724609375,100.0,100.0,100.0,100.0,100.0,0,,,,,,,1,0.0042724609375,100.0,100.0,100.0,100.0,100.0,0,,,,,,
C280,Chest,345,test/C280/Low_Dose/00000301.dcm,130.0,262144,0.009223300032317638,1,0.004150390625,100.0,100.0,100.0,100.0,100.0,0,,,,,,,1,0.004150390625,100.0,100.0,100.0,100.0,100.0,0,,,,,,
C280,Chest,346,test/C280/Low_Dose/00000102.dcm,130.0,262144,0.009007909335196018,0,,,,,,,0,,,,,,,0,,,,,,,0,,,,,,
C280,Chest,347,test/C280/Low_Dose/00000061.dcm,130.0,262144,0.009052608162164688,0,,,,,,,0,,,,,,,0,,,,,,,0,,,,,,
C280,Chest,348,test/C280/Low_Dose/00000230.dcm,130.0,262144,0.008939960040152073,0,,,,,,,0,,,,,,,0,,,,,,,0,,,,,,
C280,Chest,349,test/C280/Low_Dose/00000003.dcm,130.0,262144,0.008668862283229828,0,,,,,,,0,,,,,,,0,,,,,,,0,,,,,,
C280,Chest,350,test/C280/Low_Dose/00000090.dcm,130.0,262144,0.008672026917338371,0,,,,,,,0,,,,,,,0,,,,,,,0,,,,,,
C280,Chest,351,test/C280/Low_Dose/00000146.dcm,130.0,262144,0.008574200794100761,0,,,,,,,0,,,,,,,0,,,,,,,0,,,,,,
C280,Chest,352,test/C280/Low_Dose/00000016.dcm,130.0,262144,0.008259943686425686,1,0.0072021484375,100.0,100.0,100.0,100.0,100.0,0,,,,,,,0,,,,,,,1,0.0072021484375,100.0,100.0,100.0,100.0,100.0
C280,Chest,353,test/C280/Low_Dose/00000032.dcm,130.0,262144,0.008405166678130627,0,,,,,,,0,,,,,,,0,,,,,,,0,,,,,,
C280,Chest,354,test/C280/Low_Dose/00000193.dcm,130.0,262144,0.008382066152989864,0,,,,,,,0,,,,,,,0,,,,,,,0,,,,,,
C280,Chest,355,test/C280/Low_Dose/00000253.dcm,130.0,262144,0.008270671591162682,0,,,,,,,0,,,,,,,0,,,,,,,0,,,,,,
C280,Chest,356,test/C280/Low_Dose/00000360.dcm,130.0,262144,0.008476604707539082,0,,,,,,,0,,,,,,,0,,,,,,,0,,,,,,
C280,Chest,357,test/C280/Low_Dose/00000039.dcm,130.0,262144,0.008588732220232487,0,,,,,,,0,,,,,,,0,,,,,,,0,,,,,,
C280,Chest,358,test/C280/Low_Dose/00000136.dcm,130.0,262144,0.008473323658108711,0,,,,,,,0,,,,,,,0,,,,,,,0,,,,,,
C280,Chest,359,test/C280/Low_Dose/00000252.dcm,130.0,262144,0.008670253679156303,0,,,,,,,0,,,,,,,0,,,,,,,0,,,,,,
C280,Chest,360,test/C280/Low_Dose/00000152.dcm,130.0,262144,0.008617375046014786,0,,,,,,,0,,,,,,,0,,,,,,,0,,,,,,
C280,Chest,361,test/C280/Low_Dose/00000287.dcm,130.0,262144,0.008514863438904285,0,,,,,,,0,,,,,,,0,,,,,,,0,,,,,,
C280,Chest,362,test/C280/Low_Dose/00000057.dcm,130.0,262144,0.008594552986323833,1,0.00634765625,100.0,100.0,100.0,100.0,100.0,0,,,,,,,1,0.00634765625,100.0,100.0,100.0,100.0,100.0,0,,,,,,
C280,Chest,363,test/C280/Low_Dose/00000235.dcm,130.0,262144,0.00845709815621376,0,,,,,,,0,,,,,,,0,,,,,,,0,,,,,,
C280,Chest,364,test/C280/Low_Dose/00000024.dcm,130.0,262144,0.008204879239201546,0,,,,,,,0,,,,,,,0,,,,,,,0,,,,,,
C280,Chest,365,test/C280/Low_Dose/00000307.dcm,130.0,262144,0.008181952871382236,0,,,,,,,0,,,,,,,0,,,,,,,0,,,,,,
C280,Chest,366,test/C280/Low_Dose/00000166.dcm,130.0,262144,0.00794534757733345,0,,,,,,,0,,,,,,,0,,,,,,,0,,,,,,
C280,Chest,367,test/C280/Low_Dose/00000297.dcm,130.0,262144,0.00751197524368763,0,,,,,,,0,,,,,,,0,,,,,,,0,,,,,,
C280,Chest,368,test/C280/Low_Dose/00000289.dcm,130.0,262144,0.007328443694859743,1,0.001220703125,100.0,100.0,100.0,100.0,100.0,0,,,,,,,1,0.001220703125,100.0,100.0,100.0,100.0,100.0,0,,,,,,
L006,Abdomen,0,test/L006/Low_Dose/00000213.dcm,130.0,262144,0.0029986402951180935,0,,,,,,,0,,,,,,,0,,,,,,,0,,,,,,
L006,Abdomen,1,test/L006/Low_Dose/00000207.dcm,130.0,262144,0.003020012518391013,0,,,,,,,0,,,,,,,0,,,,,,,0,,,,,,
L006,Abdomen,2,test/L006/Low_Dose/00000036.dcm,130.0,262144,0.003187049413099885,0,,,,,,,0,,,,,,,0,,,,,,,0,,,,,,
L006,Abdomen,3,test/L006/Low_Dose/00000111.dcm,130.0,262144,0.003288653679192066,0,,,,,,,0,,,,,,,0,,,,,,,0,,,,,,
L006,Abdomen,4,test/L006/Low_Dose/00000138.dcm,130.0,262144,0.0032824347727000713,0,,,,,,,0,,,,,,,0,,,,,,,0,,,,,,
L006,Abdomen,5,test/L006/Low_Dose/00000023.dcm,130.0,262144,0.0032743550837039948,0,,,,,,,0,,,,,,,0,,,,,,,0,,,,,,
L006,Abdomen,6,test/L006/Low_Dose/00000182.dcm,130.0,262144,0.003148720134049654,0,,,,,,,0,,,,,,,0,,,,,,,0,,,,,,
L006,Abdomen,7,test/L006/Low_Dose/00000170.dcm,130.0,262144,0.0030540821608155966,0,,,,,,,0,,,,,,,0,,,,,,,0,,,,,,
L006,Abdomen,8,test/L006/Low_Dose/00000167.dcm,130.0,262144,0.0029750114772468805,0,,,,,,,0,,,,,,,0,,,,,,,0,,,,,,
L006,Abdomen,9,test/L006/Low_Dose/00000136.dcm,130.0,262144,0.002942129271104932,0,,,,,,,0,,,,,,,0,,,,,,,0,,,,,,
L006,Abdomen,10,test/L006/Low_Dose/00000165.dcm,130.0,262144,0.0028689661994576454,0,,,,,,,0,,,,,,,0,,,,,,,0,,,,,,
L006,Abdomen,11,test/L006/Low_Dose/00000050.dcm,130.0,262144,0.002874232828617096,0,,,,,,,0,,,,,,,0,,,,,,,0,,,,,,
L006,Abdomen,12,test/L006/Low_Dose/00000059.dcm,130.0,262144,0.002937579993158579,0,,,,,,,0,,,,,,,0,,,,,,,0,,,,,,
L006,Abdomen,13,test/L006/Low_Dose/00000124.dcm,130.0,262144,0.0030552649404853582,0,,,,,,,0,,,,,,,0,,,,,,,0,,,,,,
L006,Abdomen,14,test/L006/Low_Dose/00000188.dcm,130.0,262144,0.003162982175126672,0,,,,,,,0,,,,,,,0,,,,,,,0,,,,,,
L006,Abdomen,15,test/L006/Low_Dose/00000162.dcm,130.0,262144,0.0033456559758633375,0,,,,,,,0,,,,,,,0,,,,,,,0,,,,,,
L006,Abdomen,16,test/L006/Low_Dose/00000022.dcm,130.0,262144,0.0034595865290611982,0,,,,,,,0,,,,,,,0,,,,,,,0,,,,,,
L006,Abdomen,17,test/L006/Low_Dose/00000106.dcm,130.0,262144,0.003535092808306217,0,,,,,,,0,,,,,,,0,,,,,,,0,,,,,,
L006,Abdomen,18,test/L006/Low_Dose/00000105.dcm,130.0,262144,0.00354908243753016,0,,,,,,,0,,,,,,,0,,,,,,,0,,,,,,
L006,Abdomen,19,test/L006/Low_Dose/00000005.dcm,130.0,262144,0.003652524435892701,0,,,,,,,0,,,,,,,0,,,,,,,0,,,,,,
L006,Abdomen,20,test/L006/Low_Dose/00000127.dcm,130.0,262144,0.0037681811954826117,0,,,,,,,0,,,,,,,0,,,,,,,0,,,,,,
L006,Abdomen,21,test/L006/Low_Dose/00000130.dcm,130.0,262144,0.003931515384465456,0,,,,,,,0,,,,,,,0,,,,,,,0,,,,,,
L006,Abdomen,22,test/L006/Low_Dose/00000143.dcm,130.0,262144,0.004110482521355152,1,0.0003662109375,100.0,100.0,100.0,100.0,100.0,0,,,,,,,0,,,,,,,1,0.0003662109375,100.0,100.0,100.0,100.0,100.0
L006,Abdomen,23,test/L006/Low_Dose/00000126.dcm,130.0,262144,0.0043368409387767315,1,0.0028076171875,100.0,100.0,100.0,100.0,100.0,0,,,,,,,0,,,,,,,1,0.0028076171875,100.0,100.0,100.0,100.0,100.0
L006,Abdomen,24,test/L006/Low_Dose/00000087.dcm,130.0,262144,0.004408840090036392,0,,,,,,,0,,,,,,,0,,,,,,,0,,,,,,
L006,Abdomen,25,test/L006/Low_Dose/00000093.dcm,130.0,262144,0.004370116163045168,0,,,,,,,0,,,,,,,0,,,,,,,0,,,,,,
L006,Abdomen,26,test/L006/Low_Dose/00000133.dcm,130.0,262144,0.0043594613671302795,0,,,,,,,0,,,,,,,0,,,,,,,0,,,,,,
L006,Abdomen,27,test/L006/Low_Dose/00000002.dcm,130.0,262144,0.004369983449578285,1,0.001953125,100.0,100.0,100.0,100.0,100.0,0,,,,,,,1,0.001953125,100.0,100.0,100.0,100.0,100.0,0,,,,,,
L006,Abdomen,28,test/L006/Low_Dose/00000010.dcm,130.0,262144,0.0044518425129354,0,,,,,,,0,,,,,,,0,,,,,,,0,,,,,,
L006,Abdomen,29,test/L006/Low_Dose/00000153.dcm,130.0,262144,0.004537499044090509,0,,,,,,,0,,,,,,,0,,,,,,,0,,,,,,
L006,Abdomen,30,test/L006/Low_Dose/00000201.dcm,130.0,262144,0.004584627225995064,0,,,,,,,0,,,,,,,0,,,,,,,0,,,,,,
L006,Abdomen,31,test/L006/Low_Dose/00000114.dcm,130.0,262144,0.004685103427618742,0,,,,,,,0,,,,,,,0,,,,,,,0,,,,,,
L006,Abdomen,32,test/L006/Low_Dose/00000040.dcm,130.0,262144,0.0045260218903422356,0,,,,,,,0,,,,,,,0,,,,,,,0,,,,,,
L006,Abdomen,33,test/L006/Low_Dose/00000096.dcm,130.0,262144,0.004426031373441219,0,,,,,,,0,,,,,,,0,,,,,,,0,,,,,,
L006,Abdomen,34,test/L006/Low_Dose/00000108.dcm,130.0,262144,0.004443009849637747,0,,,,,,,0,,,,,,,0,,,,,,,0,,,,,,
L006,Abdomen,35,test/L006/Low_Dose/00000149.dcm,130.0,262144,0.004470392130315304,0,,,,,,,0,,,,,,,0,,,,,,,0,,,,,,
L006,Abdomen,36,test/L006/Low_Dose/00000082.dcm,130.0,262144,0.004517844878137112,0,,,,,,,0,,,,,,,0,,,,,,,0,,,,,,
L006,Abdomen,37,test/L006/Low_Dose/00000179.dcm,130.0,262144,0.004685843829065561,0,,,,,,,0,,,,,,,0,,,,,,,0,,,,,,
L006,Abdomen,38,test/L006/Low_Dose/00000068.dcm,130.0,262144,0.004787032958120108,0,,,,,,,0,,,,,,,0,,,,,,,0,,,,,,
L006,Abdomen,39,test/L006/Low_Dose/00000053.dcm,130.0,262144,0.004823041148483753,2,0.00177001953125,100.0,100.0,100.0,100.0,100.0,0,,,,,,,1,0.0023193359375,100.0,100.0,100.0,100.0,100.0,1,0.001220703125,100.0,100.0,100.0,100.0,100.0
L006,Abdomen,40,test/L006/Low_Dose/00000115.dcm,130.0,262144,0.004649565555155277,1,0.003662109375,100.0,100.0,100.0,100.0,100.0,0,,,,,,,1,0.003662109375,100.0,100.0,100.0,100.0,100.0,0,,,,,,
L006,Abdomen,41,test/L006/Low_Dose/00000134.dcm,130.0,262144,0.004549390636384487,0,,,,,,,0,,,,,,,0,,,,,,,0,,,,,,
L006,Abdomen,42,test/L006/Low_Dose/00000035.dcm,130.0,262144,0.0045889695174992085,0,,,,,,,0,,,,,,,0,,,,,,,0,,,,,,
L006,Abdomen,43,test/L006/Low_Dose/00000052.dcm,130.0,262144,0.0046396199613809586,0,,,,,,,0,,,,,,,0,,,,,,,0,,,,,,
L006,Abdomen,44,test/L006/Low_Dose/00000060.dcm,130.0,262144,0.004754099063575268,1,0.0010986328125,100.0,100.0,100.0,100.0,100.0,0,,,,,,,0,,,,,,,1,0.0010986328125,100.0,100.0,100.0,100.0,100.0
L006,Abdomen,45,test/L006/Low_Dose/00000139.dcm,130.0,262144,0.004858041647821665,0,,,,,,,0,,,,,,,0,,,,,,,0,,,,,,
L006,Abdomen,46,test/L006/Low_Dose/00000018.dcm,130.0,262144,0.004962204489856958,0,,,,,,,0,,,,,,,0,,,,,,,0,,,,,,
L006,Abdomen,47,test/L006/Low_Dose/00000171.dcm,130.0,262144,0.005011093802750111,3,0.0037841796875,100.0,100.0,100.0,100.0,100.0,0,,,,,,,3,0.0037841796875,100.0,100.0,100.0,100.0,100.0,0,,,,,,
L006,Abdomen,48,test/L006/Low_Dose/00000186.dcm,130.0,262144,0.004912998527288437,0,,,,,,,0,,,,,,,0,,,,,,,0,,,,,,
L006,Abdomen,49,test/L006/Low_Dose/00000174.dcm,130.0,262144,0.004928688518702984,1,0.0025634765625,100.0,100.0,100.0,100.0,100.0,0,,,,,,,0,,,,,,,1,0.0025634765625,100.0,100.0,100.0,100.0,100.0
L006,Abdomen,50,test/L006/Low_Dose/00000062.dcm,130.0,262144,0.0049249338917434216,0,,,,,,,0,,,,,,,0,,,,,,,0,,,,,,
L006,Abdomen,51,test/L006/Low_Dose/00000080.dcm,130.0,262144,0.004980556666851044,0,,,,,,,0,,,,,,,0,,,,,,,0,,,,,,
L006,Abdomen,52,test/L006/Low_Dose/00000057.dcm,130.0,262144,0.00496371416375041,1,0.00439453125,100.0,100.0,100.0,100.0,100.0,0,,,,,,,1,0.00439453125,100.0,100.0,100.0,100.0,100.0,0,,,,,,
L006,Abdomen,53,test/L006/Low_Dose/00000204.dcm,130.0,262144,0.0049697235226631165,0,,,,,,,0,,,,,,,0,,,,,,,0,,,,,,
L006,Abdomen,54,test/L006/Low_Dose/00000118.dcm,130.0,262144,0.005021950695663691,0,,,,,,,0,,,,,,,0,,,,,,,0,,,,,,
L006,Abdomen,55,test/L006/Low_Dose/00000019.dcm,130.0,262144,0.005019092466682196,0,,,,,,,0,,,,,,,0,,,,,,,0,,,,,,
L006,Abdomen,56,test/L006/Low_Dose/00000092.dcm,130.0,262144,0.0049757580272853374,0,,,,,,,0,,,,,,,0,,,,,,,0,,,,,,
L006,Abdomen,57,test/L006/Low_Dose/00000074.dcm,130.0,262144,0.004972245078533888,2,0.00274658203125,100.0,100.0,100.0,100.0,100.0,0,,,,,,,2,0.00274658203125,100.0,100.0,100.0,100.0,100.0,0,,,,,,
L006,Abdomen,58,test/L006/Low_Dose/00000012.dcm,130.0,262144,0.00491216778755188,0,,,,,,,0,,,,,,,0,,,,,,,0,,,,,,
L006,Abdomen,59,test/L006/Low_Dose/00000145.dcm,130.0,262144,0.004885079804807901,1,0.0008544921875,100.0,100.0,100.0,100.0,100.0,0,,,,,,,0,,,,,,,1,0.0008544921875,100.0,100.0,100.0,100.0,100.0
L006,Abdomen,60,test/L006/Low_Dose/00000129.dcm,130.0,262144,0.004815171472728252,1,0.0003662109375,100.0,100.0,100.0,100.0,100.0,0,,,,,,,0,,,,,,,1,0.0003662109375,100.0,100.0,100.0,100.0,100.0
L006,Abdomen,61,test/L006/Low_Dose/00000163.dcm,130.0,262144,0.00487669138237834,2,0.0003662109375,100.0,100.0,100.0,100.0,100.0,0,,,,,,,1,0.0006103515625,100.0,100.0,100.0,100.0,100.0,1,0.0001220703125,100.0,100.0,100.0,100.0,100.0
L006,Abdomen,62,test/L006/Low_Dose/00000156.dcm,130.0,262144,0.004880656488239765,0,,,,,,,0,,,,,,,0,,,,,,,0,,,,,,
L006,Abdomen,63,test/L006/Low_Dose/00000083.dcm,130.0,262144,0.0048291957937181,1,0.0006103515625,100.0,100.0,100.0,100.0,100.0,0,,,,,,,1,0.0006103515625,100.0,100.0,100.0,100.0,100.0,0,,,,,,
L006,Abdomen,64,test/L006/Low_Dose/00000102.dcm,130.0,262144,0.004819138441234827,0,,,,,,,0,,,,,,,0,,,,,,,0,,,,,,
L006,Abdomen,65,test/L006/Low_Dose/00000205.dcm,130.0,262144,0.004750148393213749,0,,,,,,,0,,,,,,,0,,,,,,,0,,,,,,
L006,Abdomen,66,test/L006/Low_Dose/00000069.dcm,130.0,262144,0.004773908294737339,0,,,,,,,0,,,,,,,0,,,,,,,0,,,,,,
L006,Abdomen,67,test/L006/Low_Dose/00000094.dcm,130.0,262144,0.004778960254043341,1,0.000732421875,100.0,100.0,100.0,100.0,100.0,0,,,,,,,1,0.000732421875,100.0,100.0,100.0,100.0,100.0,0,,,,,,
L006,Abdomen,68,test/L006/Low_Dose/00000064.dcm,130.0,262144,0.004794343374669552,0,,,,,,,0,,,,,,,0,,,,,,,0,,,,,,
L006,Abdomen,69,test/L006/Low_Dose/00000084.dcm,130.0,262144,0.004856949672102928,0,,,,,,,0,,,,,,,0,,,,,,,0,,,,,,
L006,Abdomen,70,test/L006/Low_Dose/00000178.dcm,130.0,262144,0.004883771296590567,0,,,,,,,0,,,,,,,0,,,,,,,0,,,,,,
L006,Abdomen,71,test/L006/Low_Dose/00000042.dcm,130.0,262144,0.00487429229542613,0,,,,,,,0,,,,,,,0,,,,,,,0,,,,,,
L006,Abdomen,72,test/L006/Low_Dose/00000148.dcm,130.0,262144,0.00478419428691268,1,0.0015869140625,100.0,100.0,100.0,100.0,100.0,0,,,,,,,1,0.0015869140625,100.0,100.0,100.0,100.0,100.0,0,,,,,,
L006,Abdomen,73,test/L006/Low_Dose/00000034.dcm,130.0,262144,0.004658782854676247,3,0.0016682942708333333,100.0,100.0,100.0,100.0,100.0,0,,,,,,,2,0.0010986328125,100.0,100.0,100.0,100.0,100.0,1,0.0028076171875,100.0,100.0,100.0,100.0,100.0
L006,Abdomen,74,test/L006/Low_Dose/00000048.dcm,130.0,262144,0.004534509032964706,0,,,,,,,0,,,,,,,0,,,,,,,0,,,,,,
L006,Abdomen,75,test/L006/Low_Dose/00000209.dcm,130.0,262144,0.004534794017672539,0,,,,,,,0,,,,,,,0,,,,,,,0,,,,,,
L006,Abdomen,76,test/L006/Low_Dose/00000206.dcm,130.0,262144,0.0045399232767522335,0,,,,,,,0,,,,,,,0,,,,,,,0,,,,,,
L006,Abdomen,77,test/L006/Low_Dose/00000184.dcm,130.0,262144,0.0043224976398050785,2,0.00042724609375,100.0,100.0,100.0,100.0,100.0,0,,,,,,,1,0.0008544921875,100.0,100.0,100.0,100.0,100.0,1,0.0,100.0,100.0,100.0,100.0,100.0
L006,Abdomen,78,test/L006/Low_Dose/00000049.dcm,130.0,262144,0.004002312198281288,0,,,,,,,0,,,,,,,0,,,,,,,0,,,,,,
L006,Abdomen,79,test/L006/Low_Dose/00000037.dcm,130.0,262144,0.00382132432423532,0,,,,,,,0,,,,,,,0,,,,,,,0,,,,,,
L006,Abdomen,80,test/L006/Low_Dose/00000169.dcm,130.0,262144,0.003677719971165061,0,,,,,,,0,,,,,,,0,,,,,,,0,,,,,,
L006,Abdomen,81,test/L006/Low_Dose/00000214.dcm,130.0,262144,0.003601353382691741,1,0.0006103515625,100.0,100.0,100.0,100.0,100.0,0,,,,,,,1,0.0006103515625,100.0,100.0,100.0,100.0,100.0,0,,,,,,
L006,Abdomen,82,test/L006/Low_Dose/00000161.dcm,130.0,262144,0.0034409468062222004,1,0.002197265625,100.0,100.0,100.0,100.0,100.0,0,,,,,,,0,,,,,,,1,0.002197265625,100.0,100.0,100.0,100.0,100.0
L006,Abdomen,83,test/L006/Low_Dose/00000061.dcm,130.0,262144,0.003092424711212516,0,,,,,,,0,,,,,,,0,,,,,,,0,,,,,,
L006,Abdomen,84,test/L006/Low_Dose/00000187.dcm,130.0,262144,0.00269274041056633,0,,,,,,,0,,,,,,,0,,,,,,,0,,,,,,
L006,Abdomen,85,test/L006/Low_Dose/00000101.dcm,130.0,262144,0.0024892224464565516,0,,,,,,,0,,,,,,,0,,,,,,,0,,,,,,
L006,Abdomen,86,test/L006/Low_Dose/00000007.dcm,130.0,262144,0.002335475292056799,0,,,,,,,0,,,,,,,0,,,,,,,0,,,,,,
L006,Abdomen,87,test/L006/Low_Dose/00000132.dcm,130.0,262144,0.0022098058834671974,1,0.0010986328125,100.0,100.0,100.0,100.0,100.0,0,,,,,,,0,,,,,,,1,0.0010986328125,100.0,100.0,100.0,100.0,100.0
L006,Abdomen,88,test/L006/Low_Dose/00000158.dcm,130.0,262144,0.0019731640350073576,0,,,,,,,0,,,,,,,0,,,,,,,0,,,,,,
L006,Abdomen,89,test/L006/Low_Dose/00000123.dcm,130.0,262144,0.0018045605393126607,0,,,,,,,0,,,,,,,0,,,,,,,0,,,,,,
L006,Abdomen,90,test/L006/Low_Dose/00000119.dcm,130.0,262144,0.0017744245706126094,0,,,,,,,0,,,,,,,0,,,,,,,0,,,,,,
L006,Abdomen,91,test/L006/Low_Dose/00000172.dcm,130.0,262144,0.0017535523511469364,1,0.0006103515625,100.0,100.0,100.0,100.0,100.0,0,,,,,,,0,,,,,,,1,0.0006103515625,100.0,100.0,100.0,100.0,100.0
L006,Abdomen,92,test/L006/Low_Dose/00000029.dcm,130.0,262144,0.001638837973587215,0,,,,,,,0,,,,,,,0,,,,,,,0,,,,,,
L006,Abdomen,93,test/L006/Low_Dose/00000150.dcm,130.0,262144,0.0014910633908584714,0,,,,,,,0,,,,,,,0,,,,,,,0,,,,,,
L006,Abdomen,94,test/L006/Low_Dose/00000135.dcm,130.0,262144,0.0014703592751175165,0,,,,,,,0,,,,,,,0,,,,,,,0,,,,,,
L006,Abdomen,95,test/L006/Low_Dose/00000196.dcm,130.0,262144,0.001453510602004826,0,,,,,,,0,,,,,,,0,,,,,,,0,,,,,,
L006,Abdomen,96,test/L006/Low_Dose/00000208.dcm,130.0,262144,0.0013932662550359964,1,0.000732421875,100.0,100.0,100.0,100.0,100.0,0,,,,,,,0,,,,,,,1,0.000732421875,100.0,100.0,100.0,100.0,100.0
L006,Abdomen,97,test/L006/Low_Dose/00000078.dcm,130.0,262144,0.0013737339759245515,0,,,,,,,0,,,,,,,0,,,,,,,0,,,,,,
L006,Abdomen,98,test/L006/Low_Dose/00000137.dcm,130.0,262144,0.0013385348720476031,0,,,,,,,0,,,,,,,0,,,,,,,0,,,,,,
L006,Abdomen,99,test/L006/Low_Dose/00000122.dcm,130.0,262144,0.001328738289885223,2,0.00079345703125,100.0,100.0,100.0,100.0,100.0,0,,,,,,,0,,,,,,,2,0.00079345703125,100.0,100.0,100.0,100.0,100.0
L006,Abdomen,100,test/L006/Low_Dose/00000168.dcm,130.0,262144,0.0013349609216675162,1,0.0010986328125,100.0,100.0,100.0,100.0,100.0,0,,,,,,,1,0.0010986328125,100.0,100.0,100.0,100.0,100.0,0,,,,,,
L006,Abdomen,101,test/L006/Low_Dose/00000100.dcm,130.0,262144,0.001391954137943685,1,0.000244140625,100.0,100.0,100.0,100.0,100.0,0,,,,,,,1,0.000244140625,100.0,100.0,100.0,100.0,100.0,0,,,,,,
L006,Abdomen,102,test/L006/Low_Dose/00000176.dcm,130.0,262144,0.001410987344570458,0,,,,,,,0,,,,,,,0,,,,,,,0,,,,,,
L006,Abdomen,103,test/L006/Low_Dose/00000033.dcm,130.0,262144,0.0013283604057505727,0,,,,,,,0,,,,,,,0,,,,,,,0,,,,,,
L006,Abdomen,104,test/L006/Low_Dose/00000212.dcm,130.0,262144,0.0012333969352766871,0,,,,,,,0,,,,,,,0,,,,,,,0,,,,,,
L006,Abdomen,105,test/L006/Low_Dose/00000175.dcm,130.0,262144,0.0012518425937741995,0,,,,,,,0,,,,,,,0,,,,,,,0,,,,,,
L006,Abdomen,106,test/L006/Low_Dose/00000065.dcm,130.0,262144,0.001296600908972323,0,,,,,,,0,,,,,,,0,,,,,,,0,,,,,,
L006,Abdomen,107,test/L006/Low_Dose/00000180.dcm,130.0,262144,0.0013329387875273824,1,0.0003662109375,100.0,100.0,100.0,100.0,100.0,0,,,,,,,1,0.0003662109375,100.0,100.0,100.0,100.0,100.0,0,,,,,,
L006,Abdomen,108,test/L006/Low_Dose/00000025.dcm,130.0,262144,0.0013105677207931876,1,0.0010986328125,100.0,100.0,100.0,100.0,100.0,0,,,,,,,1,0.0010986328125,100.0,100.0,100.0,100.0,100.0,0,,,,,,
L006,Abdomen,109,test/L006/Low_Dose/00000197.dcm,130.0,262144,0.001280411845073104,1,0.0009765625,100.0,100.0,100.0,100.0,100.0,0,,,,,,,1,0.0009765625,100.0,100.0,100.0,100.0,100.0,0,,,,,,
L006,Abdomen,110,test/L006/Low_Dose/00000015.dcm,130.0,262144,0.0013125273399055004,0,,,,,,,0,,,,,,,0,,,,,,,0,,,,,,
L006,Abdomen,111,test/L006/Low_Dose/00000039.dcm,130.0,262144,0.0013304745079949498,0,,,,,,,0,,,,,,,0,,,,,,,0,,,,,,
L006,Abdomen,112,test/L006/Low_Dose/00000189.dcm,130.0,262144,0.0013447293313220143,0,,,,,,,0,,,,,,,0,,,,,,,0,,,,,,
L006,Abdomen,113,test/L006/Low_Dose/00000063.dcm,130.0,262144,0.0014520438853651285,1,0.00048828125,100.0,100.0,100.0,100.0,100.0,0,,,,,,,1,0.00048828125,100.0,100.0,100.0,100.0,100.0,0,,,,,,
L006,Abdomen,114,test/L006/Low_Dose/00000160.dcm,130.0,262144,0.001470021205022931,1,0.0008544921875,100.0,100.0,100.0,100.0,100.0,0,,,,,,,0,,,,,,,1,0.0008544921875,100.0,100.0,100.0,100.0,100.0
L006,Abdomen,115,test/L006/Low_Dose/00000098.dcm,130.0,262144,0.001396413892507553,0,,,,,,,0,,,,,,,0,,,,,,,0,,,,,,
L006,Abdomen,116,test/L006/Low_Dose/00000177.dcm,130.0,262144,0.0013437623856589198,0,,,,,,,0,,,,,,,0,,,,,,,0,,,,,,
L006,Abdomen,117,test/L006/Low_Dose/00000056.dcm,130.0,262144,0.001397772808559239,0,,,,,,,0,,,,,,,0,,,,,,,0,,,,,,
L006,Abdomen,118,test/L006/Low_Dose/00000041.dcm,130.0,262144,0.0013831021497026086,0,,,,,,,0,,,,,,,0,,,,,,,0,,,,,,
L006,Abdomen,119,test/L006/Low_Dose/00000107.dcm,130.0,262144,0.0013683091383427382,0,,,,,,,0,,,,,,,0,,,,,,,0,,,,,,
L006,Abdomen,120,test/L006/Low_Dose/00000112.dcm,130.0,262144,0.0013234177604317665,0,,,,,,,0,,,,,,,0,,,,,,,0,,,,,,
L006,Abdomen,121,test/L006/Low_Dose/00000045.dcm,130.0,262144,0.0013407095102593303,2,0.00018310546875,100.0,100.0,100.0,100.0,100.0,0,,,,,,,2,0.00018310546875,100.0,100.0,100.0,100.0,100.0,0,,,,,,
L006,Abdomen,122,test/L006/Low_Dose/00000185.dcm,130.0,262144,0.0014490392059087753,0,,,,,,,0,,,,,,,0,,,,,,,0,,,,,,
L006,Abdomen,123,test/L006/Low_Dose/00000086.dcm,130.0,262144,0.0014626466436311603,0,,,,,,,0,,,,,,,0,,,,,,,0,,,,,,
L006,Abdomen,124,test/L006/Low_Dose/00000028.dcm,130.0,262144,0.0013817849103361368,0,,,,,,,0,,,,,,,0,,,,,,,0,,,,,,
L006,Abdomen,125,test/L006/Low_Dose/00000046.dcm,130.0,262144,0.0015128996456041932,0,,,,,,,0,,,,,,,0,,,,,,,0,,,,,,
L006,Abdomen,126,test/L006/Low_Dose/00000104.dcm,130.0,262144,0.00157160812523216,0,,,,,,,0,,,,,,,0,,,,,,,0,,,,,,
L006,Abdomen,127,test/L006/Low_Dose/00000095.dcm,130.0,262144,0.00148507091216743,0,,,,,,,0,,,,,,,0,,,,,,,0,,,,,,
L006,Abdomen,128,test/L006/Low_Dose/00000113.dcm,130.0,262144,0.0014864489203318954,0,,,,,,,0,,,,,,,0,,,,,,,0,,,,,,
L006,Abdomen,129,test/L006/Low_Dose/00000090.dcm,130.0,262144,0.0015524375485256314,0,,,,,,,0,,,,,,,0,,,,,,,0,,,,,,
L006,Abdomen,130,test/L006/Low_Dose/00000051.dcm,130.0,262144,0.0015729955630376935,0,,,,,,,0,,,,,,,0,,,,,,,0,,,,,,
L006,Abdomen,131,test/L006/Low_Dose/00000006.dcm,130.0,262144,0.0015872835647314787,0,,,,,,,0,,,,,,,0,,,,,,,0,,,,,,
L006,Abdomen,132,test/L006/Low_Dose/00000014.dcm,130.0,262144,0.0015778818633407354,0,,,,,,,0,,,,,,,0,,,,,,,0,,,,,,
L006,Abdomen,133,test/L006/Low_Dose/00000190.dcm,130.0,262144,0.0016459306934848428,0,,,,,,,0,,,,,,,0,,,,,,,0,,,,,,
L006,Abdomen,134,test/L006/Low_Dose/00000066.dcm,130.0,262144,0.0016610609600320458,0,,,,,,,0,,,,,,,0,,,,,,,0,,,,,,
L006,Abdomen,135,test/L006/Low_Dose/00000103.dcm,130.0,262144,0.0016632885672152042,0,,,,,,,0,,,,,,,0,,,,,,,0,,,,,,
L006,Abdomen,136,test/L006/Low_Dose/00000131.dcm,130.0,262144,0.0015609317924827337,0,,,,,,,0,,,,,,,0,,,,,,,0,,,,,,
L006,Abdomen,137,test/L006/Low_Dose/00000152.dcm,130.0,262144,0.0016454417491331697,0,,,,,,,0,,,,,,,0,,,,,,,0,,,,,,
L006,Abdomen,138,test/L006/Low_Dose/00000128.dcm,130.0,262144,0.001682676956988871,0,,,,,,,0,,,,,,,0,,,,,,,0,,,,,,
L006,Abdomen,139,test/L006/Low_Dose/00000154.dcm,130.0,262144,0.0015712114982306957,0,,,,,,,0,,,,,,,0,,,,,,,0,,,,,,
L006,Abdomen,140,test/L006/Low_Dose/00000020.dcm,130.0,262144,0.001541772042401135,0,,,,,,,0,,,,,,,0,,,,,,,0,,,,,,
L006,Abdomen,141,test/L006/Low_Dose/00000008.dcm,130.0,262144,0.001603371580131352,0,,,,,,,0,,,,,,,0,,,,,,,0,,,,,,
L006,Abdomen,142,test/L006/Low_Dose/00000121.dcm,130.0,262144,0.0015655822353437543,1,0.0013427734375,100.0,100.0,100.0,100.0,100.0,0,,,,,,,1,0.0013427734375,100.0,100.0,100.0,100.0,100.0,0,,,,,,
L006,Abdomen,143,test/L006/Low_Dose/00000200.dcm,130.0,262144,0.001653994433581829,0,,,,,,,0,,,,,,,0,,,,,,,0,,,,,,
L006,Abdomen,144,test/L006/Low_Dose/00000211.dcm,130.0,262144,0.0017386190593242645,0,,,,,,,0,,,,,,,0,,,,,,,0,,,,,,
L006,Abdomen,145,test/L006/Low_Dose/00000191.dcm,130.0,262144,0.0017434547189623117,1,0.0006103515625,100.0,100.0,100.0,100.0,100.0,0,,,,,,,0,,,,,,,1,0.0006103515625,100.0,100.0,100.0,100.0,100.0
L006,Abdomen,146,test/L006/Low_Dose/00000097.dcm,130.0,262144,0.0017703833291307092,0,,,,,,,0,,,,,,,0,,,,,,,0,,,,,,
L006,Abdomen,147,test/L006/Low_Dose/00000027.dcm,130.0,262144,0.0017296472797170281,0,,,,,,,0,,,,,,,0,,,,,,,0,,,,,,
L006,Abdomen,148,test/L006/Low_Dose/00000055.dcm,130.0,262144,0.0016846925718709826,0,,,,,,,0,,,,,,,0,,,,,,,0,,,,,,
L006,Abdomen,149,test/L006/Low_Dose/00000067.dcm,130.0,262144,0.0015867267502471805,0,,,,,,,0,,,,,,,0,,,,,,,0,,,,,,
L006,Abdomen,150,test/L006/Low_Dose/00000110.dcm,130.0,262144,0.0015830716583877802,0,,,,,,,0,,,,,,,0,,,,,,,0,,,,,,
L006,Abdomen,151,test/L006/Low_Dose/00000194.dcm,130.0,262144,0.0016670688055455685,0,,,,,,,0,,,,,,,0,,,,,,,0,,,,,,
L006,Abdomen,152,test/L006/Low_Dose/00000144.dcm,130.0,262144,0.0017582594882696867,0,,,,,,,0,,,,,,,0,,,,,,,0,,,,,,
L006,Abdomen,153,test/L006/Low_Dose/00000116.dcm,130.0,262144,0.0018401023698970675,0,,,,,,,0,,,,,,,0,,,,,,,0,,,,,,
L006,Abdomen,154,test/L006/Low_Dose/00000203.dcm,130.0,262144,0.001863199402578175,1,0.0013427734375,100.0,100.0,100.0,100.0,100.0,0,,,,,,,1,0.0013427734375,100.0,100.0,100.0,100.0,100.0,0,,,,,,
L006,Abdomen,155,test/L006/Low_Dose/00000073.dcm,130.0,262144,0.0018273135647177696,0,,,,,,,0,,,,,,,0,,,,,,,0,,,,,,
L006,Abdomen,156,test/L006/Low_Dose/00000155.dcm,130.0,262144,0.0017698053270578384,0,,,,,,,0,,,,,,,0,,,,,,,0,,,,,,
L006,Abdomen,157,test/L006/Low_Dose/00000181.dcm,130.0,262144,0.0017350093694403768,0,,,,,,,0,,,,,,,0,,,,,,,0,,,,,,
L006,Abdomen,158,test/L006/Low_Dose/00000009.dcm,130.0,262144,0.001723193097859621,0,,,,,,,0,,,,,,,0,,,,,,,0,,,,,,
L006,Abdomen,159,test/L006/Low_Dose/00000071.dcm,130.0,262144,0.001734960125759244,0,,,,,,,0,,,,,,,0,,,,,,,0,,,,,,
L006,Abdomen,160,test/L006/Low_Dose/00000215.dcm,130.0,262144,0.0017536639934405684,0,,,,,,,0,,,,,,,0,,,,,,,0,,,,,,
L006,Abdomen,161,test/L006/Low_Dose/00000001.dcm,130.0,262144,0.0017047611763700843,0,,,,,,,0,,,,,,,0,,,,,,,0,,,,,,
L006,Abdomen,162,test/L006/Low_Dose/00000147.dcm,130.0,262144,0.0016522313235327601,0,,,,,,,0,,,,,,,0,,,,,,,0,,,,,,
L006,Abdomen,163,test/L006/Low_Dose/00000076.dcm,130.0,262144,0.0016888127429410815,0,,,,,,,0,,,,,,,0,,,,,,,0,,,,,,
L006,Abdomen,164,test/L006/Low_Dose/00000120.dcm,130.0,262144,0.0016550663858652115,0,,,,,,,0,,,,,,,0,,,,,,,0,,,,,,
L006,Abdomen,165,test/L006/Low_Dose/00000202.dcm,130.0,262144,0.0015490190126001835,0,,,,,,,0,,,,,,,0,,,,,,,0,,,,,,
L006,Abdomen,166,test/L006/Low_Dose/00000031.dcm,130.0,262144,0.001532350666821003,0,,,,,,,0,,,,,,,0,,,,,,,0,,,,,,
L006,Abdomen,167,test/L006/Low_Dose/00000142.dcm,130.0,262144,0.001541055622510612,1,0.001220703125,100.0,100.0,100.0,100.0,100.0,0,,,,,,,1,0.001220703125,100.0,100.0,100.0,100.0,100.0,0,,,,,,
L006,Abdomen,168,test/L006/Low_Dose/00000089.dcm,130.0,262144,0.0015439136186614633,0,,,,,,,0,,,,,,,0,,,,,,,0,,,,,,
L006,Abdomen,169,test/L006/Low_Dose/00000198.dcm,130.0,262144,0.0015245444374158978,0,,,,,,,0,,,,,,,0,,,,,,,0,,,,,,
L006,Abdomen,170,test/L006/Low_Dose/00000077.dcm,130.0,262144,0.001517874887213111,0,,,,,,,0,,,,,,,0,,,,,,,0,,,,,,
L006,Abdomen,171,test/L006/Low_Dose/00000164.dcm,130.0,262144,0.0016135034384205937,0,,,,,,,0,,,,,,,0,,,,,,,0,,,,,,
L006,Abdomen,172,test/L006/Low_Dose/00000038.dcm,130.0,262144,0.001719658263027668,0,,,,,,,0,,,,,,,0,,,,,,,0,,,,,,
L006,Abdomen,173,test/L006/Low_Dose/00000013.dcm,130.0,262144,0.0017937752418220043,0,,,,,,,0,,,,,,,0,,,,,,,0,,,,,,
L006,Abdomen,174,test/L006/Low_Dose/00000030.dcm,130.0,262144,0.0018665496027097106,0,,,,,,,0,,,,,,,0,,,,,,,0,,,,,,
L006,Abdomen,175,test/L006/Low_Dose/00000195.dcm,130.0,262144,0.0019088557455688715,0,,,,,,,0,,,,,,,0,,,,,,,0,,,,,,
L006,Abdomen,176,test/L006/Low_Dose/00000070.dcm,130.0,262144,0.0019307872280478477,0,,,,,,,0,,,,,,,0,,,,,,,0,,,,,,
L006,Abdomen,177,test/L006/Low_Dose/00000004.dcm,130.0,262144,0.0019727745093405247,0,,,,,,,0,,,,,,,0,,,,,,,0,,,,,,
L006,Abdomen,178,test/L006/Low_Dose/00000043.dcm,130.0,262144,0.001969715813174844,0,,,,,,,0,,,,,,,0,,,,,,,0,,,,,,
L006,Abdomen,179,test/L006/Low_Dose/00000047.dcm,130.0,262144,0.0019684049766510725,0,,,,,,,0,,,,,,,0,,,,,,,0,,,,,,
L006,Abdomen,180,test/L006/Low_Dose/00000193.dcm,130.0,262144,0.0019850123208016157,0,,,,,,,0,,,,,,,0,,,,,,,0,,,,,,
L006,Abdomen,181,test/L006/Low_Dose/00000091.dcm,130.0,262144,0.002066641580313444,0,,,,,,,0,,,,,,,0,,,,,,,0,,,,,,
L006,Abdomen,182,test/L006/Low_Dose/00000085.dcm,130.0,262144,0.002177184447646141,0,,,,,,,0,,,,,,,0,,,,,,,0,,,,,,
L006,Abdomen,183,test/L006/Low_Dose/00000199.dcm,130.0,262144,0.002250062068924308,0,,,,,,,0,,,,,,,0,,,,,,,0,,,,,,
L006,Abdomen,184,test/L006/Low_Dose/00000032.dcm,130.0,262144,0.0022839237935841084,0,,,,,,,0,,,,,,,0,,,,,,,0,,,,,,
L006,Abdomen,185,test/L006/Low_Dose/00000099.dcm,130.0,262144,0.0023038694635033607,0,,,,,,,0,,,,,,,0,,,,,,,0,,,,,,
L006,Abdomen,186,test/L006/Low_Dose/00000183.dcm,130.0,262144,0.0023309392854571342,0,,,,,,,0,,,,,,,0,,,,,,,0,,,,,,
L006,Abdomen,187,test/L006/Low_Dose/00000159.dcm,130.0,262144,0.0023314652498811483,0,,,,,,,0,,,,,,,0,,,,,,,0,,,,,,
L006,Abdomen,188,test/L006/Low_Dose/00000088.dcm,130.0,262144,0.002298889448866248,0,,,,,,,0,,,,,,,0,,,,,,,0,,,,,,
L006,Abdomen,189,test/L006/Low_Dose/00000166.dcm,130.0,262144,0.002300174906849861,0,,,,,,,0,,,,,,,0,,,,,,,0,,,,,,
L006,Abdomen,190,test/L006/Low_Dose/00000210.dcm,130.0,262144,0.002256839070469141,0,,,,,,,0,,,,,,,0,,,,,,,0,,,,,,
L006,Abdomen,191,test/L006/Low_Dose/00000140.dcm,130.0,262144,0.002199269598349929,0,,,,,,,0,,,,,,,0,,,,,,,0,,,,,,
L006,Abdomen,192,test/L006/Low_Dose/00000024.dcm,130.0,262144,0.002212697174400091,0,,,,,,,0,,,,,,,0,,,,,,,0,,,,,,
L006,Abdomen,193,test/L006/Low_Dose/00000109.dcm,130.0,262144,0.0023177550174295902,0,,,,,,,0,,,,,,,0,,,,,,,0,,,,,,
L006,Abdomen,194,test/L006/Low_Dose/00000021.dcm,130.0,262144,0.0024256594479084015,0,,,,,,,0,,,,,,,0,,,,,,,0,,,,,,
L006,Abdomen,195,test/L006/Low_Dose/00000081.dcm,130.0,262144,0.0024107731878757477,0,,,,,,,0,,,,,,,0,,,,,,,0,,,,,,
L006,Abdomen,196,test/L006/Low_Dose/00000016.dcm,130.0,262144,0.0023675530683249235,0,,,,,,,0,,,,,,,0,,,,,,,0,,,,,,
L006,Abdomen,197,test/L006/Low_Dose/00000146.dcm,130.0,262144,0.002421414479613304,0,,,,,,,0,,,,,,,0,,,,,,,0,,,,,,
L006,Abdomen,198,test/L006/Low_Dose/00000054.dcm,130.0,262144,0.002446217695251107,0,,,,,,,0,,,,,,,0,,,,,,,0,,,,,,
L006,Abdomen,199,test/L006/Low_Dose/00000192.dcm,130.0,262144,0.0024399301037192345,0,,,,,,,0,,,,,,,0,,,,,,,0,,,,,,
L006,Abdomen,200,test/L006/Low_Dose/00000173.dcm,130.0,262144,0.002434907481074333,0,,,,,,,0,,,,,,,0,,,,,,,0,,,,,,
L006,Abdomen,201,test/L006/Low_Dose/00000125.dcm,130.0,262144,0.002484733471646905,0,,,,,,,0,,,,,,,0,,,,,,,0,,,,,,
L006,Abdomen,202,test/L006/Low_Dose/00000151.dcm,130.0,262144,0.0025348209310323,1,0.0023193359375,100.0,100.0,100.0,100.0,100.0,0,,,,,,,0,,,,,,,1,0.0023193359375,100.0,100.0,100.0,100.0,100.0
L006,Abdomen,203,test/L006/Low_Dose/00000141.dcm,130.0,262144,0.0025731083005666733,0,,,,,,,0,,,,,,,0,,,,,,,0,,,,,,
L006,Abdomen,204,test/L006/Low_Dose/00000011.dcm,130.0,262144,0.002624198794364929,0,,,,,,,0,,,,,,,0,,,,,,,0,,,,,,
L006,Abdomen,205,test/L006/Low_Dose/00000058.dcm,130.0,262144,0.00260243215598166,0,,,,,,,0,,,,,,,0,,,,,,,0,,,,,,
L006,Abdomen,206,test/L006/Low_Dose/00000026.dcm,130.0,262144,0.0025807905476540327,0,,,,,,,0,,,,,,,0,,,,,,,0,,,,,,
L006,Abdomen,207,test/L006/Low_Dose/00000017.dcm,130.0,262144,0.0025815449189394712,0,,,,,,,0,,,,,,,0,,,,,,,0,,,,,,
L006,Abdomen,208,test/L006/Low_Dose/00000003.dcm,130.0,262144,0.002575863152742386,0,,,,,,,0,,,,,,,0,,,,,,,0,,,,,,
L006,Abdomen,209,test/L006/Low_Dose/00000157.dcm,130.0,262144,0.0026468082796782255,0,,,,,,,0,,,,,,,0,,,,,,,0,,,,,,
L006,Abdomen,210,test/L006/Low_Dose/00000079.dcm,130.0,262144,0.0027116069104522467,0,,,,,,,0,,,,,,,0,,,,,,,0,,,,,,
L006,Abdomen,211,test/L006/Low_Dose/00000075.dcm,130.0,262144,0.0027330652810633183,0,,,,,,,0,,,,,,,0,,,,,,,0,,,,,,
L006,Abdomen,212,test/L006/Low_Dose/00000072.dcm,130.0,262144,0.002639440121129155,0,,,,,,,0,,,,,,,0,,,,,,,0,,,,,,
L006,Abdomen,213,test/L006/Low_Dose/00000117.dcm,130.0,262144,0.00251706107519567,0,,,,,,,0,,,,,,,0,,,,,,,0,,,,,,
L006,Abdomen,214,test/L006/Low_Dose/00000044.dcm,130.0,262144,0.002399381948634982,0,,,,,,,0,,,,,,,0,,,,,,,0,,,,,,
L107,Abdomen,0,test/L107/Low_Dose/00000131.dcm,130.0,262144,0.00477263331413269,0,,,,,,,0,,,,,,,0,,,,,,,0,,,,,,
L107,Abdomen,1,test/L107/Low_Dose/00000115.dcm,130.0,262144,0.004703425336629152,0,,,,,,,0,,,,,,,0,,,,,,,0,,,,,,
L107,Abdomen,2,test/L107/Low_Dose/00000159.dcm,130.0,262144,0.004634271841496229,1,0.0009765625,100.0,100.0,100.0,100.0,100.0,0,,,,,,,1,0.0009765625,100.0,100.0,100.0,100.0,100.0,0,,,,,,
L107,Abdomen,3,test/L107/Low_Dose/00000035.dcm,130.0,262144,0.004751987289637327,0,,,,,,,0,,,,,,,0,,,,,,,0,,,,,,
L107,Abdomen,4,test/L107/Low_Dose/00000143.dcm,130.0,262144,0.004773039370775223,0,,,,,,,0,,,,,,,0,,,,,,,0,,,,,,
L107,Abdomen,5,test/L107/Low_Dose/00000126.dcm,130.0,262144,0.004955587908625603,0,,,,,,,0,,,,,,,0,,,,,,,0,,,,,,
L107,Abdomen,6,test/L107/Low_Dose/00000026.dcm,130.0,262144,0.005161656998097897,0,,,,,,,0,,,,,,,0,,,,,,,0,,,,,,
L107,Abdomen,7,test/L107/Low_Dose/00000187.dcm,130.0,262144,0.005260004196316004,0,,,,,,,0,,,,,,,0,,,,,,,0,,,,,,
L107,Abdomen,8,test/L107/Low_Dose/00000173.dcm,130.0,262144,0.005358285270631313,0,,,,,,,0,,,,,,,0,,,,,,,0,,,,,,
L107,Abdomen,9,test/L107/Low_Dose/00000042.dcm,130.0,262144,0.005543783772736788,0,,,,,,,0,,,,,,,0,,,,,,,0,,,,,,
L107,Abdomen,10,test/L107/Low_Dose/00000184.dcm,130.0,262144,0.0056479312479496,0,,,,,,,0,,,,,,,0,,,,,,,0,,,,,,
L107,Abdomen,11,test/L107/Low_Dose/00000028.dcm,130.0,262144,0.005778444465249777,0,,,,,,,0,,,,,,,0,,,,,,,0,,,,,,
L107,Abdomen,12,test/L107/Low_Dose/00000033.dcm,130.0,262144,0.005970739293843508,0,,,,,,,0,,,,,,,0,,,,,,,0,,,,,,
L107,Abdomen,13,test/L107/Low_Dose/00000070.dcm,130.0,262144,0.006158771459013224,1,0.005126953125,100.0,100.0,100.0,100.0,100.0,0,,,,,,,1,0.005126953125,100.0,100.0,100.0,100.0,100.0,0,,,,,,
L107,Abdomen,14,test/L107/Low_Dose/00000003.dcm,130.0,262144,0.00634045759215951,0,,,,,,,0,,,,,,,0,,,,,,,0,,,,,,
L107,Abdomen,15,test/L107/Low_Dose/00000029.dcm,130.0,262144,0.00647814990952611,1,0.006103515625,100.0,100.0,100.0,100.0,100.0,0,,,,,,,1,0.006103515625,100.0,100.0,100.0,100.0,100.0,0,,,,,,
L107,Abdomen,16,test/L107/Low_Dose/00000139.dcm,130.0,262144,0.0066872574388980865,1,0.0057373046875,100.0,100.0,100.0,100.0,100.0,0,,,,,,,0,,,,,,,1,0.0057373046875,100.0,100.0,100.0,100.0,100.0
L107,Abdomen,17,test/L107/Low_Dose/00000194.dcm,130.0,262144,0.007012900896370411,1,0.001708984375,100.0,100.0,100.0,100.0,100.0,0,,,,,,,0,,,,,,,1,0.001708984375,100.0,100.0,100.0,100.0,100.0
L107,Abdomen,18,test/L107/Low_Dose/00000182.dcm,130.0,262144,0.007257671561092138,0,,,,,,,0,,,,,,,0,,,,,,,0,,,,,,
L107,Abdomen,19,test/L107/Low_Dose/00000179.dcm,130.0,262144,0.007319082971662283,2,0.00579833984375,100.0,100.0,100.0,100.0,100.0,0,,,,,,,1,0.004638671875,100.0,100.0,100.0,100.0,100.0,1,0.0069580078125,100.0,100.0,100.0,100.0,100.0
L107,Abdomen,20,test/L107/Low_Dose/00000091.dcm,130.0,262144,0.007450885139405727,0,,,,,,,0,,,,,,,0,,,,,,,0,,,,,,
L107,Abdomen,21,test/L107/Low_Dose/00000130.dcm,130.0,262144,0.007808494381606579,0,,,,,,,0,,,,,,,0,,,,,,,0,,,,,,
L107,Abdomen,22,test/L107/Low_Dose/00000022.dcm,130.0,262144,0.008180143311619759,0,,,,,,,0,,,,,,,0,,,,,,,0,,,,,,
L107,Abdomen,23,test/L107/Low_Dose/00000004.dcm,130.0,262144,0.008452394045889378,0,,,,,,,0,,,,,,,0,,,,,,,0,,,,,,
L107,Abdomen,24,test/L107/Low_Dose/00000077.dcm,130.0,262144,0.00856217835098505,0,,,,,,,0,,,,,,,0,,,,,,,0,,,,,,
L107,Abdomen,25,test/L107/Low_Dose/00000157.dcm,130.0,262144,0.008688236586749554,0,,,,,,,0,,,,,,,0,,,,,,,0,,,,,,
L107,Abdomen,26,test/L107/Low_Dose/00000123.dcm,130.0,262144,0.008799916133284569,0,,,,,,,0,,,,,,,0,,,,,,,0,,,,,,
L107,Abdomen,27,test/L107/Low_Dose/00000002.dcm,130.0,262144,0.008926542475819588,0,,,,,,,0,,,,,,,0,,,,,,,0,,,,,,
L107,Abdomen,28,test/L107/Low_Dose/00000037.dcm,130.0,262144,0.009107277728617191,0,,,,,,,0,,,,,,,0,,,,,,,0,,,,,,
L107,Abdomen,29,test/L107/Low_Dose/00000014.dcm,130.0,262144,0.00935674924403429,0,,,,,,,0,,,,,,,0,,,,,,,0,,,,,,
L107,Abdomen,30,test/L107/Low_Dose/00000008.dcm,130.0,262144,0.009527689777314663,0,,,,,,,0,,,,,,,0,,,,,,,0,,,,,,
L107,Abdomen,31,test/L107/Low_Dose/00000178.dcm,130.0,262144,0.009647805243730545,0,,,,,,,0,,,,,,,0,,,,,,,0,,,,,,
L107,Abdomen,32,test/L107/Low_Dose/00000083.dcm,130.0,262144,0.009711961261928082,0,,,,,,,0,,,,,,,0,,,,,,,0,,,,,,
L107,Abdomen,33,test/L107/Low_Dose/00000121.dcm,130.0,262144,0.009714245796203613,0,,,,,,,0,,,,,,,0,,,,,,,0,,,,,,
L107,Abdomen,34,test/L107/Low_Dose/00000013.dcm,130.0,262144,0.009711657650768757,0,,,,,,,0,,,,,,,0,,,,,,,0,,,,,,
L107,Abdomen,35,test/L107/Low_Dose/00000069.dcm,130.0,262144,0.009834910742938519,0,,,,,,,0,,,,,,,0,,,,,,,0,,,,,,
L107,Abdomen,36,test/L107/Low_Dose/00000122.dcm,130.0,262144,0.010008533485233784,0,,,,,,,0,,,,,,,0,,,,,,,0,,,,,,
L107,Abdomen,37,test/L107/Low_Dose/00000140.dcm,130.0,262144,0.01011921651661396,0,,,,,,,0,,,,,,,0,,,,,,,0,,,,,,
L107,Abdomen,38,test/L107/Low_Dose/00000141.dcm,130.0,262144,0.010141429491341114,2,0.00384521484375,100.0,100.0,100.0,100.0,100.0,0,,,,,,,1,0.0068359375,100.0,100.0,100.0,100.0,100.0,1,0.0008544921875,100.0,100.0,100.0,100.0,100.0
L107,Abdomen,39,test/L107/Low_Dose/00000185.dcm,130.0,262144,0.010120285674929619,2,0.0062255859375,100.0,100.0,100.0,100.0,100.0,0,,,,,,,1,0.00830078125,100.0,100.0,100.0,100.0,100.0,1,0.004150390625,100.0,100.0,100.0,100.0,100.0
L107,Abdomen,40,test/L107/Low_Dose/00000125.dcm,130.0,262144,0.010036935098469257,0,,,,,,,0,,,,,,,0,,,,,,,0,,,,,,
L107,Abdomen,41,test/L107/Low_Dose/00000145.dcm,130.0,262144,0.010057473555207253,0,,,,,,,0,,,,,,,0,,,,,,,0,,,,,,
L107,Abdomen,42,test/L107/Low_Dose/00000127.dcm,130.0,262144,0.010175188072025776,0,,,,,,,0,,,,,,,0,,,,,,,0,,,,,,
L107,Abdomen,43,test/L107/Low_Dose/00000191.dcm,130.0,262144,0.010201631113886833,0,,,,,,,0,,,,,,,0,,,,,,,0,,,,,,
L107,Abdomen,44,test/L107/Low_Dose/00000198.dcm,130.0,262144,0.01011716015636921,0,,,,,,,0,,,,,,,0,,,,,,,0,,,,,,
L107,Abdomen,45,test/L107/Low_Dose/00000071.dcm,130.0,262144,0.010168872773647308,1,0.007568359375,100.0,100.0,100.0,100.0,100.0,0,,,,,,,1,0.007568359375,100.0,100.0,100.0,100.0,100.0,0,,,,,,
L107,Abdomen,46,test/L107/Low_Dose/00000180.dcm,130.0,262144,0.010190539993345737,1,0.0098876953125,100.0,100.0,100.0,100.0,100.0,0,,,,,,,0,,,,,,,1,0.0098876953125,100.0,100.0,100.0,100.0,100.0
L107,Abdomen,47,test/L107/Low_Dose/00000054.dcm,130.0,262144,0.010032066144049168,1,0.00341796875,100.0,100.0,100.0,100.0,100.0,0,,,,,,,1,0.00341796875,100.0,100.0,100.0,100.0,100.0,0,,,,,,
L107,Abdomen,48,test/L107/Low_Dose/00000018.dcm,130.0,262144,0.00980144739151001,2,0.0052490234375,100.0,100.0,100.0,100.0,100.0,0,,,,,,,1,0.00341796875,100.0,100.0,100.0,100.0,100.0,1,0.007080078125,100.0,100.0,100.0,100.0,100.0
L107,Abdomen,49,test/L107/Low_Dose/00000174.dcm,130.0,262144,0.009650859981775284,0,,,,,,,0,,,,,,,0,,,,,,,0,,,,,,
L107,Abdomen,50,test/L107/Low_Dose/00000094.dcm,130.0,262144,0.009582205675542355,1,0.00390625,100.0,100.0,100.0,100.0,100.0,0,,,,,,,1,0.00390625,100.0,100.0,100.0,100.0,100.0,0,,,,,,
L107,Abdomen,51,test/L107/Low_Dose/00000032.dcm,130.0,262144,0.00950768031179905,1,0.0084228515625,100.0,100.0,100.0,100.0,100.0,0,,,,,,,1,0.0084228515625,100.0,100.0,100.0,100.0,100.0,0,,,,,,
L107,Abdomen,52,test/L107/Low_Dose/00000169.dcm,130.0,262144,0.00941789336502552,1,0.0015869140625,100.0,100.0,100.0,100.0,100.0,0,,,,,,,0,,,,,,,1,0.0015869140625,100.0,100.0,100.0,100.0,100.0
L107,Abdomen,53,test/L107/Low_Dose/00000058.dcm,130.0,262144,0.00944194570183754,2,0.008056640625,100.0,100.0,100.0,100.0,100.0,0,,,,,,,0,,,,,,,2,0.008056640625,100.0,100.0,100.0,100.0,100.0
L107,Abdomen,54,test/L107/Low_Dose/00000136.dcm,130.0,262144,0.009216591715812683,1,0.00146484375,100.0,100.0,100.0,100.0,100.0,0,,,,,,,1,0.00146484375,100.0,100.0,100.0,100.0,100.0,0,,,,,,
L107,Abdomen,55,test/L107/Low_Dose/00000200.dcm,130.0,262144,0.008888316340744495,0,,,,,,,0,,,,,,,0,,,,,,,0,,,,,,
L107,Abdomen,56,test/L107/Low_Dose/00000101.dcm,130.0,262144,0.008618106134235859,1,0.00537109375,100.0,100.0,100.0,100.0,100.0,0,,,,,,,0,,,,,,,1,0.00537109375,100.0,100.0,100.0,100.0,100.0
L107,Abdomen,57,test/L107/Low_Dose/00000201.dcm,130.0,262144,0.008533005602657795,1,0.001953125,100.0,100.0,100.0,100.0,100.0,0,,,,,,,0,,,,,,,1,0.001953125,100.0,100.0,100.0,100.0,100.0
L107,Abdomen,58,test/L107/Low_Dose/00000088.dcm,130.0,262144,0.008368945680558681,0,,,,,,,0,,,,,,,0,,,,,,,0,,,,,,
L107,Abdomen,59,test/L107/Low_Dose/00000153.dcm,130.0,262144,0.008243955671787262,1,0.0067138671875,100.0,100.0,100.0,100.0,100.0,0,,,,,,,0,,,,,,,1,0.0067138671875,100.0,100.0,100.0,100.0,100.0
L107,Abdomen,60,test/L107/Low_Dose/00000051.dcm,130.0,262144,0.008042102679610252,2,0.0050048828125,100.0,100.0,100.0,100.0,100.0,0,,,,,,,0,,,,,,,2,0.0050048828125,100.0,100.0,100.0,100.0,100.0
L107,Abdomen,61,test/L107/Low_Dose/00000040.dcm,130.0,262144,0.007768862880766392,2,0.005859375,100.0,100.0,100.0,100.0,100.0,0,,,,,,,2,0.005859375,100.0,100.0,100.0,100.0,100.0,0,,,,,,
L107,Abdomen,62,test/L107/Low_Dose/00000147.dcm,130.0,262144,0.007552568335086107,0,,,,,,,0,,,,,,,0,,,,,,,0,,,,,,
L107,Abdomen,63,test/L107/Low_Dose/00000106.dcm,130.0,262144,0.007494626101106405,3,0.004597981770833333,100.0,100.0,100.0,100.0,100.0,0,,,,,,,2,0.00653076171875,100.0,100.0,100.0,100.0,100.0,1,0.000732421875,100.0,100.0,100.0,100.0,100.0
L107,Abdomen,64,test/L107/Low_Dose/00000158.dcm,130.0,262144,0.007348730694502592,1,0.0067138671875,100.0,100.0,100.0,100.0,100.0,0,,,,,,,1,0.0067138671875,100.0,100.0,100.0,100.0,100.0,0,,,,,,
L107,Abdomen,65,test/L107/Low_Dose/00000196.dcm,130.0,262144,0.007068495266139507,1,0.00146484375,100.0,100.0,100.0,100.0,100.0,0,,,,,,,0,,,,,,,1,0.00146484375,100.0,100.0,100.0,100.0,100.0
L107,Abdomen,66,test/L107/Low_Dose/00000176.dcm,130.0,262144,0.006736389826983213,0,,,,,,,0,,,,,,,0,,,,,,,0,,,,,,
L107,Abdomen,67,test/L107/Low_Dose/00000156.dcm,130.0,262144,0.006537242792546749,2,0.00067138671875,100.0,100.0,100.0,100.0,100.0,0,,,,,,,1,0.000244140625,100.0,100.0,100.0,100.0,100.0,1,0.0010986328125,100.0,100.0,100.0,100.0,100.0
L107,Abdomen,68,test/L107/Low_Dose/00000150.dcm,130.0,262144,0.006323710083961487,2,0.00128173828125,100.0,100.0,100.0,100.0,100.0,0,,,,,,,1,0.0010986328125,100.0,100.0,100.0,100.0,100.0,1,0.00146484375,100.0,100.0,100.0,100.0,100.0
L107,Abdomen,69,test/L107/Low_Dose/00000082.dcm,130.0,262144,0.006138999480754137,0,,,,,,,0,,,,,,,0,,,,,,,0,,,,,,
L107,Abdomen,70,test/L107/Low_Dose/00000043.dcm,130.0,262144,0.00604223320260644,0,,,,,,,0,,,,,,,0,,,,,,,0,,,,,,
L107,Abdomen,71,test/L107/Low_Dose/00000110.dcm,130.0,262144,0.005973121151328087,0,,,,,,,0,,,,,,,0,,,,,,,0,,,,,,
L107,Abdomen,72,test/L107/Low_Dose/00000192.dcm,130.0,262144,0.005933849141001701,0,,,,,,,0,,,,,,,0,,,,,,,0,,,,,,
L107,Abdomen,73,test/L107/Low_Dose/00000120.dcm,130.0,262144,0.005935033783316612,0,,,,,,,0,,,,,,,0,,,,,,,0,,,,,,
L107,Abdomen,74,test/L107/Low_Dose/00000197.dcm,130.0,262144,0.005946166813373566,2,0.00482177734375,100.0,100.0,100.0,100.0,100.0,0,,,,,,,2,0.00482177734375,100.0,100.0,100.0,100.0,100.0,0,,,,,,
L107,Abdomen,75,test/L107/Low_Dose/00000183.dcm,130.0,262144,0.005890325177460909,3,0.0032958984375,100.0,100.0,100.0,100.0,100.0,0,,,,,,,2,0.00360107421875,100.0,100.0,100.0,100.0,100.0,1,0.002685546875,100.0,100.0,100.0,100.0,100.0
L107,Abdomen,76,test/L107/Low_Dose/00000087.dcm,130.0,262144,0.005869817920029163,1,0.001220703125,100.0,100.0,100.0,100.0,100.0,0,,,,,,,1,0.001220703125,100.0,100.0,100.0,100.0,100.0,0,,,,,,
L107,Abdomen,77,test/L107/Low_Dose/00000007.dcm,130.0,262144,0.005953514017164707,1,0.0040283203125,100.0,100.0,100.0,100.0,100.0,0,,,,,,,1,0.0040283203125,100.0,100.0,100.0,100.0,100.0,0,,,,,,
L107,Abdomen,78,test/L107/Low_Dose/00000117.dcm,130.0,262144,0.006060411222279072,5,0.002099609375,100.0,100.0,100.0,100.0,100.0,0,,,,,,,2,0.00140380859375,100.0,100.0,100.0,100.0,100.0,3,0.0025634765625,100.0,100.0,100.0,100.0,100.0
L107,Abdomen,79,test/L107/Low_Dose/00000048.dcm,130.0,262144,0.006134686525911093,0,,,,,,,0,,,,,,,0,,,,,,,0,,,,,,
L107,Abdomen,80,test/L107/Low_Dose/00000009.dcm,130.0,262144,0.006232322193682194,2,0.0032958984375,100.0,100.0,100.0,100.0,100.0,0,,,,,,,1,0.0015869140625,100.0,100.0,100.0,100.0,100.0,1,0.0050048828125,100.0,100.0,100.0,100.0,100.0
L107,Abdomen,81,test/L107/Low_Dose/00000045.dcm,130.0,262144,0.006289962213486433,2,0.00177001953125,100.0,100.0,100.0,100.0,100.0,0,,,,,,,0,,,,,,,2,0.00177001953125,100.0,100.0,100.0,100.0,100.0
L107,Abdomen,82,test/L107/Low_Dose/00000138.dcm,130.0,262144,0.006391807459294796,0,,,,,,,0,,,,,,,0,,,,,,,0,,,,,,
L107,Abdomen,83,test/L107/Low_Dose/00000016.dcm,130.0,262144,0.006547165103256702,3,0.0032552083333333335,100.0,100.0,100.0,100.0,100.0,0,,,,,,,2,0.0020751953125,100.0,100.0,100.0,100.0,100.0,1,0.005615234375,100.0,100.0,100.0,100.0,100.0
L107,Abdomen,84,test/L107/Low_Dose/00000177.dcm,130.0,262144,0.006594667676836252,2,0.0048828125,100.0,100.0,100.0,100.0,100.0,0,,,,,,,1,0.0059814453125,100.0,100.0,100.0,100.0,100.0,1,0.0037841796875,100.0,100.0,100.0,100.0,100.0
L107,Abdomen,85,test/L107/Low_Dose/00000160.dcm,130.0,262144,0.006648831535130739,1,0.001953125,100.0,100.0,100.0,100.0,100.0,0,,,,,,,0,,,,,,,1,0.001953125,100.0,100.0,100.0,100.0,100.0
L107,Abdomen,86,test/L107/Low_Dose/00000097.dcm,130.0,262144,0.006660913582891226,0,,,,,,,0,,,,,,,0,,,,,,,0,,,,,,
L107,Abdomen,87,test/L107/Low_Dose/00000152.dcm,130.0,262144,0.006656159646809101,1,0.0037841796875,100.0,100.0,100.0,100.0,100.0,0,,,,,,,1,0.0037841796875,100.0,100.0,100.0,100.0,100.0,0,,,,,,
L107,Abdomen,88,test/L107/Low_Dose/00000161.dcm,130.0,262144,0.006696963217109442,0,,,,,,,0,,,,,,,0,,,,,,,0,,,,,,
L107,Abdomen,89,test/L107/Low_Dose/00000114.dcm,130.0,262144,0.006779054645448923,1,0.005859375,100.0,100.0,100.0,100.0,100.0,0,,,,,,,0,,,,,,,1,0.005859375,100.0,100.0,100.0,100.0,100.0
L107,Abdomen,90,test/L107/Low_Dose/00000052.dcm,130.0,262144,0.006808866281062365,2,0.0035400390625,100.0,100.0,100.0,100.0,100.0,0,,,,,,,0,,,,,,,2,0.0035400390625,100.0,100.0,100.0,100.0,100.0
L107,Abdomen,91,test/L107/Low_Dose/00000108.dcm,130.0,262144,0.0068097105249762535,1,0.00146484375,100.0,100.0,100.0,100.0,100.0,0,,,,,,,0,,,,,,,1,0.00146484375,100.0,100.0,100.0,100.0,100.0
L107,Abdomen,92,test/L107/Low_Dose/00000015.dcm,130.0,262144,0.006841212045401335,2,0.00164794921875,100.0,100.0,100.0,100.0,100.0,0,,,,,,,0,,,,,,,2,0.00164794921875,100.0,100.0,100.0,100.0,100.0
L107,Abdomen,93,test/L107/Low_Dose/00000133.dcm,130.0,262144,0.006905649323016405,3,0.0016682942708333333,100.0,100.0,100.0,100.0,100.0,0,,,,,,,1,0.00048828125,100.0,100.0,100.0,100.0,100.0,2,0.00225830078125,100.0,100.0,100.0,100.0,100.0
L107,Abdomen,94,test/L107/Low_Dose/00000171.dcm,130.0,262144,0.007016096264123917,1,0.0018310546875,100.0,100.0,100.0,100.0,100.0,0,,,,,,,1,0.0018310546875,100.0,100.0,100.0,100.0,100.0,0,,,,,,
L107,Abdomen,95,test/L107/Low_Dose/00000089.dcm,130.0,262144,0.007110375910997391,1,0.000732421875,100.0,100.0,100.0,100.0,100.0,0,,,,,,,1,0.000732421875,100.0,100.0,100.0,100.0,100.0,0,,,,,,
L107,Abdomen,96,test/L107/Low_Dose/00000144.dcm,130.0,262144,0.00706395274028182,1,0.0015869140625,100.0,100.0,100.0,100.0,100.0,0,,,,,,,0,,,,,,,1,0.0015869140625,100.0,100.0,100.0,100.0,100.0
L107,Abdomen,97,test/L107/Low_Dose/00000025.dcm,130.0,262144,0.007091092877089977,0,,,,,,,0,,,,,,,0,,,,,,,0,,,,,,
L107,Abdomen,98,test/L107/Low_Dose/00000104.dcm,130.0,262144,0.007174051366746426,2,0.00201416015625,100.0,100.0,100.0,100.0,100.0,0,,,,,,,2,0.00201416015625,100.0,100.0,100.0,100.0,100.0,0,,,,,,
L107,Abdomen,99,test/L107/Low_Dose/00000031.dcm,130.0,262144,0.007250829599797726,1,0.00146484375,100.0,100.0,100.0,100.0,100.0,0,,,,,,,0,,,,,,,1,0.00146484375,100.0,100.0,100.0,100.0,100.0
L107,Abdomen,100,test/L107/Low_Dose/00000047.dcm,130.0,262144,0.007256623823195696,1,0.0029296875,100.0,100.0,100.0,100.0,100.0,0,,,,,,,0,,,,,,,1,0.0029296875,100.0,100.0,100.0,100.0,100.0
L107,Abdomen,101,test/L107/Low_Dose/00000049.dcm,130.0,262144,0.007244712673127651,0,,,,,,,0,,,,,,,0,,,,,,,0,,,,,,
L107,Abdomen,102,test/L107/Low_Dose/00000010.dcm,130.0,262144,0.00726577453315258,0,,,,,,,0,,,,,,,0,,,,,,,0,,,,,,
L107,Abdomen,103,test/L107/Low_Dose/00000020.dcm,130.0,262144,0.007269309367984533,0,,,,,,,0,,,,,,,0,,,,,,,0,,,,,,
L107,Abdomen,104,test/L107/Low_Dose/00000024.dcm,130.0,262144,0.007283835206180811,0,,,,,,,0,,,,,,,0,,,,,,,0,,,,,,
L107,Abdomen,105,test/L107/Low_Dose/00000149.dcm,130.0,262144,0.007273017894476652,0,,,,,,,0,,,,,,,0,,,,,,,0,,,,,,
L107,Abdomen,106,test/L107/Low_Dose/00000181.dcm,130.0,262144,0.0072601307183504105,1,0.0072021484375,100.0,100.0,100.0,100.0,100.0,0,,,,,,,1,0.0072021484375,100.0,100.0,100.0,100.0,100.0,0,,,,,,
L107,Abdomen,107,test/L107/Low_Dose/00000175.dcm,130.0,262144,0.007278128992766142,1,0.005126953125,100.0,100.0,100.0,100.0,100.0,0,,,,,,,1,0.005126953125,100.0,100.0,100.0,100.0,100.0,0,,,,,,
L107,Abdomen,108,test/L107/Low_Dose/00000128.dcm,130.0,262144,0.007201251108199358,1,0.0062255859375,100.0,100.0,100.0,100.0,100.0,0,,,,,,,0,,,,,,,1,0.0062255859375,100.0,100.0,100.0,100.0,100.0
L107,Abdomen,109,test/L107/Low_Dose/00000053.dcm,130.0,262144,0.00720119196921587,2,0.00372314453125,100.0,100.0,100.0,100.0,100.0,0,,,,,,,1,0.0052490234375,100.0,100.0,100.0,100.0,100.0,1,0.002197265625,100.0,100.0,100.0,100.0,100.0
L107,Abdomen,110,test/L107/Low_Dose/00000050.dcm,130.0,262144,0.0071732643991708755,1,0.0069580078125,100.0,100.0,100.0,100.0,100.0,0,,,,,,,1,0.0069580078125,100.0,100.0,100.0,100.0,100.0,0,,,,,,
L107,Abdomen,111,test/L107/Low_Dose/00000168.dcm,130.0,262144,0.007066415157169104,0,,,,,,,0,,,,,,,0,,,,,,,0,,,,,,
L107,Abdomen,112,test/L107/Low_Dose/00000135.dcm,130.0,262144,0.007073169108480215,2,0.0045166015625,100.0,100.0,100.0,100.0,100.0,0,,,,,,,1,0.0064697265625,100.0,100.0,100.0,100.0,100.0,1,0.0025634765625,100.0,100.0,100.0,100.0,100.0
L107,Abdomen,113,test/L107/Low_Dose/00000186.dcm,130.0,262144,0.0072574857622385025,0,,,,,,,0,,,,,,,0,,,,,,,0,,,,,,
L107,Abdomen,114,test/L107/Low_Dose/00000155.dcm,130.0,262144,0.007437442895025015,0,,,,,,,0,,,,,,,0,,,,,,,0,,,,,,
L107,Abdomen,115,test/L107/Low_Dose/00000103.dcm,130.0,262144,0.007420259527862072,1,0.004150390625,100.0,100.0,100.0,100.0,100.0,0,,,,,,,1,0.004150390625,100.0,100.0,100.0,100.0,100.0,0,,,,,,
L107,Abdomen,116,test/L107/Low_Dose/00000164.dcm,130.0,262144,0.00724779162555933,1,0.0010986328125,100.0,100.0,100.0,100.0,100.0,0,,,,,,,1,0.0010986328125,100.0,100.0,100.0,100.0,100.0,0,,,,,,
L107,Abdomen,117,test/L107/Low_Dose/00000170.dcm,130.0,262144,0.007113037630915642,1,0.0037841796875,100.0,100.0,100.0,100.0,100.0,0,,,,,,,0,,,,,,,1,0.0037841796875,100.0,100.0,100.0,100.0,100.0
L107,Abdomen,118,test/L107/Low_Dose/00000134.dcm,130.0,262144,0.0069192578084766865,1,0.00048828125,100.0,100.0,100.0,100.0,100.0,0,,,,,,,1,0.00048828125,100.0,100.0,100.0,100.0,100.0,0,,,,,,
L107,Abdomen,119,test/L107/Low_Dose/00000019.dcm,130.0,262144,0.006727974861860275,0,,,,,,,0,,,,,,,0,,,,,,,0,,,,,,
L107,Abdomen,120,test/L107/Low_Dose/00000190.dcm,130.0,262144,0.006553905084729195,1,0.0030517578125,100.0,100.0,100.0,100.0,100.0,0,,,,,,,0,,,,,,,1,0.0030517578125,100.0,100.0,100.0,100.0,100.0
L107,Abdomen,121,test/L107/Low_Dose/00000036.dcm,130.0,262144,0.006423188839107752,0,,,,,,,0,,,,,,,0,,,,,,,0,,,,,,
L107,Abdomen,122,test/L107/Low_Dose/00000119.dcm,130.0,262144,0.006226429715752602,0,,,,,,,0,,,,,,,0,,,,,,,0,,,,,,
L107,Abdomen,123,test/L107/Low_Dose/00000081.dcm,130.0,262144,0.006131006870418787,0,,,,,,,0,,,,,,,0,,,,,,,0,,,,,,
L107,Abdomen,124,test/L107/Low_Dose/00000055.dcm,130.0,262144,0.006174465641379356,0,,,,,,,0,,,,,,,0,,,,,,,0,,,,,,
L107,Abdomen,125,test/L107/Low_Dose/00000113.dcm,130.0,262144,0.00616999389603734,0,,,,,,,0,,,,,,,0,,,,,,,0,,,,,,
L107,Abdomen,126,test/L107/Low_Dose/00000154.dcm,130.0,262144,0.006102985702455044,0,,,,,,,0,,,,,,,0,,,,,,,0,,,,,,
L107,Abdomen,127,test/L107/Low_Dose/00000012.dcm,130.0,262144,0.0060048275627195835,0,,,,,,,0,,,,,,,0,,,,,,,0,,,,,,
L107,Abdomen,128,test/L107/Low_Dose/00000041.dcm,130.0,262144,0.0059001934714615345,0,,,,,,,0,,,,,,,0,,,,,,,0,,,,,,
L107,Abdomen,129,test/L107/Low_Dose/00000195.dcm,130.0,262144,0.005839717574417591,1,0.0013427734375,100.0,100.0,100.0,100.0,100.0,0,,,,,,,0,,,,,,,1,0.0013427734375,100.0,100.0,100.0,100.0,100.0
L107,Abdomen,130,test/L107/Low_Dose/00000189.dcm,130.0,262144,0.005926332902163267,1,0.0025634765625,100.0,100.0,100.0,100.0,100.0,0,,,,,,,1,0.0025634765625,100.0,100.0,100.0,100.0,100.0,0,,,,,,
L107,Abdomen,131,test/L107/Low_Dose/00000060.dcm,130.0,262144,0.006034540478140116,1,0.003662109375,100.0,100.0,100.0,100.0,100.0,0,,,,,,,0,,,,,,,1,0.003662109375,100.0,100.0,100.0,100.0,100.0
L107,Abdomen,132,test/L107/Low_Dose/00000074.dcm,130.0,262144,0.006104663480073214,0,,,,,,,0,,,,,,,0,,,,,,,0,,,,,,
L107,Abdomen,133,test/L107/Low_Dose/00000034.dcm,130.0,262144,0.0062217703089118,1,0.005859375,100.0,100.0,100.0,100.0,100.0,0,,,,,,,0,,,,,,,1,0.005859375,100.0,100.0,100.0,100.0,100.0
L107,Abdomen,134,test/L107/Low_Dose/00000066.dcm,130.0,262144,0.006248118355870247,0,,,,,,,0,,,,,,,0,,,,,,,0,,,,,,
L107,Abdomen,135,test/L107/Low_Dose/00000102.dcm,130.0,262144,0.006286727264523506,0,,,,,,,0,,,,,,,0,,,,,,,0,,,,,,
L107,Abdomen,136,test/L107/Low_Dose/00000093.dcm,130.0,262144,0.006398768164217472,1,0.00146484375,100.0,100.0,100.0,100.0,100.0,0,,,,,,,1,0.00146484375,100.0,100.0,100.0,100.0,100.0,0,,,,,,
L107,Abdomen,137,test/L107/Low_Dose/00000086.dcm,130.0,262144,0.006486754864454269,0,,,,,,,0,,,,,,,0,,,,,,,0,,,,,,
L107,Abdomen,138,test/L107/Low_Dose/00000129.dcm,130.0,262144,0.006517255678772926,2,0.00579833984375,100.0,100.0,100.0,100.0,100.0,0,,,,,,,1,0.00537109375,100.0,100.0,100.0,100.0,100.0,1,0.0062255859375,100.0,100.0,100.0,100.0,100.0
L107,Abdomen,139,test/L107/Low_Dose/00000076.dcm,130.0,262144,0.006485677789896727,1,0.0023193359375,100.0,100.0,100.0,100.0,100.0,0,,,,,,,0,,,,,,,1,0.0023193359375,100.0,100.0,100.0,100.0,100.0
L107,Abdomen,140,test/L107/Low_Dose/00000090.dcm,130.0,262144,0.00646665645763278,0,,,,,,,0,,,,,,,0,,,,,,,0,,,,,,
L107,Abdomen,141,test/L107/Low_Dose/00000202.dcm,130.0,262144,0.006566289346665144,0,,,,,,,0,,,,,,,0,,,,,,,0,,,,,,
L107,Abdomen,142,test/L107/Low_Dose/00000001.dcm,130.0,262144,0.0066443923860788345,0,,,,,,,0,,,,,,,0,,,,,,,0,,,,,,
L107,Abdomen,143,test/L107/Low_Dose/00000107.dcm,130.0,262144,0.006711470894515514,1,0.0028076171875,100.0,100.0,100.0,100.0,100.0,0,,,,,,,0,,,,,,,1,0.0028076171875,100.0,100.0,100.0,100.0,100.0
L107,Abdomen,144,test/L107/Low_Dose/00000062.dcm,130.0,262144,0.006701243110001087,0,,,,,,,0,,,,,,,0,,,,,,,0,,,,,,
L107,Abdomen,145,test/L107/Low_Dose/00000068.dcm,130.0,262144,0.006595148704946041,0,,,,,,,0,,,,,,,0,,,,,,,0,,,,,,
L107,Abdomen,146,test/L107/Low_Dose/00000039.dcm,130.0,262144,0.006502159871160984,1,0.00146484375,100.0,100.0,100.0,100.0,100.0,0,,,,,,,0,,,,,,,1,0.00146484375,100.0,100.0,100.0,100.0,100.0
L107,Abdomen,147,test/L107/Low_Dose/00000100.dcm,130.0,262144,0.006438579875975847,1,0.0037841796875,100.0,100.0,100.0,100.0,100.0,0,,,,,,,0,,,,,,,1,0.0037841796875,100.0,100.0,100.0,100.0,100.0
L107,Abdomen,148,test/L107/Low_Dose/00000167.dcm,130.0,262144,0.006351227406412363,1,0.003662109375,100.0,100.0,100.0,100.0,100.0,0,,,,,,,0,,,,,,,1,0.003662109375,100.0,100.0,100.0,100.0,100.0
L107,Abdomen,149,test/L107/Low_Dose/00000065.dcm,130.0,262144,0.006258995272219181,0,,,,,,,0,,,,,,,0,,,,,,,0,,,,,,
L107,Abdomen,150,test/L107/Low_Dose/00000017.dcm,130.0,262144,0.006185524631291628,0,,,,,,,0,,,,,,,0,,,,,,,0,,,,,,
L107,Abdomen,151,test/L107/Low_Dose/00000046.dcm,130.0,262144,0.006193471606820822,0,,,,,,,0,,,,,,,0,,,,,,,0,,,,,,
L107,Abdomen,152,test/L107/Low_Dose/00000146.dcm,130.0,262144,0.006188780535012484,0,,,,,,,0,,,,,,,0,,,,,,,0,,,,,,
L107,Abdomen,153,test/L107/Low_Dose/00000096.dcm,130.0,262144,0.0060640922747552395,0,,,,,,,0,,,,,,,0,,,,,,,0,,,,,,
L107,Abdomen,154,test/L107/Low_Dose/00000021.dcm,130.0,262144,0.005881920922547579,1,0.004150390625,100.0,100.0,100.0,100.0,100.0,0,,,,,,,1,0.004150390625,100.0,100.0,100.0,100.0,100.0,0,,,,,,
L107,Abdomen,155,test/L107/Low_Dose/00000137.dcm,130.0,262144,0.005749134812504053,1,0.00390625,100.0,100.0,100.0,100.0,100.0,0,,,,,,,0,,,,,,,1,0.00390625,100.0,100.0,100.0,100.0,100.0
L107,Abdomen,156,test/L107/Low_Dose/00000124.dcm,130.0,262144,0.00571549404412508,1,0.002197265625,100.0,100.0,100.0,100.0,100.0,0,,,,,,,1,0.002197265625,100.0,100.0,100.0,100.0,100.0,0,,,,,,
L107,Abdomen,157,test/L107/Low_Dose/00000188.dcm,130.0,262144,0.0057424562983214855,0,,,,,,,0,,,,,,,0,,,,,,,0,,,,,,
L107,Abdomen,158,test/L107/Low_Dose/00000166.dcm,130.0,262144,0.005726299248635769,0,,,,,,,0,,,,,,,0,,,,,,,0,,,,,,
L107,Abdomen,159,test/L107/Low_Dose/00000044.dcm,130.0,262144,0.005703686736524105,1,0.0037841796875,100.0,100.0,100.0,100.0,100.0,0,,,,,,,0,,,,,,,1,0.0037841796875,100.0,100.0,100.0,100.0,100.0
L107,Abdomen,160,test/L107/Low_Dose/00000059.dcm,130.0,262144,0.005703283939510584,0,,,,,,,0,,,,,,,0,,,,,,,0,,,,,,
L107,Abdomen,161,test/L107/Low_Dose/00000030.dcm,130.0,262144,0.005642920732498169,0,,,,,,,0,,,,,,,0,,,,,,,0,,,,,,
L107,Abdomen,162,test/L107/Low_Dose/00000067.dcm,130.0,262144,0.005486053414642811,0,,,,,,,0,,,,,,,0,,,,,,,0,,,,,,
L107,Abdomen,163,test/L107/Low_Dose/00000109.dcm,130.0,262144,0.005357117857784033,1,0.001953125,100.0,100.0,100.0,100.0,100.0,0,,,,,,,0,,,,,,,1,0.001953125,100.0,100.0,100.0,100.0,100.0
L107,Abdomen,164,test/L107/Low_Dose/00000079.dcm,130.0,262144,0.005345823243260384,0,,,,,,,0,,,,,,,0,,,,,,,0,,,,,,
L107,Abdomen,165,test/L107/Low_Dose/00000199.dcm,130.0,262144,0.005415813066065311,0,,,,,,,0,,,,,,,0,,,,,,,0,,,,,,
L107,Abdomen,166,test/L107/Low_Dose/00000105.dcm,130.0,262144,0.005446474999189377,1,0.00537109375,100.0,100.0,100.0,100.0,100.0,0,,,,,,,1,0.00537109375,100.0,100.0,100.0,100.0,100.0,0,,,,,,
L107,Abdomen,167,test/L107/Low_Dose/00000064.dcm,130.0,262144,0.005381664261221886,0,,,,,,,0,,,,,,,0,,,,,,,0,,,,,,
L107,Abdomen,168,test/L107/Low_Dose/00000116.dcm,130.0,262144,0.005308066960424185,0,,,,,,,0,,,,,,,0,,,,,,,0,,,,,,
L107,Abdomen,169,test/L107/Low_Dose/00000118.dcm,130.0,262144,0.005272427573800087,1,0.0045166015625,100.0,100.0,100.0,100.0,100.0,0,,,,,,,1,0.0045166015625,100.0,100.0,100.0,100.0,100.0,0,,,,,,
L107,Abdomen,170,test/L107/Low_Dose/00000006.dcm,130.0,262144,0.005256418604403734,0,,,,,,,0,,,,,,,0,,,,,,,0,,,,,,
L107,Abdomen,171,test/L107/Low_Dose/00000080.dcm,130.0,262144,0.005277161952108145,0,,,,,,,0,,,,,,,0,,,,,,,0,,,,,,
L107,Abdomen,172,test/L107/Low_Dose/00000078.dcm,130.0,262144,0.00532562006264925,1,0.0018310546875,100.0,100.0,100.0,100.0,100.0,0,,,,,,,0,,,,,,,1,0.0018310546875,100.0,100.0,100.0,100.0,100.0
L107,Abdomen,173,test/L107/Low_Dose/00000098.dcm,130.0,262144,0.005365091376006603,1,0.0030517578125,100.0,100.0,100.0,100.0,100.0,0,,,,,,,0,,,,,,,1,0.0030517578125,100.0,100.0,100.0,100.0,100.0
L107,Abdomen,174,test/L107/Low_Dose/00000172.dcm,130.0,262144,0.005360426381230354,0,,,,,,,0,,,,,,,0,,,,,,,0,,,,,,
L107,Abdomen,175,test/L107/Low_Dose/00000061.dcm,130.0,262144,0.0053891269490122795,1,0.0,100.0,100.0,100.0,100.0,100.0,0,,,,,,,1,0.0,100.0,100.0,100.0,100.0,100.0,0,,,,,,
L107,Abdomen,176,test/L107/Low_Dose/00000193.dcm,130.0,262144,0.0054212952964007854,0,,,,,,,0,,,,,,,0,,,,,,,0,,,,,,
L107,Abdomen,177,test/L107/Low_Dose/00000142.dcm,130.0,262144,0.005443775560706854,0,,,,,,,0,,,,,,,0,,,,,,,0,,,,,,
L107,Abdomen,178,test/L107/Low_Dose/00000057.dcm,130.0,262144,0.005468682385981083,1,0.00439453125,100.0,100.0,100.0,100.0,100.0,0,,,,,,,0,,,,,,,1,0.00439453125,100.0,100.0,100.0,100.0,100.0
L107,Abdomen,179,test/L107/Low_Dose/00000132.dcm,130.0,262144,0.00549081526696682,0,,,,,,,0,,,,,,,0,,,,,,,0,,,,,,
L107,Abdomen,180,test/L107/Low_Dose/00000005.dcm,130.0,262144,0.0054819281212985516,0,,,,,,,0,,,,,,,0,,,,,,,0,,,,,,
L107,Abdomen,181,test/L107/Low_Dose/00000056.dcm,130.0,262144,0.005467889830470085,0,,,,,,,0,,,,,,,0,,,,,,,0,,,,,,
L107,Abdomen,182,test/L107/Low_Dose/00000027.dcm,130.0,262144,0.005438618361949921,1,0.0029296875,100.0,100.0,100.0,100.0,100.0,0,,,,,,,1,0.0029296875,100.0,100.0,100.0,100.0,100.0,0,,,,,,
L107,Abdomen,183,test/L107/Low_Dose/00000111.dcm,130.0,262144,0.005425869021564722,1,0.0018310546875,100.0,100.0,100.0,100.0,100.0,0,,,,,,,1,0.0018310546875,100.0,100.0,100.0,100.0,100.0,0,,,,,,
L107,Abdomen,184,test/L107/Low_Dose/00000148.dcm,130.0,262144,0.005408173426985741,0,,,,,,,0,,,,,,,0,,,,,,,0,,,,,,
L107,Abdomen,185,test/L107/Low_Dose/00000151.dcm,130.0,262144,0.005353375803679228,1,0.0037841796875,100.0,100.0,100.0,100.0,100.0,0,,,,,,,0,,,,,,,1,0.0037841796875,100.0,100.0,100.0,100.0,100.0
L107,Abdomen,186,test/L107/Low_Dose/00000075.dcm,130.0,262144,0.005330613814294338,0,,,,,,,0,,,,,,,0,,,,,,,0,,,,,,
L107,Abdomen,187,test/L107/Low_Dose/00000023.dcm,130.0,262144,0.005392300896346569,0,,,,,,,0,,,,,,,0,,,,,,,0,,,,,,
L107,Abdomen,188,test/L107/Low_Dose/00000063.dcm,130.0,262144,0.005454604979604483,0,,,,,,,0,,,,,,,0,,,,,,,0,,,,,,
L107,Abdomen,189,test/L107/Low_Dose/00000084.dcm,130.0,262144,0.005507753696292639,0,,,,,,,0,,,,,,,0,,,,,,,0,,,,,,
L107,Abdomen,190,test/L107/Low_Dose/00000072.dcm,130.0,262144,0.005480515770614147,1,0.0025634765625,100.0,100.0,100.0,100.0,100.0,0,,,,,,,0,,,,,,,1,0.0025634765625,100.0,100.0,100.0,100.0,100.0
L107,Abdomen,191,test/L107/Low_Dose/00000073.dcm,130.0,262144,0.005509117152541876,0,,,,,,,0,,,,,,,0,,,,,,,0,,,,,,
L107,Abdomen,192,test/L107/Low_Dose/00000163.dcm,130.0,262144,0.005580229219049215,0,,,,,,,0,,,,,,,0,,,,,,,0,,,,,,
L107,Abdomen,193,test/L107/Low_Dose/00000038.dcm,130.0,262144,0.0055711232125759125,0,,,,,,,0,,,,,,,0,,,,,,,0,,,,,,
L107,Abdomen,194,test/L107/Low_Dose/00000162.dcm,130.0,262144,0.005494211334735155,0,,,,,,,0,,,,,,,0,,,,,,,0,,,,,,
L107,Abdomen,195,test/L107/Low_Dose/00000011.dcm,130.0,262144,0.005458469036966562,0,,,,,,,0,,,,,,,0,,,,,,,0,,,,,,
L107,Abdomen,196,test/L107/Low_Dose/00000085.dcm,130.0,262144,0.005450197495520115,0,,,,,,,0,,,,,,,0,,,,,,,0,,,,,,
L107,Abdomen,197,test/L107/Low_Dose/00000165.dcm,130.0,262144,0.005458747036755085,0,,,,,,,0,,,,,,,0,,,,,,,0,,,,,,
L107,Abdomen,198,test/L107/Low_Dose/00000099.dcm,130.0,262144,0.005424743518233299,0,,,,,,,0,,,,,,,0,,,,,,,0,,,,,,
L107,Abdomen,199,test/L107/Low_Dose/00000112.dcm,130.0,262144,0.005357308313250542,0,,,,,,,0,,,,,,,0,,,,,,,0,,,,,,
L107,Abdomen,200,test/L107/Low_Dose/00000095.dcm,130.0,262144,0.005291622132062912,1,0.0003662109375,100.0,100.0,100.0,100.0,100.0,0,,,,,,,1,0.0003662109375,100.0,100.0,100.0,100.0,100.0,0,,,,,,
L107,Abdomen,201,test/L107/Low_Dose/00000092.dcm,130.0,262144,0.00523889297619462,0,,,,,,,0,,,,,,,0,,,,,,,0,,,,,,
L220,Abdomen,0,test/L220/Low_Dose/00000085.dcm,130.0,262144,0.00790261011570692,4,0.00469970703125,100.0,100.0,100.0,100.0,100.0,0,,,,,,,1,0.001953125,100.0,100.0,100.0,100.0,100.0,3,0.005615234375,100.0,100.0,100.0,100.0,100.0
L220,Abdomen,1,test/L220/Low_Dose/00000110.dcm,130.0,262144,0.007854204624891281,3,0.00341796875,100.0,100.0,100.0,100.0,100.0,0,,,,,,,0,,,,,,,3,0.00341796875,100.0,100.0,100.0,100.0,100.0
L220,Abdomen,2,test/L220/Low_Dose/00000022.dcm,130.0,262144,0.007883266545832157,3,0.004475911458333333,100.0,100.0,100.0,100.0,100.0,0,,,,,,,2,0.00518798828125,100.0,100.0,100.0,100.0,100.0,1,0.0030517578125,100.0,100.0,100.0,100.0,100.0
L220,Abdomen,3,test/L220/Low_Dose/00000058.dcm,130.0,262144,0.007936651818454266,2,0.00360107421875,100.0,100.0,100.0,100.0,100.0,0,,,,,,,2,0.00360107421875,100.0,100.0,100.0,100.0,100.0,0,,,,,,
L220,Abdomen,4,test/L220/Low_Dose/00000056.dcm,130.0,262144,0.007903902791440487,2,0.00238037109375,100.0,100.0,100.0,100.0,100.0,0,,,,,,,0,,,,,,,2,0.00238037109375,100.0,100.0,100.0,100.0,100.0
L220,Abdomen,5,test/L220/Low_Dose/00000139.dcm,130.0,262144,0.00790415145456791,1,0.00732421875,100.0,100.0,100.0,100.0,100.0,0,,,,,,,0,,,,,,,1,0.00732421875,100.0,100.0,100.0,100.0,100.0
L220,Abdomen,6,test/L220/Low_Dose/00000053.dcm,130.0,262144,0.007923413068056107,3,0.003987630208333333,100.0,100.0,100.0,100.0,100.0,0,,,,,,,2,0.00421142578125,100.0,100.0,100.0,100.0,100.0,1,0.0035400390625,100.0,100.0,100.0,100.0,100.0
L220,Abdomen,7,test/L220/Low_Dose/00000120.dcm,130.0,262144,0.007906751707196236,1,0.003173828125,100.0,100.0,100.0,100.0,100.0,0,,,,,,,1,0.003173828125,100.0,100.0,100.0,100.0,100.0,0,,,,,,
L220,Abdomen,8,test/L220/Low_Dose/00000071.dcm,130.0,262144,0.007878509350121021,2,0.004150390625,100.0,100.0,100.0,100.0,100.0,0,,,,,,,1,0.0054931640625,100.0,100.0,100.0,100.0,100.0,1,0.0028076171875,100.0,100.0,100.0,100.0,100.0
L220,Abdomen,9,test/L220/Low_Dose/00000029.dcm,130.0,262144,0.007991855032742023,1,0.004150390625,100.0,100.0,100.0,100.0,100.0,0,,,,,,,1,0.004150390625,100.0,100.0,100.0,100.0,100.0,0,,,,,,
L220,Abdomen,10,test/L220/Low_Dose/00000003.dcm,130.0,262144,0.008022099733352661,0,,,,,,,0,,,,,,,0,,,,,,,0,,,,,,
L220,Abdomen,11,test/L220/Low_Dose/00000001.dcm,130.0,262144,0.007899791933596134,4,0.003692626953125,100.0,100.0,100.0,100.0,100.0,0,,,,,,,2,0.00408935546875,100.0,100.0,100.0,100.0,100.0,2,0.0032958984375,100.0,100.0,100.0,100.0,100.0
L220,Abdomen,12,test/L220/Low_Dose/00000046.dcm,130.0,262144,0.007853543385863304,0,,,,,,,0,,,,,,,0,,,,,,,0,,,,,,
L220,Abdomen,13,test/L220/Low_Dose/00000068.dcm,130.0,262144,0.007709776982665062,6,0.00311279296875,100.0,100.0,100.0,100.0,100.0,0,,,,,,,3,0.0030517578125,100.0,100.0,100.0,100.0,100.0,3,0.003173828125,100.0,100.0,100.0,100.0,100.0
L220,Abdomen,14,test/L220/Low_Dose/00000124.dcm,130.0,262144,0.007308363448828459,3,0.004475911458333333,100.0,100.0,100.0,100.0,100.0,0,,,,,,,1,0.005615234375,100.0,100.0,100.0,100.0,100.0,2,0.00390625,100.0,100.0,100.0,100.0,100.0
L220,Abdomen,15,test/L220/Low_Dose/00000119.dcm,130.0,262144,0.006950631737709045,1,0.00341796875,100.0,100.0,100.0,100.0,100.0,0,,,,,,,0,,,,,,,1,0.00341796875,100.0,100.0,100.0,100.0,100.0
L220,Abdomen,16,test/L220/Low_Dose/00000082.dcm,130.0,262144,0.006702772341668606,3,0.0035400390625,100.0,100.0,100.0,100.0,100.0,0,,,,,,,1,0.005859375,100.0,100.0,100.0,100.0,100.0,2,0.00238037109375,100.0,100.0,100.0,100.0,100.0
L220,Abdomen,17,test/L220/Low_Dose/00000054.dcm,130.0,262144,0.006490116938948631,0,,,,,,,0,,,,,,,0,,,,,,,0,,,,,,
L220,Abdomen,18,test/L220/Low_Dose/00000013.dcm,130.0,262144,0.006320904940366745,0,,,,,,,0,,,,,,,0,,,,,,,0,,,,,,
L220,Abdomen,19,test/L220/Low_Dose/00000153.dcm,130.0,262144,0.0062478152103722095,0,,,,,,,0,,,,,,,0,,,,,,,0,,,,,,
L220,Abdomen,20,test/L220/Low_Dose/00000147.dcm,130.0,262144,0.006111911032348871,1,0.004638671875,100.0,100.0,100.0,100.0,100.0,0,,,,,,,0,,,,,,,1,0.004638671875,100.0,100.0,100.0,100.0,100.0
L220,Abdomen,21,test/L220/Low_Dose/00000064.dcm,130.0,262144,0.005957362707704306,1,0.0042724609375,100.0,100.0,100.0,100.0,100.0,0,,,,,,,1,0.0042724609375,100.0,100.0,100.0,100.0,100.0,0,,,,,,
L220,Abdomen,22,test/L220/Low_Dose/00000038.dcm,130.0,262144,0.005864987149834633,0,,,,,,,0,,,,,,,0,,,,,,,0,,,,,,
L220,Abdomen,23,test/L220/Low_Dose/00000101.dcm,130.0,262144,0.005858238320797682,1,0.002197265625,100.0,100.0,100.0,100.0,100.0,0,,,,,,,1,0.002197265625,100.0,100.0,100.0,100.0,100.0,0,,,,,,
L220,Abdomen,24,test/L220/Low_Dose/00000107.dcm,130.0,262144,0.005834918934851885,0,,,,,,,0,,,,,,,0,,,,,,,0,,,,,,
L220,Abdomen,25,test/L220/Low_Dose/00000083.dcm,130.0,262144,0.005802766419947147,2,0.00347900390625,100.0,100.0,100.0,100.0,100.0,0,,,,,,,2,0.00347900390625,100.0,100.0,100.0,100.0,100.0,0,,,,,,
L220,Abdomen,26,test/L220/Low_Dose/00000008.dcm,130.0,262144,0.0057458095252513885,2,0.00390625,100.0,100.0,100.0,100.0,100.0,0,,,,,,,1,0.0030517578125,100.0,100.0,100.0,100.0,100.0,1,0.0047607421875,100.0,100.0,100.0,100.0,100.0
L220,Abdomen,27,test/L220/Low_Dose/00000146.dcm,130.0,262144,0.005741480737924576,3,0.0032145182291666665,100.0,100.0,100.0,100.0,100.0,0,,,,,,,2,0.00323486328125,100.0,100.0,100.0,100.0,100.0,1,0.003173828125,100.0,100.0,100.0,100.0,100.0
L220,Abdomen,28,test/L220/Low_Dose/00000131.dcm,130.0,262144,0.005710864905267954,4,0.002685546875,100.0,100.0,100.0,100.0,100.0,0,,,,,,,3,0.0027669270833333335,100.0,100.0,100.0,100.0,100.0,1,0.00244140625,100.0,100.0,100.0,100.0,100.0
L220,Abdomen,29,test/L220/Low_Dose/00000073.dcm,130.0,262144,0.005740393418818712,0,,,,,,,0,,,,,,,0,,,,,,,0,,,,,,
L220,Abdomen,30,test/L220/Low_Dose/00000076.dcm,130.0,262144,0.005779128056019545,3,0.0021565755208333335,100.0,100.0,100.0,100.0,100.0,0,,,,,,,3,0.0021565755208333335,100.0,100.0,100.0,100.0,100.0,0,,,,,,
L220,Abdomen,31,test/L220/Low_Dose/00000069.dcm,130.0,262144,0.0058115036226809025,1,0.002685546875,100.0,100.0,100.0,100.0,100.0,0,,,,,,,0,,,,,,,1,0.002685546875,100.0,100.0,100.0,100.0,100.0
L220,Abdomen,32,test/L220/Low_Dose/00000087.dcm,130.0,262144,0.005830913782119751,1,0.0040283203125,100.0,100.0,100.0,100.0,100.0,0,,,,,,,1,0.0040283203125,100.0,100.0,100.0,100.0,100.0,0,,,,,,
L220,Abdomen,33,test/L220/Low_Dose/00000025.dcm,130.0,262144,0.005852353759109974,2,0.0030517578125,100.0,100.0,100.0,100.0,100.0,0,,,,,,,2,0.0030517578125,100.0,100.0,100.0,100.0,100.0,0,,,,,,
L220,Abdomen,34,test/L220/Low_Dose/00000150.dcm,130.0,262144,0.005851220805197954,3,0.0031331380208333335,100.0,100.0,100.0,100.0,100.0,0,,,,,,,2,0.0020751953125,100.0,100.0,100.0,100.0,100.0,1,0.0052490234375,100.0,100.0,100.0,100.0,100.0
L220,Abdomen,35,test/L220/Low_Dose/00000121.dcm,130.0,262144,0.005844978615641594,0,,,,,,,0,,,,,,,0,,,,,,,0,,,,,,
L220,Abdomen,36,test/L220/Low_Dose/00000034.dcm,130.0,262144,0.005800692364573479,7,0.0022495814732142855,100.0,100.0,100.0,100.0,100.0,0,,,,,,,4,0.002349853515625,100.0,100.0,100.0,100.0,100.0,3,0.0021158854166666665,100.0,100.0,100.0,100.0,100.0
L220,Abdomen,37,test/L220/Low_Dose/00000128.dcm,130.0,262144,0.005806175991892815,4,0.0028076171875,100.0,100.0,100.0,100.0,100.0,0,,,,,,,2,0.00341796875,100.0,100.0,100.0,100.0,100.0,2,0.002197265625,100.0,100.0,100.0,100.0,100.0
L220,Abdomen,38,test/L220/Low_Dose/00000154.dcm,130.0,262144,0.00585494190454483,4,0.002899169921875,100.0,100.0,100.0,100.0,100.0,0,,,,,,,2,0.0013427734375,100.0,100.0,100.0,100.0,100.0,2,0.00445556640625,100.0,100.0,100.0,100.0,100.0
L220,Abdomen,39,test/L220/Low_Dose/00000074.dcm,130.0,262144,0.005921234842389822,2,0.00286865234375,100.0,100.0,100.0,100.0,100.0,0,,,,,,,2,0.00286865234375,100.0,100.0,100.0,100.0,100.0,0,,,,,,
L220,Abdomen,40,test/L220/Low_Dose/00000031.dcm,130.0,262144,0.0059059844352304935,3,0.0022786458333333335,100.0,100.0,100.0,100.0,100.0,0,,,,,,,1,0.0042724609375,100.0,100.0,100.0,100.0,100.0,2,0.00128173828125,100.0,100.0,100.0,100.0,100.0
L220,Abdomen,41,test/L220/Low_Dose/00000137.dcm,130.0,262144,0.005891794338822365,2,0.00213623046875,100.0,100.0,100.0,100.0,100.0,0,,,,,,,2,0.00213623046875,100.0,100.0,100.0,100.0,100.0,0,,,,,,
L220,Abdomen,42,test/L220/Low_Dose/00000092.dcm,130.0,262144,0.005884305573999882,1,0.00537109375,100.0,100.0,100.0,100.0,100.0,0,,,,,,,1,0.00537109375,100.0,100.0,100.0,100.0,100.0,0,,,,,,
L220,Abdomen,43,test/L220/Low_Dose/00000052.dcm,130.0,262144,0.0059278919361531734,0,,,,,,,0,,,,,,,0,,,,,,,0,,,,,,
L220,Abdomen,44,test/L220/Low_Dose/00000098.dcm,130.0,262144,0.005935285240411758,3,0.0019124348958333333,100.0,100.0,100.0,100.0,100.0,0,,,,,,,3,0.0019124348958333333,100.0,100.0,100.0,100.0,100.0,0,,,,,,
L220,Abdomen,45,test/L220/Low_Dose/00000032.dcm,130.0,262144,0.00590266939252615,1,0.0008544921875,100.0,100.0,100.0,100.0,100.0,0,,,,,,,1,0.0008544921875,100.0,100.0,100.0,100.0,100.0,0,,,,,,
L220,Abdomen,46,test/L220/Low_Dose/00000070.dcm,130.0,262144,0.005835080053657293,0,,,,,,,0,,,,,,,0,,,,,,,0,,,,,,
L220,Abdomen,47,test/L220/Low_Dose/00000010.dcm,130.0,262144,0.005778859835118055,2,0.00457763671875,100.0,100.0,100.0,100.0,100.0,0,,,,,,,0,,,,,,,2,0.00457763671875,100.0,100.0,100.0,100.0,100.0
L220,Abdomen,48,test/L220/Low_Dose/00000063.dcm,130.0,262144,0.005776816979050636,1,0.0001220703125,100.0,100.0,100.0,100.0,100.0,0,,,,,,,1,0.0001220703125,100.0,100.0,100.0,100.0,100.0,0,,,,,,
L220,Abdomen,49,test/L220/Low_Dose/00000050.dcm,130.0,262144,0.005791018716990948,0,,,,,,,0,,,,,,,0,,,,,,,0,,,,,,
L220,Abdomen,50,test/L220/Low_Dose/00000144.dcm,130.0,262144,0.005785835906863213,1,0.0050048828125,100.0,100.0,100.0,100.0,100.0,0,,,,,,,1,0.0050048828125,100.0,100.0,100.0,100.0,100.0,0,,,,,,
L220,Abdomen,51,test/L220/Low_Dose/00000089.dcm,130.0,262144,0.005727305077016354,1,0.002197265625,100.0,100.0,100.0,100.0,100.0,0,,,,,,,0,,,,,,,1,0.002197265625,100.0,100.0,100.0,100.0,100.0
L220,Abdomen,52,test/L220/Low_Dose/00000045.dcm,130.0,262144,0.005641119554638863,0,,,,,,,0,,,,,,,0,,,,,,,0,,,,,,
L220,Abdomen,53,test/L220/Low_Dose/00000048.dcm,130.0,262144,0.00557156465947628,0,,,,,,,0,,,,,,,0,,,,,,,0,,,,,,
L220,Abdomen,54,test/L220/Low_Dose/00000115.dcm,130.0,262144,0.00555938808247447,0,,,,,,,0,,,,,,,0,,,,,,,0,,,,,,
L220,Abdomen,55,test/L220/Low_Dose/00000105.dcm,130.0,262144,0.005610116757452488,1,0.0008544921875,100.0,100.0,100.0,100.0,100.0,0,,,,,,,0,,,,,,,1,0.0008544921875,100.0,100.0,100.0,100.0,100.0
L220,Abdomen,56,test/L220/Low_Dose/00000017.dcm,130.0,262144,0.005618962459266186,1,0.0010986328125,100.0,100.0,100.0,100.0,100.0,0,,,,,,,0,,,,,,,1,0.0010986328125,100.0,100.0,100.0,100.0,100.0
L220,Abdomen,57,test/L220/Low_Dose/00000006.dcm,130.0,262144,0.0055561913177371025,1,0.002685546875,100.0,100.0,100.0,100.0,100.0,0,,,,,,,0,,,,,,,1,0.002685546875,100.0,100.0,100.0,100.0,100.0
L220,Abdomen,58,test/L220/Low_Dose/00000094.dcm,130.0,262144,0.005515312310308218,1,0.001708984375,100.0,100.0,100.0,100.0,100.0,0,,,,,,,1,0.001708984375,100.0,100.0,100.0,100.0,100.0,0,,,,,,
L220,Abdomen,59,test/L220/Low_Dose/00000055.dcm,130.0,262144,0.0055395164526999,0,,,,,,,0,,,,,,,0,,,,,,,0,,,,,,
L220,Abdomen,60,test/L220/Low_Dose/00000049.dcm,130.0,262144,0.005567782558500767,0,,,,,,,0,,,,,,,0,,,,,,,0,,,,,,
L220,Abdomen,61,test/L220/Low_Dose/00000123.dcm,130.0,262144,0.005622860509902239,0,,,,,,,0,,,,,,,0,,,,,,,0,,,,,,
L220,Abdomen,62,test/L220/Low_Dose/00000044.dcm,130.0,262144,0.005648083984851837,1,0.00439453125,100.0,100.0,100.0,100.0,100.0,0,,,,,,,0,,,,,,,1,0.00439453125,100.0,100.0,100.0,100.0,100.0
L220,Abdomen,63,test/L220/Low_Dose/00000011.dcm,130.0,262144,0.0057044560089707375,0,,,,,,,0,,,,,,,0,,,,,,,0,,,,,,
L220,Abdomen,64,test/L220/Low_Dose/00000084.dcm,130.0,262144,0.005737873259931803,1,0.0037841796875,100.0,100.0,100.0,100.0,100.0,0,,,,,,,1,0.0037841796875,100.0,100.0,100.0,100.0,100.0,0,,,,,,
L220,Abdomen,65,test/L220/Low_Dose/00000005.dcm,130.0,262144,0.005711432546377182,0,,,,,,,0,,,,,,,0,,,,,,,0,,,,,,
L220,Abdomen,66,test/L220/Low_Dose/00000116.dcm,130.0,262144,0.005757700186222792,0,,,,,,,0,,,,,,,0,,,,,,,0,,,,,,
L220,Abdomen,67,test/L220/Low_Dose/00000135.dcm,130.0,262144,0.005883532576262951,0,,,,,,,0,,,,,,,0,,,,,,,0,,,,,,
L220,Abdomen,68,test/L220/Low_Dose/00000118.dcm,130.0,262144,0.005879716016352177,0,,,,,,,0,,,,,,,0,,,,,,,0,,,,,,
L220,Abdomen,69,test/L220/Low_Dose/00000075.dcm,130.0,262144,0.005759653635323048,0,,,,,,,0,,,,,,,0,,,,,,,0,,,,,,
L220,Abdomen,70,test/L220/Low_Dose/00000030.dcm,130.0,262144,0.005655177868902683,0,,,,,,,0,,,,,,,0,,,,,,,0,,,,,,
L220,Abdomen,71,test/L220/Low_Dose/00000009.dcm,130.0,262144,0.005670173559337854,1,0.00390625,100.0,100.0,100.0,100.0,100.0,0,,,,,,,0,,,,,,,1,0.00390625,100.0,100.0,100.0,100.0,100.0
L220,Abdomen,72,test/L220/Low_Dose/00000021.dcm,130.0,262144,0.00564290676265955,0,,,,,,,0,,,,,,,0,,,,,,,0,,,,,,
L220,Abdomen,73,test/L220/Low_Dose/00000014.dcm,130.0,262144,0.005607123486697674,0,,,,,,,0,,,,,,,0,,,,,,,0,,,,,,
L220,Abdomen,74,test/L220/Low_Dose/00000151.dcm,130.0,262144,0.005602996796369553,0,,,,,,,0,,,,,,,0,,,,,,,0,,,,,,
L220,Abdomen,75,test/L220/Low_Dose/00000130.dcm,130.0,262144,0.005600168835371733,0,,,,,,,0,,,,,,,0,,,,,,,0,,,,,,
L220,Abdomen,76,test/L220/Low_Dose/00000133.dcm,130.0,262144,0.005629193969070911,0,,,,,,,0,,,,,,,0,,,,,,,0,,,,,,
L220,Abdomen,77,test/L220/Low_Dose/00000155.dcm,130.0,262144,0.005521454382687807,0,,,,,,,0,,,,,,,0,,,,,,,0,,,,,,
L220,Abdomen,78,test/L220/Low_Dose/00000066.dcm,130.0,262144,0.005423641763627529,0,,,,,,,0,,,,,,,0,,,,,,,0,,,,,,
L220,Abdomen,79,test/L220/Low_Dose/00000080.dcm,130.0,262144,0.0054287598468363285,0,,,,,,,0,,,,,,,0,,,,,,,0,,,,,,
L220,Abdomen,80,test/L220/Low_Dose/00000007.dcm,130.0,262144,0.005414443556219339,0,,,,,,,0,,,,,,,0,,,,,,,0,,,,,,
L220,Abdomen,81,test/L220/Low_Dose/00000132.dcm,130.0,262144,0.005357968155294657,1,0.00341796875,100.0,100.0,100.0,100.0,100.0,0,,,,,,,0,,,,,,,1,0.00341796875,100.0,100.0,100.0,100.0,100.0
L220,Abdomen,82,test/L220/Low_Dose/00000039.dcm,130.0,262144,0.005330859217792749,0,,,,,,,0,,,,,,,0,,,,,,,0,,,,,,
L220,Abdomen,83,test/L220/Low_Dose/00000093.dcm,130.0,262144,0.005385860800743103,1,0.00390625,100.0,100.0,100.0,100.0,100.0,0,,,,,,,1,0.00390625,100.0,100.0,100.0,100.0,100.0,0,,,,,,
L220,Abdomen,84,test/L220/Low_Dose/00000036.dcm,130.0,262144,0.005319877061992884,0,,,,,,,0,,,,,,,0,,,,,,,0,,,,,,
L220,Abdomen,85,test/L220/Low_Dose/00000040.dcm,130.0,262144,0.005277128890156746,0,,,,,,,0,,,,,,,0,,,,,,,0,,,,,,
L220,Abdomen,86,test/L220/Low_Dose/00000097.dcm,130.0,262144,0.005249903537333012,0,,,,,,,0,,,,,,,0,,,,,,,0,,,,,,
L220,Abdomen,87,test/L220/Low_Dose/00000117.dcm,130.0,262144,0.0052787442691624165,0,,,,,,,0,,,,,,,0,,,,,,,0,,,,,,
L220,Abdomen,88,test/L220/Low_Dose/00000047.dcm,130.0,262144,0.005241818726062775,0,,,,,,,0,,,,,,,0,,,,,,,0,,,,,,
L220,Abdomen,89,test/L220/Low_Dose/00000042.dcm,130.0,262144,0.005213127005845308,1,0.004638671875,100.0,100.0,100.0,100.0,100.0,0,,,,,,,1,0.004638671875,100.0,100.0,100.0,100.0,100.0,0,,,,,,
L220,Abdomen,90,test/L220/Low_Dose/00000051.dcm,130.0,262144,0.005144909024238586,0,,,,,,,0,,,,,,,0,,,,,,,0,,,,,,
L220,Abdomen,91,test/L220/Low_Dose/00000086.dcm,130.0,262144,0.00503587257117033,1,0.002197265625,100.0,100.0,100.0,100.0,100.0,0,,,,,,,0,,,,,,,1,0.002197265625,100.0,100.0,100.0,100.0,100.0
L220,Abdomen,92,test/L220/Low_Dose/00000041.dcm,130.0,262144,0.005028971005231142,0,,,,,,,0,,,,,,,0,,,,,,,0,,,,,,
L220,Abdomen,93,test/L220/Low_Dose/00000090.dcm,130.0,262144,0.004998576361685991,2,0.00152587890625,100.0,100.0,100.0,100.0,100.0,0,,,,,,,1,0.000732421875,100.0,100.0,100.0,100.0,100.0,1,0.0023193359375,100.0,100.0,100.0,100.0,100.0
L220,Abdomen,94,test/L220/Low_Dose/00000033.dcm,130.0,262144,0.005049811210483313,0,,,,,,,0,,,,,,,0,,,,,,,0,,,,,,
L220,Abdomen,95,test/L220/Low_Dose/00000060.dcm,130.0,262144,0.00515540549531579,4,0.0030517578125,100.0,100.0,100.0,100.0,100.0,0,,,,,,,1,0.000732421875,100.0,100.0,100.0,100.0,100.0,3,0.0038248697916666665,100.0,100.0,100.0,100.0,100.0
L220,Abdomen,96,test/L220/Low_Dose/00000102.dcm,130.0,262144,0.005196299869567156,0,,,,,,,0,,,,,,,0,,,,,,,0,,,,,,
L220,Abdomen,97,test/L220/Low_Dose/00000111.dcm,130.0,262144,0.005302978213876486,0,,,,,,,0,,,,,,,0,,,,,,,0,,,,,,
L220,Abdomen,98,test/L220/Low_Dose/00000028.dcm,130.0,262144,0.005373990163207054,0,,,,,,,0,,,,,,,0,,,,,,,0,,,,,,
L220,Abdomen,99,test/L220/Low_Dose/00000129.dcm,130.0,262144,0.005410380195826292,1,0.001953125,100.0,100.0,100.0,100.0,100.0,0,,,,,,,1,0.001953125,100.0,100.0,100.0,100.0,100.0,0,,,,,,
L220,Abdomen,100,test/L220/Low_Dose/00000062.dcm,130.0,262144,0.005288945510983467,1,0.002197265625,100.0,100.0,100.0,100.0,100.0,0,,,,,,,0,,,,,,,1,0.002197265625,100.0,100.0,100.0,100.0,100.0
L220,Abdomen,101,test/L220/Low_Dose/00000067.dcm,130.0,262144,0.005211833864450455,0,,,,,,,0,,,,,,,0,,,,,,,0,,,,,,
L220,Abdomen,102,test/L220/Low_Dose/00000112.dcm,130.0,262144,0.005225173197686672,0,,,,,,,0,,,,,,,0,,,,,,,0,,,,,,
L220,Abdomen,103,test/L220/Low_Dose/00000140.dcm,130.0,262144,0.005278321914374828,0,,,,,,,0,,,,,,,0,,,,,,,0,,,,,,
L220,Abdomen,104,test/L220/Low_Dose/00000138.dcm,130.0,262144,0.005346524063497782,0,,,,,,,0,,,,,,,0,,,,,,,0,,,,,,
L220,Abdomen,105,test/L220/Low_Dose/00000113.dcm,130.0,262144,0.005433627869933844,1,0.00537109375,100.0,100.0,100.0,100.0,100.0,0,,,,,,,0,,,,,,,1,0.00537109375,100.0,100.0,100.0,100.0,100.0
L220,Abdomen,106,test/L220/Low_Dose/00000125.dcm,130.0,262144,0.00549572566524148,0,,,,,,,0,,,,,,,0,,,,,,,0,,,,,,
L220,Abdomen,107,test/L220/Low_Dose/00000088.dcm,130.0,262144,0.005533463787287474,0,,,,,,,0,,,,,,,0,,,,,,,0,,,,,,
L220,Abdomen,108,test/L220/Low_Dose/00000035.dcm,130.0,262144,0.005508073605597019,1,0.0,100.0,100.0,100.0,100.0,100.0,0,,,,,,,1,0.0,100.0,100.0,100.0,100.0,100.0,0,,,,,,
L220,Abdomen,109,test/L220/Low_Dose/00000141.dcm,130.0,262144,0.005520762875676155,0,,,,,,,0,,,,,,,0,,,,,,,0,,,,,,
L220,Abdomen,110,test/L220/Low_Dose/00000077.dcm,130.0,262144,0.005495430435985327,0,,,,,,,0,,,,,,,0,,,,,,,0,,,,,,
L220,Abdomen,111,test/L220/Low_Dose/00000081.dcm,130.0,262144,0.005497356876730919,0,,,,,,,0,,,,,,,0,,,,,,,0,,,,,,
L220,Abdomen,112,test/L220/Low_Dose/00000065.dcm,130.0,262144,0.0055111609399318695,0,,,,,,,0,,,,,,,0,,,,,,,0,,,,,,
L220,Abdomen,113,test/L220/Low_Dose/00000149.dcm,130.0,262144,0.0054758405312895775,1,0.004150390625,100.0,100.0,100.0,100.0,100.0,0,,,,,,,1,0.004150390625,100.0,100.0,100.0,100.0,100.0,0,,,,,,
L220,Abdomen,114,test/L220/Low_Dose/00000096.dcm,130.0,262144,0.0054223244078457355,0,,,,,,,0,,,,,,,0,,,,,,,0,,,,,,
L220,Abdomen,115,test/L220/Low_Dose/00000091.dcm,130.0,262144,0.005354295019060373,0,,,,,,,0,,,,,,,0,,,,,,,0,,,,,,
L220,Abdomen,116,test/L220/Low_Dose/00000100.dcm,130.0,262144,0.005281455814838409,0,,,,,,,0,,,,,,,0,,,,,,,0,,,,,,
L220,Abdomen,117,test/L220/Low_Dose/00000127.dcm,130.0,262144,0.005208902060985565,0,,,,,,,0,,,,,,,0,,,,,,,0,,,,,,
L220,Abdomen,118,test/L220/Low_Dose/00000099.dcm,130.0,262144,0.005125632043927908,0,,,,,,,0,,,,,,,0,,,,,,,0,,,,,,
L220,Abdomen,119,test/L220/Low_Dose/00000037.dcm,130.0,262144,0.004999782890081406,0,,,,,,,0,,,,,,,0,,,,,,,0,,,,,,
L220,Abdomen,120,test/L220/Low_Dose/00000020.dcm,130.0,262144,0.004903995431959629,0,,,,,,,0,,,,,,,0,,,,,,,0,,,,,,
L220,Abdomen,121,test/L220/Low_Dose/00000015.dcm,130.0,262144,0.004899406805634499,1,0.00439453125,100.0,100.0,100.0,100.0,100.0,0,,,,,,,0,,,,,,,1,0.00439453125,100.0,100.0,100.0,100.0,100.0
L220,Abdomen,122,test/L220/Low_Dose/00000059.dcm,130.0,262144,0.004863287787884474,0,,,,,,,0,,,,,,,0,,,,,,,0,,,,,,
L220,Abdomen,123,test/L220/Low_Dose/00000002.dcm,130.0,262144,0.004768133629113436,1,0.0037841796875,100.0,100.0,100.0,100.0,100.0,0,,,,,,,1,0.0037841796875,100.0,100.0,100.0,100.0,100.0,0,,,,,,
L220,Abdomen,124,test/L220/Low_Dose/00000108.dcm,130.0,262144,0.004659744445234537,0,,,,,,,0,,,,,,,0,,,,,,,0,,,,,,
L220,Abdomen,125,test/L220/Low_Dose/00000078.dcm,130.0,262144,0.004565941169857979,1,0.0035400390625,100.0,100.0,100.0,100.0,100.0,0,,,,,,,1,0.0035400390625,100.0,100.0,100.0,100.0,100.0,0,,,,,,
L220,Abdomen,126,test/L220/Low_Dose/00000143.dcm,130.0,262144,0.004489657003432512,1,0.002685546875,100.0,100.0,100.0,100.0,100.0,0,,,,,,,0,,,,,,,1,0.002685546875,100.0,100.0,100.0,100.0,100.0
L220,Abdomen,127,test/L220/Low_Dose/00000114.dcm,130.0,262144,0.004381309263408184,0,,,,,,,0,,,,,,,0,,,,,,,0,,,,,,
L220,Abdomen,128,test/L220/Low_Dose/00000024.dcm,130.0,262144,0.004260300192981958,0,,,,,,,0,,,,,,,0,,,,,,,0,,,,,,
L220,Abdomen,129,test/L220/Low_Dose/00000043.dcm,130.0,262144,0.004189181141555309,1,0.0,100.0,100.0,100.0,100.0,100.0,0,,,,,,,1,0.0,100.0,100.0,100.0,100.0,100.0,0,,,,,,
L220,Abdomen,130,test/L220/Low_Dose/00000057.dcm,130.0,262144,0.004138933960348368,0,,,,,,,0,,,,,,,0,,,,,,,0,,,,,,
L220,Abdomen,131,test/L220/Low_Dose/00000072.dcm,130.0,262144,0.004121739882975817,0,,,,,,,0,,,,,,,0,,,,,,,0,,,,,,
L220,Abdomen,132,test/L220/Low_Dose/00000106.dcm,130.0,262144,0.004110698588192463,1,0.000244140625,100.0,100.0,100.0,100.0,100.0,0,,,,,,,0,,,,,,,1,0.000244140625,100.0,100.0,100.0,100.0,100.0
L220,Abdomen,133,test/L220/Low_Dose/00000095.dcm,130.0,262144,0.004096980206668377,1,0.00048828125,100.0,100.0,100.0,100.0,100.0,0,,,,,,,1,0.00048828125,100.0,100.0,100.0,100.0,100.0,0,,,,,,
L220,Abdomen,134,test/L220/Low_Dose/00000145.dcm,130.0,262144,0.004109515342861414,0,,,,,,,0,,,,,,,0,,,,,,,0,,,,,,
L220,Abdomen,135,test/L220/Low_Dose/00000026.dcm,130.0,262144,0.004119019955396652,1,0.001953125,100.0,100.0,100.0,100.0,100.0,0,,,,,,,1,0.001953125,100.0,100.0,100.0,100.0,100.0,0,,,,,,
L220,Abdomen,136,test/L220/Low_Dose/00000103.dcm,130.0,262144,0.004146984778344631,0,,,,,,,0,,,,,,,0,,,,,,,0,,,,,,
L220,Abdomen,137,test/L220/Low_Dose/00000079.dcm,130.0,262144,0.004215522203594446,0,,,,,,,0,,,,,,,0,,,,,,,0,,,,,,
L220,Abdomen,138,test/L220/Low_Dose/00000004.dcm,130.0,262144,0.0042367978021502495,0,,,,,,,0,,,,,,,0,,,,,,,0,,,,,,
L220,Abdomen,139,test/L220/Low_Dose/00000122.dcm,130.0,262144,0.004219093360006809,0,,,,,,,0,,,,,,,0,,,,,,,0,,,,,,
L220,Abdomen,140,test/L220/Low_Dose/00000023.dcm,130.0,262144,0.004185160622000694,0,,,,,,,0,,,,,,,0,,,,,,,0,,,,,,
L220,Abdomen,141,test/L220/Low_Dose/00000016.dcm,130.0,262144,0.004145091399550438,0,,,,,,,0,,,,,,,0,,,,,,,0,,,,,,
L220,Abdomen,142,test/L220/Low_Dose/00000148.dcm,130.0,262144,0.004106577485799789,0,,,,,,,0,,,,,,,0,,,,,,,0,,,,,,
L220,Abdomen,143,test/L220/Low_Dose/00000136.dcm,130.0,262144,0.004106512293219566,0,,,,,,,0,,,,,,,0,,,,,,,0,,,,,,
L220,Abdomen,144,test/L220/Low_Dose/00000142.dcm,130.0,262144,0.004113585688173771,0,,,,,,,0,,,,,,,0,,,,,,,0,,,,,,
L220,Abdomen,145,test/L220/Low_Dose/00000018.dcm,130.0,262144,0.004072519019246101,0,,,,,,,0,,,,,,,0,,,,,,,0,,,,,,
L220,Abdomen,146,test/L220/Low_Dose/00000061.dcm,130.0,262144,0.004011920653283596,1,0.003173828125,100.0,100.0,100.0,100.0,100.0,0,,,,,,,0,,,,,,,1,0.003173828125,100.0,100.0,100.0,100.0,100.0
L220,Abdomen,147,test/L220/Low_Dose/00000109.dcm,130.0,262144,0.003964617848396301,0,,,,,,,0,,,,,,,0,,,,,,,0,,,,,,
L220,Abdomen,148,test/L220/Low_Dose/00000156.dcm,130.0,262144,0.003926311619579792,1,0.0018310546875,100.0,100.0,100.0,100.0,100.0,0,,,,,,,0,,,,,,,1,0.0018310546875,100.0,100.0,100.0,100.0,100.0
L220,Abdomen,149,test/L220/Low_Dose/00000152.dcm,130.0,262144,0.003915653098374605,0,,,,,,,0,,,,,,,0,,,,,,,0,,,,,,
L220,Abdomen,150,test/L220/Low_Dose/00000019.dcm,130.0,262144,0.0038882121443748474,0,,,,,,,0,,,,,,,0,,,,,,,0,,,,,,
L220,Abdomen,151,test/L220/Low_Dose/00000126.dcm,130.0,262144,0.0038103354163467884,0,,,,,,,0,,,,,,,0,,,,,,,0,,,,,,
L220,Abdomen,152,test/L220/Low_Dose/00000134.dcm,130.0,262144,0.0036952761001884937,1,0.001220703125,100.0,100.0,100.0,100.0,100.0,0,,,,,,,0,,,,,,,1,0.001220703125,100.0,100.0,100.0,100.0,100.0
L220,Abdomen,153,test/L220/Low_Dose/00000027.dcm,130.0,262144,0.00359902111813426,0,,,,,,,0,,,,,,,0,,,,,,,0,,,,,,
L220,Abdomen,154,test/L220/Low_Dose/00000104.dcm,130.0,262144,0.0035483557730913162,0,,,,,,,0,,,,,,,0,,,,,,,0,,,,,,
L220,Abdomen,155,test/L220/Low_Dose/00000012.dcm,130.0,262144,0.0035207588225603104,0,,,,,,,0,,,,,,,0,,,,,,,0,,,,,,
L221,Abdomen,0,test/L221/Low_Dose/00000078.dcm,130.0,262144,0.0062694852240383625,3,0.0034993489583333335,100.0,100.0,100.0,100.0,100.0,0,,,,,,,1,0.00146484375,100.0,100.0,100.0,100.0,100.0,2,0.0045166015625,100.0,100.0,100.0,100.0,100.0
L221,Abdomen,1,test/L221/Low_Dose/00000098.dcm,130.0,262144,0.006325433496385813,1,0.0010986328125,100.0,100.0,100.0,100.0,100.0,0,,,,,,,0,,,,,,,1,0.0010986328125,100.0,100.0,100.0,100.0,100.0
L221,Abdomen,2,test/L221/Low_Dose/00000064.dcm,130.0,262144,0.006319267209619284,0,,,,,,,0,,,,,,,0,,,,,,,0,,,,,,
L221,Abdomen,3,test/L221/Low_Dose/00000089.dcm,130.0,262144,0.006410392466932535,2,0.0018310546875,100.0,100.0,100.0,100.0,100.0,0,,,,,,,2,0.0018310546875,100.0,100.0,100.0,100.0,100.0,0,,,,,,
L221,Abdomen,4,test/L221/Low_Dose/00000024.dcm,130.0,262144,0.006511690095067024,4,0.00360107421875,100.0,100.0,100.0,100.0,100.0,0,,,,,,,2,0.00335693359375,100.0,100.0,100.0,100.0,100.0,2,0.00384521484375,100.0,100.0,100.0,100.0,100.0
L221,Abdomen,5,test/L221/Low_Dose/00000067.dcm,130.0,262144,0.006630026735365391,1,0.0062255859375,100.0,100.0,100.0,100.0,100.0,0,,,,,,,0,,,,,,,1,0.0062255859375,100.0,100.0,100.0,100.0,100.0
L221,Abdomen,6,test/L221/Low_Dose/00000052.dcm,130.0,262144,0.006655222736299038,3,0.0013427734375,100.0,100.0,100.0,100.0,100.0,0,,,,,,,2,0.0010986328125,100.0,100.0,100.0,100.0,100.0,1,0.0018310546875,100.0,100.0,100.0,100.0,100.0
L221,Abdomen,7,test/L221/Low_Dose/00000018.dcm,130.0,262144,0.00662810355424881,1,0.0052490234375,100.0,100.0,100.0,100.0,100.0,0,,,,,,,1,0.0052490234375,100.0,100.0,100.0,100.0,100.0,0,,,,,,
L221,Abdomen,8,test/L221/Low_Dose/00000029.dcm,130.0,262144,0.006635288707911968,1,0.0029296875,100.0,100.0,100.0,100.0,100.0,0,,,,,,,0,,,,,,,1,0.0029296875,100.0,100.0,100.0,100.0,100.0
L221,Abdomen,9,test/L221/Low_Dose/00000012.dcm,130.0,262144,0.0066423797979950905,3,0.0038248697916666665,100.0,100.0,100.0,100.0,100.0,0,,,,,,,1,0.003173828125,100.0,100.0,100.0,100.0,100.0,2,0.004150390625,100.0,100.0,100.0,100.0,100.0
L221,Abdomen,10,test/L221/Low_Dose/00000014.dcm,130.0,262144,0.006579295732080936,1,0.002197265625,100.0,100.0,100.0,100.0,100.0,0,,,,,,,0,,,,,,,1,0.002197265625,100.0,100.0,100.0,100.0,100.0
L221,Abdomen,11,test/L221/Low_Dose/00000002.dcm,130.0,262144,0.006571403704583645,3,0.004557291666666667,100.0,100.0,100.0,100.0,100.0,0,,,,,,,2,0.00439453125,100.0,100.0,100.0,100.0,100.0,1,0.0048828125,100.0,100.0,100.0,100.0,100.0
L221,Abdomen,12,test/L221/Low_Dose/00000038.dcm,130.0,262144,0.00648492993786931,1,0.00146484375,100.0,100.0,100.0,100.0,100.0,0,,,,,,,1,0.00146484375,100.0,100.0,100.0,100.0,100.0,0,,,,,,
L221,Abdomen,13,test/L221/Low_Dose/00000016.dcm,130.0,262144,0.006478812079876661,3,0.0031331380208333335,100.0,100.0,100.0,100.0,100.0,0,,,,,,,0,,,,,,,3,0.0031331380208333335,100.0,100.0,100.0,100.0,100.0
L221,Abdomen,14,test/L221/Low_Dose/00000055.dcm,130.0,262144,0.006635887082666159,1,0.0040283203125,100.0,100.0,100.0,100.0,100.0,0,,,,,,,1,0.0040283203125,100.0,100.0,100.0,100.0,100.0,0,,,,,,
L221,Abdomen,15,test/L221/Low_Dose/00000068.dcm,130.0,262144,0.006940349470824003,2,0.0029296875,100.0,100.0,100.0,100.0,100.0,0,,,,,,,1,0.0045166015625,100.0,100.0,100.0,100.0,100.0,1,0.0013427734375,100.0,100.0,100.0,100.0,100.0
L221,Abdomen,16,test/L221/Low_Dose/00000070.dcm,130.0,262144,0.0067907641641795635,2,0.002685546875,100.0,100.0,100.0,100.0,100.0,0,,,,,,,2,0.002685546875,100.0,100.0,100.0,100.0,100.0,0,,,,,,
L221,Abdomen,17,test/L221/Low_Dose/00000083.dcm,130.0,262144,0.00674121268093586,1,0.0040283203125,100.0,100.0,100.0,100.0,100.0,0,,,,,,,0,,,,,,,1,0.0040283203125,100.0,100.0,100.0,100.0,100.0
L221,Abdomen,18,test/L221/Low_Dose/00000069.dcm,130.0,262144,0.00680773938074708,0,,,,,,,0,,,,,,,0,,,,,,,0,,,,,,
L221,Abdomen,19,test/L221/Low_Dose/00000060.dcm,130.0,262144,0.006814786698669195,0,,,,,,,0,,,,,,,0,,,,,,,0,,,,,,
L221,Abdomen,20,test/L221/Low_Dose/00000006.dcm,130.0,262144,0.006799954455345869,1,0.0,100.0,100.0,100.0,100.0,100.0,0,,,,,,,0,,,,,,,1,0.0,100.0,100.0,100.0,100.0,100.0
L221,Abdomen,21,test/L221/Low_Dose/00000017.dcm,130.0,262144,0.006779921241104603,2,0.00299072265625,100.0,100.0,100.0,100.0,100.0,0,,,,,,,2,0.00299072265625,100.0,100.0,100.0,100.0,100.0,0,,,,,,
L221,Abdomen,22,test/L221/Low_Dose/00000050.dcm,130.0,262144,0.00668393773958087,0,,,,,,,0,,,,,,,0,,,,,,,0,,,,,,
L221,Abdomen,23,test/L221/Low_Dose/00000079.dcm,130.0,262144,0.006611427292227745,1,0.0059814453125,100.0,100.0,100.0,100.0,100.0,0,,,,,,,0,,,,,,,1,0.0059814453125,100.0,100.0,100.0,100.0,100.0
L221,Abdomen,24,test/L221/Low_Dose/00000045.dcm,130.0,262144,0.006547658238559961,0,,,,,,,0,,,,,,,0,,,,,,,0,,,,,,
L221,Abdomen,25,test/L221/Low_Dose/00000049.dcm,130.0,262144,0.006489461287856102,0,,,,,,,0,,,,,,,0,,,,,,,0,,,,,,
L221,Abdomen,26,test/L221/Low_Dose/00000075.dcm,130.0,262144,0.006448803003877401,1,0.0042724609375,100.0,100.0,100.0,100.0,100.0,0,,,,,,,0,,,,,,,1,0.0042724609375,100.0,100.0,100.0,100.0,100.0
L221,Abdomen,27,test/L221/Low_Dose/00000020.dcm,130.0,262144,0.006439464166760445,1,0.0059814453125,100.0,100.0,100.0,100.0,100.0,0,,,,,,,0,,,,,,,1,0.0059814453125,100.0,100.0,100.0,100.0,100.0
L221,Abdomen,28,test/L221/Low_Dose/00000076.dcm,130.0,262144,0.0063644773326814175,0,,,,,,,0,,,,,,,0,,,,,,,0,,,,,,
L221,Abdomen,29,test/L221/Low_Dose/00000034.dcm,130.0,262144,0.006350731011480093,1,0.0048828125,100.0,100.0,100.0,100.0,100.0,0,,,,,,,0,,,,,,,1,0.0048828125,100.0,100.0,100.0,100.0,100.0
L221,Abdomen,30,test/L221/Low_Dose/00000053.dcm,130.0,262144,0.00639217346906662,0,,,,,,,0,,,,,,,0,,,,,,,0,,,,,,
L221,Abdomen,31,test/L221/Low_Dose/00000021.dcm,130.0,262144,0.006370051298290491,0,,,,,,,0,,,,,,,0,,,,,,,0,,,,,,
L221,Abdomen,32,test/L221/Low_Dose/00000066.dcm,130.0,262144,0.0062717548571527,2,0.00439453125,100.0,100.0,100.0,100.0,100.0,0,,,,,,,0,,,,,,,2,0.00439453125,100.0,100.0,100.0,100.0,100.0
L221,Abdomen,33,test/L221/Low_Dose/00000080.dcm,130.0,262144,0.0062356856651604176,1,0.0009765625,100.0,100.0,100.0,100.0,100.0,0,,,,,,,1,0.0009765625,100.0,100.0,100.0,100.0,100.0,0,,,,,,
L221,Abdomen,34,test/L221/Low_Dose/00000062.dcm,130.0,262144,0.006228177342563868,0,,,,,,,0,,,,,,,0,,,,,,,0,,,,,,
L221,Abdomen,35,test/L221/Low_Dose/00000023.dcm,130.0,262144,0.006254950538277626,0,,,,,,,0,,,,,,,0,,,,,,,0,,,,,,
L221,Abdomen,36,test/L221/Low_Dose/00000061.dcm,130.0,262144,0.006304587237536907,0,,,,,,,0,,,,,,,0,,,,,,,0,,,,,,
L221,Abdomen,37,test/L221/Low_Dose/00000040.dcm,130.0,262144,0.006301947869360447,0,,,,,,,0,,,,,,,0,,,,,,,0,,,,,,
L221,Abdomen,38,test/L221/Low_Dose/00000094.dcm,130.0,262144,0.0063001359812915325,0,,,,,,,0,,,,,,,0,,,,,,,0,,,,,,
L221,Abdomen,39,test/L221/Low_Dose/00000051.dcm,130.0,262144,0.0062070139683783054,0,,,,,,,0,,,,,,,0,,,,,,,0,,,,,,
L221,Abdomen,40,test/L221/Low_Dose/00000085.dcm,130.0,262144,0.006232301238924265,1,0.0,100.0,100.0,100.0,100.0,100.0,0,,,,,,,0,,,,,,,1,0.0,100.0,100.0,100.0,100.0,100.0
L221,Abdomen,41,test/L221/Low_Dose/00000037.dcm,130.0,262144,0.006241986528038979,0,,,,,,,0,,,,,,,0,,,,,,,0,,,,,,
L221,Abdomen,42,test/L221/Low_Dose/00000003.dcm,130.0,262144,0.006244205404073,1,0.00146484375,100.0,100.0,100.0,100.0,100.0,0,,,,,,,0,,,,,,,1,0.00146484375,100.0,100.0,100.0,100.0,100.0
L221,Abdomen,43,test/L221/Low_Dose/00000046.dcm,130.0,262144,0.00618740962818265,0,,,,,,,0,,,,,,,0,,,,,,,0,,,,,,
L221,Abdomen,44,test/L221/Low_Dose/00000093.dcm,130.0,262144,0.0061397915706038475,1,0.001220703125,100.0,100.0,100.0,100.0,100.0,0,,,,,,,1,0.001220703125,100.0,100.0,100.0,100.0,100.0,0,,,,,,
L221,Abdomen,45,test/L221/Low_Dose/00000099.dcm,130.0,262144,0.006126017775386572,0,,,,,,,0,,,,,,,0,,,,,,,0,,,,,,
L221,Abdomen,46,test/L221/Low_Dose/00000005.dcm,130.0,262144,0.006087905261665583,0,,,,,,,0,,,,,,,0,,,,,,,0,,,,,,
L221,Abdomen,47,test/L221/Low_Dose/00000030.dcm,130.0,262144,0.006050910800695419,0,,,,,,,0,,,,,,,0,,,,,,,0,,,,,,
L221,Abdomen,48,test/L221/Low_Dose/00000065.dcm,130.0,262144,0.00597294932231307,0,,,,,,,0,,,,,,,0,,,,,,,0,,,,,,
L221,Abdomen,49,test/L221/Low_Dose/00000031.dcm,130.0,262144,0.005964110139757395,0,,,,,,,0,,,,,,,0,,,,,,,0,,,,,,
L221,Abdomen,50,test/L221/Low_Dose/00000028.dcm,130.0,262144,0.006000872701406479,1,0.0037841796875,100.0,100.0,100.0,100.0,100.0,0,,,,,,,1,0.0037841796875,100.0,100.0,100.0,100.0,100.0,0,,,,,,
L221,Abdomen,51,test/L221/Low_Dose/00000042.dcm,130.0,262144,0.00604769354686141,1,0.0057373046875,100.0,100.0,100.0,100.0,100.0,0,,,,,,,0,,,,,,,1,0.0057373046875,100.0,100.0,100.0,100.0,100.0
L221,Abdomen,52,test/L221/Low_Dose/00000013.dcm,130.0,262144,0.0060322899371385574,0,,,,,,,0,,,,,,,0,,,,,,,0,,,,,,
L221,Abdomen,53,test/L221/Low_Dose/00000091.dcm,130.0,262144,0.00600769417360425,0,,,,,,,0,,,,,,,0,,,,,,,0,,,,,,
L221,Abdomen,54,test/L221/Low_Dose/00000047.dcm,130.0,262144,0.005970279686152935,1,0.00048828125,100.0,100.0,100.0,100.0,100.0,0,,,,,,,1,0.00048828125,100.0,100.0,100.0,100.0,100.0,0,,,,,,
L221,Abdomen,55,test/L221/Low_Dose/00000077.dcm,130.0,262144,0.005966132506728172,0,,,,,,,0,,,,,,,0,,,,,,,0,,,,,,
L221,Abdomen,56,test/L221/Low_Dose/00000097.dcm,130.0,262144,0.005992216523736715,1,0.005126953125,100.0,100.0,100.0,100.0,100.0,0,,,,,,,1,0.005126953125,100.0,100.0,100.0,100.0,100.0,0,,,,,,
L221,Abdomen,57,test/L221/Low_Dose/00000087.dcm,130.0,262144,0.006032904610037804,0,,,,,,,0,,,,,,,0,,,,,,,0,,,,,,
L221,Abdomen,58,test/L221/Low_Dose/00000072.dcm,130.0,262144,0.006008327007293701,0,,,,,,,0,,,,,,,0,,,,,,,0,,,,,,
L221,Abdomen,59,test/L221/Low_Dose/00000092.dcm,130.0,262144,0.005980485584586859,0,,,,,,,0,,,,,,,0,,,,,,,0,,,,,,
L221,Abdomen,60,test/L221/Low_Dose/00000025.dcm,130.0,262144,0.005969419609755278,0,,,,,,,0,,,,,,,0,,,,,,,0,,,,,,
L221,Abdomen,61,test/L221/Low_Dose/00000001.dcm,130.0,262144,0.005942054558545351,0,,,,,,,0,,,,,,,0,,,,,,,0,,,,,,
L221,Abdomen,62,test/L221/Low_Dose/00000056.dcm,130.0,262144,0.005923732183873653,0,,,,,,,0,,,,,,,0,,,,,,,0,,,,,,
L221,Abdomen,63,test/L221/Low_Dose/00000036.dcm,130.0,262144,0.005933478940278292,0,,,,,,,0,,,,,,,0,,,,,,,0,,,,,,
L221,Abdomen,64,test/L221/Low_Dose/00000054.dcm,130.0,262144,0.005831480026245117,0,,,,,,,0,,,,,,,0,,,,,,,0,,,,,,
L221,Abdomen,65,test/L221/Low_Dose/00000008.dcm,130.0,262144,0.005709955934435129,0,,,,,,,0,,,,,,,0,,,,,,,0,,,,,,
L221,Abdomen,66,test/L221/Low_Dose/00000022.dcm,130.0,262144,0.0056478288024663925,1,0.001953125,100.0,100.0,100.0,100.0,100.0,0,,,,,,,0,,,,,,,1,0.001953125,100.0,100.0,100.0,100.0,100.0
L221,Abdomen,67,test/L221/Low_Dose/00000048.dcm,130.0,262144,0.00563840800896287,1,0.004150390625,100.0,100.0,100.0,100.0,100.0,0,,,,,,,0,,,,,,,1,0.004150390625,100.0,100.0,100.0,100.0,100.0
L221,Abdomen,68,test/L221/Low_Dose/00000004.dcm,130.0,262144,0.005614831577986479,0,,,,,,,0,,,,,,,0,,,,,,,0,,,,,,
L221,Abdomen,69,test/L221/Low_Dose/00000063.dcm,130.0,262144,0.005590222310274839,1,0.0037841796875,100.0,100.0,100.0,100.0,100.0,0,,,,,,,0,,,,,,,1,0.0037841796875,100.0,100.0,100.0,100.0,100.0
L221,Abdomen,70,test/L221/Low_Dose/00000033.dcm,130.0,262144,0.005572011228650808,0,,,,,,,0,,,,,,,0,,,,,,,0,,,,,,
L221,Abdomen,71,test/L221/Low_Dose/00000096.dcm,130.0,262144,0.0055767749436199665,0,,,,,,,0,,,,,,,0,,,,,,,0,,,,,,
L221,Abdomen,72,test/L221/Low_Dose/00000027.dcm,130.0,262144,0.005571263842284679,0,,,,,,,0,,,,,,,0,,,,,,,0,,,,,,
L221,Abdomen,73,test/L221/Low_Dose/00000032.dcm,130.0,262144,0.005464881658554077,0,,,,,,,0,,,,,,,0,,,,,,,0,,,,,,
L221,Abdomen,74,test/L221/Low_Dose/00000057.dcm,130.0,262144,0.0053069815039634705,0,,,,,,,0,,,,,,,0,,,,,,,0,,,,,,
L221,Abdomen,75,test/L221/Low_Dose/00000082.dcm,130.0,262144,0.005285762716084719,0,,,,,,,0,,,,,,,0,,,,,,,0,,,,,,
L221,Abdomen,76,test/L221/Low_Dose/00000043.dcm,130.0,262144,0.005297597963362932,0,,,,,,,0,,,,,,,0,,,,,,,0,,,,,,
L221,Abdomen,77,test/L221/Low_Dose/00000010.dcm,130.0,262144,0.005256381817162037,0,,,,,,,0,,,,,,,0,,,,,,,0,,,,,,
L221,Abdomen,78,test/L221/Low_Dose/00000019.dcm,130.0,262144,0.005158601328730583,0,,,,,,,0,,,,,,,0,,,,,,,0,,,,,,
L221,Abdomen,79,test/L221/Low_Dose/00000074.dcm,130.0,262144,0.005041210912168026,0,,,,,,,0,,,,,,,0,,,,,,,0,,,,,,
L221,Abdomen,80,test/L221/Low_Dose/00000015.dcm,130.0,262144,0.004937178920954466,1,0.0001220703125,100.0,100.0,100.0,100.0,100.0,0,,,,,,,0,,,,,,,1,0.0001220703125,100.0,100.0,100.0,100.0,100.0
L221,Abdomen,81,test/L221/Low_Dose/00000035.dcm,130.0,262144,0.004862128756940365,0,,,,,,,0,,,,,,,0,,,,,,,0,,,,,,
L221,Abdomen,82,test/L221/Low_Dose/00000009.dcm,130.0,262144,0.0047775148414075375,0,,,,,,,0,,,,,,,0,,,,,,,0,,,,,,
L221,Abdomen,83,test/L221/Low_Dose/00000039.dcm,130.0,262144,0.004727145656943321,0,,,,,,,0,,,,,,,0,,,,,,,0,,,,,,
L221,Abdomen,84,test/L221/Low_Dose/00000084.dcm,130.0,262144,0.004743579775094986,0,,,,,,,0,,,,,,,0,,,,,,,0,,,,,,
L221,Abdomen,85,test/L221/Low_Dose/00000011.dcm,130.0,262144,0.004722496960312128,1,0.0009765625,100.0,100.0,100.0,100.0,100.0,0,,,,,,,0,,,,,,,1,0.0009765625,100.0,100.0,100.0,100.0,100.0
L221,Abdomen,86,test/L221/Low_Dose/00000041.dcm,130.0,262144,0.004678939003497362,0,,,,,,,0,,,,,,,0,,,,,,,0,,,,,,
L221,Abdomen,87,test/L221/Low_Dose/00000090.dcm,130.0,262144,0.00458286888897419,0,,,,,,,0,,,,,,,0,,,,,,,0,,,,,,
L221,Abdomen,88,test/L221/Low_Dose/00000073.dcm,130.0,262144,0.004372922237962484,0,,,,,,,0,,,,,,,0,,,,,,,0,,,,,,
L221,Abdomen,89,test/L221/Low_Dose/00000044.dcm,130.0,262144,0.004322395659983158,0,,,,,,,0,,,,,,,0,,,,,,,0,,,,,,
L221,Abdomen,90,test/L221/Low_Dose/00000081.dcm,130.0,262144,0.0043045091442763805,0,,,,,,,0,,,,,,,0,,,,,,,0,,,,,,
L221,Abdomen,91,test/L221/Low_Dose/00000007.dcm,130.0,262144,0.0042441226541996,0,,,,,,,0,,,,,,,0,,,,,,,0,,,,,,
L221,Abdomen,92,test/L221/Low_Dose/00000086.dcm,130.0,262144,0.0042255292646586895,0,,,,,,,0,,,,,,,0,,,,,,,0,,,,,,
L221,Abdomen,93,test/L221/Low_Dose/00000095.dcm,130.0,262144,0.004325489979237318,0,,,,,,,0,,,,,,,0,,,,,,,0,,,,,,
L221,Abdomen,94,test/L221/Low_Dose/00000026.dcm,130.0,262144,0.004371525254100561,0,,,,,,,0,,,,,,,0,,,,,,,0,,,,,,
L221,Abdomen,95,test/L221/Low_Dose/00000059.dcm,130.0,262144,0.004263738170266151,0,,,,,,,0,,,,,,,0,,,,,,,0,,,,,,
L221,Abdomen,96,test/L221/Low_Dose/00000088.dcm,130.0,262144,0.004084650427103043,0,,,,,,,0,,,,,,,0,,,,,,,0,,,,,,
L221,Abdomen,97,test/L221/Low_Dose/00000058.dcm,130.0,262144,0.003986373543739319,0,,,,,,,0,,,,,,,0,,,,,,,0,,,,,,
L221,Abdomen,98,test/L221/Low_Dose/00000071.dcm,130.0,262144,0.003960337024182081,0,,,,,,,0,,,,,,,0,,,,,,,0,,,,,,
L241,Abdomen,0,test/L241/Low_Dose/00000079.dcm,130.0,262144,0.010166402906179428,1,0.006591796875,100.0,100.0,100.0,100.0,100.0,0,,,,,,,0,,,,,,,1,0.006591796875,100.0,100.0,100.0,100.0,100.0
L241,Abdomen,1,test/L241/Low_Dose/00000071.dcm,130.0,262144,0.01020442321896553,2,0.00738525390625,100.0,100.0,100.0,100.0,100.0,0,,,,,,,1,0.0087890625,100.0,100.0,100.0,100.0,100.0,1,0.0059814453125,100.0,100.0,100.0,100.0,100.0
L241,Abdomen,2,test/L241/Low_Dose/00000113.dcm,130.0,262144,0.010185547173023224,1,0.0028076171875,100.0,100.0,100.0,100.0,100.0,0,,,,,,,1,0.0028076171875,100.0,100.0,100.0,100.0,100.0,0,,,,,,
L241,Abdomen,3,test/L241/Low_Dose/00000041.dcm,130.0,262144,0.010148713365197182,0,,,,,,,0,,,,,,,0,,,,,,,0,,,,,,
L241,Abdomen,4,test/L241/Low_Dose/00000103.dcm,130.0,262144,0.010127674788236618,0,,,,,,,0,,,,,,,0,,,,,,,0,,,,,,
L241,Abdomen,5,test/L241/Low_Dose/00000152.dcm,130.0,262144,0.010058344341814518,2,0.0042724609375,100.0,100.0,100.0,100.0,100.0,0,,,,,,,0,,,,,,,2,0.0042724609375,100.0,100.0,100.0,100.0,100.0
L241,Abdomen,6,test/L241/Low_Dose/00000032.dcm,130.0,262144,0.009824232198297977,0,,,,,,,0,,,,,,,0,,,,,,,0,,,,,,
L241,Abdomen,7,test/L241/Low_Dose/00000122.dcm,130.0,262144,0.009721159934997559,1,0.007080078125,100.0,100.0,100.0,100.0,100.0,0,,,,,,,1,0.007080078125,100.0,100.0,100.0,100.0,100.0,0,,,,,,
L241,Abdomen,8,test/L241/Low_Dose/00000059.dcm,130.0,262144,0.009665187448263168,0,,,,,,,0,,,,,,,0,,,,,,,0,,,,,,
L241,Abdomen,9,test/L241/Low_Dose/00000047.dcm,130.0,262144,0.009523982182145119,2,0.00537109375,100.0,100.0,100.0,100.0,100.0,0,,,,,,,1,0.006103515625,100.0,100.0,100.0,100.0,100.0,1,0.004638671875,100.0,100.0,100.0,100.0,100.0
L241,Abdomen,10,test/L241/Low_Dose/00000009.dcm,130.0,262144,0.00948350876569748,2,0.00689697265625,100.0,100.0,100.0,100.0,100.0,0,,,,,,,0,,,,,,,2,0.00689697265625,100.0,100.0,100.0,100.0,100.0
L241,Abdomen,11,test/L241/Low_Dose/00000065.dcm,130.0,262144,0.009403757750988007,3,0.0037841796875,100.0,100.0,100.0,100.0,100.0,0,,,,,,,3,0.0037841796875,100.0,100.0,100.0,100.0,100.0,0,,,,,,
L241,Abdomen,12,test/L241/Low_Dose/00000112.dcm,130.0,262144,0.009323987178504467,1,0.002197265625,100.0,100.0,100.0,100.0,100.0,0,,,,,,,1,0.002197265625,100.0,100.0,100.0,100.0,100.0,0,,,,,,
L241,Abdomen,13,test/L241/Low_Dose/00000003.dcm,130.0,262144,0.009415337815880775,0,,,,,,,0,,,,,,,0,,,,,,,0,,,,,,
L241,Abdomen,14,test/L241/Low_Dose/00000075.dcm,130.0,262144,0.009511949494481087,2,0.00537109375,100.0,100.0,100.0,100.0,100.0,0,,,,,,,0,,,,,,,2,0.00537109375,100.0,100.0,100.0,100.0,100.0
L241,Abdomen,15,test/L241/Low_Dose/00000130.dcm,130.0,262144,0.00957913976162672,4,0.004730224609375,100.0,100.0,100.0,100.0,100.0,0,,,,,,,2,0.00732421875,100.0,100.0,100.0,100.0,100.0,2,0.00213623046875,100.0,100.0,100.0,100.0,100.0
L241,Abdomen,16,test/L241/Low_Dose/00000154.dcm,130.0,262144,0.00964689813554287,4,0.0035400390625,100.0,100.0,100.0,100.0,100.0,0,,,,,,,3,0.0018310546875,100.0,100.0,100.0,100.0,100.0,1,0.0086669921875,100.0,100.0,100.0,100.0,100.0
L241,Abdomen,17,test/L241/Low_Dose/00000027.dcm,130.0,262144,0.009552371688187122,1,0.0010986328125,100.0,100.0,100.0,100.0,100.0,0,,,,,,,0,,,,,,,1,0.0010986328125,100.0,100.0,100.0,100.0,100.0
L241,Abdomen,18,test/L241/Low_Dose/00000084.dcm,130.0,262144,0.009458988904953003,2,0.00555419921875,100.0,100.0,100.0,100.0,100.0,0,,,,,,,0,,,,,,,2,0.00555419921875,100.0,100.0,100.0,100.0,100.0
L241,Abdomen,19,test/L241/Low_Dose/00000155.dcm,130.0,262144,0.009496529586613178,0,,,,,,,0,,,,,,,0,,,,,,,0,,,,,,
L241,Abdomen,20,test/L241/Low_Dose/00000011.dcm,130.0,262144,0.009649309329688549,5,0.004541015625,100.0,100.0,100.0,100.0,100.0,0,,,,,,,1,0.0018310546875,100.0,100.0,100.0,100.0,100.0,4,0.005218505859375,100.0,100.0,100.0,100.0,100.0
L241,Abdomen,21,test/L241/Low_Dose/00000088.dcm,130.0,262144,0.009770222008228302,2,0.0040283203125,100.0,100.0,100.0,100.0,100.0,0,,,,,,,1,0.005615234375,100.0,100.0,100.0,100.0,100.0,1,0.00244140625,100.0,100.0,100.0,100.0,100.0
L241,Abdomen,22,test/L241/Low_Dose/00000091.dcm,130.0,262144,0.009789807721972466,1,0.0059814453125,100.0,100.0,100.0,100.0,100.0,0,,,,,,,1,0.0059814453125,100.0,100.0,100.0,100.0,100.0,0,,,,,,
L241,Abdomen,23,test/L241/Low_Dose/00000039.dcm,130.0,262144,0.00985019002109766,5,0.0048828125,100.0,100.0,100.0,100.0,100.0,0,,,,,,,1,0.004638671875,100.0,100.0,100.0,100.0,100.0,4,0.00494384765625,100.0,100.0,100.0,100.0,100.0
L241,Abdomen,24,test/L241/Low_Dose/00000023.dcm,130.0,262144,0.00982449296861887,7,0.0038016183035714285,100.0,100.0,100.0,100.0,100.0,0,,,,,,,6,0.00323486328125,100.0,100.0,100.0,100.0,100.0,1,0.0072021484375,100.0,100.0,100.0,100.0,100.0
L241,Abdomen,25,test/L241/Low_Dose/00000029.dcm,130.0,262144,0.009851819835603237,6,0.005147298177083333,100.0,100.0,100.0,100.0,100.0,0,,,,,,,3,0.007161458333333333,100.0,100.0,100.0,100.0,100.0,3,0.0031331380208333335,100.0,100.0,100.0,100.0,100.0
L241,Abdomen,26,test/L241/Low_Dose/00000121.dcm,130.0,262144,0.009956111200153828,4,0.00445556640625,100.0,100.0,100.0,100.0,100.0,0,,,,,,,3,0.005126953125,100.0,100.0,100.0,100.0,100.0,1,0.00244140625,100.0,100.0,100.0,100.0,100.0
L241,Abdomen,27,test/L241/Low_Dose/00000078.dcm,130.0,262144,0.0100727379322052,2,0.00836181640625,100.0,100.0,100.0,100.0,100.0,0,,,,,,,0,,,,,,,2,0.00836181640625,100.0,100.0,100.0,100.0,100.0
L241,Abdomen,28,test/L241/Low_Dose/00000107.dcm,130.0,262144,0.010114072822034359,4,0.001739501953125,100.0,100.0,100.0,100.0,100.0,0,,,,,,,2,0.00103759765625,100.0,100.0,100.0,100.0,100.0,2,0.00244140625,100.0,100.0,100.0,100.0,100.0
L241,Abdomen,29,test/L241/Low_Dose/00000150.dcm,130.0,262144,0.010179689154028893,3,0.0036214192708333335,100.0,100.0,100.0,100.0,100.0,0,,,,,,,1,0.003662109375,100.0,100.0,100.0,100.0,100.0,2,0.00360107421875,100.0,100.0,100.0,100.0,100.0
L241,Abdomen,30,test/L241/Low_Dose/00000096.dcm,130.0,262144,0.01028179656714201,5,0.0068603515625,100.0,100.0,100.0,100.0,100.0,0,,,,,,,1,0.0054931640625,100.0,100.0,100.0,100.0,100.0,4,0.0072021484375,100.0,100.0,100.0,100.0,100.0
L241,Abdomen,31,test/L241/Low_Dose/00000038.dcm,130.0,262144,0.010373180732131004,0,,,,,,,0,,,,,,,0,,,,,,,0,,,,,,
L241,Abdomen,32,test/L241/Low_Dose/00000102.dcm,130.0,262144,0.010457760654389858,4,0.005340576171875,100.0,100.0,100.0,100.0,100.0,0,,,,,,,2,0.00347900390625,100.0,100.0,100.0,100.0,100.0,2,0.0072021484375,100.0,100.0,100.0,100.0,100.0
L241,Abdomen,33,test/L241/Low_Dose/00000076.dcm,130.0,262144,0.010546932928264141,6,0.004740397135416667,100.0,100.0,100.0,100.0,100.0,0,,,,,,,3,0.0031331380208333335,100.0,100.0,100.0,100.0,100.0,3,0.00634765625,100.0,100.0,100.0,100.0,100.0
L241,Abdomen,34,test/L241/Low_Dose/00000073.dcm,130.0,262144,0.010591203346848488,5,0.0060546875,100.0,100.0,100.0,100.0,100.0,0,,,,,,,2,0.003662109375,100.0,100.0,100.0,100.0,100.0,3,0.007649739583333333,100.0,100.0,100.0,100.0,100.0
L241,Abdomen,35,test/L241/Low_Dose/00000098.dcm,130.0,262144,0.01068609394133091,6,0.005757649739583333,100.0,100.0,100.0,100.0,100.0,0,,,,,,,3,0.003662109375,100.0,100.0,100.0,100.0,100.0,3,0.007853190104166666,100.0,100.0,100.0,100.0,100.0
L241,Abdomen,36,test/L241/Low_Dose/00000138.dcm,130.0,262144,0.010760997422039509,3,0.006022135416666667,100.0,100.0,100.0,100.0,100.0,0,,,,,,,0,,,,,,,3,0.006022135416666667,100.0,100.0,100.0,100.0,100.0
L241,Abdomen,37,test/L241/Low_Dose/00000054.dcm,130.0,262144,0.0107920803129673,2,0.0052490234375,100.0,100.0,100.0,100.0,100.0,0,,,,,,,2,0.0052490234375,100.0,100.0,100.0,100.0,100.0,0,,,,,,
L241,Abdomen,38,test/L241/Low_Dose/00000114.dcm,130.0,262144,0.010777382180094719,4,0.004974365234375,100.0,100.0,100.0,100.0,100.0,0,,,,,,,1,0.0062255859375,100.0,100.0,100.0,100.0,100.0,3,0.004557291666666667,100.0,100.0,100.0,100.0,100.0
L241,Abdomen,39,test/L241/Low_Dose/00000033.dcm,130.0,262144,0.010779225267469883,6,0.004618326822916667,100.0,100.0,100.0,100.0,100.0,0,,,,,,,3,0.005411783854166667,100.0,100.0,100.0,100.0,100.0,3,0.0038248697916666665,100.0,100.0,100.0,100.0,100.0
L241,Abdomen,40,test/L241/Low_Dose/00000051.dcm,130.0,262144,0.010845200158655643,5,0.005126953125,100.0,100.0,100.0,100.0,100.0,0,,,,,,,1,0.0032958984375,100.0,100.0,100.0,100.0,100.0,4,0.005584716796875,100.0,100.0,100.0,100.0,100.0
L241,Abdomen,41,test/L241/Low_Dose/00000057.dcm,130.0,262144,0.010933867655694485,6,0.006429036458333333,100.0,100.0,100.0,100.0,100.0,0,,,,,,,3,0.007405598958333333,100.0,100.0,100.0,100.0,100.0,3,0.005452473958333333,100.0,100.0,100.0,100.0,100.0
L241,Abdomen,42,test/L241/Low_Dose/00000055.dcm,130.0,262144,0.010983802378177643,1,0.005126953125,100.0,100.0,100.0,100.0,100.0,0,,,,,,,1,0.005126953125,100.0,100.0,100.0,100.0,100.0,0,,,,,,
L241,Abdomen,43,test/L241/Low_Dose/00000058.dcm,130.0,262144,0.011069760657846928,3,0.009969075520833334,100.0,100.0,100.0,100.0,100.0,0,,,,,,,1,0.010009765625,100.0,100.0,100.0,100.0,100.0,2,0.00994873046875,100.0,100.0,100.0,100.0,100.0
L241,Abdomen,44,test/L241/Low_Dose/00000006.dcm,130.0,262144,0.01121802069246769,3,0.004964192708333333,100.0,100.0,100.0,100.0,100.0,0,,,,,,,2,0.001953125,100.0,100.0,100.0,100.0,100.0,1,0.010986328125,100.0,100.0,100.0,100.0,100.0
L241,Abdomen,45,test/L241/Low_Dose/00000046.dcm,130.0,262144,0.011356036178767681,3,0.004923502604166667,100.0,100.0,100.0,100.0,100.0,0,,,,,,,2,0.00311279296875,100.0,100.0,100.0,100.0,100.0,1,0.008544921875,100.0,100.0,100.0,100.0,100.0
L241,Abdomen,46,test/L241/Low_Dose/00000137.dcm,130.0,262144,0.011448499746620655,4,0.008331298828125,100.0,100.0,100.0,100.0,100.0,0,,,,,,,4,0.008331298828125,100.0,100.0,100.0,100.0,100.0,0,,,,,,
L241,Abdomen,47,test/L241/Low_Dose/00000015.dcm,130.0,262144,0.011492090299725533,3,0.004191080729166667,100.0,100.0,100.0,100.0,100.0,0,,,,,,,0,,,,,,,3,0.004191080729166667,100.0,100.0,100.0,100.0,100.0
L241,Abdomen,48,test/L241/Low_Dose/00000141.dcm,130.0,262144,0.01152234897017479,2,0.003173828125,100.0,100.0,100.0,100.0,100.0,0,,,,,,,1,0.0025634765625,100.0,100.0,100.0,100.0,100.0,1,0.0037841796875,100.0,100.0,100.0,100.0,100.0
L241,Abdomen,49,test/L241/Low_Dose/00000093.dcm,130.0,262144,0.011667563579976559,1,0.0023193359375,100.0,100.0,100.0,100.0,100.0,0,,,,,,,0,,,,,,,1,0.0023193359375,100.0,100.0,100.0,100.0,100.0
L241,Abdomen,50,test/L241/Low_Dose/00000097.dcm,130.0,262144,0.011807462200522423,3,0.0068359375,100.0,100.0,100.0,100.0,100.0,0,,,,,,,1,0.0009765625,100.0,100.0,100.0,100.0,100.0,2,0.009765625,100.0,100.0,100.0,100.0,100.0
L241,Abdomen,51,test/L241/Low_Dose/00000101.dcm,130.0,262144,0.011887065134942532,3,0.0048828125,100.0,100.0,100.0,100.0,100.0,0,,,,,,,2,0.00616455078125,100.0,100.0,100.0,100.0,100.0,1,0.0023193359375,100.0,100.0,100.0,100.0,100.0
L241,Abdomen,52,test/L241/Low_Dose/00000085.dcm,130.0,262144,0.011882863938808441,3,0.006429036458333333,100.0,100.0,100.0,100.0,100.0,0,,,,,,,0,,,,,,,3,0.006429036458333333,100.0,100.0,100.0,100.0,100.0
L241,Abdomen,53,test/L241/Low_Dose/00000143.dcm,130.0,262144,0.011865007691085339,0,,,,,,,0,,,,,,,0,,,,,,,0,,,,,,
L241,Abdomen,54,test/L241/Low_Dose/00000139.dcm,130.0,262144,0.011888711713254452,2,0.00164794921875,100.0,100.0,100.0,100.0,100.0,0,,,,,,,1,0.001953125,100.0,100.0,100.0,100.0,100.0,1,0.0013427734375,100.0,100.0,100.0,100.0,100.0
L241,Abdomen,55,test/L241/Low_Dose/00000142.dcm,130.0,262144,0.011921667493879795,2,0.00506591796875,100.0,100.0,100.0,100.0,100.0,0,,,,,,,1,0.0101318359375,100.0,100.0,100.0,100.0,100.0,1,0.0,100.0,100.0,100.0,100.0,100.0
L241,Abdomen,56,test/L241/Low_Dose/00000117.dcm,130.0,262144,0.011972153559327126,2,0.0067138671875,100.0,100.0,100.0,100.0,100.0,0,,,,,,,1,0.0103759765625,100.0,100.0,100.0,100.0,100.0,1,0.0030517578125,100.0,100.0,100.0,100.0,100.0
L241,Abdomen,57,test/L241/Low_Dose/00000148.dcm,130.0,262144,0.012059827335178852,1,0.0015869140625,100.0,100.0,100.0,100.0,100.0,0,,,,,,,0,,,,,,,1,0.0015869140625,100.0,100.0,100.0,100.0,100.0
L241,Abdomen,58,test/L241/Low_Dose/00000008.dcm,130.0,262144,0.01207748893648386,0,,,,,,,0,,,,,,,0,,,,,,,0,,,,,,
L241,Abdomen,59,test/L241/Low_Dose/00000134.dcm,130.0,262144,0.012071792036294937,2,0.0040283203125,100.0,100.0,100.0,100.0,100.0,0,,,,,,,2,0.0040283203125,100.0,100.0,100.0,100.0,100.0,0,,,,,,
L241,Abdomen,60,test/L241/Low_Dose/00000144.dcm,130.0,262144,0.012046979740262032,0,,,,,,,0,,,,,,,0,,,,,,,0,,,,,,
L241,Abdomen,61,test/L241/Low_Dose/00000004.dcm,130.0,262144,0.011972466483712196,1,0.00732421875,100.0,100.0,100.0,100.0,100.0,0,,,,,,,0,,,,,,,1,0.00732421875,100.0,100.0,100.0,100.0,100.0
L241,Abdomen,62,test/L241/Low_Dose/00000111.dcm,130.0,262144,0.011849448084831238,1,0.002685546875,100.0,100.0,100.0,100.0,100.0,0,,,,,,,1,0.002685546875,100.0,100.0,100.0,100.0,100.0,0,,,,,,
L241,Abdomen,63,test/L241/Low_Dose/00000050.dcm,130.0,262144,0.011779533699154854,2,0.0054931640625,100.0,100.0,100.0,100.0,100.0,0,,,,,,,0,,,,,,,2,0.0054931640625,100.0,100.0,100.0,100.0,100.0
L241,Abdomen,64,test/L241/Low_Dose/00000104.dcm,130.0,262144,0.011743850074708462,1,0.00927734375,100.0,100.0,100.0,100.0,100.0,0,,,,,,,1,0.00927734375,100.0,100.0,100.0,100.0,100.0,0,,,,,,
L241,Abdomen,65,test/L241/Low_Dose/00000064.dcm,130.0,262144,0.011652329005300999,1,0.0091552734375,100.0,100.0,100.0,100.0,100.0,0,,,,,,,1,0.0091552734375,100.0,100.0,100.0,100.0,100.0,0,,,,,,
L241,Abdomen,66,test/L241/Low_Dose/00000020.dcm,130.0,262144,0.01148858293890953,2,0.00762939453125,100.0,100.0,100.0,100.0,100.0,0,,,,,,,1,0.004638671875,100.0,100.0,100.0,100.0,100.0,1,0.0106201171875,100.0,100.0,100.0,100.0,100.0
L241,Abdomen,67,test/L241/Low_Dose/00000146.dcm,130.0,262144,0.01146379578858614,0,,,,,,,0,,,,,,,0,,,,,,,0,,,,,,
L241,Abdomen,68,test/L241/Low_Dose/00000049.dcm,130.0,262144,0.011498809792101383,1,0.0111083984375,100.0,100.0,100.0,100.0,100.0,0,,,,,,,0,,,,,,,1,0.0111083984375,100.0,100.0,100.0,100.0,100.0
L241,Abdomen,69,test/L241/Low_Dose/00000110.dcm,130.0,262144,0.011531711556017399,0,,,,,,,0,,,,,,,0,,,,,,,0,,,,,,
L241,Abdomen,70,test/L241/Low_Dose/00000119.dcm,130.0,262144,0.011466137133538723,1,0.000732421875,100.0,100.0,100.0,100.0,100.0,0,,,,,,,1,0.000732421875,100.0,100.0,100.0,100.0,100.0,0,,,,,,
L241,Abdomen,71,test/L241/Low_Dose/00000100.dcm,130.0,262144,0.011399593204259872,2,0.009521484375,100.0,100.0,100.0,100.0,100.0,0,,,,,,,1,0.0084228515625,100.0,100.0,100.0,100.0,100.0,1,0.0106201171875,100.0,100.0,100.0,100.0,100.0
L241,Abdomen,72,test/L241/Low_Dose/00000105.dcm,130.0,262144,0.011299709789454937,0,,,,,,,0,,,,,,,0,,,,,,,0,,,,,,
L241,Abdomen,73,test/L241/Low_Dose/00000118.dcm,130.0,262144,0.011121806688606739,1,0.001953125,100.0,100.0,100.0,100.0,100.0,0,,,,,,,1,0.001953125,100.0,100.0,100.0,100.0,100.0,0,,,,,,
L241,Abdomen,74,test/L241/Low_Dose/00000007.dcm,130.0,262144,0.011024530977010727,0,,,,,,,0,,,,,,,0,,,,,,,0,,,,,,
L241,Abdomen,75,test/L241/Low_Dose/00000086.dcm,130.0,262144,0.01105458289384842,1,0.009765625,100.0,100.0,100.0,100.0,100.0,0,,,,,,,0,,,,,,,1,0.009765625,100.0,100.0,100.0,100.0,100.0
L241,Abdomen,76,test/L241/Low_Dose/00000089.dcm,130.0,262144,0.01091150101274252,1,0.0072021484375,100.0,100.0,100.0,100.0,100.0,0,,,,,,,1,0.0072021484375,100.0,100.0,100.0,100.0,100.0,0,,,,,,
L241,Abdomen,77,test/L241/Low_Dose/00000040.dcm,130.0,262144,0.010766536928713322,1,0.0028076171875,100.0,100.0,100.0,100.0,100.0,0,,,,,,,0,,,,,,,1,0.0028076171875,100.0,100.0,100.0,100.0,100.0
L241,Abdomen,78,test/L241/Low_Dose/00000045.dcm,130.0,262144,0.010607806965708733,1,0.0081787109375,100.0,100.0,100.0,100.0,100.0,0,,,,,,,1,0.0081787109375,100.0,100.0,100.0,100.0,100.0,0,,,,,,
L241,Abdomen,79,test/L241/Low_Dose/00000072.dcm,130.0,262144,0.010474154725670815,1,0.0062255859375,100.0,100.0,100.0,100.0,100.0,0,,,,,,,0,,,,,,,1,0.0062255859375,100.0,100.0,100.0,100.0,100.0
L241,Abdomen,80,test/L241/Low_Dose/00000017.dcm,130.0,262144,0.010391144081950188,1,0.0064697265625,100.0,100.0,100.0,100.0,100.0,0,,,,,,,0,,,,,,,1,0.0064697265625,100.0,100.0,100.0,100.0,100.0
L241,Abdomen,81,test/L241/Low_Dose/00000135.dcm,130.0,262144,0.010333070531487465,2,0.00543212890625,100.0,100.0,100.0,100.0,100.0,0,,,,,,,1,0.0078125,100.0,100.0,100.0,100.0,100.0,1,0.0030517578125,100.0,100.0,100.0,100.0,100.0
L241,Abdomen,82,test/L241/Low_Dose/00000053.dcm,130.0,262144,0.01018015667796135,1,0.0035400390625,100.0,100.0,100.0,100.0,100.0,0,,,,,,,1,0.0035400390625,100.0,100.0,100.0,100.0,100.0,0,,,,,,
L241,Abdomen,83,test/L241/Low_Dose/00000036.dcm,130.0,262144,0.010067630559206009,1,0.00537109375,100.0,100.0,100.0,100.0,100.0,0,,,,,,,1,0.00537109375,100.0,100.0,100.0,100.0,100.0,0,,,,,,
L241,Abdomen,84,test/L241/Low_Dose/00000001.dcm,130.0,262144,0.0099555728957057,1,0.0010986328125,100.0,100.0,100.0,100.0,100.0,0,,,,,,,0,,,,,,,1,0.0010986328125,100.0,100.0,100.0,100.0,100.0
L241,Abdomen,85,test/L241/Low_Dose/00000037.dcm,130.0,262144,0.009840818122029305,0,,,,,,,0,,,,,,,0,,,,,,,0,,,,,,
L241,Abdomen,86,test/L241/Low_Dose/00000126.dcm,130.0,262144,0.009781851433217525,1,0.0068359375,100.0,100.0,100.0,100.0,100.0,0,,,,,,,0,,,,,,,1,0.0068359375,100.0,100.0,100.0,100.0,100.0
L241,Abdomen,87,test/L241/Low_Dose/00000060.dcm,130.0,262144,0.009714910760521889,0,,,,,,,0,,,,,,,0,,,,,,,0,,,,,,
L241,Abdomen,88,test/L241/Low_Dose/00000077.dcm,130.0,262144,0.009618131443858147,1,0.0010986328125,100.0,100.0,100.0,100.0,100.0,0,,,,,,,0,,,,,,,1,0.0010986328125,100.0,100.0,100.0,100.0,100.0
L241,Abdomen,89,test/L241/Low_Dose/00000063.dcm,130.0,262144,0.009639016352593899,2,0.0057373046875,100.0,100.0,100.0,100.0,100.0,0,,,,,,,0,,,,,,,2,0.0057373046875,100.0,100.0,100.0,100.0,100.0
L241,Abdomen,90,test/L241/Low_Dose/00000030.dcm,130.0,262144,0.00975959561765194,0,,,,,,,0,,,,,,,0,,,,,,,0,,,,,,
L241,Abdomen,91,test/L241/Low_Dose/00000087.dcm,130.0,262144,0.009865591302514076,0,,,,,,,0,,,,,,,0,,,,,,,0,,,,,,
L241,Abdomen,92,test/L241/Low_Dose/00000035.dcm,130.0,262144,0.00987234991043806,1,0.00732421875,100.0,100.0,100.0,100.0,100.0,0,,,,,,,1,0.00732421875,100.0,100.0,100.0,100.0,100.0,0,,,,,,
L241,Abdomen,93,test/L241/Low_Dose/00000062.dcm,130.0,262144,0.009920323267579079,0,,,,,,,0,,,,,,,0,,,,,,,0,,,,,,
L241,Abdomen,94,test/L241/Low_Dose/00000042.dcm,130.0,262144,0.0099741630256176,2,0.0054931640625,100.0,100.0,100.0,100.0,100.0,0,,,,,,,1,0.0015869140625,100.0,100.0,100.0,100.0,100.0,1,0.0093994140625,100.0,100.0,100.0,100.0,100.0
L241,Abdomen,95,test/L241/Low_Dose/00000048.dcm,130.0,262144,0.010128000751137733,1,0.0093994140625,100.0,100.0,100.0,100.0,100.0,0,,,,,,,0,,,,,,,1,0.0093994140625,100.0,100.0,100.0,100.0,100.0
L241,Abdomen,96,test/L241/Low_Dose/00000010.dcm,130.0,262144,0.010239852592349052,0,,,,,,,0,,,,,,,0,,,,,,,0,,,,,,
L241,Abdomen,97,test/L241/Low_Dose/00000028.dcm,130.0,262144,0.010243882425129414,0,,,,,,,0,,,,,,,0,,,,,,,0,,,,,,
L241,Abdomen,98,test/L241/Low_Dose/00000061.dcm,130.0,262144,0.010211874730885029,2,0.00726318359375,100.0,100.0,100.0,100.0,100.0,0,,,,,,,0,,,,,,,2,0.00726318359375,100.0,100.0,100.0,100.0,100.0
L241,Abdomen,99,test/L241/Low_Dose/00000140.dcm,130.0,262144,0.010174171067774296,0,,,,,,,0,,,,,,,0,,,,,,,0,,,,,,
L241,Abdomen,100,test/L241/Low_Dose/00000115.dcm,130.0,262144,0.01014555525034666,0,,,,,,,0,,,,,,,0,,,,,,,0,,,,,,
L241,Abdomen,101,test/L241/Low_Dose/00000012.dcm,130.0,262144,0.010171611793339252,0,,,,,,,0,,,,,,,0,,,,,,,0,,,,,,
L241,Abdomen,102,test/L241/Low_Dose/00000070.dcm,130.0,262144,0.01012087520211935,0,,,,,,,0,,,,,,,0,,,,,,,0,,,,,,
L241,Abdomen,103,test/L241/Low_Dose/00000151.dcm,130.0,262144,0.0100703164935112,0,,,,,,,0,,,,,,,0,,,,,,,0,,,,,,
L241,Abdomen,104,test/L241/Low_Dose/00000026.dcm,130.0,262144,0.010071026161313057,0,,,,,,,0,,,,,,,0,,,,,,,0,,,,,,
L241,Abdomen,105,test/L241/Low_Dose/00000005.dcm,130.0,262144,0.010150492191314697,0,,,,,,,0,,,,,,,0,,,,,,,0,,,,,,
L241,Abdomen,106,test/L241/Low_Dose/00000153.dcm,130.0,262144,0.010275664739310741,0,,,,,,,0,,,,,,,0,,,,,,,0,,,,,,
L241,Abdomen,107,test/L241/Low_Dose/00000109.dcm,130.0,262144,0.01025976613163948,0,,,,,,,0,,,,,,,0,,,,,,,0,,,,,,
L241,Abdomen,108,test/L241/Low_Dose/00000092.dcm,130.0,262144,0.010222896933555603,1,0.00927734375,100.0,100.0,100.0,100.0,100.0,0,,,,,,,0,,,,,,,1,0.00927734375,100.0,100.0,100.0,100.0,100.0
L241,Abdomen,109,test/L241/Low_Dose/00000069.dcm,130.0,262144,0.010238196700811386,0,,,,,,,0,,,,,,,0,,,,,,,0,,,,,,
L241,Abdomen,110,test/L241/Low_Dose/00000056.dcm,130.0,262144,0.010230371728539467,0,,,,,,,0,,,,,,,0,,,,,,,0,,,,,,
L241,Abdomen,111,test/L241/Low_Dose/00000002.dcm,130.0,262144,0.010164645500481129,1,0.0020751953125,100.0,100.0,100.0,100.0,100.0,0,,,,,,,0,,,,,,,1,0.0020751953125,100.0,100.0,100.0,100.0,100.0
L241,Abdomen,112,test/L241/Low_Dose/00000145.dcm,130.0,262144,0.01008396316319704,0,,,,,,,0,,,,,,,0,,,,,,,0,,,,,,
L241,Abdomen,113,test/L241/Low_Dose/00000125.dcm,130.0,262144,0.009962786920368671,0,,,,,,,0,,,,,,,0,,,,,,,0,,,,,,
L241,Abdomen,114,test/L241/Low_Dose/00000019.dcm,130.0,262144,0.009826374240219593,0,,,,,,,0,,,,,,,0,,,,,,,0,,,,,,
L241,Abdomen,115,test/L241/Low_Dose/00000013.dcm,130.0,262144,0.009753295220434666,0,,,,,,,0,,,,,,,0,,,,,,,0,,,,,,
L241,Abdomen,116,test/L241/Low_Dose/00000052.dcm,130.0,262144,0.009618428535759449,0,,,,,,,0,,,,,,,0,,,,,,,0,,,,,,
L241,Abdomen,117,test/L241/Low_Dose/00000025.dcm,130.0,262144,0.009433907456696033,3,0.0029296875,100.0,100.0,100.0,100.0,100.0,0,,,,,,,3,0.0029296875,100.0,100.0,100.0,100.0,100.0,0,,,,,,
L241,Abdomen,118,test/L241/Low_Dose/00000131.dcm,130.0,262144,0.009253016673028469,0,,,,,,,0,,,,,,,0,,,,,,,0,,,,,,
L241,Abdomen,119,test/L241/Low_Dose/00000120.dcm,130.0,262144,0.00913871917873621,0,,,,,,,0,,,,,,,0,,,,,,,0,,,,,,
L241,Abdomen,120,test/L241/Low_Dose/00000108.dcm,130.0,262144,0.009035276249051094,0,,,,,,,0,,,,,,,0,,,,,,,0,,,,,,
L241,Abdomen,121,test/L241/Low_Dose/00000031.dcm,130.0,262144,0.008940352126955986,0,,,,,,,0,,,,,,,0,,,,,,,0,,,,,,
L241,Abdomen,122,test/L241/Low_Dose/00000044.dcm,130.0,262144,0.008831940591335297,0,,,,,,,0,,,,,,,0,,,,,,,0,,,,,,
L241,Abdomen,123,test/L241/Low_Dose/00000034.dcm,130.0,262144,0.008630514144897461,1,0.001220703125,100.0,100.0,100.0,100.0,100.0,0,,,,,,,1,0.001220703125,100.0,100.0,100.0,100.0,100.0,0,,,,,,
L241,Abdomen,124,test/L241/Low_Dose/00000149.dcm,130.0,262144,0.008362803608179092,0,,,,,,,0,,,,,,,0,,,,,,,0,,,,,,
L241,Abdomen,125,test/L241/Low_Dose/00000021.dcm,130.0,262144,0.008201506920158863,0,,,,,,,0,,,,,,,0,,,,,,,0,,,,,,
L241,Abdomen,126,test/L241/Low_Dose/00000136.dcm,130.0,262144,0.008117321878671646,0,,,,,,,0,,,,,,,0,,,,,,,0,,,,,,
L241,Abdomen,127,test/L241/Low_Dose/00000094.dcm,130.0,262144,0.008009029552340508,0,,,,,,,0,,,,,,,0,,,,,,,0,,,,,,
L241,Abdomen,128,test/L241/Low_Dose/00000133.dcm,130.0,262144,0.007861508056521416,0,,,,,,,0,,,,,,,0,,,,,,,0,,,,,,
L241,Abdomen,129,test/L241/Low_Dose/00000082.dcm,130.0,262144,0.00776876974850893,1,0.0054931640625,100.0,100.0,100.0,100.0,100.0,0,,,,,,,0,,,,,,,1,0.0054931640625,100.0,100.0,100.0,100.0,100.0
L241,Abdomen,130,test/L241/Low_Dose/00000090.dcm,130.0,262144,0.007732796017080545,0,,,,,,,0,,,,,,,0,,,,,,,0,,,,,,
L241,Abdomen,131,test/L241/Low_Dose/00000018.dcm,130.0,262144,0.007653937209397554,1,0.007080078125,100.0,100.0,100.0,100.0,100.0,0,,,,,,,0,,,,,,,1,0.007080078125,100.0,100.0,100.0,100.0,100.0
L241,Abdomen,132,test/L241/Low_Dose/00000074.dcm,130.0,262144,0.007526696193963289,0,,,,,,,0,,,,,,,0,,,,,,,0,,,,,,
L241,Abdomen,133,test/L241/Low_Dose/00000022.dcm,130.0,262144,0.00740081537514925,0,,,,,,,0,,,,,,,0,,,,,,,0,,,,,,
L241,Abdomen,134,test/L241/Low_Dose/00000080.dcm,130.0,262144,0.0072069549933075905,0,,,,,,,0,,,,,,,0,,,,,,,0,,,,,,
L241,Abdomen,135,test/L241/Low_Dose/00000066.dcm,130.0,262144,0.007109513971954584,0,,,,,,,0,,,,,,,0,,,,,,,0,,,,,,
L241,Abdomen,136,test/L241/Low_Dose/00000081.dcm,130.0,262144,0.006962284911423922,1,0.0025634765625,100.0,100.0,100.0,100.0,100.0,0,,,,,,,1,0.0025634765625,100.0,100.0,100.0,100.0,100.0,0,,,,,,
L241,Abdomen,137,test/L241/Low_Dose/00000123.dcm,130.0,262144,0.006988830398768187,0,,,,,,,0,,,,,,,0,,,,,,,0,,,,,,
L241,Abdomen,138,test/L241/Low_Dose/00000016.dcm,130.0,262144,0.006937623023986816,0,,,,,,,0,,,,,,,0,,,,,,,0,,,,,,
L241,Abdomen,139,test/L241/Low_Dose/00000099.dcm,130.0,262144,0.006923881825059652,0,,,,,,,0,,,,,,,0,,,,,,,0,,,,,,
L241,Abdomen,140,test/L241/Low_Dose/00000147.dcm,130.0,262144,0.006948557216674089,0,,,,,,,0,,,,,,,0,,,,,,,0,,,,,,
L241,Abdomen,141,test/L241/Low_Dose/00000083.dcm,130.0,262144,0.006949111819267273,0,,,,,,,0,,,,,,,0,,,,,,,0,,,,,,
L241,Abdomen,142,test/L241/Low_Dose/00000129.dcm,130.0,262144,0.0069887591525912285,0,,,,,,,0,,,,,,,0,,,,,,,0,,,,,,
L241,Abdomen,143,test/L241/Low_Dose/00000014.dcm,130.0,262144,0.0070424010045826435,0,,,,,,,0,,,,,,,0,,,,,,,0,,,,,,
L241,Abdomen,144,test/L241/Low_Dose/00000095.dcm,130.0,262144,0.007084494922310114,0,,,,,,,0,,,,,,,0,,,,,,,0,,,,,,
L241,Abdomen,145,test/L241/Low_Dose/00000067.dcm,130.0,262144,0.007021692581474781,0,,,,,,,0,,,,,,,0,,,,,,,0,,,,,,
L241,Abdomen,146,test/L241/Low_Dose/00000116.dcm,130.0,262144,0.006892910227179527,1,0.006591796875,100.0,100.0,100.0,100.0,100.0,0,,,,,,,1,0.006591796875,100.0,100.0,100.0,100.0,100.0,0,,,,,,
L241,Abdomen,147,test/L241/Low_Dose/00000043.dcm,130.0,262144,0.006775223184376955,1,0.00341796875,100.0,100.0,100.0,100.0,100.0,0,,,,,,,1,0.00341796875,100.0,100.0,100.0,100.0,100.0,0,,,,,,
L241,Abdomen,148,test/L241/Low_Dose/00000068.dcm,130.0,262144,0.006620787549763918,0,,,,,,,0,,,,,,,0,,,,,,,0,,,,,,
L241,Abdomen,149,test/L241/Low_Dose/00000106.dcm,130.0,262144,0.006517345085740089,0,,,,,,,0,,,,,,,0,,,,,,,0,,,,,,
L241,Abdomen,150,test/L241/Low_Dose/00000024.dcm,130.0,262144,0.006429927423596382,0,,,,,,,0,,,,,,,0,,,,,,,0,,,,,,
L241,Abdomen,151,test/L241/Low_Dose/00000127.dcm,130.0,262144,0.006289755925536156,0,,,,,,,0,,,,,,,0,,,,,,,0,,,,,,
L241,Abdomen,152,test/L241/Low_Dose/00000124.dcm,130.0,262144,0.006207751110196114,0,,,,,,,0,,,,,,,0,,,,,,,0,,,,,,
L241,Abdomen,153,test/L241/Low_Dose/00000132.dcm,130.0,262144,0.006115858443081379,0,,,,,,,0,,,,,,,0,,,,,,,0,,,,,,
L241,Abdomen,154,test/L241/Low_Dose/00000128.dcm,130.0,262144,0.005910517182201147,0,,,,,,,0,,,,,,,0,,,,,,,0,,,,,,
