PatientID,BodyType,SliceIndex,LowDosePath,Threshold_HU,NumPixels,CorrectionAt130_HU,FlipUp_Count,FlipUp_MeanDistance_HU,FlipUp_Within1HU_pct,FlipUp_Within2HU_pct,FlipUp_Within5HU_pct,FlipUp_Within10HU_pct,FlipUp_Within20HU_pct,FlipDown_Count,FlipDown_MeanDistance_HU,FlipDown_Within1HU_pct,FlipDown_Within2HU_pct,FlipDown_Within5HU_pct,FlipDown_Within10HU_pct,FlipDown_Within20HU_pct,NewDisagree_Count,NewDisagree_MeanDistance_HU,NewDisagree_Within1HU_pct,NewDisagree_Within2HU_pct,NewDisagree_Within5HU_pct,NewDisagree_Within10HU_pct,NewDisagree_Within20HU_pct,ResolvedDisagree_Count,ResolvedDisagree_MeanDistance_HU,ResolvedDisagree_Within1HU_pct,ResolvedDisagree_Within2HU_pct,ResolvedDisagree_Within5HU_pct,ResolvedDisagree_Within10HU_pct,ResolvedDisagree_Within20HU_pct
C121,Chest,0,test/C121/Low_Dose/00000152.dcm,130.0,262144,8.57596492767334,570,3.709705660635965,12.105263157894736,25.614035087719298,68.7719298245614,100.0,100.0,0,,,,,,,352,3.8780406605113638,10.227272727272727,23.295454545454547,65.9090909090909,100.0,100.0,218,3.4378992483156536,15.137614678899082,29.357798165137616,73.39449541284404,100.0,100.0
C121,Chest,1,test/C121/Low_Dose/00000312.dcm,130.0,262144,9.001259803771973,528,3.7543133822354404,15.530303030303031,26.325757575757574,67.23484848484848,100.0,100.0,0,,,,,,,326,3.8742615869440185,13.190184049079754,23.006134969325153,65.6441717791411,100.0,100.0,202,3.560733606319616,19.306930693069308,31.683168316831683,69.8019801980198,100.0,100.0
C121,Chest,2,test/C121/Low_Dose/00000246.dcm,130.0,262144,9.591097831726074,582,3.991748718051976,11.34020618556701,23.883161512027492,62.88659793814433,100.0,100.0,0,,,,,,,324,4.221953592182677,9.25925925925926,21.91358024691358,57.407407407407405,100.0,100.0,258,3.7026542249576067,13.953488372093023,26.356589147286822,69.76744186046511,100.0,100.0
C121,Chest,3,test/C121/Low_Dose/00000259.dcm,130.0,262144,10.491264343261719,585,4.582685630341881,11.452991452991453,21.53846153846154,52.30769230769231,100.0,100.0,0,,,,,,,335,4.8542691814365675,8.656716417910447,18.507462686567163,47.46268656716418,100.0,100.0,250,4.21876416015625,15.2,25.6,58.8,100.0,100.0
C121,Chest,4,test/C121/Low_Dose/00000378.dcm,130.0,262144,10.326364517211914,527,4.331337279115275,11.385199240986717,26.37571157495256,57.30550284629981,100.0,100.0,0,,,,,,,309,4.4703222972289645,12.944983818770227,25.566343042071196,53.398058252427184,100.0,100.0,218,4.134336139084002,9.174311926605505,27.522935779816514,62.84403669724771,100.0,100.0
C121,Chest,5,test/C121/Low_Dose/00000209.dcm,130.0,262144,10.68700885772705,594,4.598585135206229,10.437710437710438,21.38047138047138,54.20875420875421,100.0,100.0,0,,,,,,,369,4.5811350752667686,11.924119241192411,21.951219512195124,52.84552845528455,100.0,100.0,225,4.627203233506944,8.0,20.444444444444443,56.44444444444444,100.0,100.0
C121,Chest,6,test/C121/Low_Dose/00000315.dcm,130.0,262144,12.298991203308105,763,5.380277021215596,8.51900393184797,17.30013106159895,45.60943643512451,96.3302752293578,100.0,0,,,,,,,455,5.397030069539835,8.351648351648352,17.142857142857142,44.395604395604394,96.7032967032967,100.0,308,5.355528992491883,8.766233766233766,17.532467532467532,47.4025974025974,95.77922077922078,100.0
C121,Chest,7,test/C121/Low_Dose/00000148.dcm,130.0,262144,12.851045608520508,689,5.597739874365022,7.402031930333817,17.271407837445572,42.52539912917271,92.59796806966618,100.0,0,,,,,,,347,5.899521709519092,6.916426512968299,14.985590778097983,39.19308357348703,90.77809798270893,100.0,342,5.291546737938597,7.894736842105263,19.5906432748538,45.90643274853801,94.44444444444444,100.0
C121,Chest,8,test/C121/Low_Dose/00000217.dcm,130.0,262144,13.911443710327148,763,6.049228093258519,7.99475753604194,15.98951507208388,41.677588466579294,83.22411533420707,100.0,0,,,,,,,373,6.174576255655161,6.970509383378016,15.549597855227882,41.8230563002681,82.30563002680965,100.0,390,5.9293444511217945,8.974358974358974,16.41025641025641,41.53846153846154,84.1025641025641,100.0
C121,Chest,9,test/C121/Low_Dose/00000147.dcm,130.0,262144,15.496466636657715,726,6.994230748536501,5.509641873278237,11.432506887052341,33.608815426997246,73.82920110192838,100.0,0,,,,,,,370,7.165949641047297,5.945945945945946,11.891891891891891,30.81081081081081,71.89189189189189,100.0,356,6.815758180082514,5.056179775280899,10.955056179775282,36.51685393258427,75.84269662921348,100.0
C121,Chest,10,test/C121/Low_Dose/00000092.dcm,130.0,262144,16.265172958374023,828,7.1375927026721016,8.695652173913043,14.855072463768115,34.42028985507246,70.16908212560386,100.0,0,,,,,,,435,7.367483836206897,7.816091954022989,13.10344827586207,32.87356321839081,68.04597701149426,100.0,393,6.883133051049619,9.669211195928753,16.793893129770993,36.1323155216285,72.51908396946565,100.0
C121,Chest,11,test/C121/Low_Dose/00000255.dcm,130.0,262144,17.337263107299805,832,7.731658935546875,7.091346153846154,12.5,30.16826923076923,64.42307692307692,100.0,0,,,,,,,424,8.13739647055572,6.367924528301887,11.556603773584905,26.88679245283019,60.613207547169814,100.0,408,7.310010723039215,7.8431372549019605,13.480392156862745,33.57843137254902,68.38235294117646,100.0
C121,Chest,12,test/C121/Low_Dose/00000304.dcm,130.0,262144,17.514131546020508,884,7.646033101491799,5.995475113122172,12.895927601809955,31.67420814479638,63.46153846153846,100.0,0,,,,,,,471,8.132583391388005,3.6093418259023355,9.554140127388536,26.751592356687897,59.447983014862,100.0,413,7.091153124054177,8.716707021791768,16.707021791767556,37.28813559322034,68.03874092009686,100.0
C121,Chest,13,test/C121/Low_Dose/00000019.dcm,130.0,262144,17.899450302124023,951,7.924572612710305,4.206098843322818,10.620399579390115,30.809674027339643,63.512092534174556,100.0,0,,,,,,,482,8.332057588822614,3.5269709543568464,8.298755186721992,26.556016597510375,60.788381742738586,100.0,469,7.505792743869936,4.904051172707889,13.00639658848614,35.18123667377399,66.31130063965885,100.0
C121,Chest,14,test/C121/Low_Dose/00000351.dcm,130.0,262144,17.987957000732422,961,7.913910070889698,6.139438085327783,10.822060353798127,30.28095733610822,64.30801248699271,100.0,0,,,,,,,520,8.01586444561298,5.576923076923077,9.423076923076923,28.26923076923077,63.65384615384615,100.0,441,7.7936928677721085,6.802721088435374,12.471655328798185,32.6530612244898,65.07936507936508,100.0
C121,Chest,15,test/C121/Low_Dose/00000107.dcm,130.0,262144,18.135875701904297,874,8.373618957379863,4.462242562929061,9.267734553775744,28.03203661327231,58.81006864988559,100.0,0,,,,,,,487,8.68147418827002,3.9014373716632442,8.41889117043121,26.078028747433265,55.441478439425055,100.0,387,7.986213309512274,5.167958656330749,10.335917312661499,30.49095607235142,63.049095607235145,100.0
C121,Chest,16,test/C121/Low_Dose/00000257.dcm,130.0,262144,18.938434600830078,971,8.541719635041195,4.222451081359424,9.165808444902163,26.570545829042224,58.08444902162719,100.0,0,,,,,,,481,8.829761402027026,3.95010395010395,8.108108108108109,24.324324324324323,55.093555093555096,100.0,490,8.258967434630103,4.489795918367347,10.204081632653061,28.775510204081634,61.02040816326531,100.0
C121,Chest,17,test/C121/Low_Dose/00000192.dcm,130.0,262144,19.325027465820312,789,8.680984632446135,5.32319391634981,10.64638783269962,27.249683143219265,56.52724968314322,100.0,0,,,,,,,391,8.980739739849744,3.836317135549872,8.951406649616368,25.319693094629155,53.452685421994886,100.0,398,8.386501599795855,6.78391959798995,12.311557788944723,29.14572864321608,59.54773869346734,100.0
C121,Chest,18,test/C121/Low_Dose/00000367.dcm,130.0,262144,19.628915786743164,756,8.513587911292989,5.423280423280423,10.97883597883598,26.58730158730159,59.25925925925926,100.0,0,,,,,,,384,8.856075286865234,4.427083333333333,10.15625,23.958333333333332,55.46875,100.0,372,8.16005386844758,6.451612903225806,11.827956989247312,29.301075268817204,63.17204301075269,100.0
C121,Chest,19,test/C121/Low_Dose/00000278.dcm,130.0,262144,19.553457260131836,824,8.391666745676577,6.91747572815534,11.771844660194175,29.733009708737864,59.34466019417476,100.0,0,,,,,,,392,9.002409020248724,5.86734693877551,10.96938775510204,26.020408163265305,54.33673469387755,100.0,432,7.837474681712963,7.87037037037037,12.5,33.101851851851855,63.888888888888886,100.0
C121,Chest,20,test/C121/Low_Dose/00000356.dcm,130.0,262144,19.239103317260742,712,8.341417634085323,6.882022471910112,11.095505617977528,27.668539325842698,60.674157303370784,100.0,0,,,,,,,366,8.41047643442623,8.469945355191257,13.114754098360656,26.229508196721312,59.2896174863388,100.0,346,8.268368406791907,5.202312138728324,8.959537572254336,29.190751445086704,62.138728323699425,100.0
C121,Chest,21,test/C121/Low_Dose/00000219.dcm,130.0,262144,19.034576416015625,632,8.388327296776108,6.487341772151899,11.550632911392405,28.164556962025316,61.234177215189874,100.0,0,,,,,,,349,8.674298218123209,6.590257879656161,10.601719197707736,26.361031518624642,57.59312320916906,100.0,283,8.03566437306758,6.360424028268551,12.720848056537102,30.3886925795053,65.7243816254417,100.0
C121,Chest,22,test/C121/Low_Dose/00000206.dcm,130.0,262144,19.025470733642578,573,8.377835951134381,5.7591623036649215,12.739965095986038,29.319371727748692,60.03490401396161,100.0,0,,,,,,,309,8.790162317961165,4.207119741100324,11.650485436893204,25.889967637540455,57.28155339805825,100.0,264,7.895226680871212,7.575757575757576,14.015151515151516,33.333333333333336,63.25757575757576,100.0
C121,Chest,23,test/C121/Low_Dose/00000082.dcm,130.0,262144,19.049942016601562,702,8.589407635550213,4.843304843304844,12.108262108262108,27.92022792022792,56.98005698005698,100.0,0,,,,,,,351,9.149879390357906,4.5584045584045585,10.826210826210826,23.931623931623932,50.712250712250714,100.0,351,8.028935880742521,5.128205128205129,13.39031339031339,31.90883190883191,63.24786324786325,100.0
C121,Chest,24,test/C121/Low_Dose/00000006.dcm,130.0,262144,18.987953186035156,640,8.847214508056641,5.625,11.5625,25.0,53.90625,100.0,0,,,,,,,364,9.361232212611608,4.945054945054945,9.615384615384615,22.52747252747253,48.9010989010989,100.0,276,8.16930710060009,6.521739130434782,14.130434782608695,28.26086956521739,60.507246376811594,100.0
C121,Chest,25,test/C121/Low_Dose/00000142.dcm,130.0,262144,19.038686752319336,753,8.367684211072378,5.577689243027889,10.092961487383798,30.1460823373174,58.03452855245684,100.0,0,,,,,,,455,8.381404532967032,5.934065934065934,10.10989010989011,29.89010989010989,57.142857142857146,100.0,298,8.34673703596896,5.033557046979865,10.06711409395973,30.536912751677853,59.395973154362416,100.0
C121,Chest,26,test/C121/Low_Dose/00000040.dcm,130.0,262144,18.536075592041016,728,7.885174761761676,6.318681318681318,12.912087912087912,32.69230769230769,64.97252747252747,100.0,0,,,,,,,387,8.150393148417313,4.134366925064599,11.11111111111111,30.49095607235142,63.565891472868216,100.0,341,7.584177682826247,8.79765395894428,14.956011730205278,35.19061583577712,66.56891495601172,100.0
C121,Chest,27,test/C121/Low_Dose/00000205.dcm,130.0,262144,18.446044921875,803,8.451227817559154,6.35118306351183,12.577833125778332,28.268991282689914,58.03237858032379,100.0,0,,,,,,,432,8.749341046368635,6.712962962962963,11.574074074074074,27.083333333333332,55.55555555555556,100.0,371,8.104098008970688,5.929919137466308,13.746630727762803,29.649595687331537,60.91644204851752,100.0
C121,Chest,28,test/C121/Low_Dose/00000099.dcm,130.0,262144,18.475942611694336,757,8.32113877249835,6.208718626155878,12.285336856010568,28.533685601056803,59.709379128137385,100.0,0,,,,,,,404,8.8203125,4.455445544554456,10.148514851485148,26.237623762376238,54.20792079207921,100.0,353,7.749846461136686,8.215297450424929,14.73087818696884,31.161473087818695,66.0056657223796,100.0
C121,Chest,29,test/C121/Low_Dose/00000187.dcm,130.0,262144,18.346698760986328,700,7.855106026785714,7.571428571428571,14.285714285714286,32.857142857142854,62.142857142857146,100.0,0,,,,,,,380,7.8271137438322365,7.894736842105263,13.947368421052632,33.68421052631579,62.10526315789474,100.0,320,7.888347625732422,7.1875,14.6875,31.875,62.1875,100.0
C121,Chest,30,test/C121/Low_Dose/00000349.dcm,130.0,262144,18.256961822509766,660,8.465445963541667,5.606060606060606,10.151515151515152,27.12121212121212,59.24242424242424,100.0,0,,,,,,,366,8.66604163998463,4.644808743169399,9.289617486338798,25.956284153005466,59.01639344262295,100.0,294,8.21572564572704,6.802721088435374,11.224489795918368,28.571428571428573,59.523809523809526,100.0
C121,Chest,31,test/C121/Low_Dose/00000256.dcm,130.0,262144,18.370302200317383,666,8.548985020176426,4.954954954954955,10.96096096096096,25.525525525525527,57.95795795795796,100.0,0,,,,,,,380,8.733292429070724,4.7368421052631575,9.473684210526315,25.0,55.0,100.0,286,8.30410190395542,5.244755244755245,12.937062937062937,26.223776223776223,61.88811188811189,100.0
C121,Chest,32,test/C121/Low_Dose/00000355.dcm,130.0,262144,18.12149429321289,677,8.365406030742244,5.022156573116692,10.044313146233383,27.6218611521418,59.97045790251108,100.0,0,,,,,,,382,8.825490582051701,4.18848167539267,9.68586387434555,24.083769633507853,53.403141361256544,100.0,295,7.76963718220339,6.101694915254237,10.508474576271187,32.20338983050848,68.47457627118644,100.0
C121,Chest,33,test/C121/Low_Dose/00000173.dcm,130.0,262144,18.053909301757812,713,7.983761395511921,6.5918653576437585,12.201963534361852,29.873772791023843,62.69284712482469,100.0,0,,,,,,,381,8.217563258694225,5.2493438320209975,10.761154855643044,28.608923884514436,60.10498687664042,100.0,332,7.7154541015625,8.132530120481928,13.855421686746988,31.325301204819276,65.66265060240964,100.0
C121,Chest,34,test/C121/Low_Dose/00000373.dcm,130.0,262144,18.12795066833496,670,8.190326929804105,5.522388059701493,10.597014925373134,28.35820895522388,60.74626865671642,100.0,0,,,,,,,367,8.69784969984673,4.087193460490464,9.536784741144414,25.61307901907357,55.3133514986376,100.0,303,7.575604630775578,7.260726072607261,11.881188118811881,31.683168316831683,67.32673267326733,100.0
C121,Chest,35,test/C121/Low_Dose/00000065.dcm,130.0,262144,17.57632064819336,576,8.051706102159288,4.6875,10.416666666666666,26.90972222222222,62.5,100.0,0,,,,,,,314,8.367655565784236,3.1847133757961785,8.280254777070065,26.11464968152866,59.23566878980892,100.0,262,7.673049111402672,6.488549618320611,12.977099236641221,27.862595419847327,66.41221374045801,100.0
C121,Chest,36,test/C121/Low_Dose/00000249.dcm,130.0,262144,17.382692337036133,582,7.99878097481744,5.841924398625429,11.34020618556701,29.209621993127147,60.99656357388316,100.0,0,,,,,,,336,8.1788816906157,6.5476190476190474,11.30952380952381,28.571428571428573,58.92857142857143,100.0,246,7.752789257018547,4.878048780487805,11.382113821138212,30.08130081300813,63.82113821138211,100.0
C121,Chest,37,test/C121/Low_Dose/00000268.dcm,130.0,262144,17.226316452026367,562,8.036001619495106,5.693950177935943,10.676156583629894,28.291814946619215,62.98932384341637,100.0,0,,,,,,,308,8.385247564935066,5.194805194805195,9.415584415584416,25.324675324675326,59.09090909090909,100.0,254,7.61250701664001,6.299212598425197,12.204724409448819,31.88976377952756,67.71653543307086,100.0
C121,Chest,38,test/C121/Low_Dose/00000392.dcm,130.0,262144,17.048948287963867,477,7.539253922628407,5.660377358490566,13.417190775681341,32.704402515723274,66.24737945492663,100.0,0,,,,,,,254,7.867748350609006,4.330708661417323,11.417322834645669,29.921259842519685,62.59842519685039,100.0,223,7.1650943499509525,7.174887892376682,15.695067264573991,35.874439461883405,70.4035874439462,100.0
C121,Chest,39,test/C121/Low_Dose/00000170.dcm,130.0,262144,16.867454528808594,527,7.534171348731024,5.1233396584440225,11.954459203036054,30.92979127134725,68.1214421252372,100.0,0,,,,,,,288,7.70599365234375,6.597222222222222,12.847222222222221,29.86111111111111,64.93055555555556,100.0,239,7.327122389023274,3.3472803347280333,10.878661087866108,32.21757322175732,71.96652719665272,100.0
C121,Chest,40,test/C121/Low_Dose/00000145.dcm,130.0,262144,16.8051815032959,554,7.627674089011733,5.956678700361011,11.913357400722022,30.32490974729242,66.60649819494584,100.0,0,,,,,,,306,7.711258233762255,5.555555555555555,11.764705882352942,29.41176470588235,64.70588235294117,100.0,248,7.524543023878528,6.451612903225806,12.096774193548388,31.451612903225808,68.95161290322581,100.0
C121,Chest,41,test/C121/Low_Dose/00000160.dcm,130.0,262144,16.790456771850586,514,7.473411470999514,7.003891050583658,13.035019455252918,33.463035019455255,66.34241245136187,100.0,0,,,,,,,276,7.981774371603261,5.434782608695652,10.507246376811594,28.6231884057971,61.594202898550726,100.0,238,6.883882410386029,8.823529411764707,15.966386554621849,39.075630252100844,71.84873949579831,100.0
C121,Chest,42,test/C121/Low_Dose/00000322.dcm,130.0,262144,16.79042625427246,521,7.532022252879079,6.90978886756238,13.435700575815739,32.82149712092131,66.21880998080614,100.0,0,,,,,,,285,7.501923999451755,5.614035087719298,12.982456140350877,32.63157894736842,65.26315789473684,100.0,236,7.568370237188824,8.474576271186441,13.983050847457626,33.05084745762712,67.37288135593221,100.0
C121,Chest,43,test/C121/Low_Dose/00000200.dcm,130.0,262144,16.972585678100586,449,7.484320625695991,6.904231625835189,12.917594654788418,32.071269487750556,67.26057906458797,100.0,0,,,,,,,222,7.649565275724943,6.306306306306307,12.162162162162161,31.53153153153153,64.86486486486487,100.0,227,7.322715187912996,7.488986784140969,13.656387665198238,32.59911894273128,69.60352422907489,100.0
C121,Chest,44,test/C121/Low_Dose/00000108.dcm,130.0,262144,16.912010192871094,494,7.931628763917004,6.882591093117409,12.145748987854251,31.37651821862348,61.94331983805668,100.0,0,,,,,,,267,8.291513964477996,5.617977528089888,10.486891385767791,27.715355805243444,58.80149812734082,100.0,227,7.50832659347467,8.370044052863436,14.09691629955947,35.68281938325991,65.63876651982379,100.0
C121,Chest,45,test/C121/Low_Dose/00000352.dcm,130.0,262144,16.88998031616211,518,7.800116697333494,6.563706563706564,12.548262548262548,29.343629343629345,63.8996138996139,100.0,0,,,,,,,274,7.839203994639599,7.299270072992701,13.138686131386862,27.37226277372263,64.5985401459854,100.0,244,7.756222584208504,5.737704918032787,11.885245901639344,31.557377049180328,63.114754098360656,100.0
C121,Chest,46,test/C121/Low_Dose/00000120.dcm,130.0,262144,16.94561004638672,548,7.723257691320712,6.386861313868613,12.043795620437956,31.751824817518248,63.86861313868613,100.0,0,,,,,,,282,7.9317497091090425,5.319148936170213,11.347517730496454,27.659574468085108,61.702127659574465,100.0,266,7.502226177014802,7.518796992481203,12.781954887218046,36.090225563909776,66.16541353383458,100.0
C121,Chest,47,test/C121/Low_Dose/00000261.dcm,130.0,262144,16.70065689086914,549,7.672680797472678,6.193078324225866,12.386156648451731,29.508196721311474,65.20947176684882,100.0,0,,,,,,,273,7.769379221039378,3.663003663003663,9.89010989010989,26.73992673992674,66.3003663003663,100.0,276,7.577033443727355,8.695652173913043,14.855072463768115,32.2463768115942,64.1304347826087,100.0
C121,Chest,48,test/C121/Low_Dose/00000081.dcm,130.0,262144,16.872955322265625,585,7.777324552617522,5.811965811965812,10.76923076923077,31.45299145299145,64.1025641025641,100.0,0,,,,,,,294,8.031829626381803,5.782312925170068,11.224489795918368,28.91156462585034,61.224489795918366,100.0,291,7.520196554177406,5.841924398625429,10.309278350515465,34.02061855670103,67.01030927835052,100.0
C121,Chest,49,test/C121/Low_Dose/00000084.dcm,130.0,262144,17.01338768005371,554,7.620021999097473,5.595667870036101,15.16245487364621,34.47653429602888,63.898916967509024,100.0,0,,,,,,,279,8.221498550907258,2.867383512544803,11.827956989247312,30.46594982078853,57.34767025089606,100.0,275,7.009797585227273,8.363636363636363,18.545454545454547,38.54545454545455,70.54545454545455,100.0
C121,Chest,50,test/C121/Low_Dose/00000188.dcm,130.0,262144,16.90402603149414,563,7.54442925732682,6.571936056838366,13.854351687388988,34.63587921847247,65.36412078152753,100.0,0,,,,,,,286,7.745888876748252,4.545454545454546,12.587412587412587,32.51748251748252,65.73426573426573,100.0,277,7.336423577814756,8.664259927797834,15.16245487364621,36.82310469314079,64.98194945848375,100.0
C121,Chest,51,test/C121/Low_Dose/00000234.dcm,130.0,262144,16.700441360473633,617,7.536317995340356,6.645056726094003,10.85899513776337,33.06320907617504,66.45056726094003,100.0,0,,,,,,,317,8.226985317675473,6.309148264984227,9.14826498422713,26.182965299684543,61.198738170347006,100.0,300,6.806514078776042,7.0,12.666666666666666,40.333333333333336,72.0,100.0
C121,Chest,52,test/C121/Low_Dose/00000267.dcm,130.0,262144,17.06524085998535,752,7.7133730624584445,4.920212765957447,11.303191489361701,30.319148936170212,65.29255319148936,100.0,0,,,,,,,384,8.060559590657553,3.90625,8.854166666666666,27.083333333333332,61.458333333333336,100.0,368,7.3510914678158965,5.978260869565218,13.858695652173912,33.69565217391305,69.29347826086956,100.0
C121,Chest,53,test/C121/Low_Dose/00000061.dcm,130.0,262144,16.600156784057617,673,7.761221762397845,4.75482912332838,9.955423476968797,28.083209509658246,65.23031203566121,100.0,0,,,,,,,382,7.8711634131626305,3.926701570680628,9.424083769633508,27.74869109947644,64.3979057591623,100.0,291,7.616898893900344,5.841924398625429,10.652920962199312,28.522336769759452,66.32302405498282,100.0
C121,Chest,54,test/C121/Low_Dose/00000339.dcm,130.0,262144,16.720870971679688,681,7.431956107745962,6.901615271659325,13.656387665198238,33.03964757709251,67.98825256975037,100.0,0,,,,,,,374,7.560909822025401,5.347593582887701,14.438502673796792,30.21390374331551,68.18181818181819,100.0,307,7.274858605201548,8.794788273615636,12.703583061889251,36.48208469055375,67.75244299674267,100.0
C121,Chest,55,test/C121/Low_Dose/00000382.dcm,130.0,262144,16.546335220336914,601,7.492389799552829,6.821963394342762,12.312811980033278,31.114808652246257,65.05823627287853,100.0,0,,,,,,,325,8.04124549278846,5.538461538461538,10.153846153846153,26.153846153846153,60.61538461538461,100.0,276,6.846091450124547,8.333333333333334,14.855072463768115,36.95652173913044,70.28985507246377,100.0
C121,Chest,56,test/C121/Low_Dose/00000175.dcm,130.0,262144,16.51552391052246,549,7.492520136042805,7.103825136612022,13.66120218579235,32.42258652094718,64.84517304189436,100.0,0,,,,,,,267,7.774361028206929,6.741573033707865,11.985018726591761,29.9625468164794,62.546816479400746,100.0,282,7.225672079316268,7.446808510638298,15.24822695035461,34.751773049645394,67.02127659574468,100.0
C121,Chest,57,test/C121/Low_Dose/00000282.dcm,130.0,262144,16.10219383239746,490,7.011650988520408,9.795918367346939,16.53061224489796,35.10204081632653,69.18367346938776,100.0,0,,,,,,,269,7.043046802393123,9.293680297397769,16.356877323420075,34.572490706319705,70.26022304832713,100.0,221,6.9734356219951925,10.407239819004525,16.742081447963802,35.74660633484163,67.87330316742081,100.0
C121,Chest,58,test/C121/Low_Dose/00000306.dcm,130.0,262144,16.239944458007812,531,7.450333245056497,5.83804143126177,12.24105461393597,30.32015065913371,67.79661016949153,100.0,0,,,,,,,306,7.802833307802287,4.57516339869281,9.803921568627452,24.836601307189543,66.99346405228758,100.0,225,6.970933159722223,7.555555555555555,15.555555555555555,37.77777777777778,68.88888888888889,100.0
C121,Chest,59,test/C121/Low_Dose/00000041.dcm,130.0,262144,15.814313888549805,503,7.213050796781809,4.174950298210735,11.530815109343937,34.1948310139165,69.58250497017893,100.0,0,,,,,,,269,7.310004592384991,2.6022304832713754,9.66542750929368,33.08550185873606,71.00371747211896,100.0,234,7.101595886752137,5.982905982905983,13.675213675213675,35.47008547008547,67.94871794871794,100.0
C121,Chest,60,test/C121/Low_Dose/00000028.dcm,130.0,262144,15.890469551086426,511,7.168178013392857,7.045009784735812,13.307240704500979,32.87671232876713,70.84148727984345,100.0,0,,,,,,,261,7.080790903376437,7.2796934865900385,13.409961685823754,33.333333333333336,70.88122605363985,100.0,250,7.25941064453125,6.8,13.2,32.4,70.8,100.0
C121,Chest,61,test/C121/Low_Dose/00000216.dcm,130.0,262144,15.971988677978516,485,7.000044297680413,5.56701030927835,13.402061855670103,35.05154639175258,70.9278350515464,100.0,0,,,,,,,287,7.000056994501307,4.878048780487805,13.240418118466899,35.88850174216028,69.68641114982579,100.0,198,7.000025277185922,6.565656565656566,13.636363636363637,33.83838383838384,72.72727272727273,100.0
C121,Chest,62,test/C121/Low_Dose/00000243.dcm,130.0,262144,15.92125129699707,498,7.455454631024097,4.216867469879518,10.040160642570282,31.927710843373493,66.46586345381526,100.0,0,,,,,,,274,7.594888728900547,4.37956204379562,10.218978102189782,31.751824817518248,63.503649635036496,100.0,224,7.284896305629185,4.017857142857143,9.821428571428571,32.142857142857146,70.08928571428571,100.0
C121,Chest,63,test/C121/Low_Dose/00000307.dcm,130.0,262144,16.028654098510742,499,7.338179288264028,5.410821643286573,12.82565130260521,33.06613226452906,67.93587174348697,100.0,0,,,,,,,267,7.342932083187032,5.2434456928838955,12.734082397003744,32.58426966292135,68.91385767790263,100.0,232,7.332709476865571,5.603448275862069,12.931034482758621,33.62068965517241,66.8103448275862,100.0
C121,Chest,64,test/C121/Low_Dose/00000253.dcm,130.0,262144,16.18511199951172,473,7.604021455470401,3.8054968287526427,10.14799154334038,29.80972515856237,67.44186046511628,100.0,0,,,,,,,268,7.651021017957089,4.477611940298507,10.447761194029852,28.35820895522388,66.04477611940298,100.0,205,7.542577529535061,2.926829268292683,9.75609756097561,31.70731707317073,69.26829268292683,100.0
C121,Chest,65,test/C121/Low_Dose/00000327.dcm,130.0,262144,16.108802795410156,430,7.441970612281977,4.883720930232558,11.162790697674419,31.162790697674417,69.06976744186046,100.0,0,,,,,,,250,7.70902734375,4.4,8.0,27.6,67.2,100.0,180,7.071059163411459,5.555555555555555,15.555555555555555,36.111111111111114,71.66666666666667,100.0
C121,Chest,66,test/C121/Low_Dose/00000183.dcm,130.0,262144,16.17188835144043,430,7.124299940952035,7.441860465116279,14.186046511627907,36.51162790697674,68.13953488372093,100.0,0,,,,,,,244,7.247105832959785,6.967213114754099,14.344262295081966,36.0655737704918,65.57377049180327,100.0,186,6.963199738533266,8.064516129032258,13.978494623655914,37.096774193548384,71.50537634408602,100.0
C121,Chest,67,test/C121/Low_Dose/00000258.dcm,130.0,262144,16.545930862426758,436,7.607559064112672,6.422018348623853,13.53211009174312,31.192660550458715,64.6788990825688,100.0,0,,,,,,,241,7.856824692848807,5.809128630705394,11.203319502074688,29.87551867219917,60.58091286307054,100.0,195,7.299492312700321,7.17948717948718,16.41025641025641,32.82051282051282,69.74358974358974,100.0
C121,Chest,68,test/C121/Low_Dose/00000004.dcm,130.0,262144,16.405414581298828,342,7.574358666849415,8.187134502923977,15.789473684210526,33.62573099415204,64.32748538011695,100.0,0,,,,,,,198,7.781837540443497,7.070707070707071,15.656565656565656,34.343434343434346,60.60606060606061,100.0,144,7.289076063368055,9.722222222222221,15.972222222222221,32.638888888888886,69.44444444444444,100.0
C121,Chest,69,test/C121/Low_Dose/00000134.dcm,130.0,262144,16.139469146728516,375,7.373923177083333,6.4,14.666666666666666,32.266666666666666,67.73333333333333,100.0,0,,,,,,,219,7.543264728702911,6.392694063926941,14.61187214611872,28.767123287671232,66.21004566210046,100.0,156,7.136194473657852,6.410256410256411,14.743589743589743,37.17948717948718,69.87179487179488,100.0
C121,Chest,70,test/C121/Low_Dose/00000325.dcm,130.0,262144,15.970623016357422,338,7.625098956407174,5.325443786982248,11.242603550295858,30.76923076923077,65.08875739644971,100.0,0,,,,,,,185,8.116058514569257,4.324324324324325,9.72972972972973,24.864864864864863,59.45945945945946,100.0,153,7.031455046211192,6.5359477124183005,13.071895424836601,37.908496732026144,71.89542483660131,100.0
C121,Chest,71,test/C121/Low_Dose/00000136.dcm,130.0,262144,15.613826751708984,320,7.549024200439453,5.3125,9.0625,29.375,67.1875,100.0,0,,,,,,,166,7.442847562123494,5.421686746987952,9.036144578313253,28.91566265060241,67.46987951807229,100.0,154,7.6634743430397725,5.194805194805195,9.090909090909092,29.87012987012987,66.88311688311688,100.0
C121,Chest,72,test/C121/Low_Dose/00000045.dcm,130.0,262144,15.574780464172363,336,6.695292881556919,5.9523809523809526,17.55952380952381,38.392857142857146,75.0,100.0,0,,,,,,,192,6.512320200602214,5.729166666666667,18.229166666666668,40.104166666666664,76.04166666666667,100.0,144,6.939256456163195,6.25,16.666666666666668,36.111111111111114,73.61111111111111,100.0
C121,Chest,73,test/C121/Low_Dose/00000298.dcm,130.0,262144,15.858022689819336,327,7.084614511659021,5.198776758409786,13.45565749235474,37.920489296636084,67.88990825688073,100.0,0,,,,,,,190,7.190855006167763,4.7368421052631575,11.578947368421053,36.31578947368421,67.89473684210526,100.0,137,6.937272788834398,5.839416058394161,16.05839416058394,40.14598540145985,67.88321167883211,100.0
C121,Chest,74,test/C121/Low_Dose/00000103.dcm,130.0,262144,15.982074737548828,367,7.0781476179325615,7.084468664850136,16.076294277929154,36.23978201634878,70.02724795640327,100.0,0,,,,,,,200,7.371119995117187,6.0,14.5,32.5,68.0,100.0,167,6.727283226515719,8.383233532934131,17.964071856287426,40.7185628742515,72.45508982035928,100.0
C121,Chest,75,test/C121/Low_Dose/00000080.dcm,130.0,262144,16.047048568725586,353,7.6839672229107645,6.232294617563739,10.76487252124646,30.878186968838527,67.13881019830028,100.0,0,,,,,,,204,7.919629863664215,5.882352941176471,10.784313725490197,28.92156862745098,63.72549019607843,100.0,149,7.361314197514681,6.7114093959731544,10.738255033557047,33.557046979865774,71.81208053691275,100.0
C121,Chest,76,test/C121/Low_Dose/00000124.dcm,130.0,262144,16.13692283630371,364,7.816286862551511,3.2967032967032965,8.241758241758241,26.923076923076923,67.85714285714286,100.0,0,,,,,,,202,8.235755240563119,2.4752475247524752,7.425742574257426,21.287128712871286,65.84158415841584,100.0,162,7.293246799045139,4.320987654320987,9.25925925925926,33.95061728395062,70.37037037037037,100.0
C121,Chest,77,test/C121/Low_Dose/00000330.dcm,130.0,262144,16.12380027770996,392,7.234376245615434,6.377551020408164,12.5,33.16326530612245,69.13265306122449,100.0,0,,,,,,,204,7.560758702895221,3.4313725490196076,10.784313725490197,31.372549019607842,66.17647058823529,100.0,188,6.8802172072390295,9.574468085106384,14.361702127659575,35.1063829787234,72.34042553191489,100.0
C121,Chest,78,test/C121/Low_Dose/00000346.dcm,130.0,262144,16.117137908935547,430,7.6935944313226745,5.5813953488372094,11.86046511627907,30.697674418604652,64.18604651162791,100.0,0,,,,,,,250,7.72986474609375,6.4,11.2,30.8,66.0,100.0,180,7.643218994140625,4.444444444444445,12.777777777777779,30.555555555555557,61.666666666666664,100.0
C121,Chest,79,test/C121/Low_Dose/00000317.dcm,130.0,262144,16.34556770324707,413,7.49945142251816,6.779661016949152,10.411622276029055,32.445520581113804,66.82808716707022,100.0,0,,,,,,,261,7.924281796276341,6.513409961685824,9.578544061302683,28.735632183908045,62.83524904214559,100.0,152,6.7699729517886515,7.2368421052631575,11.842105263157896,38.81578947368421,73.6842105263158,100.0
C121,Chest,80,test/C121/Low_Dose/00000154.dcm,130.0,262144,16.502126693725586,376,7.30939175220246,6.117021276595745,13.03191489361702,32.712765957446805,67.81914893617021,100.0,0,,,,,,,219,7.607604701769406,5.936073059360731,12.32876712328767,30.136986301369863,64.38356164383562,100.0,157,6.89341317923965,6.369426751592357,14.012738853503185,36.30573248407644,72.61146496815287,100.0
C121,Chest,81,test/C121/Low_Dose/00000287.dcm,130.0,262144,16.714656829833984,431,7.820673896099188,6.728538283062645,12.296983758700696,30.62645011600928,61.94895591647332,100.0,0,,,,,,,230,7.6400390625,5.6521739130434785,12.608695652173912,31.304347826086957,65.65217391304348,100.0,201,8.02737107917444,7.960199004975125,11.940298507462687,29.850746268656717,57.711442786069654,100.0
C121,Chest,82,test/C121/Low_Dose/00000158.dcm,130.0,262144,17.026243209838867,527,7.969503268797438,6.072106261859583,10.62618595825427,29.032258064516128,62.239089184060724,100.0,0,,,,,,,293,8.020072858895052,6.143344709897611,10.238907849829351,27.303754266211605,62.79863481228669,100.0,234,7.906184269831731,5.982905982905983,11.11111111111111,31.196581196581196,61.53846153846154,100.0
C121,Chest,83,test/C121/Low_Dose/00000190.dcm,130.0,262144,16.87624740600586,573,7.792931255453752,4.18848167539267,11.518324607329843,31.413612565445025,65.09598603839441,100.0,0,,,,,,,335,7.989611998600746,2.6865671641791047,8.955223880597014,29.55223880597015,62.985074626865675,100.0,238,7.516091739430147,6.302521008403361,15.126050420168067,34.03361344537815,68.0672268907563,100.0
C121,Chest,84,test/C121/Low_Dose/00000319.dcm,130.0,262144,17.316225051879883,632,8.032021824317642,6.6455696202531644,11.867088607594937,31.4873417721519,60.75949367088607,100.0,0,,,,,,,357,7.9775541075805325,4.761904761904762,10.644257703081232,31.092436974789916,62.46498599439776,100.0,275,8.102730823863636,9.090909090909092,13.454545454545455,32.0,58.54545454545455,100.0
C121,Chest,85,test/C121/Low_Dose/00000139.dcm,130.0,262144,17.493345260620117,755,7.844761485927152,4.900662251655629,12.052980132450331,31.39072847682119,64.23841059602648,100.0,0,,,,,,,424,8.108210149801002,4.481132075471698,11.320754716981131,29.4811320754717,62.971698113207545,100.0,331,7.507293240181269,5.438066465256798,12.990936555891238,33.8368580060423,65.86102719033232,100.0
C121,Chest,86,test/C121/Low_Dose/00000043.dcm,130.0,262144,17.38791847229004,757,7.870590633256275,5.812417437252312,10.83223249669749,32.1003963011889,63.80449141347424,100.0,0,,,,,,,453,7.9758769660596025,5.298013245033113,11.037527593818984,30.90507726269316,62.030905077262695,100.0,304,7.7137001439144735,6.578947368421052,10.526315789473685,33.88157894736842,66.44736842105263,100.0
C121,Chest,87,test/C121/Low_Dose/00000168.dcm,130.0,262144,17.290756225585938,707,7.930803571428571,4.9504950495049505,11.032531824611032,29.27864214992928,61.95190947666195,100.0,0,,,,,,,400,7.720504150390625,6.5,13.75,31.75,63.25,100.0,307,8.2048093317386,2.9315960912052117,7.49185667752443,26.058631921824105,60.26058631921824,100.0
C121,Chest,88,test/C121/Low_Dose/00000051.dcm,130.0,262144,17.11016082763672,693,7.7636295995671,6.349206349206349,12.40981240981241,31.024531024531026,64.21356421356421,100.0,0,,,,,,,399,7.917777231163847,6.265664160401003,12.030075187969924,30.576441102756892,61.904761904761905,100.0,294,7.554428411989796,6.462585034013605,12.92517006802721,31.632653061224488,67.34693877551021,100.0
C121,Chest,89,test/C121/Low_Dose/00000118.dcm,130.0,262144,16.84500503540039,610,7.64605212602459,7.213114754098361,13.114754098360656,31.311475409836067,66.22950819672131,100.0,0,,,,,,,365,7.901369863013699,7.123287671232877,12.32876712328767,29.041095890410958,64.65753424657534,100.0,245,7.265681301817602,7.346938775510204,14.285714285714286,34.69387755102041,68.57142857142857,100.0
C121,Chest,90,test/C121/Low_Dose/00000387.dcm,130.0,262144,16.704561233520508,669,7.767305154615097,6.278026905829597,11.659192825112108,30.343796711509714,63.37817638266069,100.0,0,,,,,,,385,7.824831321022727,7.2727272727272725,10.909090909090908,29.61038961038961,62.857142857142854,100.0,284,7.689320738886444,4.929577464788732,12.67605633802817,31.338028169014084,64.08450704225352,100.0
C121,Chest,91,test/C121/Low_Dose/00000064.dcm,130.0,262144,16.919227600097656,610,7.829193615522541,6.557377049180328,10.98360655737705,30.0,64.59016393442623,100.0,0,,,,,,,344,7.82025146484375,7.558139534883721,13.081395348837209,30.813953488372093,62.7906976744186,100.0,266,7.840757900610902,5.2631578947368425,8.270676691729323,28.94736842105263,66.9172932330827,100.0
C121,Chest,92,test/C121/Low_Dose/00000106.dcm,130.0,262144,16.390911102294922,526,7.714293273229563,5.893536121673004,10.076045627376425,31.1787072243346,64.82889733840304,100.0,0,,,,,,,292,7.865368150684931,5.136986301369863,8.219178082191782,28.767123287671232,64.38356164383562,100.0,234,7.525772485977564,6.837606837606837,12.393162393162394,34.18803418803419,65.38461538461539,100.0
C121,Chest,93,test/C121/Low_Dose/00000162.dcm,130.0,262144,16.587099075317383,558,7.414896428371415,6.989247311827957,12.903225806451612,34.05017921146953,66.84587813620071,100.0,0,,,,,,,295,7.515208719544492,7.4576271186440675,14.23728813559322,32.20338983050848,66.44067796610169,100.0,263,7.302378375267348,6.4638783269961975,11.406844106463879,36.12167300380228,67.30038022813689,100.0
C121,Chest,94,test/C121/Low_Dose/00000226.dcm,130.0,262144,16.63445472717285,498,7.588633832203815,7.028112449799197,11.244979919678714,34.136546184738954,63.45381526104418,100.0,0,,,,,,,301,7.579166450373754,7.308970099667774,11.627906976744185,34.5514950166113,63.45514950166113,100.0,197,7.603097983423224,6.598984771573604,10.65989847715736,33.50253807106599,63.45177664974619,100.0
C121,Chest,95,test/C121/Low_Dose/00000076.dcm,130.0,262144,16.800270080566406,496,7.9417434200163814,5.846774193548387,10.080645161290322,30.64516129032258,63.306451612903224,100.0,0,,,,,,,279,8.20738302251344,4.659498207885305,10.03584229390681,28.67383512544803,60.215053763440864,100.0,217,7.600206788234447,7.373271889400922,10.138248847926267,33.17972350230415,67.28110599078342,100.0
C121,Chest,96,test/C121/Low_Dose/00000277.dcm,130.0,262144,16.7917423248291,482,7.462190620137448,5.601659751037344,13.692946058091286,31.74273858921162,68.87966804979253,100.0,0,,,,,,,284,7.697188256492077,3.8732394366197185,10.915492957746478,28.169014084507044,68.30985915492958,100.0,198,7.1251220703125,8.080808080808081,17.67676767676768,36.86868686868687,69.6969696969697,100.0
C121,Chest,97,test/C121/Low_Dose/00000166.dcm,130.0,262144,17.163671493530273,485,8.240739267880155,5.979381443298969,10.927835051546392,27.422680412371133,58.96907216494845,100.0,0,,,,,,,279,8.554736503136201,3.942652329749104,8.602150537634408,25.448028673835125,56.630824372759854,100.0,206,7.815471760277609,8.737864077669903,14.077669902912621,30.097087378640776,62.13592233009709,100.0
C121,Chest,98,test/C121/Low_Dose/00000321.dcm,130.0,262144,17.20467185974121,482,7.94287109375,6.224066390041494,10.78838174273859,28.83817427385892,63.27800829875519,100.0,0,,,,,,,285,8.347932942708333,6.315789473684211,9.824561403508772,24.912280701754387,59.29824561403509,100.0,197,7.356867291600571,6.091370558375634,12.182741116751268,34.51776649746193,69.03553299492386,100.0
C121,Chest,99,test/C121/Low_Dose/00000316.dcm,130.0,262144,17.231426239013672,388,7.955624295264175,5.412371134020619,10.56701030927835,29.123711340206185,62.371134020618555,100.0,0,,,,,,,237,7.910437990341508,4.641350210970464,10.126582278481013,29.11392405063291,63.29113924050633,100.0,151,8.02654584669909,6.622516556291391,11.258278145695364,29.13907284768212,60.9271523178808,100.0
C121,Chest,100,test/C121/Low_Dose/00000345.dcm,130.0,262144,17.393390655517578,349,7.858492176307307,6.017191977077364,12.320916905444125,33.2378223495702,60.74498567335244,100.0,0,,,,,,,206,7.835708173733313,7.766990291262136,15.048543689320388,33.00970873786408,60.19417475728155,100.0,143,7.8913147399475525,3.4965034965034967,8.391608391608392,33.56643356643357,61.53846153846154,100.0
C121,Chest,101,test/C121/Low_Dose/00000180.dcm,130.0,262144,17.029502868652344,391,7.708198879076087,7.672634271099744,13.043478260869565,30.690537084398976,63.42710997442455,100.0,0,,,,,,,249,7.753741528614458,7.6305220883534135,13.25301204819277,29.31726907630522,63.05220883534137,100.0,142,7.628338880941901,7.746478873239437,12.67605633802817,33.098591549295776,64.08450704225352,100.0
C121,Chest,102,test/C121/Low_Dose/00000294.dcm,130.0,262144,16.935848236083984,355,8.31034949933979,3.380281690140845,7.042253521126761,24.788732394366196,62.53521126760563,100.0,0,,,,,,,211,9.011508742779917,1.8957345971563981,3.7914691943127963,18.48341232227488,55.45023696682465,100.0,144,7.282956441243489,5.555555555555555,11.805555555555555,34.02777777777778,72.91666666666667,100.0
C121,Chest,103,test/C121/Low_Dose/00000163.dcm,130.0,262144,16.59246253967285,432,7.5977602358217595,6.018518518518518,11.805555555555555,31.944444444444443,66.20370370370371,100.0,0,,,,,,,255,7.913756127450981,3.5294117647058822,9.411764705882353,30.19607843137255,63.13725490196079,100.0,177,7.142511227710099,9.6045197740113,15.254237288135593,34.463276836158194,70.62146892655367,100.0
C121,Chest,104,test/C121/Low_Dose/00000271.dcm,130.0,262144,15.978517532348633,343,7.823429385705175,4.081632653061225,11.9533527696793,29.154518950437318,59.7667638483965,100.0,0,,,,,,,201,8.04911720693408,4.477611940298507,11.442786069651742,26.3681592039801,57.711442786069654,100.0,142,7.503969864106514,3.5211267605633805,12.67605633802817,33.098591549295776,62.67605633802817,100.0
C121,Chest,105,test/C121/Low_Dose/00000203.dcm,130.0,262144,15.767302513122559,350,7.415396205357143,5.714285714285714,13.428571428571429,31.714285714285715,66.57142857142857,100.0,0,,,,,,,202,7.728586329091893,5.445544554455446,11.386138613861386,27.722772277227723,64.85148514851485,100.0,148,6.9879348342483105,6.081081081081081,16.216216216216218,37.16216216216216,68.91891891891892,100.0
C121,Chest,106,test/C121/Low_Dose/00000344.dcm,130.0,262144,15.777229309082031,414,7.217200237771739,6.280193236714976,12.318840579710145,32.85024154589372,70.77294685990339,100.0,0,,,,,,,225,7.3409608289930555,7.111111111111111,13.777777777777779,31.555555555555557,68.88888888888889,100.0,189,7.069865554728836,5.291005291005291,10.582010582010582,34.39153439153439,73.01587301587301,100.0
C121,Chest,107,test/C121/Low_Dose/00000233.dcm,130.0,262144,15.428157806396484,374,7.241836303058155,4.278074866310161,10.695187165775401,32.88770053475936,67.9144385026738,100.0,0,,,,,,,210,7.432116117931548,3.8095238095238093,9.523809523809524,31.428571428571427,64.76190476190476,100.0,164,6.998185320598323,4.878048780487805,12.195121951219512,34.75609756097561,71.95121951219512,100.0
C121,Chest,108,test/C121/Low_Dose/00000039.dcm,130.0,262144,15.483638763427734,402,7.0456591553949,5.223880597014926,15.422885572139304,35.07462686567164,71.39303482587064,100.0,0,,,,,,,246,7.125686273342225,3.252032520325203,14.227642276422765,34.146341463414636,71.95121951219512,100.0,156,6.919462546324119,8.333333333333334,17.307692307692307,36.53846153846154,70.51282051282051,100.0
C121,Chest,109,test/C121/Low_Dose/00000247.dcm,130.0,262144,15.514034271240234,403,7.3144646353520475,6.20347394540943,10.66997518610422,32.50620347394541,68.73449131513648,100.0,0,,,,,,,241,7.301754773405083,4.979253112033195,9.95850622406639,33.19502074688797,69.29460580912863,100.0,162,7.333372516396605,8.024691358024691,11.728395061728396,31.48148148148148,67.90123456790124,100.0
C121,Chest,110,test/C121/Low_Dose/00000293.dcm,130.0,262144,15.494039535522461,413,7.228211779282687,8.232445520581114,14.527845036319613,33.65617433414044,67.5544794188862,100.0,0,,,,,,,245,7.1147675183354595,8.16326530612245,15.10204081632653,35.91836734693877,68.16326530612245,100.0,168,7.3936513264973955,8.333333333333334,13.69047619047619,30.357142857142858,66.66666666666667,100.0
C121,Chest,111,test/C121/Low_Dose/00000354.dcm,130.0,262144,15.489113807678223,415,6.996076101280121,6.746987951807229,12.771084337349398,34.45783132530121,71.32530120481928,100.0,0,,,,,,,224,6.835790361676898,7.589285714285714,15.178571428571429,33.92857142857143,72.76785714285714,100.0,191,7.184054549451898,5.7591623036649215,9.947643979057592,35.07853403141361,69.63350785340315,100.0
C121,Chest,112,test/C121/Low_Dose/00000017.dcm,130.0,262144,15.50085163116455,534,7.039849784936798,5.992509363295881,14.9812734082397,36.142322097378276,69.66292134831461,100.0,0,,,,,,,296,7.303205335462415,3.7162162162162162,12.162162162162161,33.108108108108105,68.91891891891892,100.0,238,6.7123156635701156,8.823529411764707,18.48739495798319,39.91596638655462,70.58823529411765,100.0
C121,Chest,113,test/C121/Low_Dose/00000003.dcm,130.0,262144,15.822352409362793,507,7.0485777243589745,6.70611439842209,13.214990138067062,35.30571992110453,71.59763313609467,100.0,0,,,,,,,314,7.360395881021098,5.732484076433121,12.101910828025478,32.802547770700635,68.47133757961784,100.0,193,6.541266723000324,8.290155440414507,15.025906735751295,39.37823834196891,76.6839378238342,100.0
C121,Chest,114,test/C121/Low_Dose/00000222.dcm,130.0,262144,15.895380020141602,553,7.130994910573011,5.786618444846293,12.115732368896927,34.53887884267631,71.60940325497288,100.0,0,,,,,,,300,7.140948079427083,6.0,12.666666666666666,34.666666666666664,71.66666666666667,100.0,253,7.119192734066205,5.533596837944664,11.462450592885375,34.387351778656125,71.54150197628458,100.0
C121,Chest,115,test/C121/Low_Dose/00000372.dcm,130.0,262144,16.04928970336914,475,7.734091282894737,7.578947368421052,14.736842105263158,28.210526315789473,62.94736842105263,100.0,0,,,,,,,274,8.027450672901459,7.299270072992701,14.598540145985401,27.37226277372263,57.66423357664234,100.0,201,7.334187825520833,7.960199004975125,14.925373134328359,29.35323383084577,70.14925373134328,100.0
C121,Chest,116,test/C121/Low_Dose/00000379.dcm,130.0,262144,16.135717391967773,489,7.430173784189673,6.952965235173824,12.474437627811861,29.856850715746422,68.9161554192229,100.0,0,,,,,,,269,7.646547906017658,4.83271375464684,9.66542750929368,26.394052044609666,70.63197026022304,100.0,220,7.165607244318182,9.545454545454545,15.909090909090908,34.09090909090909,66.81818181818181,100.0
C121,Chest,117,test/C121/Low_Dose/00000242.dcm,130.0,262144,16.445158004760742,512,7.400596618652344,6.4453125,12.5,34.9609375,67.1875,100.0,0,,,,,,,261,7.599818905651341,6.513409961685824,12.64367816091954,32.56704980842912,64.75095785440612,100.0,251,7.193436702409113,6.374501992031872,12.350597609561753,37.45019920318725,69.7211155378486,100.0
C121,Chest,118,test/C121/Low_Dose/00000157.dcm,130.0,262144,16.62566566467285,611,7.650727866714402,6.382978723404255,11.129296235679215,31.096563011456627,66.44844517184943,100.0,0,,,,,,,344,7.913334336391715,4.651162790697675,9.011627906976743,26.453488372093023,65.11627906976744,100.0,267,7.312387987915496,8.614232209737828,13.857677902621722,37.07865168539326,68.16479400749064,100.0
C121,Chest,119,test/C121/Low_Dose/00000052.dcm,130.0,262144,16.58161163330078,556,7.984808832621403,4.856115107913669,11.690647482014388,28.9568345323741,62.05035971223022,100.0,0,,,,,,,326,8.08018896184816,4.294478527607362,10.429447852760736,29.141104294478527,61.34969325153374,100.0,230,7.849617336107337,5.6521739130434785,13.478260869565217,28.695652173913043,63.04347826086956,100.0
C121,Chest,120,test/C121/Low_Dose/00000008.dcm,130.0,262144,16.893592834472656,656,7.962554187309451,5.945121951219512,11.28048780487805,29.26829268292683,62.65243902439025,100.0,0,,,,,,,386,8.405595374230893,5.4404145077720205,8.290155440414507,26.683937823834196,57.512953367875646,100.0,270,7.329170283564815,6.666666666666667,15.555555555555555,32.96296296296296,70.0,100.0
C121,Chest,121,test/C121/Low_Dose/00000077.dcm,130.0,262144,17.010921478271484,638,8.095100044083072,5.956112852664577,10.9717868338558,28.996865203761754,60.81504702194357,100.0,0,,,,,,,374,8.09499746720421,5.614973262032086,10.16042780748663,27.807486631016044,62.032085561497325,100.0,264,8.095246286103219,6.4393939393939394,12.121212121212121,30.681818181818183,59.09090909090909,100.0
C121,Chest,122,test/C121/Low_Dose/00000232.dcm,130.0,262144,16.78083610534668,632,7.660754240011867,4.746835443037975,10.443037974683545,30.22151898734177,66.61392405063292,100.0,0,,,,,,,375,7.869794270833333,3.2,10.133333333333333,28.533333333333335,64.26666666666667,100.0,257,7.355735689749514,7.003891050583658,10.894941634241246,32.68482490272373,70.03891050583658,100.0
C121,Chest,123,test/C121/Low_Dose/00000391.dcm,130.0,262144,16.60875701904297,558,7.504485537074372,5.555555555555555,12.186379928315413,32.437275985663085,66.84587813620071,100.0,0,,,,,,,339,7.473555033185841,5.899705014749262,11.799410029498524,32.15339233038348,67.2566371681416,100.0,219,7.552363704873002,5.0228310502283104,12.785388127853881,32.87671232876713,66.21004566210046,100.0
C121,Chest,124,test/C121/Low_Dose/00000208.dcm,130.0,262144,16.61353874206543,464,7.485482051454741,4.956896551724138,11.422413793103448,33.62068965517241,67.67241379310344,100.0,0,,,,,,,253,7.728500667768033,3.5573122529644268,9.486166007905139,33.201581027667984,64.42687747035573,100.0,211,7.194090639810427,6.6350710900473935,13.744075829383887,34.12322274881517,71.56398104265404,100.0
C121,Chest,125,test/C121/Low_Dose/00000132.dcm,130.0,262144,16.556203842163086,474,7.906287084651899,5.69620253164557,10.126582278481013,29.535864978902953,62.65822784810127,100.0,0,,,,,,,284,8.027336872799296,4.577464788732394,9.507042253521126,28.87323943661972,61.267605633802816,100.0,190,7.725349506578947,7.368421052631579,11.052631578947368,30.526315789473685,64.73684210526316,100.0
C121,Chest,126,test/C121/Low_Dose/00000121.dcm,130.0,262144,16.437759399414062,517,7.772889718326886,6.963249516441006,11.411992263056092,30.36750483558994,64.02321083172147,100.0,0,,,,,,,290,7.714911099137931,8.275862068965518,13.10344827586207,30.689655172413794,64.13793103448276,100.0,227,7.84695824442456,5.286343612334802,9.251101321585903,29.955947136563875,63.87665198237885,100.0
C121,Chest,127,test/C121/Low_Dose/00000381.dcm,130.0,262144,16.39572525024414,486,7.432277098604681,5.555555555555555,11.934156378600823,33.53909465020576,68.51851851851852,100.0,0,,,,,,,283,7.354566378643993,5.6537102473498235,11.307420494699647,34.275618374558306,69.6113074204947,100.0,203,7.540612131504003,5.41871921182266,12.807881773399014,32.51231527093596,66.99507389162562,100.0
C121,Chest,128,test/C121/Low_Dose/00000241.dcm,130.0,262144,16.339263916015625,486,7.528246969843107,6.790123456790123,13.37448559670782,31.48148148148148,65.22633744855968,100.0,0,,,,,,,283,7.587919093694788,8.12720848056537,13.074204946996467,30.035335689045937,63.60424028268551,100.0,203,7.44505933940117,4.926108374384237,13.793103448275861,33.49753694581281,67.48768472906404,100.0
C121,Chest,129,test/C121/Low_Dose/00000221.dcm,130.0,262144,16.302946090698242,473,7.156613372093023,6.553911205073995,15.221987315010571,34.6723044397463,69.97885835095137,100.0,0,,,,,,,260,7.35513916015625,5.769230769230769,15.0,33.46153846153846,66.92307692307692,100.0,213,6.914281997322477,7.511737089201878,15.492957746478874,36.15023474178404,73.70892018779342,100.0
C121,Chest,130,test/C121/Low_Dose/00000229.dcm,130.0,262144,16.62619400024414,449,7.323992552895323,5.122494432071269,13.3630289532294,32.071269487750556,69.93318485523385,100.0,0,,,,,,,272,7.348686218261719,5.147058823529412,15.073529411764707,33.455882352941174,69.11764705882354,100.0,177,7.286045225326625,5.084745762711864,10.734463276836157,29.943502824858758,71.1864406779661,100.0
C121,Chest,131,test/C121/Low_Dose/00000075.dcm,130.0,262144,16.322956085205078,490,7.631733298788265,5.3061224489795915,10.816326530612244,31.428571428571427,66.3265306122449,100.0,0,,,,,,,289,7.926114092236159,4.844290657439446,10.034602076124568,30.103806228373703,63.32179930795848,100.0,201,7.2084699792055345,5.970149253731344,11.940298507462687,33.333333333333336,70.64676616915423,100.0
C121,Chest,132,test/C121/Low_Dose/00000159.dcm,130.0,262144,16.348703384399414,449,7.216365143026169,7.795100222717149,14.476614699331849,35.634743875278396,68.59688195991092,100.0,0,,,,,,,270,7.330172164351852,8.88888888888889,16.666666666666668,33.7037037037037,66.29629629629629,100.0,179,7.044701602871857,6.145251396648045,11.1731843575419,38.547486033519554,72.06703910614524,100.0
C121,Chest,133,test/C121/Low_Dose/00000149.dcm,130.0,262144,16.75086784362793,394,7.899841618416878,4.568527918781726,9.644670050761421,28.426395939086294,63.70558375634518,100.0,0,,,,,,,221,8.109524135675905,4.524886877828054,9.049773755656108,25.79185520361991,62.89592760180995,100.0,173,7.631981292901012,4.624277456647399,10.404624277456648,31.791907514450866,64.73988439306359,100.0
C121,Chest,134,test/C121/Low_Dose/00000198.dcm,130.0,262144,16.66995620727539,365,7.429704221960616,4.383561643835616,13.698630136986301,36.986301369863014,65.75342465753425,100.0,0,,,,,,,211,7.275218800910841,3.7914691943127963,14.691943127962086,38.388625592417064,68.24644549763033,100.0,154,7.641369311840503,5.194805194805195,12.337662337662337,35.064935064935064,62.33766233766234,100.0
C121,Chest,135,test/C121/Low_Dose/00000153.dcm,130.0,262144,16.56005859375,374,8.178488991477273,4.010695187165775,7.754010695187166,26.203208556149733,61.22994652406417,100.0,0,,,,,,,215,8.413965979287791,2.7906976744186047,5.5813953488372094,24.651162790697676,58.604651162790695,100.0,159,7.860076712362422,5.660377358490566,10.69182389937107,28.30188679245283,64.77987421383648,100.0
C121,Chest,136,test/C121/Low_Dose/00000375.dcm,130.0,262144,16.676992416381836,384,7.702635447184245,8.072916666666666,11.458333333333334,30.208333333333332,66.14583333333333,100.0,0,,,,,,,211,7.923691012848045,6.6350710900473935,9.47867298578199,29.85781990521327,63.981042654028435,100.0,173,7.433025029353324,9.826589595375722,13.872832369942197,30.63583815028902,68.78612716763006,100.0
C121,Chest,137,test/C121/Low_Dose/00000038.dcm,130.0,262144,16.44927215576172,582,7.434612261060996,7.903780068728523,14.0893470790378,32.302405498281786,68.21305841924399,100.0,0,,,,,,,323,7.909725413602941,5.572755417956657,13.003095975232197,30.340557275541794,63.1578947368421,100.0,259,6.842097573298745,10.81081081081081,15.444015444015443,34.74903474903475,74.51737451737452,100.0
C121,Chest,138,test/C121/Low_Dose/00000274.dcm,130.0,262144,16.126075744628906,658,7.292024838525836,7.446808510638298,14.437689969604863,32.97872340425532,69.14893617021276,100.0,0,,,,,,,372,7.314282489079301,8.870967741935484,15.053763440860216,34.40860215053763,68.27956989247312,100.0,286,7.263074328015734,5.594405594405594,13.636363636363637,31.11888111888112,70.27972027972028,100.0
C121,Chest,139,test/C121/Low_Dose/00000286.dcm,130.0,262144,15.996030807495117,481,7.531727622303794,4.98960498960499,13.721413721413722,29.72972972972973,65.28066528066527,100.0,0,,,,,,,261,7.8551778391403255,3.8314176245210727,12.260536398467433,25.28735632183908,63.984674329501914,100.0,220,7.147998046875,6.363636363636363,15.454545454545455,35.0,66.81818181818181,100.0
C121,Chest,140,test/C121/Low_Dose/00000329.dcm,130.0,262144,15.647343635559082,351,7.431541855858262,6.837606837606837,12.820512820512821,29.62962962962963,69.23076923076923,100.0,0,,,,,,,208,7.791439936711238,5.769230769230769,9.134615384615385,24.03846153846154,70.1923076923077,100.0,143,6.908052884615385,8.391608391608392,18.181818181818183,37.76223776223776,67.83216783216783,100.0
C121,Chest,141,test/C121/Low_Dose/00000350.dcm,130.0,262144,15.894150733947754,334,7.570518630707335,4.790419161676646,11.377245508982035,28.143712574850298,66.76646706586827,100.0,0,,,,,,,180,7.162328423394097,5.0,12.222222222222221,28.88888888888889,72.22222222222223,100.0,154,8.047624067826705,4.545454545454546,10.38961038961039,27.272727272727273,60.38961038961039,100.0
C121,Chest,142,test/C121/Low_Dose/00000320.dcm,130.0,262144,15.945087432861328,395,7.237635977056962,8.60759493670886,14.430379746835444,34.68354430379747,68.35443037974683,100.0,0,,,,,,,243,7.405937540187757,8.641975308641975,14.814814814814815,34.15637860082305,66.2551440329218,100.0,152,6.968575728567023,8.552631578947368,13.81578947368421,35.526315789473685,71.71052631578948,100.0
C121,Chest,143,test/C121/Low_Dose/00000074.dcm,130.0,262144,15.855979919433594,390,7.004770132211538,6.666666666666667,14.871794871794872,35.12820512820513,70.76923076923077,100.0,0,,,,,,,223,7.232166238964406,5.829596412556054,13.452914798206278,31.838565022421523,71.30044843049328,100.0,167,6.701121438763098,7.7844311377245505,16.766467065868262,39.52095808383233,70.05988023952096,100.0
C121,Chest,144,test/C121/Low_Dose/00000155.dcm,130.0,262144,15.780048370361328,474,7.028299709915612,5.485232067510548,13.924050632911392,35.86497890295359,72.36286919831224,100.0,0,,,,,,,261,7.452881327077347,4.980842911877395,11.11111111111111,31.800766283524904,66.66666666666667,100.0,213,6.508038301423122,6.103286384976526,17.370892018779344,40.84507042253521,79.34272300469483,100.0
C121,Chest,145,test/C121/Low_Dose/00000094.dcm,130.0,262144,15.73788833618164,537,7.085007310579609,7.262569832402234,14.8975791433892,33.89199255121043,71.13594040968343,100.0,0,,,,,,,292,7.516262106699486,6.8493150684931505,13.698630136986301,31.506849315068493,65.41095890410959,100.0,245,6.571021006058674,7.755102040816326,16.3265306122449,36.734693877551024,77.95918367346938,100.0
C121,Chest,146,test/C121/Low_Dose/00000101.dcm,130.0,262144,15.588037490844727,541,7.161246082919362,6.654343807763401,14.048059149722736,35.48983364140481,69.13123844731977,100.0,0,,,,,,,320,7.187847900390625,6.25,13.75,33.75,69.6875,100.0,221,7.122727061828337,7.239819004524887,14.479638009049774,38.009049773755656,68.32579185520362,100.0
C121,Chest,147,test/C121/Low_Dose/00000376.dcm,130.0,262144,15.613078117370605,520,7.2180645282451925,5.576923076923077,11.923076923076923,32.5,70.96153846153847,100.0,0,,,,,,,295,7.452444716631356,4.745762711864407,8.813559322033898,30.847457627118644,69.15254237288136,100.0,225,6.910765516493056,6.666666666666667,16.0,34.666666666666664,73.33333333333333,100.0
C121,Chest,148,test/C121/Low_Dose/00000127.dcm,130.0,262144,15.762287139892578,532,7.1751240895206765,5.639097744360902,14.097744360902256,32.70676691729323,69.3609022556391,100.0,0,,,,,,,291,7.241194158075602,5.841924398625429,14.43298969072165,31.61512027491409,70.10309278350516,100.0,241,7.09534704437889,5.394190871369295,13.692946058091286,34.024896265560166,68.46473029045643,100.0
C121,Chest,149,test/C121/Low_Dose/00000032.dcm,130.0,262144,15.717455863952637,514,7.302491184338521,6.22568093385214,13.229571984435797,31.90661478599222,72.17898832684826,100.0,0,,,,,,,310,7.684679782006048,5.161290322580645,10.64516129032258,28.06451612903226,69.35483870967742,100.0,204,6.7217143937653185,7.8431372549019605,17.15686274509804,37.745098039215684,76.47058823529412,100.0
C121,Chest,150,test/C121/Low_Dose/00000207.dcm,130.0,262144,16.24233055114746,513,7.743577150341131,6.042884990253412,10.526315789473685,28.07017543859649,66.66666666666667,100.0,0,,,,,,,285,7.693815104166666,7.017543859649122,10.87719298245614,31.228070175438596,67.01754385964912,100.0,228,7.805779172663103,4.824561403508772,10.087719298245615,24.12280701754386,66.2280701754386,100.0
C121,Chest,151,test/C121/Low_Dose/00000066.dcm,130.0,262144,16.664491653442383,566,7.785663510379859,6.360424028268551,12.014134275618375,30.565371024734983,64.13427561837456,100.0,0,,,,,,,303,7.92010236179868,4.62046204620462,9.24092409240924,31.353135313531354,63.366336633663366,100.0,263,7.630777221215542,8.365019011406844,15.209125475285171,29.657794676806084,65.0190114068441,100.0
C121,Chest,152,test/C121/Low_Dose/00000323.dcm,130.0,262144,16.731496810913086,571,7.804653294658494,4.378283712784588,11.733800350262698,31.17338003502627,66.54991243432575,100.0,0,,,,,,,338,7.702249560835799,4.1420118343195265,12.1301775147929,31.952662721893493,67.45562130177515,100.0,233,7.953204633851931,4.721030042918455,11.158798283261802,30.042918454935624,65.23605150214593,100.0
C121,Chest,153,test/C121/Low_Dose/00000047.dcm,130.0,262144,17.074167251586914,516,7.681034058563469,7.751937984496124,14.534883720930232,32.945736434108525,63.565891472868216,100.0,0,,,,,,,305,8.027351754610656,5.901639344262295,11.147540983606557,27.868852459016395,61.31147540983606,100.0,211,7.180433806649882,10.42654028436019,19.43127962085308,40.28436018957346,66.82464454976304,100.0
C121,Chest,154,test/C121/Low_Dose/00000137.dcm,130.0,262144,17.191621780395508,538,7.710245919493494,6.691449814126394,13.568773234200744,33.08550185873606,63.7546468401487,100.0,0,,,,,,,288,7.687151590983073,6.25,14.23611111111111,31.59722222222222,65.625,100.0,250,7.73684912109375,7.2,12.8,34.8,61.6,100.0
C121,Chest,155,test/C121/Low_Dose/00000368.dcm,130.0,262144,16.991165161132812,551,7.946243867683757,7.6225045372050815,14.156079854809438,32.849364791288565,59.16515426497278,100.0,0,,,,,,,312,8.094361916566507,7.6923076923076925,13.782051282051283,31.73076923076923,57.69230769230769,100.0,239,7.752884230354341,7.531380753138075,14.644351464435147,34.30962343096234,61.08786610878661,100.0
C121,Chest,156,test/C121/Low_Dose/00000058.dcm,130.0,262144,17.075441360473633,544,7.6321267520680145,7.352941176470588,14.522058823529411,32.720588235294116,65.625,100.0,0,,,,,,,308,7.721938888747971,6.4935064935064934,13.311688311688311,30.844155844155843,63.96103896103896,100.0,236,7.514913268008475,8.474576271186441,16.10169491525424,35.16949152542373,67.79661016949153,100.0
C121,Chest,157,test/C121/Low_Dose/00000302.dcm,130.0,262144,17.27032470703125,446,7.995274838845291,4.932735426008969,10.538116591928251,29.37219730941704,61.88340807174888,100.0,0,,,,,,,252,8.114373585534475,4.761904761904762,9.523809523809524,27.77777777777778,61.507936507936506,100.0,194,7.84056987959085,5.154639175257732,11.855670103092784,31.443298969072163,62.371134020618555,100.0
C121,Chest,158,test/C121/Low_Dose/00000048.dcm,130.0,262144,17.060884475708008,467,7.826221016796039,4.925053533190578,12.419700214132762,32.11991434689507,63.38329764453962,100.0,0,,,,,,,251,8.229802469808266,4.382470119521912,11.55378486055777,27.888446215139442,60.1593625498008,100.0,216,7.357245551215278,5.555555555555555,13.425925925925926,37.03703703703704,67.12962962962963,100.0
C121,Chest,159,test/C121/Low_Dose/00000133.dcm,130.0,262144,17.150413513183594,487,7.886130205659651,8.008213552361397,12.936344969199178,27.926078028747433,63.449691991786445,100.0,0,,,,,,,284,8.029590015680018,8.450704225352112,12.32394366197183,27.112676056338028,62.67605633802817,100.0,203,7.685428412677032,7.389162561576355,13.793103448275861,29.064039408866996,64.5320197044335,100.0
C121,Chest,160,test/C121/Low_Dose/00000194.dcm,130.0,262144,17.402423858642578,439,8.147900279399202,5.466970387243736,9.567198177676538,28.929384965831435,61.50341685649203,100.0,0,,,,,,,256,8.279888153076172,5.46875,8.59375,28.515625,60.546875,100.0,183,7.9632615052937155,5.46448087431694,10.92896174863388,29.508196721311474,62.84153005464481,100.0
C121,Chest,161,test/C121/Low_Dose/00000042.dcm,130.0,262144,16.839250564575195,444,7.806377239055462,5.63063063063063,11.036036036036036,28.82882882882883,64.63963963963964,100.0,0,,,,,,,249,7.940391448606928,5.220883534136546,10.441767068273093,27.710843373493976,63.45381526104418,100.0,195,7.63525140224359,6.153846153846154,11.794871794871796,30.256410256410255,66.15384615384616,100.0
C121,Chest,162,test/C121/Low_Dose/00000377.dcm,130.0,262144,16.76759910583496,455,7.766771119505495,7.6923076923076925,12.967032967032967,30.54945054945055,63.73626373626374,100.0,0,,,,,,,259,7.9394870596042475,6.563706563706564,10.81081081081081,29.72972972972973,62.93436293436294,100.0,196,7.538539341517857,9.183673469387756,15.816326530612244,31.632653061224488,64.79591836734694,100.0
C121,Chest,163,test/C121/Low_Dose/00000013.dcm,130.0,262144,16.630233764648438,552,7.527853260869565,6.884057971014493,13.22463768115942,31.52173913043478,66.48550724637681,100.0,0,,,,,,,320,7.6639549255371096,6.875,13.4375,31.25,65.0,100.0,232,7.340127879175647,6.896551724137931,12.931034482758621,31.896551724137932,68.53448275862068,100.0
C121,Chest,164,test/C121/Low_Dose/00000111.dcm,130.0,262144,16.21651268005371,635,7.527881243848425,6.6141732283464565,13.385826771653543,32.44094488188976,66.77165354330708,100.0,0,,,,,,,357,8.000664719012605,5.602240896358543,10.92436974789916,27.170868347338935,63.865546218487395,100.0,278,6.920744751854766,7.913669064748201,16.546762589928058,39.20863309352518,70.50359712230215,100.0
C121,Chest,165,test/C121/Low_Dose/00000151.dcm,130.0,262144,15.976712226867676,516,7.375091316164002,4.263565891472868,11.24031007751938,32.55813953488372,69.57364341085271,100.0,0,,,,,,,281,7.647686832740214,3.9145907473309607,9.608540925266905,28.469750889679716,68.32740213523131,100.0,235,7.049136677194149,4.680851063829787,13.191489361702128,37.4468085106383,71.06382978723404,100.0
C121,Chest,166,test/C121/Low_Dose/00000165.dcm,130.0,262144,16.314359664916992,458,7.713533493108624,7.860262008733624,13.318777292576419,33.4061135371179,61.1353711790393,100.0,0,,,,,,,247,7.975111988391953,6.882591093117409,12.145748987854251,30.76923076923077,58.70445344129555,100.0,211,7.407325491521031,9.004739336492891,14.691943127962086,36.492890995260666,63.981042654028435,100.0
C121,Chest,167,test/C121/Low_Dose/00000097.dcm,130.0,262144,16.397079467773438,441,7.897753241921769,6.349206349206349,10.657596371882086,27.664399092970523,63.038548752834465,100.0,0,,,,,,,258,8.189069880995639,4.651162790697675,9.689922480620154,23.643410852713178,60.46511627906977,100.0,183,7.4870438706028,8.743169398907105,12.021857923497267,33.333333333333336,66.66666666666667,100.0
C121,Chest,168,test/C121/Low_Dose/00000141.dcm,130.0,262144,16.346677780151367,439,7.451489424651196,7.517084282460137,12.300683371298405,32.80182232346242,66.51480637813212,100.0,0,,,,,,,246,7.507137639735772,7.317073170731708,10.975609756097562,32.520325203252035,67.07317073170732,100.0,193,7.380559575372409,7.772020725388601,13.989637305699482,33.16062176165803,65.80310880829016,100.0
C121,Chest,169,test/C121/Low_Dose/00000231.dcm,130.0,262144,16.461801528930664,478,7.52554640510591,4.393305439330544,12.133891213389122,33.68200836820084,67.15481171548117,100.0,0,,,,,,,247,7.9797610387145745,3.6437246963562755,9.31174089068826,29.149797570850204,64.37246963562752,100.0,231,7.039871017654221,5.194805194805195,15.151515151515152,38.52813852813853,70.12987012987013,100.0
C121,Chest,170,test/C121/Low_Dose/00000001.dcm,130.0,262144,16.2818660736084,501,7.1750882999625745,6.786427145708583,13.173652694610778,35.32934131736527,68.06387225548902,100.0,0,,,,,,,266,7.0340259523320015,8.270676691729323,14.661654135338345,36.8421052631579,69.92481203007519,100.0,235,7.334758352726064,5.1063829787234045,11.48936170212766,33.61702127659574,65.95744680851064,100.0
C121,Chest,171,test/C121/Low_Dose/00000384.dcm,130.0,262144,16.17324447631836,517,7.182974190038685,6.963249516441006,15.473887814313347,35.20309477756286,68.08510638297872,100.0,0,,,,,,,265,7.792439932193396,4.90566037735849,11.320754716981131,29.81132075471698,63.39622641509434,100.0,252,6.542068239242312,9.126984126984127,19.841269841269842,40.87301587301587,73.01587301587301,100.0
C121,Chest,172,test/C121/Low_Dose/00000130.dcm,130.0,262144,16.475191116333008,501,7.640540208645209,4.790419161676646,9.980039920159681,33.13373253493014,64.07185628742515,100.0,0,,,,,,,279,7.882251589101703,4.301075268817204,8.602150537634408,32.61648745519713,63.08243727598566,100.0,222,7.336768347937782,5.405405405405405,11.711711711711711,33.78378378378378,65.31531531531532,100.0
C121,Chest,173,test/C121/Low_Dose/00000264.dcm,130.0,262144,16.28199005126953,481,7.30792781964657,6.029106029106029,12.474012474012474,32.64033264033264,67.15176715176715,100.0,0,,,,,,,261,7.49165899634818,6.130268199233717,12.260536398467433,33.333333333333336,63.2183908045977,100.0,220,7.089955832741477,5.909090909090909,12.727272727272727,31.818181818181817,71.81818181818181,100.0
C121,Chest,174,test/C121/Low_Dose/00000295.dcm,130.0,262144,16.157886505126953,592,7.433287749419341,6.081081081081081,12.5,31.41891891891892,67.73648648648648,100.0,0,,,,,,,352,7.4007720947265625,6.534090909090909,12.5,31.53409090909091,69.0340909090909,100.0,240,7.480977376302083,5.416666666666667,12.5,31.25,65.83333333333333,100.0
C121,Chest,175,test/C121/Low_Dose/00000073.dcm,130.0,262144,16.488370895385742,591,7.52104979642555,7.2758037225042305,13.197969543147208,31.64128595600677,64.80541455160744,100.0,0,,,,,,,308,7.5165183327414775,8.116883116883116,14.935064935064934,33.116883116883116,65.25974025974025,100.0,283,7.52598070340106,6.360424028268551,11.307420494699647,30.035335689045937,64.31095406360424,100.0
C121,Chest,176,test/C121/Low_Dose/00000289.dcm,130.0,262144,16.149776458740234,577,7.572260547551993,6.932409012131716,13.864818024263432,30.849220103986134,64.64471403812826,100.0,0,,,,,,,325,7.781415264423077,5.538461538461538,14.153846153846153,27.692307692307693,64.0,100.0,252,7.302516392299107,8.73015873015873,13.492063492063492,34.92063492063492,65.47619047619048,100.0
C121,Chest,177,test/C121/Low_Dose/00000185.dcm,130.0,262144,16.10881996154785,511,7.5606749174412915,5.675146771037182,11.545988258317026,31.11545988258317,65.94911937377691,100.0,0,,,,,,,298,7.926412083158557,3.6912751677852347,8.053691275167786,28.523489932885905,63.08724832214765,100.0,213,7.048986873716256,8.450704225352112,16.431924882629108,34.74178403755869,69.9530516431925,100.0
C121,Chest,178,test/C121/Low_Dose/00000280.dcm,130.0,262144,16.212852478027344,565,7.73760716261062,6.017699115044247,10.973451327433628,30.61946902654867,64.24778761061947,100.0,0,,,,,,,311,7.724926522307074,6.109324758842444,10.932475884244372,31.832797427652732,63.98713826366559,100.0,254,7.753133939007136,5.905511811023622,11.023622047244094,29.133858267716537,64.56692913385827,100.0
C121,Chest,179,test/C121/Low_Dose/00000313.dcm,130.0,262144,16.43158721923828,468,7.424864157652244,7.051282051282051,14.957264957264957,33.97435897435897,64.95726495726495,100.0,0,,,,,,,262,7.4562643502504775,6.488549618320611,14.122137404580153,34.732824427480914,65.64885496183206,100.0,206,7.384927397792779,7.766990291262136,16.019417475728154,33.00970873786408,64.07766990291262,100.0
C121,Chest,180,test/C121/Low_Dose/00000005.dcm,130.0,262144,16.52218246459961,477,7.633728667125262,5.241090146750524,10.062893081761006,31.656184486373167,66.45702306079664,100.0,0,,,,,,,244,7.690102499039447,4.918032786885246,9.836065573770492,32.377049180327866,66.80327868852459,100.0,233,7.574693933576985,5.579399141630901,10.300429184549357,30.901287553648068,66.09442060085837,100.0
C121,Chest,181,test/C121/Low_Dose/00000112.dcm,130.0,262144,16.794918060302734,441,7.775898836096939,5.895691609977324,9.977324263038549,31.292517006802722,64.39909297052154,100.0,0,,,,,,,257,7.86258920157466,4.280155642023346,7.782101167315175,29.961089494163424,64.98054474708171,100.0,184,7.654815673828125,8.152173913043478,13.043478260869565,33.15217391304348,63.58695652173913,100.0
C121,Chest,182,test/C121/Low_Dose/00000265.dcm,130.0,262144,16.97600555419922,483,7.927628732369306,5.797101449275362,11.180124223602485,31.055900621118013,61.49068322981366,100.0,0,,,,,,,257,7.908546536812986,6.614785992217898,11.673151750972762,30.739299610894943,61.86770428015564,100.0,226,7.949327857093474,4.867256637168142,10.619469026548673,31.41592920353982,61.06194690265487,100.0
C121,Chest,183,test/C121/Low_Dose/00000087.dcm,130.0,262144,17.093711853027344,422,7.800184204680095,4.976303317535545,10.42654028436019,32.70142180094787,65.40284360189574,100.0,0,,,,,,,215,8.163846747819768,4.186046511627907,8.372093023255815,27.441860465116278,63.72093023255814,100.0,207,7.422467070501208,5.797101449275362,12.560386473429952,38.16425120772947,67.14975845410628,100.0
C121,Chest,184,test/C121/Low_Dose/00000050.dcm,130.0,262144,17.25473403930664,415,8.098020990210843,5.542168674698795,8.91566265060241,27.228915662650603,60.963855421686745,100.0,0,,,,,,,227,8.489585842855176,5.726872246696035,9.251101321585903,25.110132158590307,55.50660792951542,100.0,188,7.625227907870678,5.319148936170213,8.51063829787234,29.78723404255319,67.55319148936171,100.0
C121,Chest,185,test/C121/Low_Dose/00000105.dcm,130.0,262144,17.209613800048828,375,8.245982421875,3.466666666666667,9.333333333333334,26.133333333333333,63.2,100.0,0,,,,,,,209,8.406655343525717,3.349282296650718,8.133971291866029,25.358851674641148,62.20095693779904,100.0,166,8.043689406061747,3.6144578313253013,10.843373493975903,27.10843373493976,64.4578313253012,100.0
C121,Chest,186,test/C121/Low_Dose/00000260.dcm,130.0,262144,17.368736267089844,390,8.46835186298077,4.871794871794871,10.76923076923077,24.102564102564102,58.205128205128204,100.0,0,,,,,,,213,8.304578037888792,5.633802816901408,11.267605633802816,26.291079812206572,59.15492957746479,100.0,177,8.665436308262711,3.9548022598870056,10.169491525423728,21.468926553672315,57.06214689265537,100.0
C121,Chest,187,test/C121/Low_Dose/00000046.dcm,130.0,262144,17.96390724182129,428,8.326150769385222,5.841121495327103,12.149532710280374,27.80373831775701,57.94392523364486,100.0,0,,,,,,,239,8.428082198777458,6.694560669456067,13.389121338912133,25.94142259414226,56.48535564853557,100.0,189,8.197253353381283,4.761904761904762,10.582010582010582,30.158730158730158,59.78835978835979,100.0
C121,Chest,188,test/C121/Low_Dose/00000196.dcm,130.0,262144,17.96175193786621,521,8.130373905350288,6.333973128598848,13.62763915547025,30.518234165067177,59.88483685220729,100.0,0,,,,,,,287,8.221140366398084,7.317073170731708,15.331010452961673,28.571428571428573,58.18815331010453,100.0,234,8.019048185430021,5.128205128205129,11.538461538461538,32.9059829059829,61.965811965811966,100.0
C121,Chest,189,test/C121/Low_Dose/00000301.dcm,130.0,262144,17.933603286743164,556,8.483206110892535,7.374100719424461,12.050359712230216,27.158273381294965,57.55395683453237,100.0,0,,,,,,,324,8.564165280189043,6.481481481481482,12.037037037037036,26.54320987654321,57.407407407407405,100.0,232,8.370141917261584,8.620689655172415,12.068965517241379,28.017241379310345,57.758620689655174,100.0
C121,Chest,190,test/C121/Low_Dose/00000044.dcm,130.0,262144,18.28847885131836,632,8.562397244610365,6.170886075949367,9.651898734177216,26.89873417721519,58.06962025316456,100.0,0,,,,,,,362,8.715627427917818,6.3535911602209945,10.497237569060774,25.138121546961326,56.353591160220994,100.0,270,8.356955295138889,5.925925925925926,8.518518518518519,29.25925925925926,60.370370370370374,100.0
C121,Chest,191,test/C121/Low_Dose/00000290.dcm,130.0,262144,18.071104049682617,662,8.540220508402568,5.740181268882175,12.084592145015106,27.0392749244713,56.646525679758305,100.0,0,,,,,,,387,8.725514020106589,6.976744186046512,12.661498708010337,26.356589147286822,55.03875968992248,100.0,275,8.279462890625,4.0,11.272727272727273,28.0,58.90909090909091,100.0
C121,Chest,192,test/C121/Low_Dose/00000337.dcm,130.0,262144,18.08804702758789,581,8.685155241501722,5.507745266781411,9.122203098106713,25.817555938037867,57.6592082616179,100.0,0,,,,,,,327,8.748239499713304,6.116207951070336,9.785932721712538,25.99388379204893,55.04587155963303,100.0,254,8.603941429318406,4.724409448818897,8.26771653543307,25.590551181102363,61.023622047244096,100.0
C121,Chest,193,test/C121/Low_Dose/00000389.dcm,130.0,262144,17.85784149169922,469,8.53479446378598,4.264392324093817,10.021321961620469,27.931769722814497,56.71641791044776,100.0,0,,,,,,,233,8.90199482799088,3.4334763948497855,9.012875536480687,26.180257510729614,52.36051502145923,100.0,236,8.172261383573888,5.084745762711864,11.016949152542374,29.661016949152543,61.016949152542374,100.0
C121,Chest,194,test/C121/Low_Dose/00000036.dcm,130.0,262144,17.609764099121094,498,8.12176979401983,5.823293172690763,9.63855421686747,29.718875502008032,62.44979919678715,100.0,0,,,,,,,272,8.104983161477481,5.882352941176471,8.823529411764707,32.720588235294116,60.661764705882355,100.0,226,8.141973714912886,5.752212389380531,10.619469026548673,26.106194690265486,64.60176991150442,100.0
C121,Chest,195,test/C121/Low_Dose/00000083.dcm,130.0,262144,17.695703506469727,514,8.061880623784047,5.058365758754864,10.505836575875486,30.544747081712064,61.673151750972764,100.0,0,,,,,,,294,8.60681069302721,3.741496598639456,7.8231292517006805,26.19047619047619,56.802721088435376,100.0,220,7.3336558948863635,6.818181818181818,14.090909090909092,36.36363636363637,68.18181818181819,100.0
C121,Chest,196,test/C121/Low_Dose/00000035.dcm,130.0,262144,17.745014190673828,570,7.982003837719298,7.894736842105263,15.789473684210526,31.403508771929825,60.70175438596491,100.0,0,,,,,,,321,7.89324589904595,8.411214953271028,14.641744548286605,32.398753894081,61.37071651090343,100.0,249,8.096427212757279,7.228915662650603,17.269076305220885,30.120481927710845,59.83935742971887,100.0
C121,Chest,197,test/C121/Low_Dose/00000179.dcm,130.0,262144,17.6929931640625,545,7.840969932626146,5.871559633027523,14.311926605504587,34.12844036697248,61.10091743119266,100.0,0,,,,,,,305,8.256659035604509,5.573770491803279,11.80327868852459,31.475409836065573,56.0655737704918,100.0,240,7.3126983642578125,6.25,17.5,37.5,67.5,100.0
C121,Chest,198,test/C121/Low_Dose/00000348.dcm,130.0,262144,17.448444366455078,621,8.00303898072665,6.119162640901771,12.238325281803542,26.89210950080515,63.446054750402574,100.0,0,,,,,,,325,7.951506911057693,5.846153846153846,13.23076923076923,27.076923076923077,64.61538461538461,100.0,296,8.059619800464526,6.418918918918919,11.14864864864865,26.68918918918919,62.16216216216216,100.0
C121,Chest,199,test/C121/Low_Dose/00000361.dcm,130.0,262144,17.125852584838867,630,7.5090742807539685,7.301587301587301,14.126984126984127,33.333333333333336,66.5079365079365,100.0,0,,,,,,,328,7.585304818502286,7.012195121951219,14.024390243902438,33.53658536585366,64.63414634146342,100.0,302,7.426280040614652,7.6158940397351,14.23841059602649,33.11258278145695,68.54304635761589,100.0
C121,Chest,200,test/C121/Low_Dose/00000380.dcm,130.0,262144,16.895273208618164,579,7.830562189658894,6.563039723661485,11.398963730569948,28.670120898100173,63.03972366148532,100.0,0,,,,,,,303,7.9544770395008255,6.270627062706271,11.221122112211221,28.382838283828384,62.70627062706271,100.0,276,7.694524350373642,6.884057971014493,11.594202898550725,28.985507246376812,63.405797101449274,100.0
C121,Chest,201,test/C121/Low_Dose/00000031.dcm,130.0,262144,16.859798431396484,609,7.688757183908046,6.403940886699507,12.807881773399014,32.01970443349754,63.38259441707718,100.0,0,,,,,,,336,7.871364048549107,7.440476190476191,13.095238095238095,28.86904761904762,63.095238095238095,100.0,273,7.464009379292582,5.128205128205129,12.454212454212454,35.8974358974359,63.73626373626374,100.0
C121,Chest,202,test/C121/Low_Dose/00000026.dcm,130.0,262144,17.075218200683594,586,7.84958187793302,6.143344709897611,12.286689419795222,30.546075085324233,63.822525597269625,100.0,0,,,,,,,322,8.074306701281056,5.279503105590062,10.248447204968944,27.63975155279503,61.80124223602485,100.0,264,7.575485691879734,7.196969696969697,14.772727272727273,34.09090909090909,66.28787878787878,100.0
C121,Chest,203,test/C121/Low_Dose/00000023.dcm,130.0,262144,17.0157470703125,569,7.845597573868629,6.3268892794376095,12.126537785588752,29.52548330404218,62.74165202108963,100.0,0,,,,,,,299,7.659831273515886,7.6923076923076925,14.046822742474916,31.438127090301002,64.54849498327759,100.0,270,8.051316550925925,4.814814814814815,10.0,27.40740740740741,60.74074074074074,100.0
C121,Chest,204,test/C121/Low_Dose/00000244.dcm,130.0,262144,16.8391170501709,545,7.251370771215596,5.6880733944954125,13.761467889908257,35.04587155963303,68.07339449541284,100.0,0,,,,,,,299,7.408899619826505,4.013377926421405,10.367892976588628,35.45150501672241,65.88628762541806,100.0,246,7.059902284203506,7.723577235772358,17.88617886178862,34.552845528455286,70.73170731707317,100.0
C121,Chest,205,test/C121/Low_Dose/00000201.dcm,130.0,262144,16.96090316772461,659,7.723493515269348,4.704097116843703,11.684370257966616,30.804248861911987,63.42943854324734,100.0,0,,,,,,,351,7.902226896367521,4.5584045584045585,10.256410256410257,28.205128205128204,61.82336182336182,100.0,308,7.519807097199675,4.87012987012987,13.311688311688311,33.76623376623377,65.25974025974025,100.0
C121,Chest,206,test/C121/Low_Dose/00000228.dcm,130.0,262144,16.9331111907959,629,7.6127394053060415,5.087440381558029,11.605723370429253,32.750397456279806,64.86486486486487,100.0,0,,,,,,,338,7.694633529031065,4.437869822485207,10.650887573964496,35.20710059171598,63.905325443786985,100.0,291,7.517616717676117,5.841924398625429,12.714776632302405,29.896907216494846,65.97938144329896,100.0
C121,Chest,207,test/C121/Low_Dose/00000144.dcm,130.0,262144,16.799699783325195,615,7.86611328125,5.040650406504065,10.894308943089431,29.59349593495935,65.36585365853658,100.0,0,,,,,,,334,8.242404595106661,4.191616766467066,8.682634730538922,26.94610778443114,61.97604790419162,100.0,281,7.418848872608986,6.049822064056939,13.523131672597865,32.74021352313167,69.3950177935943,100.0
C121,Chest,208,test/C121/Low_Dose/00000129.dcm,130.0,262144,17.025108337402344,557,7.818559245960503,5.9245960502693,12.746858168761221,29.084380610412925,65.52962298025135,100.0,0,,,,,,,296,7.925655880489865,5.405405405405405,12.162162162162161,27.364864864864863,65.20270270270271,100.0,261,7.697101461476293,6.513409961685824,13.409961685823754,31.03448275862069,65.90038314176245,100.0
C121,Chest,209,test/C121/Low_Dose/00000374.dcm,130.0,262144,16.865859985351562,550,8.055608132102273,4.909090909090909,11.272727272727273,28.181818181818183,61.09090909090909,100.0,0,,,,,,,305,8.246629258452868,3.6065573770491803,8.852459016393443,25.57377049180328,61.31147540983606,100.0,245,7.817806321747449,6.530612244897959,14.285714285714286,31.428571428571427,60.816326530612244,100.0
C121,Chest,210,test/C121/Low_Dose/00000223.dcm,130.0,262144,16.9631290435791,520,7.946142578125,6.538461538461538,10.76923076923077,30.192307692307693,63.46153846153846,100.0,0,,,,,,,299,8.024895811559364,4.682274247491639,8.361204013377927,29.431438127090303,62.207357859531776,100.0,221,7.839594085831448,9.049773755656108,14.027149321266968,31.221719457013574,65.15837104072398,100.0
C121,Chest,211,test/C121/Low_Dose/00000251.dcm,130.0,262144,16.982433319091797,613,7.868103525183524,6.199021207177814,10.766721044045678,29.526916802610113,66.721044045677,100.0,0,,,,,,,344,7.853781056958575,6.686046511627907,9.30232558139535,28.77906976744186,66.86046511627907,100.0,269,7.886420154217007,5.5762081784386615,12.639405204460967,30.483271375464685,66.54275092936803,100.0
C121,Chest,212,test/C121/Low_Dose/00000098.dcm,130.0,262144,16.74937629699707,542,7.763535840924815,6.4575645756457565,11.439114391143912,30.99630996309963,64.57564575645756,100.0,0,,,,,,,302,7.802845935947848,5.960264900662252,11.920529801324504,30.794701986754966,64.90066225165563,100.0,240,7.714070129394531,7.083333333333333,10.833333333333334,31.25,64.16666666666667,100.0
C121,Chest,213,test/C121/Low_Dose/00000308.dcm,130.0,262144,16.846925735473633,527,7.95611954459203,5.313092979127135,11.385199240986717,29.22201138519924,63.56736242884251,100.0,0,,,,,,,323,8.10753374129257,4.953560371517028,11.145510835913313,27.554179566563466,62.22910216718266,100.0,204,7.716379801432292,5.882352941176471,11.764705882352942,31.862745098039216,65.68627450980392,100.0
C121,Chest,214,test/C121/Low_Dose/00000063.dcm,130.0,262144,16.872892379760742,551,7.986781845508167,6.533575317604356,11.61524500907441,29.58257713248639,62.06896551724138,100.0,0,,,,,,,318,8.384165254029089,3.459119496855346,7.861635220125786,25.78616352201258,59.43396226415094,100.0,233,7.444430764652629,10.729613733905579,16.738197424892704,34.76394849785408,65.66523605150215,100.0
C121,Chest,215,test/C121/Low_Dose/00000117.dcm,130.0,262144,16.76259994506836,480,8.037724812825521,4.791666666666667,10.0,28.125,63.333333333333336,100.0,0,,,,,,,274,7.930076877566149,4.37956204379562,10.94890510948905,28.83211678832117,64.5985401459854,100.0,206,8.180907017976335,5.339805825242719,8.737864077669903,27.184466019417474,61.650485436893206,100.0
C121,Chest,216,test/C121/Low_Dose/00000240.dcm,130.0,262144,16.670074462890625,607,7.781211387973641,4.448105436573312,10.049423393739703,29.9835255354201,63.92092257001647,100.0,0,,,,,,,338,7.991334452431583,4.437869822485207,9.467455621301776,29.585798816568047,59.76331360946745,100.0,269,7.51718967820632,4.4609665427509295,10.780669144981413,30.483271375464685,69.14498141263941,100.0
C121,Chest,217,test/C121/Low_Dose/00000388.dcm,130.0,262144,16.818748474121094,755,7.69576650455298,5.695364238410596,12.317880794701987,30.728476821192054,65.16556291390728,100.0,0,,,,,,,412,7.737822597466626,5.097087378640777,11.16504854368932,31.310679611650485,64.07766990291262,100.0,343,7.645250148050292,6.41399416909621,13.70262390670554,30.02915451895044,66.47230320699708,100.0
C121,Chest,218,test/C121/Low_Dose/00000314.dcm,130.0,262144,16.525964736938477,702,7.800679003071581,5.84045584045584,10.968660968660968,29.487179487179485,63.53276353276353,100.0,0,,,,,,,394,7.846078010985089,5.583756345177665,10.406091370558375,28.68020304568528,62.944162436548226,100.0,308,7.742603648792613,6.1688311688311686,11.688311688311689,30.51948051948052,64.28571428571429,100.0
C121,Chest,219,test/C121/Low_Dose/00000146.dcm,130.0,262144,16.30819320678711,727,7.699649941970426,6.464924346629986,13.342503438789546,30.261348005502064,63.27372764786795,100.0,0,,,,,,,426,7.849203620158451,6.572769953051643,12.44131455399061,29.342723004694836,61.737089201877936,100.0,301,7.487989254568106,6.312292358803987,14.617940199335548,31.561461794019934,65.4485049833887,100.0
C121,Chest,220,test/C121/Low_Dose/00000093.dcm,130.0,262144,16.203744888305664,517,7.4358424882132494,7.156673114119923,13.539651837524177,33.26885880077369,68.47195357833655,100.0,0,,,,,,,300,7.2796622721354165,7.0,14.0,34.333333333333336,71.0,100.0,217,7.651759275093606,7.373271889400922,12.903225806451612,31.797235023041473,64.97695852534562,100.0
C121,Chest,221,test/C121/Low_Dose/00000096.dcm,130.0,262144,15.741646766662598,476,7.540109842765231,6.512605042016807,11.764705882352942,29.831932773109244,64.91596638655462,100.0,0,,,,,,,258,7.717834945796996,6.2015503875969,13.565891472868216,30.62015503875969,61.627906976744185,100.0,218,7.329774069129874,6.8807339449541285,9.63302752293578,28.89908256880734,68.80733944954129,100.0
C121,Chest,222,test/C121/Low_Dose/00000332.dcm,130.0,262144,15.639060974121094,483,7.649218952186853,6.211180124223603,11.594202898550725,28.15734989648033,66.0455486542443,100.0,0,,,,,,,276,7.5952767634737315,5.434782608695652,12.681159420289855,28.26086956521739,65.57971014492753,100.0,207,7.721141870471015,7.246376811594203,10.144927536231885,28.019323671497585,66.66666666666667,100.0
C121,Chest,223,test/C121/Low_Dose/00000211.dcm,130.0,262144,15.73715877532959,507,7.430944318602071,8.086785009861932,14.003944773175542,33.333333333333336,66.0749506903353,100.0,0,,,,,,,280,7.754994419642857,7.5,12.857142857142858,29.642857142857142,62.857142857142854,100.0,227,7.031233867359582,8.810572687224669,15.418502202643172,37.88546255506608,70.04405286343612,100.0
C121,Chest,224,test/C121/Low_Dose/00000341.dcm,130.0,262144,15.291321754455566,428,7.504289573598131,6.074766355140187,13.785046728971963,28.27102803738318,65.18691588785046,100.0,0,,,,,,,224,7.727817535400391,6.696428571428571,13.392857142857142,26.785714285714285,61.160714285714285,100.0,204,7.258847105736826,5.392156862745098,14.215686274509803,29.901960784313726,69.6078431372549,100.0
C121,Chest,225,test/C121/Low_Dose/00000088.dcm,130.0,262144,15.397786140441895,508,7.143077940452756,7.283464566929134,14.173228346456693,33.661417322834644,69.48818897637796,100.0,0,,,,,,,293,7.561753412969283,5.460750853242321,9.897610921501707,31.399317406143346,65.8703071672355,100.0,215,6.572510901162791,9.767441860465116,20.0,36.74418604651163,74.4186046511628,100.0
C121,Chest,226,test/C121/Low_Dose/00000299.dcm,130.0,262144,15.958699226379395,548,7.606947850136861,6.386861313868613,12.043795620437956,29.014598540145986,66.97080291970804,100.0,0,,,,,,,286,7.701195776879371,6.993006993006993,12.237762237762238,28.67132867132867,63.28671328671329,100.0,262,7.504065593690362,5.7251908396946565,11.83206106870229,29.389312977099237,70.99236641221374,100.0
C121,Chest,227,test/C121/Low_Dose/00000034.dcm,130.0,262144,16.00986099243164,542,7.538343591443727,4.612546125461255,11.808118081180812,30.81180811808118,66.23616236162361,100.0,0,,,,,,,312,7.303824400290464,6.089743589743589,13.461538461538462,34.294871794871796,67.94871794871794,100.0,230,7.856473441745924,2.608695652173913,9.565217391304348,26.08695652173913,63.91304347826087,100.0
C121,Chest,228,test/C121/Low_Dose/00000027.dcm,130.0,262144,15.849474906921387,549,7.332771676485656,7.285974499089253,14.025500910746812,32.60473588342441,68.85245901639344,100.0,0,,,,,,,293,7.6028523624146755,7.849829351535837,12.627986348122867,30.034129692832764,65.8703071672355,100.0,256,7.023656368255615,6.640625,15.625,35.546875,72.265625,100.0
C121,Chest,229,test/C121/Low_Dose/00000184.dcm,130.0,262144,16.310043334960938,545,7.695994301892202,5.504587155963303,11.192660550458715,30.825688073394495,63.48623853211009,100.0,0,,,,,,,295,7.921887413930085,5.423728813559322,9.830508474576272,26.779661016949152,63.05084745762712,100.0,250,7.42944091796875,5.6,12.8,35.6,64.0,100.0
C121,Chest,230,test/C121/Low_Dose/00000060.dcm,130.0,262144,16.09978675842285,548,7.795820027372263,5.109489051094891,11.496350364963504,28.284671532846716,65.51094890510949,100.0,0,,,,,,,280,7.901555524553571,4.285714285714286,10.0,26.428571428571427,65.71428571428571,100.0,268,7.68535010494403,5.970149253731344,13.059701492537313,30.223880597014926,65.29850746268657,100.0
C121,Chest,231,test/C121/Low_Dose/00000310.dcm,130.0,262144,16.139381408691406,512,7.262112617492676,7.03125,14.0625,33.7890625,68.5546875,100.0,0,,,,,,,283,7.4659548917844525,6.360424028268551,12.720848056537102,31.09540636042403,65.7243816254417,100.0,229,7.010202732669214,7.860262008733624,15.720524017467248,37.11790393013101,72.0524017467249,100.0
C121,Chest,232,test/C121/Low_Dose/00000335.dcm,130.0,262144,16.80341911315918,558,8.070209243391577,4.301075268817204,10.03584229390681,27.419354838709676,63.08243727598566,100.0,0,,,,,,,317,8.455128955540221,3.470031545741325,9.14826498422713,26.182965299684543,57.09779179810725,100.0,241,7.56390406185166,5.394190871369295,11.203319502074688,29.04564315352697,70.95435684647303,100.0
C121,Chest,233,test/C121/Low_Dose/00000086.dcm,130.0,262144,16.87204933166504,553,7.703158552780289,5.967450271247739,13.019891500904158,32.00723327305606,65.46112115732369,100.0,0,,,,,,,319,7.93553080304663,6.269592476489028,11.912225705329154,31.661442006269592,62.06896551724138,100.0,234,7.386376535790598,5.555555555555555,14.52991452991453,32.47863247863248,70.08547008547009,100.0
C121,Chest,234,test/C121/Low_Dose/00000123.dcm,130.0,262144,17.127038955688477,616,7.817765669389204,6.6558441558441555,12.824675324675324,30.844155844155843,62.98701298701299,100.0,0,,,,,,,350,7.974614955357143,6.571428571428571,12.285714285714286,30.0,61.142857142857146,100.0,266,7.611385488868656,6.7669172932330826,13.533834586466165,31.954887218045112,65.41353383458646,100.0
C121,Chest,235,test/C121/Low_Dose/00000049.dcm,130.0,262144,17.867372512817383,611,8.557280744936579,5.728314238952537,10.638297872340425,26.02291325695581,58.42880523731588,100.0,0,,,,,,,334,8.717033706025449,4.491017964071856,9.281437125748504,25.748502994011975,56.88622754491018,100.0,277,8.364654430843864,7.2202166064981945,12.274368231046932,26.353790613718413,60.288808664259925,100.0
C121,Chest,236,test/C121/Low_Dose/00000164.dcm,130.0,262144,17.926443099975586,599,8.388020561613105,5.509181969949917,11.686143572621035,28.046744574290486,58.09682804674458,100.0,0,,,,,,,339,8.770983130530974,5.6047197640118,11.504424778761061,25.663716814159294,53.68731563421829,100.0,260,7.8886972280649035,5.384615384615385,11.923076923076923,31.153846153846153,63.84615384615385,100.0
C121,Chest,237,test/C121/Low_Dose/00000122.dcm,130.0,262144,18.438039779663086,596,8.322123892355286,5.87248322147651,10.906040268456376,27.013422818791945,62.080536912751676,100.0,0,,,,,,,332,8.601341155638178,5.120481927710843,9.337349397590362,24.397590361445783,59.63855421686747,100.0,264,7.9709861061789775,6.818181818181818,12.878787878787879,30.303030303030305,65.15151515151516,100.0
C121,Chest,238,test/C121/Low_Dose/00000204.dcm,130.0,262144,18.854692459106445,627,8.70056911632775,6.220095693779904,10.526315789473685,27.59170653907496,55.34290271132377,100.0,0,,,,,,,352,9.215836958451705,4.545454545454546,6.818181818181818,22.15909090909091,51.42045454545455,100.0,275,8.041025390625,8.363636363636363,15.272727272727273,34.54545454545455,60.36363636363637,100.0
C121,Chest,239,test/C121/Low_Dose/00000191.dcm,130.0,262144,19.003286361694336,661,8.434683333727307,6.656580937972769,12.85930408472012,29.34947049924357,59.001512859304086,100.0,0,,,,,,,356,8.675099576457162,7.303370786516854,13.764044943820224,30.0561797752809,55.337078651685395,100.0,305,8.154065541752049,5.901639344262295,11.80327868852459,28.524590163934427,63.278688524590166,100.0
C121,Chest,240,test/C121/Low_Dose/00000011.dcm,130.0,262144,19.06999969482422,611,8.758393482763912,5.073649754500818,11.129296235679215,29.78723404255319,55.15548281505728,100.0,0,,,,,,,339,8.933972564067108,4.71976401179941,10.619469026548673,29.20353982300885,54.86725663716814,100.0,272,8.539565142463236,5.514705882352941,11.764705882352942,30.514705882352942,55.51470588235294,100.0
C121,Chest,241,test/C121/Low_Dose/00000029.dcm,130.0,262144,19.367279052734375,607,9.048172524969111,5.107084019769357,10.214168039538714,26.029654036243823,52.71828665568369,100.0,0,,,,,,,317,9.259034743444401,5.3627760252365935,9.14826498422713,23.34384858044164,50.78864353312303,100.0,290,8.817677464978448,4.827586206896552,11.379310344827585,28.96551724137931,54.827586206896555,100.0
C121,Chest,242,test/C121/Low_Dose/00000347.dcm,130.0,262144,19.431344985961914,520,9.446776404747595,3.6538461538461537,7.6923076923076925,23.46153846153846,49.80769230769231,100.0,0,,,,,,,278,9.712616625449641,4.316546762589928,6.474820143884892,22.302158273381295,47.48201438848921,100.0,242,9.141389704932852,2.8925619834710745,9.090909090909092,24.793388429752067,52.47933884297521,100.0
C121,Chest,243,test/C121/Low_Dose/00000357.dcm,130.0,262144,19.5662784576416,548,8.998403284671532,3.832116788321168,9.671532846715328,26.45985401459854,55.10948905109489,100.0,0,,,,,,,314,9.349456981488853,3.821656050955414,9.235668789808917,24.203821656050955,53.18471337579618,100.0,234,8.527330708299946,3.8461538461538463,10.256410256410257,29.487179487179485,57.69230769230769,100.0
C121,Chest,244,test/C121/Low_Dose/00000250.dcm,130.0,262144,19.82769203186035,595,9.58160287552521,4.705882352941177,10.756302521008404,23.865546218487395,47.563025210084035,100.0,0,,,,,,,365,9.705398517765412,3.835616438356164,9.863013698630137,22.73972602739726,46.02739726027397,100.0,230,9.385145635190218,6.086956521739131,12.173913043478262,25.652173913043477,50.0,100.0
C121,Chest,245,test/C121/Low_Dose/00000336.dcm,130.0,262144,20.0008487701416,767,9.241117992177314,5.345501955671447,10.951760104302478,25.423728813559322,52.41199478487614,100.0,0,,,,,,,442,9.336967088518099,4.524886877828054,9.95475113122172,24.660633484162897,50.452488687782804,100.0,325,9.11076171875,6.461538461538462,12.307692307692308,26.46153846153846,55.07692307692308,100.0
C121,Chest,246,test/C121/Low_Dose/00000252.dcm,130.0,262144,20.195606231689453,855,9.562358369883041,4.093567251461988,9.590643274853802,22.923976608187136,49.707602339181285,100.0,0,,,,,,,488,10.06252001152664,3.278688524590164,7.581967213114754,18.647540983606557,47.33606557377049,100.0,367,8.897294629172343,5.177111716621253,12.26158038147139,28.61035422343324,52.86103542234333,100.0
C121,Chest,247,test/C121/Low_Dose/00000091.dcm,130.0,262144,20.539289474487305,1001,9.38570121284965,6.193806193806194,10.38961038961039,24.775224775224775,52.247752247752246,100.0,0,,,,,,,590,9.653949284957626,6.610169491525424,10.677966101694915,22.88135593220339,50.847457627118644,100.0,411,9.000624904957421,5.59610705596107,9.975669099756692,27.49391727493917,54.257907542579076,100.0
C121,Chest,248,test/C121/Low_Dose/00000186.dcm,130.0,262144,20.18328285217285,940,9.652757230718086,4.042553191489362,8.404255319148936,22.23404255319149,50.319148936170215,100.0,0,,,,,,,537,9.690004146298882,3.7243947858473,7.635009310986964,22.532588454376164,50.279329608938546,100.0,403,9.603123061414392,4.4665012406947895,9.429280397022332,21.83622828784119,50.37220843672456,100.0
C121,Chest,249,test/C121/Low_Dose/00000109.dcm,130.0,262144,20.509572982788086,766,9.542052107131202,3.6553524804177546,9.138381201044387,22.715404699738905,51.95822454308094,100.0,0,,,,,,,431,9.914781893488978,2.7842227378190256,7.65661252900232,20.417633410672853,48.25986078886311,100.0,335,9.062511660447761,4.776119402985074,11.044776119402986,25.671641791044777,56.71641791044776,100.0
C121,Chest,250,test/C121/Low_Dose/00000150.dcm,130.0,262144,20.604280471801758,660,9.763892341382576,4.545454545454546,9.545454545454545,21.818181818181817,47.72727272727273,100.0,0,,,,,,,377,10.128781913129973,4.244031830238727,9.018567639257295,19.628647214854112,45.09283819628647,100.0,283,9.277803562555212,4.946996466431095,10.247349823321555,24.73498233215548,51.236749116607776,100.0
C121,Chest,251,test/C121/Low_Dose/00000062.dcm,130.0,262144,20.698102951049805,658,9.726543206212007,4.407294832826747,8.966565349544073,22.492401215805472,49.69604863221885,100.0,0,,,,,,,373,9.796494716613607,4.557640750670242,8.579088471849866,22.788203753351205,50.134048257372655,100.0,285,9.63499177631579,4.2105263157894735,9.473684210526315,22.105263157894736,49.12280701754386,100.0
C121,Chest,252,test/C121/Low_Dose/00000161.dcm,130.0,262144,21.034570693969727,712,10.037450211771418,3.3707865168539324,8.567415730337078,21.910112359550563,47.89325842696629,100.0,0,,,,,,,423,10.362084210623522,3.5460992907801416,8.037825059101655,19.38534278959811,45.153664302600475,100.0,289,9.56229471912846,3.114186851211073,9.342560553633218,25.60553633217993,51.90311418685121,100.0
C121,Chest,253,test/C121/Low_Dose/00000383.dcm,130.0,262144,21.45606803894043,744,10.041788736979166,3.763440860215054,8.46774193548387,23.521505376344088,47.983870967741936,100.0,0,,,,,,,422,10.361755081827607,3.3175355450236967,7.345971563981043,21.327014218009477,45.97156398104266,100.0,322,9.62245472025427,4.3478260869565215,9.937888198757763,26.39751552795031,50.62111801242236,100.0
C121,Chest,254,test/C121/Low_Dose/00000311.dcm,130.0,262144,21.743858337402344,851,9.897979628745594,4.465334900117509,8.930669800235018,23.031727379553466,48.531139835487664,100.0,0,,,,,,,495,10.22211667455808,3.6363636363636362,7.6767676767676765,19.393939393939394,46.666666666666664,100.0,356,9.44728208391854,5.617977528089888,10.674157303370787,28.089887640449437,51.12359550561798,100.0
C121,Chest,255,test/C121/Low_Dose/00000283.dcm,130.0,262144,22.51854705810547,807,10.081610130111525,6.319702602230484,11.400247831474598,24.65923172242875,47.21189591078067,100.0,0,,,,,,,444,10.365293760557432,4.504504504504505,10.135135135135135,23.1981981981982,45.72072072072072,100.0,363,9.734623848570937,8.539944903581267,12.947658402203857,26.446280991735538,49.035812672176306,100.0
C121,Chest,256,test/C121/Low_Dose/00000116.dcm,130.0,262144,23.686920166015625,907,11.263863526736493,3.7486218302094816,7.82800441014333,20.286659316427784,40.35281146637266,96.8026460859978,0,,,,,,,529,11.718340176039698,3.780718336483932,6.994328922495274,18.147448015122873,37.80718336483932,95.84120982986768,378,10.627839265046296,3.7037037037037037,8.994708994708995,23.280423280423282,43.91534391534392,98.14814814814815
C121,Chest,257,test/C121/Low_Dose/00000254.dcm,130.0,262144,24.79537010192871,969,11.592699867776059,3.7151702786377707,8.25593395252838,20.123839009287927,40.55727554179567,91.12487100103199,0,,,,,,,525,12.03888671875,3.238095238095238,7.238095238095238,17.142857142857142,36.38095238095238,91.80952380952381,444,11.065115163992116,4.2792792792792795,9.45945945945946,23.64864864864865,45.4954954954955,90.31531531531532
C121,Chest,258,test/C121/Low_Dose/00000018.dcm,130.0,262144,25.51389503479004,1038,11.477403585621387,4.046242774566474,7.707129094412331,21.483622350674374,42.678227360308284,90.46242774566474,0,,,,,,,599,12.023946975427796,4.006677796327212,6.510851419031719,18.864774624373958,39.39899833055092,89.14858096828047,439,10.731665539578588,4.100227790432802,9.339407744874716,25.056947608200456,47.15261958997722,92.25512528473804
C121,Chest,259,test/C121/Low_Dose/00000177.dcm,130.0,262144,26.326215744018555,949,12.055458253753951,1.6859852476290833,5.268703898840885,16.649104320337198,38.98840885142255,86.72286617492097,0,,,,,,,552,12.158977121546648,1.9927536231884058,5.434782608695652,15.579710144927537,37.13768115942029,86.05072463768116,397,11.91152269954345,1.2594458438287153,5.037783375314861,18.1360201511335,41.5617128463476,87.6574307304786
C121,Chest,260,test/C121/Low_Dose/00000331.dcm,130.0,262144,26.797073364257812,911,12.477021302140505,3.622392974753019,6.915477497255763,18.331503841931944,37.321624588364436,85.07135016465422,0,,,,,,,537,13.023024688663874,2.97951582867784,6.145251396648045,17.50465549348231,33.5195530726257,82.4953445065177,374,11.6930525672627,4.545454545454546,8.02139037433155,19.518716577540108,42.780748663101605,88.77005347593582
C121,Chest,261,test/C121/Low_Dose/00000189.dcm,130.0,262144,27.452808380126953,1001,12.979302923638862,2.2977022977022976,5.4945054945054945,16.483516483516482,34.96503496503497,80.21978021978022,0,,,,,,,579,13.146315711355786,2.4179620034542313,5.354058721934369,15.716753022452504,34.196891191709845,80.31088082901555,422,12.750155046652843,2.132701421800948,5.687203791469194,17.53554502369668,36.018957345971565,80.09478672985782
C121,Chest,262,test/C121/Low_Dose/00000360.dcm,130.0,262144,28.329696655273438,1104,13.621429885643115,3.260869565217391,6.431159420289855,17.481884057971016,32.608695652173914,76.17753623188406,0,,,,,,,636,14.093221796383649,2.830188679245283,5.817610062893082,15.251572327044025,29.08805031446541,73.58490566037736,468,12.980276776175213,3.8461538461538463,7.264957264957265,20.512820512820515,37.39316239316239,79.7008547008547
C121,Chest,263,test/C121/Low_Dose/00000353.dcm,130.0,262144,28.779891967773438,1128,13.504668107269504,3.5460992907801416,6.382978723404255,17.02127659574468,33.42198581560284,75.97517730496453,0,,,,,,,698,14.199726618463467,2.5787965616045847,5.730659025787966,13.753581661891117,28.653295128939828,73.06590257879657,430,12.376411473473837,5.116279069767442,7.441860465116279,22.325581395348838,41.16279069767442,80.69767441860465
C121,Chest,264,test/C121/Low_Dose/00000053.dcm,130.0,262144,29.321908950805664,1135,13.678011426211453,2.290748898678414,5.462555066079295,17.53303964757709,34.62555066079295,75.94713656387665,0,,,,,,,677,14.1758360644387,2.2156573116691285,4.579025110782865,15.066469719350074,31.462333825701624,74.2983751846381,458,12.942144002456331,2.4017467248908297,6.7685589519650655,21.179039301310045,39.301310043668124,78.38427947598254
C121,Chest,265,test/C121/Low_Dose/00000002.dcm,130.0,262144,29.877586364746094,1239,13.781581038135593,3.066989507667474,6.618240516545601,16.222760290556902,34.30185633575464,71.99354317998386,0,,,,,,,729,14.397419410150892,2.880658436213992,6.172839506172839,14.40329218106996,31.824417009602193,68.99862825788752,510,12.901292509191176,3.3333333333333335,7.254901960784314,18.823529411764707,37.84313725490196,76.27450980392157
C121,Chest,266,test/C121/Low_Dose/00000070.dcm,130.0,262144,30.144962310791016,1256,14.102489301353502,2.5477707006369426,6.130573248407643,15.207006369426752,30.812101910828027,73.00955414012739,0,,,,,,,749,14.713920644192257,2.5367156208277706,5.607476635514018,13.618157543391188,27.236315086782376,71.02803738317758,507,13.199211045364892,2.5641025641025643,6.903353057199211,17.554240631163708,36.094674556213015,75.93688362919133
C121,Chest,267,test/C121/Low_Dose/00000138.dcm,130.0,262144,30.29610252380371,1351,14.588578772668393,2.8127313101406366,6.439674315321984,13.545521835677276,29.31162102146558,70.54034048852702,0,,,,,,,803,15.07141918975716,2.61519302615193,5.47945205479452,12.079701120797012,26.525529265255294,69.48941469489415,548,13.881059855440236,3.102189781021898,7.846715328467154,15.693430656934307,33.394160583941606,72.08029197080292
C121,Chest,268,test/C121/Low_Dose/00000176.dcm,130.0,262144,30.03143310546875,1351,14.454631407290895,2.29459659511473,5.329385640266469,14.285714285714286,29.90377498149519,70.02220577350111,0,,,,,,,789,14.853265605196452,1.9011406844106464,4.942965779467681,13.434727503168569,27.376425855513308,68.8212927756654,562,13.894983040480428,2.8469750889679717,5.871886120996441,15.480427046263346,33.45195729537367,71.70818505338079
C121,Chest,269,test/C121/Low_Dose/00000230.dcm,130.0,262144,30.504228591918945,1240,15.105894027217742,1.935483870967742,4.919354838709677,12.17741935483871,26.129032258064516,68.2258064516129,0,,,,,,,746,15.682541261729222,1.4745308310991958,4.1554959785522785,10.187667560321715,22.386058981233244,65.95174262734585,494,14.235088641826923,2.6315789473684212,6.0728744939271255,15.182186234817813,31.781376518218625,71.65991902834008
C121,Chest,270,test/C121/Low_Dose/00000213.dcm,130.0,262144,30.771089553833008,1309,15.02762724407945,2.1390374331550803,5.347593582887701,12.375859434682964,26.35599694423224,68.90756302521008,0,,,,,,,749,15.58796885430574,2.0026702269692924,4.939919893190921,11.214953271028037,23.097463284379174,66.62216288384512,560,14.278172084263392,2.3214285714285716,5.892857142857143,13.928571428571429,30.714285714285715,71.96428571428571
C121,Chest,271,test/C121/Low_Dose/00000010.dcm,130.0,262144,30.850311279296875,1294,15.156648473724884,2.241112828438949,4.636785162287481,12.13292117465224,28.438948995363216,66.84698608964452,0,,,,,,,789,15.379995445183777,2.534854245880862,4.689480354879595,11.280101394169835,27.75665399239544,65.90621039290241,505,14.807696472772276,1.7821782178217822,4.554455445544554,13.465346534653465,29.504950495049506,68.31683168316832
C121,Chest,272,test/C121/Low_Dose/00000262.dcm,130.0,262144,31.134586334228516,1205,15.397808609958506,2.6556016597510372,4.481327800829876,12.199170124481327,25.560165975103736,65.56016597510373,0,,,,,,,742,15.891127758591644,2.964959568733154,4.177897574123989,10.78167115902965,22.506738544474395,62.129380053908356,463,14.607219391198704,2.159827213822894,4.967602591792657,14.47084233261339,30.453563714902806,71.05831533477321
C121,Chest,273,test/C121/Low_Dose/00000297.dcm,130.0,262144,31.322845458984375,1239,15.733690854519773,1.8563357546408394,4.196933010492333,11.380145278450364,23.890234059725586,64.5682001614205,0,,,,,,,741,16.20075541919703,1.6194331983805668,3.913630229419703,10.796221322537113,21.86234817813765,62.34817813765182,498,15.038724232868976,2.208835341365462,4.618473895582329,12.248995983935743,26.907630522088354,67.8714859437751
C121,Chest,274,test/C121/Low_Dose/00000079.dcm,130.0,262144,30.45269775390625,1238,15.215935480613894,2.261712439418417,4.281098546042003,11.066235864297253,25.848142164781905,67.77059773828756,0,,,,,,,743,15.342780009253028,2.557200538358008,4.172274562584119,10.63257065948856,24.226110363391655,67.83310901749664,495,15.025538589015152,1.8181818181818181,4.444444444444445,11.717171717171718,28.282828282828284,67.67676767676768
C121,Chest,275,test/C121/Low_Dose/00000281.dcm,130.0,262144,30.183412551879883,1279,14.464939955531666,2.4237685691946833,5.394839718530101,13.760750586395622,28.068803752931977,71.14933541829555,0,,,,,,,779,14.681925194560334,2.310654685494223,5.134788189987163,12.70860077021823,27.342747111681643,69.96148908857509,500,14.126876953125,2.6,5.8,15.4,29.2,73.0
C121,Chest,276,test/C121/Low_Dose/00000340.dcm,130.0,262144,29.945125579833984,1465,14.427801034556314,1.6382252559726962,4.505119453924915,12.627986348122867,28.668941979522184,72.2184300341297,0,,,,,,,860,14.652902434593024,1.3953488372093024,3.953488372093023,11.976744186046512,27.906976744186046,71.51162790697674,605,14.107822184917355,1.9834710743801653,5.289256198347108,13.553719008264462,29.75206611570248,73.22314049586777
C121,Chest,277,test/C121/Low_Dose/00000202.dcm,130.0,262144,29.601850509643555,1644,13.890398085842458,3.2846715328467155,5.170316301703163,13.564476885644769,31.143552311435524,76.0948905109489,0,,,,,,,972,14.089819637345679,2.7777777777777777,4.526748971193416,12.757201646090534,29.83539094650206,75.82304526748972,672,13.601950509207589,4.017857142857143,6.101190476190476,14.732142857142858,33.035714285714285,76.48809523809524
C121,Chest,278,test/C121/Low_Dose/00000210.dcm,130.0,262144,29.63203239440918,1759,14.129623543206367,2.501421262080728,5.1733939738487775,13.757816941444002,29.505400795906766,73.45082433200682,0,,,,,,,1055,14.634624925947866,2.4644549763033177,5.118483412322274,12.511848341232227,25.781990521327014,71.4691943127962,704,13.372838800603693,2.5568181818181817,5.255681818181818,15.625,35.08522727272727,76.42045454545455
C121,Chest,279,test/C121/Low_Dose/00000016.dcm,130.0,262144,29.695884704589844,1915,14.02241555156658,3.028720626631854,5.587467362924282,14.569190600522193,29.973890339425587,74.7780678851175,0,,,,,,,1150,14.307564538043477,2.9565217391304346,5.826086956521739,14.347826086956522,28.434782608695652,73.91304347826087,765,13.593760212418301,3.1372549019607843,5.228758169934641,14.901960784313726,32.287581699346404,76.07843137254902
C121,Chest,280,test/C121/Low_Dose/00000012.dcm,130.0,262144,29.086835861206055,1792,13.608452933175224,2.622767857142857,5.301339285714286,14.787946428571429,31.919642857142858,77.79017857142857,0,,,,,,,1090,14.001885034403669,2.018348623853211,4.862385321100917,12.660550458715596,29.81651376146789,76.05504587155963,702,12.997569722667379,3.561253561253561,5.982905982905983,18.09116809116809,35.18518518518518,80.48433048433048
C121,Chest,281,test/C121/Low_Dose/00000364.dcm,130.0,262144,29.1411190032959,1518,13.933449645915678,2.1739130434782608,4.874835309617918,13.175230566534914,30.23715415019763,76.81159420289855,0,,,,,,,887,14.238561997956594,1.6910935738444195,3.9458850056369785,12.063134160090192,28.74859075535513,75.64825253664036,631,13.50455316461965,2.8526148969889067,6.180665610142631,14.73851030110935,32.329635499207605,78.44690966719493
C121,Chest,282,test/C121/Low_Dose/00000199.dcm,130.0,262144,28.9809513092041,1353,13.836985518292684,1.9955654101995566,5.025868440502586,12.638580931263858,30.524759793052475,78.34441980783444,0,,,,,,,830,14.137511765813253,1.927710843373494,5.542168674698795,11.80722891566265,29.03614457831325,76.62650602409639,523,13.3600490708652,2.1032504780114722,4.2065009560229445,13.957934990439771,32.88718929254302,81.07074569789675
C121,Chest,283,test/C121/Low_Dose/00000248.dcm,130.0,262144,28.735414505004883,1305,13.824209770114942,1.9923371647509578,5.210727969348659,13.409961685823754,29.731800766283524,78.08429118773947,0,,,,,,,793,14.242276166456495,1.7654476670870114,4.287515762925599,12.105926860025221,27.616645649432535,76.54476670870113,512,13.176695823669434,2.34375,6.640625,15.4296875,33.0078125,80.46875
C121,Chest,284,test/C121/Low_Dose/00000072.dcm,130.0,262144,29.362930297851562,1528,13.573472267670157,3.337696335078534,5.955497382198953,14.594240837696335,31.151832460732983,78.07591623036649,0,,,,,,,911,13.986176977565862,3.293084522502744,5.817782656421515,13.172338090010976,28.869374313940725,75.6311745334797,617,12.964115680713128,3.4035656401944894,6.158833063209076,16.693679092382496,34.52188006482982,81.68557536466774
C121,Chest,285,test/C121/Low_Dose/00000245.dcm,130.0,262144,29.70701026916504,1607,13.835273899346609,2.8624766645924082,5.538270068450529,14.685749844430616,31.673926571250778,74.98444306160548,0,,,,,,,973,14.016251284686536,2.5693730729701953,4.6248715313463515,13.66906474820144,30.421377183967113,74.71736896197328,634,13.557527848974763,3.312302839116719,6.94006309148265,16.246056782334385,33.59621451104101,75.39432176656152
C121,Chest,286,test/C121/Low_Dose/00000386.dcm,130.0,262144,29.921642303466797,1706,13.782344482708089,3.048065650644783,5.861664712778429,14.302461899179367,32.590855803048065,73.09495896834702,0,,,,,,,1006,14.35677924639662,2.584493041749503,4.870775347912525,12.027833001988071,28.628230616302186,70.67594433399603,700,12.956799665178572,3.7142857142857144,7.285714285714286,17.571428571428573,38.285714285714285,76.57142857142857
C121,Chest,287,test/C121/Low_Dose/00000085.dcm,130.0,262144,31.149648666381836,1775,14.36252860915493,3.436619718309859,5.915492957746479,15.830985915492958,30.816901408450704,70.53521126760563,0,,,,,,,1052,14.91322889436787,3.1368821292775664,5.133079847908745,13.783269961977187,27.376425855513308,67.58555133079848,723,13.561231684387966,3.872752420470263,7.053941908713693,18.81051175656985,35.82295988934993,74.8271092669433
C121,Chest,288,test/C121/Low_Dose/00000071.dcm,130.0,262144,31.75144386291504,1686,14.591822360616845,2.550415183867141,5.160142348754448,13.641755634638196,30.901542111506526,69.7508896797153,0,,,,,,,1000,15.068287109375,1.5,4.0,12.9,28.6,67.9,686,13.897264486151604,4.081632653061225,6.85131195335277,14.723032069970845,34.25655976676385,72.44897959183673
C121,Chest,289,test/C121/Low_Dose/00000056.dcm,130.0,262144,32.434879302978516,1873,15.459863437666845,1.9220501868659905,4.9119060331019755,12.17298451681794,25.89428723972237,65.08275493860117,0,,,,,,,1145,15.943504366812228,1.5720524017467248,4.0174672489082965,10.305676855895197,23.056768558951966,62.35807860262009,728,14.69918923849588,2.4725274725274726,6.318681318681318,15.10989010989011,30.357142857142858,69.36813186813187
C121,Chest,290,test/C121/Low_Dose/00000059.dcm,130.0,262144,33.233299255371094,2032,15.619182917076772,1.968503937007874,4.52755905511811,12.5,26.328740157480315,64.91141732283465,0,,,,,,,1228,15.995253969869706,1.8729641693811074,4.804560260586319,12.37785016286645,25.0,62.37785016286645,804,15.044785836442786,2.1144278606965172,4.104477611940299,12.686567164179104,28.35820895522388,68.78109452736318
C121,Chest,291,test/C121/Low_Dose/00000359.dcm,130.0,262144,33.1915168762207,2088,15.338243272569445,2.3946360153256707,5.124521072796935,13.745210727969349,27.921455938697317,65.61302681992338,0,,,,,,,1240,15.87746345766129,2.2580645161290325,5.080645161290323,13.629032258064516,25.483870967741936,62.41935483870968,848,14.54976322965802,2.5943396226415096,5.188679245283019,13.915094339622641,31.485849056603772,70.28301886792453
C121,Chest,292,test/C121/Low_Dose/00000195.dcm,130.0,262144,32.95942687988281,1992,15.743222891566266,1.8072289156626506,4.116465863453815,11.696787148594378,25.401606425702813,63.95582329317269,0,,,,,,,1207,16.09480180716653,1.9055509527754764,3.8939519469759736,10.52195526097763,23.777961888980943,61.88898094449047,785,15.202643560907644,1.6560509554140128,4.45859872611465,13.503184713375797,27.898089171974522,67.13375796178345
C121,Chest,293,test/C121/Low_Dose/00000305.dcm,130.0,262144,32.933345794677734,1908,15.634130961740041,2.148846960167715,4.1928721174004195,11.320754716981131,25.471698113207548,66.82389937106919,0,,,,,,,1174,16.13096584859455,1.8739352640545144,3.8330494037478706,9.199318568994888,22.7427597955707,64.65076660988075,734,14.839465897479563,2.5885558583106265,4.768392370572207,14.713896457765667,29.83651226158038,70.29972752043597
C121,Chest,294,test/C121/Low_Dose/00000291.dcm,130.0,262144,32.63922119140625,1847,15.739526935571197,2.2198159177043855,4.872766648619383,12.019491066594478,25.554953979426095,63.12939902544667,0,,,,,,,1112,16.425689916816548,1.7985611510791366,4.316546762589928,10.161870503597122,21.402877697841728,60.34172661870504,735,14.701416347789115,2.857142857142857,5.714285714285714,14.829931972789115,31.836734693877553,67.34693877551021
C121,Chest,295,test/C121/Low_Dose/00000078.dcm,130.0,262144,32.31618118286133,1919,15.561445577123502,1.9280875455966648,4.064616988014591,11.776967170401251,27.09744658676394,64.8254299114122,0,,,,,,,1153,15.979808109280139,1.9080659150043364,3.4692107545533393,11.101474414570685,25.498699045967044,62.619254119687774,766,14.931717118146214,1.95822454308094,4.960835509138382,12.793733681462141,29.503916449086162,68.1462140992167
C121,Chest,296,test/C121/Low_Dose/00000363.dcm,130.0,262144,32.22830581665039,1902,15.67583156710042,2.7339642481598316,5.205047318611987,12.88117770767613,26.130389064143007,63.932702418506835,0,,,,,,,1163,16.010004097699913,2.4935511607910574,4.213241616509029,12.811693895098882,24.935511607910577,61.82287188306105,739,15.14992679084912,3.1123139377537212,6.7658998646820026,12.990527740189446,28.010825439783492,67.2530446549391
C121,Chest,297,test/C121/Low_Dose/00000334.dcm,130.0,262144,32.122840881347656,1815,15.469456998966942,1.9283746556473829,4.40771349862259,11.900826446280991,26.446280991735538,65.12396694214875,0,,,,,,,1101,15.948642214464124,1.6348773841961852,3.723887375113533,10.354223433242506,23.79654859218892,62.5794732061762,714,14.73054397540266,2.380952380952381,5.46218487394958,14.285714285714286,30.532212885154063,69.04761904761905
C121,Chest,298,test/C121/Low_Dose/00000143.dcm,130.0,262144,31.627729415893555,1829,15.513918551804265,1.913613996719519,4.209950792782942,12.192454893384364,25.75177692728267,64.18808091853472,0,,,,,,,1121,15.678210024531667,1.4272970561998215,3.9250669045495092,11.50758251561106,24.62087421944692,62.71186440677966,708,15.253793145303673,2.6836158192090394,4.661016949152542,13.27683615819209,27.54237288135593,66.52542372881356
C121,Chest,299,test/C121/Low_Dose/00000172.dcm,130.0,262144,31.507354736328125,1785,14.937261467086834,2.0168067226890756,4.313725490196078,13.837535014005603,28.73949579831933,68.12324929971989,0,,,,,,,1086,15.158275063305709,2.4861878453038675,4.419889502762431,13.351749539594843,27.532228360957642,65.74585635359117,699,14.593884120171674,1.2875536480686696,4.148783977110157,14.592274678111588,30.61516452074392,71.81688125894135
C121,Chest,300,test/C121/Low_Dose/00000033.dcm,130.0,262144,31.313995361328125,1948,15.22615442922228,2.2073921971252566,4.876796714579055,12.114989733059549,26.28336755646817,66.52977412731006,0,,,,,,,1169,15.628943006843455,1.2831479897348161,3.507271171941831,11.035072711719419,23.952095808383234,64.75620188195039,779,14.621713033536585,3.594351732991014,6.93196405648267,13.735558408215661,29.781771501925547,69.19127086007703
C121,Chest,301,test/C121/Low_Dose/00000007.dcm,130.0,262144,30.968503952026367,1835,14.731732161103542,2.1253405994550407,4.577656675749319,13.2425068119891,28.66485013623978,69.75476839237058,0,,,,,,,1100,15.47579190340909,1.4545454545454546,3.4545454545454546,11.454545454545455,26.09090909090909,65.72727272727273,735,13.618174691751701,3.129251700680272,6.258503401360544,15.918367346938776,32.51700680272109,75.78231292517007
C121,Chest,302,test/C121/Low_Dose/00000119.dcm,130.0,262144,31.037811279296875,1736,14.967233402937788,2.5345622119815667,5.357142857142857,12.327188940092165,28.110599078341014,66.70506912442396,0,,,,,,,1031,15.656003728176527,1.8428709990300678,4.461687681862269,10.08729388942774,24.34529582929195,63.23957322987391,705,13.959966478280142,3.5460992907801416,6.666666666666667,15.602836879432624,33.61702127659574,71.77304964539007
C121,Chest,303,test/C121/Low_Dose/00000140.dcm,130.0,262144,31.01692771911621,1615,14.891500580495356,2.2291021671826625,5.015479876160991,13.188854489164086,27.86377708978328,68.35913312693498,0,,,,,,,931,15.528078007518797,2.1482277121374866,4.511278195488722,12.352309344790548,25.56390977443609,64.66165413533835,684,14.025046543768275,2.3391812865497075,5.701754385964913,14.32748538011696,30.994152046783626,73.39181286549707
C121,Chest,304,test/C121/Low_Dose/00000125.dcm,130.0,262144,30.687335968017578,1524,14.62062469242126,2.3622047244094486,4.4619422572178475,13.32020997375328,28.74015748031496,70.20997375328083,0,,,,,,,887,15.21044976923619,2.142051860202931,4.284103720405862,11.837655016910936,24.91544532130778,67.64374295377678,637,13.799314106652277,2.6687598116169546,4.7095761381475665,15.384615384615385,34.065934065934066,73.78335949764521
C121,Chest,305,test/C121/Low_Dose/00000269.dcm,130.0,262144,30.907787322998047,1448,15.216923666263812,2.2099447513812156,4.419889502762431,11.395027624309392,27.140883977900554,66.71270718232044,0,,,,,,,861,15.784090084204413,1.9744483159117305,3.948896631823461,10.220673635307781,23.693379790940767,63.879210220673635,587,14.385018499787053,2.5553662691652472,5.1107325383304945,13.117546848381602,32.19761499148211,70.86882453151618
C121,Chest,306,test/C121/Low_Dose/00000300.dcm,130.0,262144,30.768945693969727,1378,15.157548303701017,2.39477503628447,4.499274310595065,12.336719883889696,26.41509433962264,66.90856313497822,0,,,,,,,844,15.359530046652843,2.132701421800948,4.028436018957346,11.255924170616113,25.473933649289098,66.58767772511848,534,14.838310327422754,2.808988764044944,5.2434456928838955,14.044943820224718,27.90262172284644,67.41573033707866
C121,Chest,307,test/C121/Low_Dose/00000102.dcm,130.0,262144,30.198747634887695,1360,15.027520392922794,1.6911764705882353,3.8970588235294117,12.132352941176471,26.029411764705884,69.19117647058823,0,,,,,,,816,15.52032470703125,1.5931372549019607,2.9411764705882355,11.27450980392157,23.03921568627451,66.78921568627452,544,14.28831392176011,1.838235294117647,5.330882352941177,13.419117647058824,30.514705882352942,72.79411764705883
C121,Chest,308,test/C121/Low_Dose/00000215.dcm,130.0,262144,30.08539581298828,1253,14.653581404628891,2.314445331205108,4.788507581803671,13.00877893056664,27.45411013567438,69.11412609736632,0,,,,,,,761,14.977820096911959,1.8396846254927726,3.1537450722733245,11.038107752956636,26.412614980289092,67.41130091984232,492,14.152068843686484,3.048780487804878,7.317073170731708,16.056910569105693,29.065040650406505,71.7479674796748
C121,Chest,309,test/C121/Low_Dose/00000326.dcm,130.0,262144,29.94626808166504,1486,14.450006046012787,2.6917900403768504,4.912516823687753,12.584118438761777,28.129205921938087,72.67833109017496,0,,,,,,,872,14.887049123781537,2.1788990825688073,4.472477064220183,12.041284403669724,25.229357798165136,70.87155963302752,614,13.829319459995927,3.420195439739414,5.537459283387622,13.355048859934854,32.24755700325733,75.2442996742671
C121,Chest,310,test/C121/Low_Dose/00000296.dcm,130.0,262144,29.098953247070312,1591,14.09677237193589,2.6398491514770583,5.279698302954117,12.319296040226273,29.981143934632307,75.9899434318039,0,,,,,,,920,14.332273267663043,2.608695652173913,4.891304347826087,12.391304347826088,28.695652173913043,74.78260869565217,671,13.773881392045455,2.682563338301043,5.812220566318927,12.220566318926975,31.74366616989568,77.64530551415797
C121,Chest,311,test/C121/Low_Dose/00000236.dcm,130.0,262144,28.820528030395508,1680,14.264571707589285,2.5595238095238093,5.0,13.452380952380953,28.75,73.21428571428571,0,,,,,,,976,14.57802894467213,2.0491803278688523,4.405737704918033,12.295081967213115,26.434426229508198,72.64344262295081,704,13.83000460537997,3.2670454545454546,5.823863636363637,15.056818181818182,31.960227272727273,74.00568181818181
C121,Chest,312,test/C121/Low_Dose/00000113.dcm,130.0,262144,28.55904769897461,1650,13.778357007575758,2.727272727272727,5.151515151515151,12.909090909090908,30.060606060606062,77.39393939393939,0,,,,,,,968,14.185900979790805,2.8925619834710745,5.371900826446281,11.983471074380166,28.09917355371901,75.0,682,13.199906066715542,2.4926686217008798,4.838709677419355,14.222873900293255,32.84457478005865,80.79178885630499
C121,Chest,313,test/C121/Low_Dose/00000197.dcm,130.0,262144,28.12741470336914,1598,13.63116493272841,2.5031289111389237,4.693366708385482,11.95244055068836,30.78848560700876,80.72590738423028,0,,,,,,,913,14.158153922508214,1.8619934282584885,3.833515881708653,10.843373493975903,28.258488499452355,78.42278203723987,685,12.928769388686131,3.3576642335766422,5.839416058394161,13.430656934306569,34.160583941605836,83.7956204379562
C121,Chest,314,test/C121/Low_Dose/00000114.dcm,130.0,262144,28.213335037231445,1617,13.481125831014223,2.535559678416821,5.565862708719852,14.53308596165739,32.28200371057514,78.16944959802103,0,,,,,,,966,13.687643552665632,2.691511387163561,5.590062111801243,14.699792960662526,30.952380952380953,76.3975155279503,651,13.17468017953149,2.304147465437788,5.529953917050691,14.285714285714286,34.254992319508446,80.79877112135176
C121,Chest,315,test/C121/Low_Dose/00000288.dcm,130.0,262144,28.168392181396484,1592,13.421970693310302,3.077889447236181,6.030150753768845,14.635678391959798,31.972361809045225,79.71105527638191,0,,,,,,,961,13.759155908558792,2.8095733610822062,5.6191467221644125,13.423517169614984,30.28095733610822,78.1477627471384,631,12.908446104893027,3.4865293185419968,6.6561014263074485,16.48177496038035,34.54833597464342,82.0919175911252
C121,Chest,316,test/C121/Low_Dose/00000218.dcm,130.0,262144,27.80668830871582,1402,13.43353523983595,2.710413694721826,5.563480741797433,13.98002853067047,30.028530670470754,81.45506419400856,0,,,,,,,818,13.68864966954462,2.078239608801956,5.256723716381418,13.569682151589243,29.706601466992666,80.19559902200488,584,13.07620281062714,3.595890410958904,5.993150684931507,14.554794520547945,30.47945205479452,83.21917808219177
C121,Chest,317,test/C121/Low_Dose/00000276.dcm,130.0,262144,28.202951431274414,1318,13.483616274658573,3.6418816388467374,6.7526555386949925,14.64339908952959,31.25948406676783,80.04552352048559,0,,,,,,,772,13.796394308613989,3.4974093264248705,6.217616580310881,13.082901554404145,28.756476683937823,78.88601036269431,546,13.041373340201465,3.8461538461538463,7.509157509157509,16.84981684981685,34.798534798534796,81.68498168498168
C121,Chest,318,test/C121/Low_Dose/00000069.dcm,130.0,262144,28.246219635009766,1428,13.28096824667367,3.011204481792717,6.022408963585434,15.546218487394958,32.703081232493,80.95238095238095,0,,,,,,,853,13.61658988496483,3.1652989449003517,5.3927315357561545,14.06799531066823,30.5978898007034,79.48417350527549,575,12.783078294836956,2.782608695652174,6.956521739130435,17.73913043478261,35.82608695652174,83.1304347826087
C121,Chest,319,test/C121/Low_Dose/00000303.dcm,130.0,262144,28.437437057495117,1541,13.531821615428294,3.6988968202465933,6.099935107073329,14.795587280986373,30.759247242050616,78.39065541855938,0,,,,,,,934,13.948033073474305,2.6766595289079227,5.460385438972163,13.811563169164883,27.40899357601713,77.08779443254818,607,12.891390805189456,5.271828665568369,7.0840197693574956,16.30971993410214,35.914332784184516,80.39538714991762
C121,Chest,320,test/C121/Low_Dose/00000224.dcm,130.0,262144,28.81787872314453,1634,13.118892001988984,3.8555691554467564,7.221542227662178,17.625458996328028,34.39412484700122,78.88616891064872,0,,,,,,,973,13.629807537898253,3.3915724563206577,5.960945529290853,15.416238437821171,31.44912641315519,76.36176772867421,661,12.3668166721823,4.53857791225416,9.07715582450832,20.87745839636914,38.72919818456884,82.60211800302572
C121,Chest,321,test/C121/Low_Dose/00000104.dcm,130.0,262144,29.216529846191406,1650,13.571505681818183,2.4242424242424243,5.393939393939394,14.969696969696969,32.90909090909091,77.27272727272727,0,,,,,,,981,13.879630956931702,2.344546381243629,5.300713557594292,14.475025484199795,31.702344546381244,76.04485219164118,669,13.119683646300448,2.5411061285500747,5.530642750373692,15.695067264573991,34.67862481315396,79.07324364723468
C121,Chest,322,test/C121/Low_Dose/00000371.dcm,130.0,262144,29.59248161315918,1712,14.032002957067757,1.985981308411215,4.614485981308412,14.485981308411215,30.19859813084112,74.5911214953271,0,,,,,,,1071,14.378950017507004,1.9607843137254901,4.57516339869281,12.978524743230626,28.478057889822594,72.92250233426704,641,13.452316022328393,2.0280811232449296,4.6801872074882995,17.004680187207487,33.073322932917314,77.37909516380655
C121,Chest,323,test/C121/Low_Dose/00000263.dcm,130.0,262144,30.04716682434082,1598,14.229101073607634,2.753441802252816,5.256570713391739,14.705882352941176,30.725907384230286,73.27909887359199,0,,,,,,,960,14.324972534179688,2.7083333333333335,4.791666666666667,14.270833333333334,30.625,72.08333333333333,638,14.084841545846395,2.8213166144200628,5.956112852664577,15.360501567398119,30.877742946708462,75.07836990595611
C121,Chest,324,test/C121/Low_Dose/00000285.dcm,130.0,262144,30.61591148376465,1609,14.653448376320696,2.237414543194531,4.474829086389062,12.119328775637042,29.459291485394655,69.85705407085146,0,,,,,,,977,14.972202453300921,2.2517911975435005,4.7082906857727735,12.384851586489253,27.635619242579324,67.55373592630501,632,14.160687796677216,2.2151898734177213,4.113924050632911,11.708860759493671,32.278481012658226,73.41772151898734
C121,Chest,325,test/C121/Low_Dose/00000275.dcm,130.0,262144,31.24635887145996,1656,15.241522305253623,3.079710144927536,4.951690821256038,13.043478260869565,27.053140096618357,66.18357487922705,0,,,,,,,1014,15.764652289817555,2.5641025641025643,4.733727810650888,11.834319526627219,24.06311637080868,63.6094674556213,642,14.41527331580997,3.8940809968847354,5.29595015576324,14.953271028037383,31.77570093457944,70.24922118380063
C121,Chest,326,test/C121/Low_Dose/00000292.dcm,130.0,262144,31.481658935546875,1610,14.78849475931677,2.857142857142857,5.77639751552795,14.037267080745341,29.503105590062113,68.50931677018633,0,,,,,,,949,15.015785530821917,2.73972602739726,5.584826132771338,13.066385669125395,28.134878819810325,67.54478398314015,661,14.462169652987898,3.02571860816944,6.05143721633888,15.431164901664145,31.467473524962177,69.89409984871406
C121,Chest,327,test/C121/Low_Dose/00000009.dcm,130.0,262144,31.282974243164062,1514,14.7463982001321,2.047556142668428,4.953764861294584,14.729194187582562,30.383091149273447,67.43725231175694,0,,,,,,,930,15.34939726142473,1.6129032258064515,4.086021505376344,13.333333333333334,27.204301075268816,63.87096774193548,584,13.786145353970463,2.73972602739726,6.335616438356165,16.95205479452055,35.445205479452056,73.11643835616438
C121,Chest,328,test/C121/Low_Dose/00000324.dcm,130.0,262144,31.2966365814209,1386,14.806637806637807,3.6796536796536796,6.204906204906205,14.285714285714286,29.437229437229437,67.8932178932179,0,,,,,,,825,15.21162997159091,3.393939393939394,5.696969696969697,13.696969696969697,26.424242424242426,66.66666666666667,561,14.211061963848039,4.09982174688057,6.951871657754011,15.151515151515152,33.8680926916221,69.6969696969697
C121,Chest,329,test/C121/Low_Dose/00000333.dcm,130.0,262144,31.06574058532715,1277,14.996229872259201,2.505873140172279,5.873140172278778,14.330462020360219,28.42599843382929,66.71887235708692,0,,,,,,,764,15.596793449361911,1.963350785340314,4.450261780104712,12.827225130890053,25.130890052356023,62.95811518324607,513,14.10182424920809,3.313840155945419,7.992202729044834,16.569200779727094,33.333333333333336,72.31968810916179
C121,Chest,330,test/C121/Low_Dose/00000022.dcm,130.0,262144,31.006969451904297,1259,14.91487849980143,2.7799841143764894,5.242255758538523,13.502779984114376,29.070691024622718,68.06989674344717,0,,,,,,,773,15.195333976794954,2.3285899094437257,4.915912031047865,13.32470892626132,28.460543337645536,64.68305304010349,486,14.468802244084362,3.4979423868312756,5.761316872427984,13.786008230452675,30.041152263374485,73.45679012345678
C121,Chest,331,test/C121/Low_Dose/00000171.dcm,130.0,262144,30.936552047729492,1084,14.815422480396679,3.1365313653136533,6.273062730627307,13.284132841328413,28.505535055350553,68.54243542435424,0,,,,,,,663,15.223286670437405,3.167420814479638,6.033182503770739,12.368024132730016,27.149321266968325,66.21417797888387,421,14.173106721347981,3.0878859857482186,6.65083135391924,14.726840855106888,30.641330166270784,72.20902612826603
C121,Chest,332,test/C121/Low_Dose/00000174.dcm,130.0,262144,31.072851181030273,1109,15.21634954068981,1.8935978358881875,4.598737601442741,12.443642921550946,27.141568981064022,67.71866546438233,0,,,,,,,696,15.680863303699713,1.5804597701149425,3.735632183908046,11.494252873563218,25.43103448275862,65.66091954022988,413,14.433539365163439,2.4213075060532687,6.053268765133172,14.043583535108958,30.024213075060533,71.1864406779661
C121,Chest,333,test/C121/Low_Dose/00000225.dcm,130.0,262144,31.23442268371582,1004,15.199909346987052,2.589641434262948,5.079681274900398,13.147410358565738,29.083665338645417,66.63346613545816,0,,,,,,,630,16.09879402281746,0.9523809523809523,3.015873015873016,9.841269841269842,23.650793650793652,63.17460317460318,374,13.685742709725936,5.347593582887701,8.556149732620321,18.71657754010695,38.23529411764706,72.45989304812834
C121,Chest,334,test/C121/Low_Dose/00000365.dcm,130.0,262144,30.940549850463867,1158,15.28432979814335,2.0725388601036268,4.490500863557858,11.658031088082902,26.597582037996546,67.87564766839378,0,,,,,,,708,15.726162495586157,1.8361581920903955,4.237288135593221,11.016949152542374,24.43502824858757,66.24293785310735,450,14.589177517361112,2.4444444444444446,4.888888888888889,12.666666666666666,30.0,70.44444444444444
C121,Chest,335,test/C121/Low_Dose/00000169.dcm,130.0,262144,30.753517150878906,1076,15.039778585327602,2.7881040892193307,5.483271375464684,12.825278810408921,27.230483271375466,66.82156133828997,0,,,,,,,643,15.295338015163297,2.488335925349922,4.665629860031104,11.975116640746501,25.66096423017107,65.16329704510109,433,14.660276910724596,3.233256351039261,6.697459584295612,14.087759815242494,29.561200923787528,69.28406466512702
C121,Chest,336,test/C121/Low_Dose/00000272.dcm,130.0,262144,30.54276466369629,1124,14.680427741325623,2.0462633451957295,5.249110320284697,14.05693950177936,28.380782918149468,70.2846975088968,0,,,,,,,686,15.116114135386297,1.8950437317784257,5.393586005830904,13.556851311953352,26.0932944606414,67.34693877551021,438,13.998051334189498,2.2831050228310503,5.0228310502283104,14.840182648401827,31.963470319634702,74.88584474885845
C121,Chest,337,test/C121/Low_Dose/00000135.dcm,130.0,262144,30.4100341796875,1212,14.861695544554456,2.062706270627063,4.62046204620462,12.211221122112212,28.877887788778878,68.56435643564356,0,,,,,,,699,15.405998524678111,0.8583690987124464,3.290414878397711,10.586552217453505,24.74964234620887,67.23891273247496,513,14.120044849537036,3.7037037037037037,6.432748538011696,14.42495126705653,34.50292397660819,70.37037037037037
C121,Chest,338,test/C121/Low_Dose/00000238.dcm,130.0,262144,30.49408531188965,1170,14.342104033119659,3.247863247863248,5.982905982905983,15.555555555555555,31.45299145299145,69.65811965811966,0,,,,,,,691,15.052810691027496,3.4732272069464543,5.643994211287988,13.16931982633864,27.496382054992765,67.29377713458756,479,13.31684763993998,2.922755741127349,6.471816283924843,18.997912317327767,37.160751565762006,73.06889352818372
C121,Chest,339,test/C121/Low_Dose/00000131.dcm,130.0,262144,30.594850540161133,1099,14.427700608507735,3.4576888080072794,7.18835304822566,15.195632393084622,31.574158325750684,71.24658780709736,0,,,,,,,638,15.178925230211599,3.134796238244514,6.112852664576803,12.852664576802507,28.526645768025077,67.08463949843261,461,13.388043782199023,3.9045553145336225,8.676789587852495,18.43817787418655,35.79175704989154,77.00650759219089
C121,Chest,340,test/C121/Low_Dose/00000385.dcm,130.0,262144,30.825984954833984,1102,15.00260889292196,2.3593466424682394,4.4464609800362975,12.068965517241379,28.584392014519057,68.23956442831216,0,,,,,,,669,15.480537357529895,1.7937219730941705,3.288490284005979,10.762331838565023,26.307922272047833,65.47085201793722,433,14.26419060334873,3.233256351039261,6.235565819861431,14.087759815242494,32.10161662817552,72.51732101616628
C121,Chest,341,test/C121/Low_Dose/00000025.dcm,130.0,262144,30.920394897460938,953,14.978835339060861,2.728226652675761,5.456453305351522,13.116474291710388,28.961175236096537,67.99580272822665,0,,,,,,,578,15.259123594290658,2.2491349480968856,4.671280276816609,12.456747404844291,27.162629757785467,66.95501730103807,375,14.546817708333334,3.466666666666667,6.666666666666667,14.133333333333333,31.733333333333334,69.6
C121,Chest,342,test/C121/Low_Dose/00000057.dcm,130.0,262144,30.592636108398438,885,14.899444959392655,2.2598870056497176,3.84180790960452,13.67231638418079,29.37853107344633,69.37853107344633,0,,,,,,,564,15.369776083222519,1.5957446808510638,2.6595744680851063,11.879432624113475,26.418439716312058,67.73049645390071,321,14.073068779205608,3.426791277258567,5.919003115264798,16.822429906542055,34.57943925233645,72.27414330218069
C121,Chest,343,test/C121/Low_Dose/00000362.dcm,130.0,262144,30.615083694458008,777,14.95966809443372,3.6036036036036037,5.276705276705277,14.929214929214929,29.6010296010296,67.18146718146718,0,,,,,,,500,15.55471484375,3.0,4.8,14.0,27.6,63.2,277,13.88557825191787,4.693140794223827,6.137184115523466,16.60649819494585,33.2129963898917,74.36823104693141
C121,Chest,344,test/C121/Low_Dose/00000167.dcm,130.0,262144,30.43649673461914,786,15.104786647185115,1.5267175572519085,4.961832061068702,13.867684478371501,28.11704834605598,66.2849872773537,0,,,,,,,502,15.593542820903885,1.1952191235059761,3.9840637450199203,12.94820717131474,25.697211155378486,63.34661354581673,284,14.24085762131382,2.112676056338028,6.690140845070423,15.492957746478874,32.394366197183096,71.47887323943662
C121,Chest,345,test/C121/Low_Dose/00000343.dcm,130.0,262144,30.485157012939453,999,14.328920717592593,2.2022022022022023,5.505505505505505,15.115115115115115,31.43143143143143,70.97097097097097,0,,,,,,,602,14.67347448608804,1.495016611295681,3.820598006644518,11.627906976744185,31.06312292358804,68.77076411960132,397,13.806449986224811,3.27455919395466,8.060453400503778,20.403022670025187,31.98992443324937,74.3073047858942
C121,Chest,346,test/C121/Low_Dose/00000338.dcm,130.0,262144,30.27714729309082,1253,14.001945331205107,2.713487629688747,5.506783719074222,16.520351157222667,33.35993615323224,72.62569832402235,0,,,,,,,761,14.597431679122865,2.3653088042049935,4.862023653088042,14.71747700394218,29.829172141918527,70.30223390275953,492,13.080876048018293,3.252032520325203,6.504065040650406,19.308943089430894,38.82113821138211,76.21951219512195
C121,Chest,347,test/C121/Low_Dose/00000054.dcm,130.0,262144,29.983684539794922,1281,14.763807572209211,2.263856362217018,4.761904761904762,12.021857923497267,28.805620608899297,68.07181889149102,0,,,,,,,802,15.32865346399626,1.371571072319202,3.6159600997506236,9.72568578553616,25.311720698254366,66.45885286783043,479,13.818073949634655,3.757828810020877,6.680584551148225,15.866388308977035,34.65553235908142,70.77244258872652
C121,Chest,348,test/C121/Low_Dose/00000235.dcm,130.0,262144,29.940263748168945,1407,14.9097495224769,2.487562189054726,4.761904761904762,13.219616204690832,27.860696517412936,69.58066808813078,0,,,,,,,859,15.285186945212457,2.6775320139697323,4.423748544819557,12.223515715948778,26.30966239813737,67.17112922002329,548,14.321243620266879,2.18978102189781,5.291970802919708,14.781021897810218,30.291970802919707,73.35766423357664
C121,Chest,349,test/C121/Low_Dose/00000126.dcm,130.0,262144,29.94565773010254,1543,14.647131197342839,2.138690861957226,4.082955281918341,13.156189241736877,29.423201555411534,70.44718081659106,0,,,,,,,928,15.055614602976831,1.6163793103448276,3.5560344827586206,12.176724137931034,26.83189655172414,68.10344827586206,615,14.030751397357724,2.926829268292683,4.878048780487805,14.634146341463415,33.333333333333336,73.98373983739837
C121,Chest,350,test/C121/Low_Dose/00000090.dcm,130.0,262144,29.998130798339844,1458,14.686070655435529,2.3319615912208507,5.692729766803841,13.031550068587105,28.395061728395063,69.6159122085048,0,,,,,,,888,15.01999533713401,2.1396396396396398,4.954954954954955,12.837837837837839,27.47747747747748,67.45495495495496,570,14.165850294682018,2.6315789473684212,6.842105263157895,13.333333333333334,29.82456140350877,72.98245614035088
C121,Chest,351,test/C121/Low_Dose/00000178.dcm,130.0,262144,29.588424682617188,1380,14.433101222826087,2.608695652173913,5.072463768115942,13.043478260869565,29.855072463768117,71.8840579710145,0,,,,,,,813,14.848485066881919,2.091020910209102,4.674046740467404,12.300123001230013,27.060270602706026,69.49569495694956,567,13.837496210868606,3.3509700176366843,5.64373897707231,14.109347442680775,33.86243386243386,75.30864197530865
C121,Chest,352,test/C121/Low_Dose/00000193.dcm,130.0,262144,29.626876831054688,1242,13.833704458534621,2.9790660225442833,5.233494363929147,15.458937198067632,32.447665056360705,75.2818035426731,0,,,,,,,747,13.846222128095716,2.14190093708166,3.748326639892905,13.92235609103079,31.994645247657296,76.03748326639892,495,13.814810211489899,4.242424242424242,7.474747474747475,17.77777777777778,33.13131313131313,74.14141414141415
C121,Chest,353,test/C121/Low_Dose/00000100.dcm,130.0,262144,29.679195404052734,988,14.104397298836032,2.42914979757085,5.465587044534413,14.574898785425102,30.97165991902834,73.07692307692308,0,,,,,,,589,14.76631472835314,2.3769100169779285,4.244482173174872,12.054329371816639,26.31578947368421,71.30730050933786,399,13.12728354088346,2.506265664160401,7.268170426065163,18.295739348370926,37.84461152882206,75.68922305764411
C121,Chest,354,test/C121/Low_Dose/00000030.dcm,130.0,262144,29.654935836791992,870,13.888642690373564,2.8735632183908044,5.287356321839081,15.402298850574713,32.298850574712645,72.8735632183908,0,,,,,,,552,14.593810150588768,2.536231884057971,4.3478260869565215,11.41304347826087,28.26086956521739,70.1086956521739,318,12.66457841981132,3.459119496855346,6.918238993710692,22.32704402515723,39.308176100628934,77.67295597484276
C121,Chest,355,test/C121/Low_Dose/00000214.dcm,130.0,262144,29.736013412475586,810,13.465791377314815,3.0864197530864197,6.91358024691358,17.28395061728395,36.2962962962963,74.19753086419753,0,,,,,,,489,13.796071183218302,3.476482617586912,7.361963190184049,17.586912065439673,35.173824130879346,71.77914110429448,321,12.962653329439252,2.4922118380062304,6.230529595015576,16.822429906542055,38.006230529595015,77.88161993769471
C121,Chest,356,test/C121/Low_Dose/00000115.dcm,130.0,262144,29.9365234375,945,13.808203125,4.126984126984127,7.936507936507937,16.084656084656086,34.17989417989418,71.53439153439153,0,,,,,,,563,14.22638557393428,3.907637655417407,6.74955595026643,14.209591474245116,32.682060390763766,69.27175843694494,382,13.191879192571989,4.450261780104712,9.68586387434555,18.848167539267017,36.38743455497382,74.86910994764398
C121,Chest,357,test/C121/Low_Dose/00000089.dcm,130.0,262144,30.304370880126953,1102,13.829980645984573,3.266787658802178,8.07622504537205,16.696914700544465,34.30127041742287,72.32304900181488,0,,,,,,,676,14.517555011094675,2.9585798816568047,7.544378698224852,15.236686390532544,30.76923076923077,68.78698224852072,426,12.73890019806338,3.755868544600939,8.92018779342723,19.014084507042252,39.906103286384976,77.93427230046949
C121,Chest,358,test/C121/Low_Dose/00000284.dcm,130.0,262144,30.799297332763672,1203,14.445080333021613,2.57689110556941,5.236907730673317,14.463840399002494,32.418952618453865,69.74231088944306,0,,,,,,,730,14.808393086472602,2.6027397260273974,5.342465753424658,13.835616438356164,29.726027397260275,68.35616438356165,473,13.884367154466174,2.536997885835095,5.07399577167019,15.433403805496829,36.575052854122625,71.88160676532769
C121,Chest,359,test/C121/Low_Dose/00000279.dcm,130.0,262144,30.87755584716797,1182,14.003770754018612,3.7225042301184432,7.2758037225042305,16.835871404399324,34.4331641285956,71.91201353637902,0,,,,,,,716,14.588722612604748,2.793296089385475,5.307262569832402,13.966480446927374,31.424581005586592,69.41340782122904,466,13.105003520654506,5.150214592274678,10.300429184549357,21.244635193133046,39.05579399141631,75.7510729613734
C121,Chest,360,test/C121/Low_Dose/00000342.dcm,130.0,262144,30.914886474609375,1079,13.846883326575533,4.077849860982391,7.506950880444856,19.369786839666357,35.77386468952734,70.6209453197405,0,,,,,,,646,14.305534055727554,3.5603715170278636,7.120743034055727,18.111455108359134,32.6625386996904,68.42105263157895,433,13.162616826645497,4.849884526558891,8.083140877598153,21.247113163972287,40.415704387990765,73.90300230946882
C121,Chest,361,test/C121/Low_Dose/00000015.dcm,130.0,262144,30.86450958251953,1044,14.166633927502394,2.3946360153256707,5.459770114942529,16.47509578544061,34.099616858237546,70.97701149425288,0,,,,,,,636,15.060075483981919,1.729559748427673,3.930817610062893,13.364779874213836,29.40251572327044,66.82389937106919,408,12.773913813572303,3.4313725490196076,7.8431372549019605,21.323529411764707,41.42156862745098,77.45098039215686
C121,Chest,362,test/C121/Low_Dose/00000239.dcm,130.0,262144,30.88787078857422,899,14.527833660664628,3.781979977753059,5.672969966629588,15.684093437152391,33.14794215795328,67.18576195773082,0,,,,,,,558,14.986597642249103,2.867383512544803,4.838709677419355,14.336917562724015,30.64516129032258,63.97849462365591,341,13.777130395436217,5.278592375366569,7.038123167155425,17.88856304985337,37.24340175953079,72.43401759530792
C121,Chest,363,test/C121/Low_Dose/00000024.dcm,130.0,262144,30.761369705200195,933,14.619123877947482,2.1436227224008575,5.251875669882101,14.57663451232583,29.581993569131832,69.7749196141479,0,,,,,,,589,15.076656011247877,2.2071307300509337,4.584040747028863,12.903225806451612,27.33446519524618,68.93039049235993,344,13.835733103197674,2.0348837209302326,6.395348837209302,17.441860465116278,33.43023255813954,71.22093023255815
C121,Chest,364,test/C121/Low_Dose/00000037.dcm,130.0,262144,30.944793701171875,978,14.378798408742332,2.3517382413087935,6.339468302658487,15.74642126789366,32.31083844580777,69.22290388548058,0,,,,,,,601,14.715695195507488,2.4958402662229617,5.990016638935108,14.475873544093178,30.449251247920134,68.55241264559068,377,13.84172952586207,2.1220159151193636,6.896551724137931,17.77188328912467,35.278514588859416,70.29177718832891
C121,Chest,365,test/C121/Low_Dose/00000309.dcm,130.0,262144,30.648408889770508,972,14.083725163966049,3.4979423868312756,6.995884773662551,16.049382716049383,34.15637860082305,70.16460905349794,0,,,,,,,593,14.817708882272344,2.69814502529511,5.733558178752108,13.827993254637438,30.354131534569984,66.61045531197301,379,12.935300801863457,4.74934036939314,8.970976253298153,19.525065963060687,40.105540897097626,75.72559366754618
C121,Chest,366,test/C121/Low_Dose/00000068.dcm,130.0,262144,30.52034568786621,1021,13.903889416013712,2.840352595494613,5.8765915768854065,14.985308521057787,32.02742409402546,73.84916748285994,0,,,,,,,596,14.361349425859899,3.523489932885906,6.040268456375839,16.107382550335572,30.369127516778523,70.46979865771812,425,13.262367876838235,1.8823529411764706,5.647058823529412,13.411764705882353,34.35294117647059,78.58823529411765
C121,Chest,367,test/C121/Low_Dose/00000366.dcm,130.0,262144,30.79222297668457,993,14.056341657225579,3.6253776435045317,5.94159113796576,16.51560926485398,34.541792547834845,70.59415911379658,0,,,,,,,616,14.57757330560065,1.948051948051948,3.896103896103896,15.097402597402597,32.62987012987013,68.34415584415585,377,13.204676620523873,6.36604774535809,9.283819628647215,18.83289124668435,37.6657824933687,74.27055702917772
C121,Chest,368,test/C121/Low_Dose/00000014.dcm,130.0,262144,30.632720947265625,972,14.499066639338992,3.1893004115226335,5.4526748971193415,14.300411522633745,31.069958847736626,69.65020576131687,0,,,,,,,599,15.29644133451586,2.1702838063439067,4.340567612687813,13.18864774624374,26.043405676126877,66.4440734557596,373,13.218562803703083,4.825737265415549,7.238605898123325,16.0857908847185,39.14209115281501,74.79892761394102
C121,Chest,369,test/C121/Low_Dose/00000128.dcm,130.0,262144,30.509723663330078,905,14.305522703729281,2.8729281767955803,5.745856353591161,15.359116022099448,31.933701657458563,70.27624309392266,0,,,,,,,557,14.73706449169659,2.6929982046678638,5.3859964093357275,14.00359066427289,30.52064631956912,66.96588868940754,348,13.61480783045977,3.160919540229885,6.32183908045977,17.528735632183906,34.195402298850574,75.57471264367815
C121,Chest,370,test/C121/Low_Dose/00000328.dcm,130.0,262144,30.0188045501709,780,13.712024238782051,3.3333333333333335,6.0256410256410255,16.923076923076923,36.794871794871796,73.2051282051282,0,,,,,,,471,14.175110511212845,1.910828025477707,4.883227176220807,15.92356687898089,33.12101910828026,72.39915074309978,309,13.006154081968042,5.501618122977346,7.766990291262136,18.446601941747574,42.394822006472495,74.4336569579288
C121,Chest,371,test/C121/Low_Dose/00000227.dcm,130.0,262144,30.366334915161133,709,13.689078477609309,3.1029619181946404,5.782792665726375,15.514809590973202,33.70944992947814,74.04795486600847,0,,,,,,,428,14.097336813668225,3.7383177570093458,6.074766355140187,13.785046728971963,32.00934579439252,71.72897196261682,281,13.067243800044483,2.1352313167259784,5.338078291814947,18.14946619217082,36.29893238434164,77.58007117437722
C121,Chest,372,test/C121/Low_Dose/00000369.dcm,130.0,262144,30.146974563598633,740,13.753379698057433,2.8378378378378377,6.621621621621622,16.35135135135135,34.189189189189186,73.24324324324324,0,,,,,,,431,13.565536180394432,2.5522041763341066,5.336426914153132,16.473317865429234,36.42691415313225,74.70997679814386,309,14.01538797026699,3.236245954692557,8.414239482200648,16.181229773462782,31.067961165048544,71.19741100323624
C121,Chest,373,test/C121/Low_Dose/00000273.dcm,130.0,262144,29.889179229736328,685,13.834221031021897,3.9416058394160585,7.007299270072993,16.35036496350365,32.7007299270073,74.01459854014598,0,,,,,,,414,14.00911930102657,3.6231884057971016,6.280193236714976,15.217391304347826,31.159420289855074,74.8792270531401,271,13.56702966443727,4.428044280442805,8.118081180811808,18.081180811808117,35.055350553505534,72.69372693726937
C121,Chest,374,test/C121/Low_Dose/00000067.dcm,130.0,262144,30.08231544494629,710,14.104756272007043,2.535211267605634,5.211267605633803,14.366197183098592,30.0,72.95774647887323,0,,,,,,,428,14.432934342143692,2.803738317757009,4.672897196261682,12.616822429906541,27.570093457943926,71.02803738317758,282,13.606669540946365,2.127659574468085,6.028368794326241,17.02127659574468,33.687943262411345,75.88652482269504
C121,Chest,375,test/C121/Low_Dose/00000020.dcm,130.0,262144,29.905725479125977,765,13.298583026960785,2.7450980392156863,6.928104575163399,16.862745098039216,35.294117647058826,76.07843137254902,0,,,,,,,449,13.408420622216036,1.78173719376392,6.23608017817372,16.92650334075724,34.521158129175944,76.61469933184856,316,13.142516317246836,4.113924050632911,7.9113924050632916,16.772151898734176,36.392405063291136,75.31645569620254
C121,Chest,376,test/C121/Low_Dose/00000220.dcm,130.0,262144,29.842548370361328,664,13.713350962443524,3.9156626506024095,7.981927710843373,16.41566265060241,32.37951807228916,74.6987951807229,0,,,,,,,395,13.956826048259494,3.2911392405063293,6.8354430379746836,15.69620253164557,31.645569620253166,72.40506329113924,269,13.355829061628718,4.83271375464684,9.66542750929368,17.472118959107807,33.45724907063197,78.06691449814126
C121,Chest,377,test/C121/Low_Dose/00000182.dcm,130.0,262144,30.545860290527344,607,13.728135940074136,3.1301482701812193,6.260296540362439,16.803953871499175,33.44316309719934,72.8171334431631,0,,,,,,,359,14.254635271587743,1.9498607242339834,5.2924791086350975,15.041782729805014,31.197771587743734,71.03064066852367,248,12.965985698084678,4.838709677419355,7.661290322580645,19.35483870967742,36.693548387096776,75.40322580645162
C121,Chest,378,test/C121/Low_Dose/00000390.dcm,130.0,262144,31.38807487487793,598,14.305953111935619,2.842809364548495,5.351170568561873,13.545150501672241,32.10702341137124,70.90301003344482,0,,,,,,,363,14.487934207128099,2.479338842975207,4.40771349862259,12.672176308539944,31.12947658402204,69.97245179063361,235,14.02484728224734,3.404255319148936,6.808510638297872,14.893617021276595,33.61702127659574,72.34042553191489
C121,Chest,379,test/C121/Low_Dose/00000110.dcm,130.0,262144,32.5709114074707,611,15.512869527414075,4.25531914893617,6.219312602291326,13.420621931260229,29.2962356792144,61.702127659574465,0,,,,,,,373,15.622116129775469,4.557640750670242,6.970509383378016,14.20911528150134,28.9544235924933,60.05361930294906,238,15.341651211265756,3.7815126050420167,5.042016806722689,12.184873949579831,29.831932773109244,64.28571428571429
C121,Chest,380,test/C121/Low_Dose/00000370.dcm,130.0,262144,34.126399993896484,599,16.2841324081803,2.337228714524207,5.175292153589315,12.020033388981636,25.87646076794658,60.10016694490818,0,,,,,,,364,16.553366189474588,1.098901098901099,3.8461538461538463,10.43956043956044,24.725274725274726,60.43956043956044,235,15.86710854388298,4.25531914893617,7.23404255319149,14.46808510638298,27.659574468085108,59.57446808510638
C121,Chest,381,test/C121/Low_Dose/00000212.dcm,130.0,262144,35.541324615478516,659,16.368485631638848,2.276176024279211,6.0698027314112295,14.56752655538695,27.921092564491655,60.54628224582701,0,,,,,,,387,16.690235384366925,2.5839793281653747,5.943152454780361,13.953488372093023,25.839793281653748,57.622739018087856,272,15.910701976102942,1.838235294117647,6.25,15.441176470588236,30.88235294117647,64.70588235294117
C121,Chest,382,test/C121/Low_Dose/00000237.dcm,130.0,262144,36.653831481933594,569,16.79945456667399,3.3391915641476273,5.62390158172232,14.0597539543058,27.768014059753956,57.64499121265378,0,,,,,,,310,17.086602192540322,3.5483870967741935,5.483870967741935,14.838709677419354,26.451612903225808,55.483870967741936,259,16.45576435810811,3.088803088803089,5.7915057915057915,13.127413127413128,29.343629343629345,60.23166023166023
C121,Chest,383,test/C121/Low_Dose/00000021.dcm,130.0,262144,37.984256744384766,480,17.44473876953125,2.0833333333333335,3.9583333333333335,13.541666666666666,27.5,55.0,0,,,,,,,260,17.8374755859375,1.5384615384615385,2.6923076923076925,13.461538461538462,28.076923076923077,51.92307692307692,220,16.980595259232956,2.727272727272727,5.454545454545454,13.636363636363637,26.818181818181817,58.63636363636363
C121,Chest,384,test/C121/Low_Dose/00000095.dcm,130.0,262144,38.03624725341797,235,17.065250997340424,2.5531914893617023,3.8297872340425534,13.617021276595745,29.361702127659573,57.87234042553192,0,,,,,,,121,17.393736279700413,0.8264462809917356,2.479338842975207,13.223140495867769,27.272727272727273,56.19834710743802,114,16.71659449527138,4.385964912280702,5.2631578947368425,14.035087719298245,31.57894736842105,59.64912280701754
C121,Chest,385,test/C121/Low_Dose/00000156.dcm,130.0,262144,36.791404724121094,206,17.137477245145632,5.339805825242719,10.194174757281553,19.902912621359224,32.03883495145631,54.36893203883495,0,,,,,,,107,16.38492534316589,5.607476635514018,14.018691588785046,23.364485981308412,35.51401869158879,58.87850467289719,99,17.95084265506629,5.05050505050505,6.0606060606060606,16.161616161616163,28.282828282828284,49.494949494949495
C121,Chest,386,test/C121/Low_Dose/00000266.dcm,130.0,262144,35.157310485839844,183,14.94333269296448,2.73224043715847,7.103825136612022,18.0327868852459,34.42622950819672,69.39890710382514,0,,,,,,,90,13.374527994791666,3.3333333333333335,8.88888888888889,24.444444444444443,47.77777777777778,72.22222222222223,93,16.461530787970432,2.150537634408602,5.376344086021505,11.827956989247312,21.50537634408602,66.66666666666667
C121,Chest,387,test/C121/Low_Dose/00000055.dcm,130.0,262144,32.81749725341797,134,14.857895580690299,2.985074626865672,7.462686567164179,20.895522388059703,37.3134328358209,67.91044776119404,0,,,,,,,71,14.75689267440581,1.408450704225352,8.450704225352112,19.718309859154928,39.436619718309856,70.4225352112676,63,14.971724252852182,4.761904761904762,6.349206349206349,22.22222222222222,34.92063492063492,65.07936507936508
C121,Chest,388,test/C121/Low_Dose/00000270.dcm,130.0,262144,30.593250274658203,129,14.914142933926842,0.7751937984496124,3.875968992248062,15.503875968992247,27.131782945736433,70.54263565891473,0,,,,,,,76,16.457407098067435,0.0,3.9473684210526314,13.157894736842104,21.05263157894737,61.8421052631579,53,12.701160358932784,1.8867924528301887,3.7735849056603774,18.867924528301888,35.84905660377358,83.01886792452831
C121,Chest,389,test/C121/Low_Dose/00000358.dcm,130.0,262144,28.45745849609375,87,12.947400323275861,9.195402298850574,14.942528735632184,24.137931034482758,35.632183908045974,73.5632183908046,0,,,,,,,65,13.398031850961539,9.23076923076923,12.307692307692308,23.076923076923077,33.84615384615385,70.76923076923077,22,11.615988991477273,9.090909090909092,22.727272727272727,27.272727272727273,40.90909090909091,81.81818181818181
C121,Chest,390,test/C121/Low_Dose/00000181.dcm,130.0,262144,26.097667694091797,52,13.606036846454327,5.769230769230769,5.769230769230769,13.461538461538462,32.69230769230769,75.0,0,,,,,,,31,12.441878780241936,9.67741935483871,9.67741935483871,19.35483870967742,41.935483870967744,74.19354838709677,21,15.324555896577381,0.0,0.0,4.761904761904762,19.047619047619047,76.19047619047619
C121,Chest,391,test/C121/Low_Dose/00000318.dcm,130.0,262144,23.138425827026367,21,11.302025204613095,4.761904761904762,9.523809523809524,28.571428571428573,38.095238095238095,90.47619047619048,0,,,,,,,11,12.938620827414773,0.0,9.090909090909092,18.181818181818183,27.272727272727273,90.9090909090909,10,9.50177001953125,10.0,10.0,40.0,50.0,90.0
C135,Chest,0,test/C135/Low_Dose/00000082.dcm,130.0,262144,24.1573429107666,1129,10.715651641386183,4.1629760850310005,8.680248007085916,21.434898139946856,45.881310894596986,95.92559787422498,0,,,,,,,476,11.348602038471638,3.991596638655462,7.563025210084033,20.168067226890756,41.38655462184874,94.11764705882354,653,10.254266665869066,4.287901990811639,9.494640122511486,22.358346094946402,49.15773353751914,97.24349157733538
C135,Chest,1,test/C135/Low_Dose/00000174.dcm,130.0,262144,24.558679580688477,1123,11.016207633014247,3.5618878005342833,8.370436331255565,21.193232413178986,43.63312555654497,93.94479073909172,0,,,,,,,467,11.60773136375803,2.9978586723768736,7.28051391862955,19.05781584582441,38.54389721627409,94.00428265524626,656,10.595107660060975,3.9634146341463414,9.146341463414634,22.713414634146343,47.25609756097561,93.90243902439025
C135,Chest,2,test/C135/Low_Dose/00000355.dcm,130.0,262144,24.691997528076172,1257,11.055910339598249,4.375497215592681,9.069212410501194,22.43436754176611,43.03898170246619,93.63564041368338,0,,,,,,,491,11.698291910641547,2.443991853360489,6.720977596741344,19.34826883910387,38.289205702647656,92.66802443991854,766,10.644148146826044,5.613577023498695,10.574412532637076,24.412532637075717,46.08355091383812,94.25587467362924
C135,Chest,3,test/C135/Low_Dose/00000295.dcm,130.0,262144,25.042449951171875,1293,11.126323986127224,4.331013147718484,8.662026295436968,21.423047177107502,43.46481051817479,92.18870843000774,0,,,,,,,548,11.344052948220803,4.562043795620438,9.306569343065693,20.072992700729927,41.97080291970803,90.14598540145985,745,10.96616964660235,4.1610738255033555,8.187919463087248,22.416107382550337,44.56375838926174,93.69127516778524
C135,Chest,4,test/C135/Low_Dose/00000070.dcm,130.0,262144,25.036718368530273,1315,11.170830115256654,4.714828897338403,8.745247148288973,21.901140684410645,43.87832699619772,93.30798479087453,0,,,,,,,538,11.796513780785316,2.973977695167286,7.992565055762082,19.144981412639407,38.66171003717472,92.19330855018588,777,10.737602557915057,5.9202059202059205,9.266409266409266,23.80952380952381,47.49034749034749,94.07979407979408
C135,Chest,5,test/C135/Low_Dose/00000026.dcm,130.0,262144,24.951467514038086,1399,10.95113278457827,4.4317369549678345,8.64903502501787,21.729807005003575,44.38884917798428,93.13795568263045,0,,,,,,,586,11.728950578604948,3.9249146757679183,7.337883959044369,17.576791808873722,39.419795221843,90.10238907849829,813,10.390491668588561,4.797047970479705,9.59409594095941,24.723247232472325,47.97047970479705,95.3259532595326
C135,Chest,6,test/C135/Low_Dose/00000219.dcm,130.0,262144,25.40886688232422,1393,11.177217701229361,3.7329504666188082,8.111988513998565,20.89016511127064,43.71859296482412,90.5240488155061,0,,,,,,,504,11.948531862289187,2.1825396825396823,4.761904761904762,15.277777777777779,38.492063492063494,89.48412698412699,889,10.739936682719348,4.611923509561305,10.011248593925758,24.07199100112486,46.681664791901014,91.11361079865017
C135,Chest,7,test/C135/Low_Dose/00000131.dcm,130.0,262144,25.466014862060547,1331,11.125723433978212,4.05709992486852,8.414725770097672,21.036814425244177,44.85349361382419,92.93764087152518,0,,,,,,,528,11.705828117601799,4.166666666666667,8.333333333333334,19.12878787878788,39.39393939393939,91.66666666666667,803,10.744285345968244,3.9850560398505603,8.468244084682441,22.29140722291407,48.44333748443338,93.7733499377335
C135,Chest,8,test/C135/Low_Dose/00000272.dcm,130.0,262144,25.99910545349121,1337,11.446562967464473,4.56245325355273,8.152580403889305,21.241585639491397,43.829468960359016,88.25729244577413,0,,,,,,,538,11.80478733445632,3.717472118959108,7.434944237918216,20.817843866171003,41.82156133828996,84.94423791821562,799,11.20535679364831,5.131414267834794,8.635794743429287,21.526908635794744,45.18147684605757,90.4881101376721
C135,Chest,9,test/C135/Low_Dose/00000204.dcm,130.0,262144,26.55659294128418,1282,11.87450867175312,3.6661466458658345,7.566302652106084,18.174726989079563,40.5616224648986,87.90951638065522,0,,,,,,,573,12.174196253272251,3.4904013961605584,6.631762652705061,17.102966841186735,38.7434554973822,87.43455497382199,709,11.632308378878703,3.8081805359661494,8.321579689703809,19.040902679830747,42.03102961918194,88.29337094499294
C135,Chest,10,test/C135/Low_Dose/00000281.dcm,130.0,262144,27.475345611572266,1353,12.217831901330378,3.5476718403547673,7.169253510716925,19.068736141906875,40.65040650406504,83.22246858832224,0,,,,,,,594,12.574481797138047,3.367003367003367,6.228956228956229,17.50841750841751,38.552188552188554,81.81818181818181,759,11.938714591567852,3.689064558629776,7.905138339920948,20.28985507246377,42.29249011857708,84.32147562582345
C135,Chest,11,test/C135/Low_Dose/00000157.dcm,130.0,262144,28.111337661743164,1401,12.819057815845824,4.496788008565311,8.279800142755175,18.843683083511777,36.33119200571021,79.58600999286224,0,,,,,,,627,13.182226250996811,3.349282296650718,7.177033492822966,17.22488038277512,34.609250398724086,78.4688995215311,774,12.524861969072997,5.426356589147287,9.17312661498708,20.155038759689923,37.72609819121447,80.49095607235142
C135,Chest,12,test/C135/Low_Dose/00000083.dcm,130.0,262144,28.645891189575195,1553,12.568607131358661,5.086928525434643,8.950418544752093,19.575016097875082,39.150032195750164,79.3947198969736,0,,,,,,,717,12.761152153068341,4.741980474198048,8.368200836820083,18.688981868898185,38.07531380753138,79.21896792189679,836,12.403467497757177,5.382775119617225,9.44976076555024,20.33492822966507,40.07177033492823,79.54545454545455
C135,Chest,13,test/C135/Low_Dose/00000249.dcm,130.0,262144,29.364870071411133,1540,13.194404423701299,3.311688311688312,6.428571428571429,17.207792207792206,34.935064935064936,79.0909090909091,0,,,,,,,742,13.734232858827493,2.4258760107816713,5.390835579514825,15.498652291105122,31.266846361185983,77.49326145552561,798,12.692458685776943,4.135338345864661,7.393483709273183,18.796992481203006,38.34586466165413,80.57644110275689
C135,Chest,14,test/C135/Low_Dose/00000245.dcm,130.0,262144,29.787179946899414,1567,13.521570377313338,3.8289725590299937,7.275047862156988,17.549457562220805,35.22654754307594,74.92022973835354,0,,,,,,,681,13.939156284416299,2.790014684287812,6.020558002936857,15.124816446402349,32.305433186490454,73.7151248164464,886,13.20060643869921,4.6275395033860045,8.239277652370204,19.41309255079007,37.47178329571106,75.84650112866817
C135,Chest,15,test/C135/Low_Dose/00000202.dcm,130.0,262144,29.980295181274414,1590,13.645068052279875,4.339622641509434,7.735849056603773,17.735849056603772,32.9559748427673,74.77987421383648,0,,,,,,,730,13.9464870505137,3.5616438356164384,6.8493150684931505,17.123287671232877,31.095890410958905,73.56164383561644,860,13.389211255450581,5.0,8.488372093023257,18.25581395348837,34.53488372093023,75.81395348837209
C135,Chest,16,test/C135/Low_Dose/00000123.dcm,130.0,262144,30.223365783691406,1686,13.246633581702254,3.8552787663107946,6.998813760379597,18.09015421115065,36.95136417556346,75.32621589561091,0,,,,,,,820,14.241763528963414,2.4390243902439024,5.609756097560975,16.341463414634145,31.951219512195124,70.73170731707317,866,12.304362730946883,5.196304849884527,8.314087759815243,19.745958429561203,41.685912240184756,79.67667436489607
C135,Chest,17,test/C135/Low_Dose/00000164.dcm,130.0,262144,30.2934513092041,1634,13.476053300948593,3.488372093023256,8.017135862913097,18.727050183598532,36.41370869033048,73.99020807833537,0,,,,,,,804,14.296001681047885,3.109452736318408,7.711442786069652,16.915422885572138,32.58706467661692,69.5273631840796,830,12.681790050828313,3.855421686746988,8.313253012048193,20.481927710843372,40.12048192771084,78.3132530120482
C135,Chest,18,test/C135/Low_Dose/00000011.dcm,130.0,262144,30.330678939819336,1399,13.409137106862044,3.5739814152966405,7.219442458899214,17.655468191565404,36.95496783416726,75.91136526090064,0,,,,,,,731,14.082013882951436,2.3255813953488373,5.33515731874145,15.184678522571819,32.55813953488372,73.32421340629276,668,12.672800395303144,4.940119760479042,9.281437125748504,20.35928143712575,41.76646706586826,78.74251497005989
C135,Chest,19,test/C135/Low_Dose/00000155.dcm,130.0,262144,30.319774627685547,1383,13.39844738566522,3.6153289949385394,7.158351409978308,16.485900216919738,37.59942154736081,75.05422993492408,0,,,,,,,720,14.226236979166666,2.7777777777777777,4.861111111111111,12.63888888888889,32.22222222222222,72.63888888888889,663,12.499490361048265,4.524886877828054,9.653092006033182,20.663650075414782,43.43891402714932,77.67722473604826
C135,Chest,20,test/C135/Low_Dose/00000086.dcm,130.0,262144,29.775226593017578,1256,13.040023512141719,3.7420382165605095,7.165605095541402,19.187898089171973,36.94267515923567,76.8312101910828,0,,,,,,,654,14.115398628631498,3.669724770642202,6.116207951070336,15.4434250764526,31.65137614678899,71.86544342507645,602,11.871758039607558,3.820598006644518,8.305647840531561,23.25581395348837,42.691029900332225,82.22591362126246
C135,Chest,21,test/C135/Low_Dose/00000265.dcm,130.0,262144,29.633441925048828,1349,13.158572322090437,3.1875463306152705,7.635285396590067,18.754633061527056,36.323202372127504,76.87175685693106,0,,,,,,,679,13.946845659977908,3.3873343151693667,7.80559646539028,16.642120765832107,32.54786450662739,73.19587628865979,670,12.359708780317165,2.985074626865672,7.462686567164179,20.895522388059703,40.149253731343286,80.59701492537313
C135,Chest,22,test/C135/Low_Dose/00000115.dcm,130.0,262144,29.484390258789062,1326,12.901809070984163,4.072398190045249,7.315233785822021,19.306184012066364,37.48114630467572,76.92307692307692,0,,,,,,,694,13.90891232889049,3.8904899135446684,5.619596541786744,15.4178674351585,31.26801152737752,72.19020172910663,632,11.795909253856804,4.272151898734177,9.177215189873417,23.575949367088608,44.30379746835443,82.12025316455696
C135,Chest,23,test/C135/Low_Dose/00000335.dcm,130.0,262144,29.099451065063477,1263,12.439340236539984,4.117181314330958,7.521773555027711,20.823436262866192,41.409342834520984,80.12668250197942,0,,,,,,,647,13.129683575637557,3.091190108191654,6.182380216383308,18.083462132921174,36.93972179289026,77.89799072642967,616,11.714255593039773,5.194805194805195,8.928571428571429,23.7012987012987,46.103896103896105,82.46753246753246
C135,Chest,24,test/C135/Low_Dose/00000139.dcm,130.0,262144,28.957317352294922,1227,12.421391892063976,4.726976365118174,8.720456397718012,21.678891605541974,39.77180114099429,80.27709861450693,0,,,,,,,617,13.201698933853322,3.727714748784441,6.9692058346839545,18.80064829821718,35.656401944894654,77.47163695299838,610,11.632130507172132,5.737704918032787,10.491803278688524,24.59016393442623,43.9344262295082,83.11475409836065
C135,Chest,25,test/C135/Low_Dose/00000241.dcm,130.0,262144,28.811111450195312,1315,12.911839056558936,3.726235741444867,7.52851711026616,18.783269961977187,38.85931558935361,78.17490494296578,0,,,,,,,686,13.605595446884111,2.3323615160349855,6.85131195335277,15.743440233236152,33.965014577259474,76.82215743440233,629,12.155215992647058,5.246422893481717,8.267090620031796,22.09856915739269,44.19713831478538,79.65023847376789
C135,Chest,26,test/C135/Low_Dose/00000273.dcm,130.0,262144,28.625762939453125,1246,12.675133082112762,4.093097913322633,7.38362760834671,18.057784911717494,39.08507223113965,81.0593900481541,0,,,,,,,644,13.067895356172361,3.1055900621118013,6.055900621118012,15.838509316770187,37.577639751552795,79.5031055900621,602,12.254968788932723,5.149501661129568,8.803986710963455,20.431893687707642,40.69767441860465,82.72425249169436
C135,Chest,27,test/C135/Low_Dose/00000179.dcm,130.0,262144,28.52351951599121,1208,12.847684544443295,3.890728476821192,7.533112582781457,18.70860927152318,37.58278145695364,79.22185430463576,0,,,,,,,651,13.44745613719278,3.3794162826420893,7.526881720430108,16.897081413210447,34.10138248847926,76.036866359447,557,12.146694765484739,4.488330341113106,7.540394973070018,20.825852782764812,41.651705565529625,82.9443447037702
C135,Chest,28,test/C135/Low_Dose/00000293.dcm,130.0,262144,28.435882568359375,1262,12.411201682597069,4.437400950871632,8.637083993660855,20.5229793977813,41.521394611727416,79.00158478605388,0,,,,,,,669,12.79083461789985,3.7369207772795217,7.922272047832586,17.787742899850524,37.369207772795214,79.22272047832585,593,11.982915096701095,5.227655986509275,9.443507588532883,23.60876897133221,46.20573355817875,78.75210792580101
C135,Chest,29,test/C135/Low_Dose/00000057.dcm,130.0,262144,28.166765213012695,1313,12.079966560357958,4.645849200304646,10.434120335110434,21.249047981721247,41.81264280274181,81.7974105102818,0,,,,,,,725,12.688257004310344,3.586206896551724,9.517241379310345,20.275862068965516,37.51724137931034,79.72413793103448,588,11.329948580994898,5.9523809523809526,11.564625850340136,22.448979591836736,47.10884353741496,84.35374149659864
C135,Chest,30,test/C135/Low_Dose/00000039.dcm,130.0,262144,28.089900970458984,1352,12.532862194896449,3.698224852071006,7.544378698224852,19.15680473372781,39.64497041420118,80.39940828402366,0,,,,,,,716,13.126413015013966,2.9329608938547485,6.145251396648045,15.64245810055866,37.01117318435754,78.35195530726257,636,11.864650894261006,4.559748427672956,9.119496855345911,23.11320754716981,42.61006289308176,82.70440251572327
C135,Chest,31,test/C135/Low_Dose/00000127.dcm,130.0,262144,28.073577880859375,1529,12.46160685088293,3.1393067364290386,7.194244604316546,18.05101373446697,39.63374754741661,81.621975147155,0,,,,,,,795,13.178155709512579,2.641509433962264,5.911949685534591,15.220125786163521,36.100628930817614,78.36477987421384,734,11.685506961001362,3.678474114441417,8.583106267029972,21.11716621253406,43.46049046321526,85.14986376021798
C135,Chest,32,test/C135/Low_Dose/00000004.dcm,130.0,262144,27.901134490966797,1440,12.348700629340279,4.375,7.847222222222222,19.23611111111111,40.486111111111114,81.38888888888889,0,,,,,,,780,13.082485727163462,3.4615384615384617,6.794871794871795,16.41025641025641,36.53846153846154,78.97435897435898,660,11.481497839725378,5.454545454545454,9.090909090909092,22.575757575757574,45.15151515151515,84.24242424242425
C135,Chest,33,test/C135/Low_Dose/00000105.dcm,130.0,262144,27.571149826049805,1402,12.58570206624465,3.3523537803138375,6.7760342368045645,17.97432239657632,38.516405135520685,80.24251069900143,0,,,,,,,784,13.328816316565689,2.5510204081632653,5.229591836734694,15.306122448979592,34.566326530612244,76.91326530612245,618,11.642982655744337,4.368932038834951,8.737864077669903,21.359223300970875,43.52750809061489,84.46601941747574
C135,Chest,34,test/C135/Low_Dose/00000049.dcm,130.0,262144,27.566516876220703,1407,12.47758556547619,4.690831556503198,9.23951670220327,19.402985074626866,39.16133617626155,82.37384506041222,0,,,,,,,756,13.016124906994047,4.365079365079365,8.333333333333334,17.32804232804233,36.904761904761905,79.23280423280423,651,11.85218503984255,5.0691244239631335,10.291858678955453,21.812596006144393,41.78187403993856,86.02150537634408
C135,Chest,35,test/C135/Low_Dose/00000213.dcm,130.0,262144,27.23539161682129,1473,12.209521384928717,3.4623217922606924,7.264086897488119,19.416157501697217,40.52953156822811,82.68839103869654,0,,,,,,,813,12.615902233241082,3.690036900369004,7.2570725707257075,18.819188191881917,38.37638376383764,80.44280442804428,660,11.708934067234848,3.1818181818181817,7.2727272727272725,20.151515151515152,43.18181818181818,85.45454545454545
C135,Chest,36,test/C135/Low_Dose/00000090.dcm,130.0,262144,26.876699447631836,1510,12.343157595198676,4.437086092715232,7.814569536423841,18.211920529801326,38.675496688741724,82.71523178807946,0,,,,,,,845,13.182655325443786,3.905325443786982,7.100591715976331,15.7396449704142,33.84615384615385,78.69822485207101,665,11.27642739661654,5.112781954887218,8.721804511278195,21.353383458646615,44.81203007518797,87.81954887218045
C135,Chest,37,test/C135/Low_Dose/00000283.dcm,130.0,262144,26.88869285583496,1547,12.3795551874596,3.490627020038785,7.304460245636716,17.647058823529413,39.10795087265676,82.99935358758889,0,,,,,,,815,12.821088957055215,2.9447852760736195,6.625766871165644,16.809815950920246,37.17791411042945,80.49079754601227,732,11.887958130549864,4.098360655737705,8.060109289617486,18.579234972677597,41.256830601092894,85.79234972677595
C135,Chest,38,test/C135/Low_Dose/00000126.dcm,130.0,262144,26.58661651611328,1671,12.403092973892878,3.3512866546977857,6.822262118491921,17.474566128067025,38.30041891083184,84.44045481747456,0,,,,,,,922,12.760227426789587,3.2537960954446854,5.314533622559653,15.61822125813449,36.55097613882863,83.29718004338395,749,11.963469521862484,3.4712950600801067,8.678237650200266,19.759679572763684,40.453938584779706,85.84779706275033
C135,Chest,39,test/C135/Low_Dose/00000092.dcm,130.0,262144,26.627071380615234,1685,12.545222088278932,3.857566765578635,7.596439169139466,17.270029673590503,37.1513353115727,82.49258160237389,0,,,,,,,960,12.712131754557292,3.4375,6.875,17.1875,35.833333333333336,81.66666666666667,725,12.324210668103449,4.413793103448276,8.551724137931034,17.379310344827587,38.89655172413793,83.58620689655173
C135,Chest,40,test/C135/Low_Dose/00000027.dcm,130.0,262144,26.58771514892578,1730,12.28268944183526,3.699421965317919,7.22543352601156,19.248554913294797,39.47976878612717,83.46820809248555,0,,,,,,,982,12.704331283413952,3.360488798370672,6.415478615071283,17.5152749490835,36.45621181262729,81.46639511201629,748,11.729143601687834,4.144385026737968,8.288770053475936,21.524064171122994,43.44919786096256,86.09625668449198
C135,Chest,41,test/C135/Low_Dose/00000079.dcm,130.0,262144,26.191328048706055,1663,12.252198586891161,4.269392663860493,7.516536380036079,17.919422730006012,37.46241731809982,85.86891160553218,0,,,,,,,903,12.907666718576966,3.7652270210409746,6.0908084163898115,14.617940199335548,33.222591362126245,84.27464008859357,760,11.473396381578947,4.868421052631579,9.210526315789474,21.842105263157894,42.5,87.76315789473684
C135,Chest,42,test/C135/Low_Dose/00000072.dcm,130.0,262144,26.181100845336914,1688,12.077630933427132,4.62085308056872,8.293838862559241,19.72748815165877,39.040284360189574,85.07109004739337,0,,,,,,,895,12.722999956354748,3.910614525139665,7.597765363128492,16.75977653631285,34.07821229050279,83.68715083798882,793,11.349249783259774,5.422446406052964,9.079445145018916,23.076923076923077,44.640605296343004,86.63303909205548
C135,Chest,43,test/C135/Low_Dose/00000270.dcm,130.0,262144,25.89103889465332,1304,11.81674999400882,5.214723926380368,8.282208588957054,21.088957055214724,41.104294478527606,85.96625766871166,0,,,,,,,694,12.13952460824928,5.475504322766571,7.92507204610951,19.164265129683,39.3371757925072,85.5907780979827,610,11.449527727971311,4.918032786885246,8.688524590163935,23.278688524590162,43.114754098360656,86.39344262295081
C135,Chest,44,test/C135/Low_Dose/00000089.dcm,130.0,262144,25.786823272705078,1216,12.065987034847861,4.1118421052631575,8.470394736842104,18.99671052631579,38.48684210526316,86.75986842105263,0,,,,,,,655,12.453612535782442,3.66412213740458,7.938931297709924,16.793893129770993,34.656488549618324,87.02290076335878,561,11.613412676860516,4.634581105169341,9.090909090909092,21.568627450980394,42.959001782531196,86.45276292335116
C135,Chest,45,test/C135/Low_Dose/00000299.dcm,130.0,262144,25.776384353637695,1235,11.46937310222672,3.6437246963562755,8.097165991902834,21.45748987854251,43.88663967611336,88.66396761133603,0,,,,,,,682,11.491006890350073,3.665689149560117,7.624633431085044,21.994134897360702,42.22873900293255,88.12316715542522,553,11.442692734233725,3.616636528028933,8.679927667269439,20.795660036166364,45.93128390596745,89.33092224231464
C135,Chest,46,test/C135/Low_Dose/00000064.dcm,130.0,262144,26.004762649536133,1244,12.15343885023111,4.501607717041801,8.60128617363344,18.64951768488746,38.5048231511254,86.49517684887459,0,,,,,,,663,12.744005114064857,4.223227752639517,8.295625942684767,15.384615384615385,34.23831070889894,84.76621417797888,581,11.479522442448365,4.819277108433735,8.950086058519794,22.375215146299485,43.373493975903614,88.46815834767642
C135,Chest,47,test/C135/Low_Dose/00000172.dcm,130.0,262144,25.70953369140625,1228,11.995402680934447,4.315960912052117,7.980456026058632,18.241042345276874,39.73941368078176,87.29641693811075,0,,,,,,,672,12.275044759114584,3.125,6.696428571428571,16.071428571428573,38.69047619047619,86.75595238095238,556,11.657416254496402,5.755395683453237,9.532374100719425,20.863309352517987,41.007194244604314,87.94964028776978
C135,Chest,48,test/C135/Low_Dose/00000165.dcm,130.0,262144,25.5792293548584,1314,11.734776327054794,3.8812785388127855,8.219178082191782,20.243531202435314,42.08523592085236,87.74733637747336,0,,,,,,,695,12.252138601618705,3.1654676258992804,6.762589928057554,18.848920863309353,38.84892086330935,85.89928057553956,619,11.153892997778675,4.684975767366721,9.854604200323102,21.809369951534734,45.718901453958,89.82229402261713
C135,Chest,49,test/C135/Low_Dose/00000237.dcm,130.0,262144,25.735258102416992,1409,12.094079910397445,3.4066713981547196,7.026259758694109,19.020581973030517,38.821859474804825,86.44428672817601,0,,,,,,,736,12.822533648947012,2.3097826086956523,4.483695652173913,14.945652173913043,33.96739130434783,85.46195652173913,673,11.297438010772659,4.606240713224368,9.806835066864785,23.476968796433876,44.13075780089153,87.518573551263
C135,Chest,50,test/C135/Low_Dose/00000239.dcm,130.0,262144,25.556236267089844,1345,11.72498402648699,4.684014869888476,8.847583643122677,21.189591078066915,39.85130111524163,87.06319702602231,0,,,,,,,736,11.873521887737772,4.891304347826087,8.423913043478262,20.108695652173914,39.130434782608695,86.95652173913044,609,11.54547189295977,4.433497536945813,9.35960591133005,22.495894909688012,40.722495894909684,87.19211822660098
C135,Chest,51,test/C135/Low_Dose/00000320.dcm,130.0,262144,25.22899627685547,1346,11.591676437128529,4.086181277860327,8.320950965824666,19.836552748885588,41.010401188707284,89.74739970282317,0,,,,,,,736,12.072509765625,2.8532608695652173,6.657608695652174,16.71195652173913,38.994565217391305,88.72282608695652,610,11.011521836577868,5.573770491803279,10.327868852459016,23.60655737704918,43.442622950819676,90.98360655737704
C135,Chest,52,test/C135/Low_Dose/00000181.dcm,130.0,262144,25.286460876464844,1296,11.463844581886574,4.166666666666667,8.719135802469136,21.373456790123456,42.361111111111114,88.96604938271605,0,,,,,,,723,11.683407352178424,3.4578146611341634,8.298755186721992,20.74688796680498,39.97233748271093,88.79668049792531,573,11.18680379444808,5.061082024432809,9.24956369982548,22.164048865619545,45.37521815008726,89.17975567190227
C135,Chest,53,test/C135/Low_Dose/00000238.dcm,130.0,262144,24.84419059753418,1213,11.24197012829761,3.8746908491343777,8.408903544929926,21.10469909315746,43.198680956306674,90.76669414674362,0,,,,,,,655,11.707887792223282,3.2061068702290076,8.091603053435115,18.3206106870229,40.61068702290076,90.07633587786259,558,10.695060483870968,4.659498207885305,8.78136200716846,24.372759856630825,46.236559139784944,91.57706093189964
C135,Chest,54,test/C135/Low_Dose/00000170.dcm,130.0,262144,24.52630043029785,1197,11.16107651942356,3.341687552213868,7.184628237259816,20.30075187969925,43.77610693400167,92.23057644110276,0,,,,,,,658,11.468580808320668,2.8875379939209727,6.5349544072948325,18.996960486322187,41.641337386018236,92.55319148936171,539,10.78568257913961,3.896103896103896,7.977736549165121,21.89239332096475,46.3821892393321,91.83673469387755
C135,Chest,55,test/C135/Low_Dose/00000101.dcm,130.0,262144,24.310304641723633,1114,11.080791699394075,3.859964093357271,9.156193895870736,22.262118491921004,43.71633752244165,93.6265709156194,0,,,,,,,621,11.533723643820451,3.3816425120772946,8.373590982286634,20.28985507246377,40.90177133655394,92.5925925925926,493,10.51026381053499,4.462474645030426,10.141987829614605,24.746450304259636,47.26166328600406,94.9290060851927
C135,Chest,56,test/C135/Low_Dose/00000047.dcm,130.0,262144,23.96999740600586,1119,10.981923557584897,4.557640750670242,8.221626452189454,21.26899016979446,44.77211796246649,95.08489722966935,0,,,,,,,577,11.432305770688908,4.15944540727903,7.625649913344887,19.23743500866551,41.421143847487,95.1473136915078,542,10.502458523120387,4.981549815498155,8.85608856088561,23.431734317343174,48.33948339483395,95.01845018450184
C135,Chest,57,test/C135/Low_Dose/00000296.dcm,130.0,262144,23.80795669555664,1084,10.575654765336715,4.797047970479705,9.77859778597786,24.44649446494465,46.586715867158674,95.84870848708488,0,,,,,,,603,11.118555983105306,4.1459369817578775,7.794361525704809,21.558872305140962,42.288557213930346,94.69320066334991,481,9.895053030795218,5.613305613305613,12.266112266112266,28.066528066528065,51.975051975051976,97.29729729729729
C135,Chest,58,test/C135/Low_Dose/00000191.dcm,130.0,262144,23.441221237182617,1040,10.4891845703125,3.8461538461538463,8.173076923076923,22.21153846153846,47.78846153846154,96.92307692307692,0,,,,,,,544,10.8150437298943,3.3088235294117645,6.4338235294117645,22.24264705882353,44.3014705882353,97.61029411764706,496,10.131792622227822,4.435483870967742,10.080645161290322,22.177419354838708,51.61290322580645,96.16935483870968
C135,Chest,59,test/C135/Low_Dose/00000254.dcm,130.0,262144,23.356918334960938,1064,10.388477296757518,5.075187969924812,9.398496240601503,24.24812030075188,47.744360902255636,97.83834586466165,0,,,,,,,573,10.87837110056719,3.6649214659685865,8.202443280977313,21.465968586387433,43.80453752181501,97.5567190226876,491,9.81677022339613,6.720977596741344,10.79429735234216,27.4949083503055,52.342158859470466,98.16700610997964
C135,Chest,60,test/C135/Low_Dose/00000305.dcm,130.0,262144,23.26606559753418,967,10.864682975698035,4.446742502585315,8.376421923474664,21.509824198552224,43.846949327817995,97.93174767321614,0,,,,,,,512,11.344464302062988,4.296875,7.03125,19.53125,40.0390625,97.8515625,455,10.324796102335165,4.615384615384615,9.89010989010989,23.736263736263737,48.13186813186813,98.02197802197803
C135,Chest,61,test/C135/Low_Dose/00000074.dcm,130.0,262144,23.10504913330078,1004,10.595371443911853,5.47808764940239,8.864541832669323,20.916334661354583,45.21912350597609,99.30278884462152,0,,,,,,,528,10.958400841915246,5.681818181818182,7.954545454545454,17.992424242424242,43.371212121212125,98.86363636363636,476,10.192683372176996,5.2521008403361344,9.873949579831933,24.159663865546218,47.26890756302521,99.78991596638656
C135,Chest,62,test/C135/Low_Dose/00000176.dcm,130.0,262144,23.022106170654297,973,10.521309737923946,4.316546762589928,9.146968139773895,23.53545734840699,46.351490236382325,98.97225077081193,0,,,,,,,500,10.67104296875,4.6,9.0,22.2,45.8,98.6,473,10.363030399378964,4.016913319238901,9.30232558139535,24.947145877378436,46.93446088794926,99.36575052854123
C135,Chest,63,test/C135/Low_Dose/00000214.dcm,130.0,262144,22.89324188232422,917,11.087319809841876,3.925845147219193,7.960741548527808,17.448200654307524,42.42093784078517,99.34569247546347,0,,,,,,,502,11.219034992841136,3.9840637450199203,8.167330677290837,17.330677290836654,41.03585657370518,99.20318725099601,415,10.927993222891565,3.855421686746988,7.710843373493976,17.59036144578313,44.096385542168676,99.51807228915662
C135,Chest,64,test/C135/Low_Dose/00000138.dcm,130.0,262144,23.25137710571289,1007,10.588898220270606,5.759682224428997,10.526315789473685,23.435948361469713,45.08440913604767,98.51042701092354,0,,,,,,,543,10.69521268560083,6.077348066298343,10.128913443830571,23.02025782688766,43.646408839779006,98.52670349907919,464,10.46448385304418,5.387931034482759,10.991379310344827,23.92241379310345,46.76724137931034,98.49137931034483
C135,Chest,65,test/C135/Low_Dose/00000217.dcm,130.0,262144,23.147275924682617,1027,10.678350550754626,4.284323271665044,8.95813047711782,23.758519961051608,45.76436222005842,97.37098344693281,0,,,,,,,571,10.9905114382662,3.852889667250438,8.40630472854641,22.591943957968475,44.13309982486865,97.72329246935202,456,10.287462736430921,4.824561403508772,9.649122807017545,25.219298245614034,47.80701754385965,96.9298245614035
C135,Chest,66,test/C135/Low_Dose/00000266.dcm,130.0,262144,23.104236602783203,1001,10.704533747502497,3.996003996003996,9.290709290709291,22.477522477522477,44.35564435564436,98.5014985014985,0,,,,,,,542,11.055900095133763,2.7675276752767526,8.118081180811808,18.819188191881917,42.80442804428044,98.5239852398524,459,10.289630565767974,5.446623093681917,10.675381263616558,26.797385620915033,46.187363834422655,98.47494553376906
C135,Chest,67,test/C135/Low_Dose/00000216.dcm,130.0,262144,23.14385414123535,1188,10.723204538878367,4.882154882154882,9.25925925925926,22.13804713804714,45.28619528619529,98.23232323232324,0,,,,,,,649,11.047771812403697,4.622496147919877,8.166409861325116,19.87673343605547,43.29738058551618,97.84283513097073,539,10.332399952168368,5.194805194805195,10.575139146567718,24.860853432282003,47.680890538033395,98.7012987012987
C135,Chest,68,test/C135/Low_Dose/00000114.dcm,130.0,262144,22.730880737304688,1049,10.204154626429933,4.385128693994281,8.960915157292659,23.736892278360344,48.71306005719733,100.0,0,,,,,,,552,10.628655032835145,3.260869565217391,7.246376811594203,21.195652173913043,46.92028985507246,100.0,497,9.7326773138833,5.633802816901408,10.865191146881287,26.559356136820927,50.70422535211268,100.0
C135,Chest,69,test/C135/Low_Dose/00000160.dcm,130.0,262144,22.299421310424805,1002,10.358983205464073,3.2934131736526946,7.0858283433133735,22.45508982035928,47.10578842315369,100.0,0,,,,,,,537,10.726366096368714,2.60707635009311,5.772811918063315,19.366852886405958,46.36871508379888,100.0,465,9.934715221774194,4.086021505376344,8.602150537634408,26.021505376344088,47.956989247311824,100.0
C135,Chest,70,test/C135/Low_Dose/00000012.dcm,130.0,262144,22.191144943237305,994,10.046330718687123,4.929577464788732,9.758551307847082,23.843058350100602,48.49094567404426,100.0,0,,,,,,,563,10.275031569160745,4.7957371225577266,8.880994671403197,22.02486678507993,46.714031971580816,100.0,431,9.74758918213457,5.104408352668213,10.904872389791183,26.218097447795824,50.812064965197216,100.0
C135,Chest,71,test/C135/Low_Dose/00000084.dcm,130.0,262144,21.756193161010742,1052,10.169361187024714,4.3726235741444865,9.600760456273765,23.859315589353614,48.19391634980989,100.0,0,,,,,,,554,10.782490974729242,4.332129963898917,8.483754512635379,19.855595667870038,42.7797833935018,100.0,498,9.487284097326807,4.417670682730924,10.843373493975903,28.313253012048193,54.21686746987952,100.0
C135,Chest,72,test/C135/Low_Dose/00000268.dcm,130.0,262144,21.747453689575195,1007,9.88010683031281,5.759682224428997,10.02979145978153,24.13108242303873,50.148957298907646,100.0,0,,,,,,,533,10.215277981355534,5.628517823639775,9.943714821763603,23.639774859287055,48.78048780487805,100.0,474,9.503215033293776,5.9071729957805905,10.126582278481013,24.68354430379747,51.687763713080166,100.0
C135,Chest,73,test/C135/Low_Dose/00000231.dcm,130.0,262144,21.8845272064209,1047,9.86840563813276,4.966571155682904,10.124164278892072,26.456542502387773,49.66571155682904,100.0,0,,,,,,,564,9.7511289339539,4.078014184397163,9.75177304964539,27.836879432624112,50.53191489361702,100.0,483,10.0053508750647,6.004140786749482,10.559006211180124,24.84472049689441,48.65424430641822,100.0
C135,Chest,74,test/C135/Low_Dose/00000194.dcm,130.0,262144,22.020078659057617,1002,10.136395178393213,5.089820359281437,9.68063872255489,22.355289421157686,47.20558882235529,100.0,0,,,,,,,556,10.50077721026304,5.215827338129497,8.633093525179856,18.345323741007196,43.16546762589928,100.0,446,9.682142043862108,4.932735426008969,10.986547085201794,27.3542600896861,52.24215246636771,100.0
C135,Chest,75,test/C135/Low_Dose/00000071.dcm,130.0,262144,22.027549743652344,1093,9.87673154448765,4.117108874656908,7.959743824336688,24.885635864592864,50.41171088746569,100.0,0,,,,,,,562,10.243539396129894,2.8469750889679717,5.693950177935943,22.24199288256228,48.57651245551602,100.0,531,9.488508378943033,5.4613935969868175,10.357815442561206,27.683615819209038,52.35404896421846,100.0
C135,Chest,76,test/C135/Low_Dose/00000129.dcm,130.0,262144,22.057947158813477,988,9.95821538145243,5.97165991902834,9.919028340080972,23.582995951417004,48.88663967611336,100.0,0,,,,,,,543,10.340795134093002,4.6040515653775325,8.287292817679559,21.36279926335175,45.85635359116022,100.0,445,9.49138211025281,7.640449438202247,11.910112359550562,26.292134831460675,52.58426966292135,100.0
C135,Chest,77,test/C135/Low_Dose/00000192.dcm,130.0,262144,22.07086181640625,980,10.100516183035714,4.183673469387755,9.183673469387756,23.367346938775512,48.87755102040816,100.0,0,,,,,,,530,10.226389298349057,2.830188679245283,7.9245283018867925,22.07547169811321,48.301886792452834,100.0,450,9.952266710069445,5.777777777777778,10.666666666666666,24.88888888888889,49.55555555555556,100.0
C135,Chest,78,test/C135/Low_Dose/00000113.dcm,130.0,262144,22.28946304321289,1020,10.672757735906863,4.215686274509804,8.235294117647058,21.176470588235293,44.11764705882353,100.0,0,,,,,,,550,10.9116015625,3.272727272727273,7.454545454545454,20.181818181818183,41.63636363636363,100.0,470,10.39325860206117,5.319148936170213,9.148936170212766,22.340425531914892,47.02127659574468,100.0
C135,Chest,79,test/C135/Low_Dose/00000292.dcm,130.0,262144,22.870357513427734,958,10.53032440631524,3.2359081419624216,7.933194154488517,21.711899791231733,47.7035490605428,99.47807933194154,0,,,,,,,480,10.562493896484375,3.3333333333333335,7.708333333333333,22.291666666666668,47.708333333333336,99.375,478,10.498019294259937,3.1380753138075312,8.158995815899582,21.12970711297071,47.69874476987448,99.581589958159
C135,Chest,80,test/C135/Low_Dose/00000328.dcm,130.0,262144,23.044286727905273,859,10.928481291836437,4.656577415599535,9.545983701979045,20.488940628637952,44.12107101280559,98.60302677532015,0,,,,,,,474,11.099739171281646,4.852320675105485,9.282700421940929,19.19831223628692,42.40506329113924,98.52320675105486,385,10.717633928571429,4.415584415584416,9.87012987012987,22.07792207792208,46.23376623376623,98.7012987012987
C135,Chest,81,test/C135/Low_Dose/00000038.dcm,130.0,262144,23.315574645996094,806,10.808026713709678,5.955334987593052,9.925558312655086,23.325062034739453,43.67245657568238,96.6501240694789,0,,,,,,,416,11.012804471529448,6.490384615384615,9.85576923076923,23.317307692307693,41.58653846153846,96.39423076923077,390,10.58959710536859,5.384615384615385,10.0,23.333333333333332,45.8974358974359,96.92307692307692
C135,Chest,82,test/C135/Low_Dose/00000227.dcm,130.0,262144,23.64262580871582,936,10.682498247195513,4.594017094017094,9.82905982905983,23.61111111111111,45.4059829059829,96.7948717948718,0,,,,,,,520,11.096277794471154,4.230769230769231,8.26923076923077,20.576923076923077,41.73076923076923,96.15384615384616,416,10.165273813100962,5.048076923076923,11.778846153846153,27.403846153846153,50.0,97.59615384615384
C135,Chest,83,test/C135/Low_Dose/00000352.dcm,130.0,262144,23.651090621948242,891,10.944172629068463,3.8159371492704826,8.754208754208754,20.31425364758698,43.43434343434343,96.18406285072952,0,,,,,,,502,11.485750357943227,4.581673306772909,8.366533864541832,17.529880478087648,39.04382470119522,95.2191235059761,389,10.245274090215295,2.827763496143959,9.254498714652957,23.90745501285347,49.10025706940874,97.4293059125964
C135,Chest,84,test/C135/Low_Dose/00000095.dcm,130.0,262144,23.83497428894043,892,11.388729899453475,3.475336322869955,7.3991031390134525,18.721973094170405,40.24663677130045,94.28251121076234,0,,,,,,,465,11.890538894489247,2.795698924731183,6.451612903225806,16.989247311827956,36.55913978494624,93.76344086021506,427,10.842263429449648,4.215456674473068,8.430913348946136,20.60889929742389,44.26229508196721,94.84777517564403
C135,Chest,85,test/C135/Low_Dose/00000337.dcm,130.0,262144,24.047685623168945,844,11.589184223193127,2.3696682464454977,6.042654028436019,17.89099526066351,41.350710900473935,94.07582938388626,0,,,,,,,447,11.799639742379753,2.0134228187919465,5.8165548098434,17.225950782997764,40.49217002237136,93.95973154362416,397,11.352221741183879,2.770780856423174,6.297229219143577,18.639798488664987,42.31738035264484,94.20654911838791
C135,Chest,86,test/C135/Low_Dose/00000223.dcm,130.0,262144,24.061933517456055,915,11.590078551912569,4.043715846994536,7.759562841530054,19.016393442622952,41.202185792349724,92.56830601092896,0,,,,,,,496,11.535850278792843,4.838709677419355,8.46774193548387,20.161290322580644,41.733870967741936,92.33870967741936,419,11.654272402670047,3.1026252983293556,6.921241050119332,17.66109785202864,40.572792362768496,92.8400954653938
C135,Chest,87,test/C135/Low_Dose/00000240.dcm,130.0,262144,23.837814331054688,1022,10.914841265594422,5.47945205479452,10.86105675146771,20.841487279843445,44.52054794520548,94.81409001956948,0,,,,,,,564,11.259708485704786,4.25531914893617,9.75177304964539,19.148936170212767,40.780141843971634,94.68085106382979,458,10.490158680745088,6.986899563318778,12.22707423580786,22.925764192139738,49.12663755458515,94.97816593886463
C135,Chest,88,test/C135/Low_Dose/00000118.dcm,130.0,262144,23.699161529541016,1059,10.908249232766762,4.4381491973559966,8.026440037771483,23.32389046270066,43.626062322946176,96.03399433427762,0,,,,,,,582,11.235505933204468,4.639175257731959,8.075601374570446,21.1340206185567,40.37800687285223,95.87628865979381,477,10.508956941168764,4.1928721174004195,7.966457023060797,25.9958071278826,47.58909853249476,96.22641509433963
C135,Chest,89,test/C135/Low_Dose/00000317.dcm,130.0,262144,23.349201202392578,1133,10.650133770962048,4.060017652250662,8.20829655781112,22.94792586054722,45.80759046778464,98.23477493380406,0,,,,,,,614,10.970684039087947,4.5602605863192185,8.957654723127035,21.335504885993487,42.50814332247557,97.8827361563518,519,10.270908598265896,3.468208092485549,7.321772639691715,24.85549132947977,49.71098265895954,98.65125240847784
C135,Chest,90,test/C135/Low_Dose/00000087.dcm,130.0,262144,23.43529510498047,1047,10.549159242180039,5.253104106972302,8.882521489971346,23.78223495702006,46.32282712511939,97.89875835721108,0,,,,,,,616,10.66236619825487,5.681818181818182,8.766233766233766,22.4025974025974,45.94155844155844,97.07792207792208,431,10.387359973172854,4.640371229698376,9.048723897911833,25.754060324825986,46.8677494199536,99.07192575406033
C135,Chest,91,test/C135/Low_Dose/00000190.dcm,130.0,262144,23.383182525634766,1091,10.378016512946838,4.399633363886343,9.624197983501375,24.65627864344638,47.38771769019248,98.07516040329972,0,,,,,,,584,10.551012849154537,4.280821917808219,8.904109589041095,24.486301369863014,46.23287671232877,97.94520547945206,507,10.178746571437376,4.536489151873767,10.453648915187376,24.85207100591716,48.717948717948715,98.22485207100591
C135,Chest,92,test/C135/Low_Dose/00000258.dcm,130.0,262144,23.256784439086914,1086,10.434613475483426,3.867403314917127,8.37937384898711,22.65193370165746,47.14548802946593,99.4475138121547,0,,,,,,,586,10.879436193472696,3.583617747440273,7.337883959044369,21.160409556313994,43.68600682593857,98.97610921501706,500,9.9132802734375,4.2,9.6,24.4,51.2,100.0
C135,Chest,93,test/C135/Low_Dose/00000009.dcm,130.0,262144,23.28512954711914,1041,10.856254878121998,3.6503362151777137,7.780979827089337,21.998078770413063,43.51585014409222,98.84726224783861,0,,,,,,,556,11.07043720492356,3.41726618705036,7.733812949640288,19.784172661870503,41.54676258992806,98.38129496402878,485,10.61071903189433,3.917525773195876,7.835051546391752,24.536082474226806,45.77319587628866,99.38144329896907
C135,Chest,94,test/C135/Low_Dose/00000330.dcm,130.0,262144,23.456998825073242,1001,10.808079615696803,4.495504495504496,8.591408591408591,21.978021978021978,45.75424575424575,97.8021978021978,0,,,,,,,566,10.82782133392226,4.41696113074205,7.773851590106007,21.554770318021202,46.113074204947,97.87985865724382,435,10.782392690373563,4.597701149425287,9.655172413793103,22.528735632183906,45.28735632183908,97.70114942528735
C135,Chest,95,test/C135/Low_Dose/00000019.dcm,130.0,262144,23.405458450317383,999,10.728368016453954,3.5035035035035036,8.308308308308309,22.72272272272272,44.54454454454454,98.49849849849849,0,,,,,,,543,11.001059291551565,3.314917127071823,7.734806629834254,22.65193370165746,42.3572744014733,98.15837937384899,456,10.403649045709978,3.7280701754385963,8.991228070175438,22.80701754385965,47.14912280701754,98.90350877192982
C135,Chest,96,test/C135/Low_Dose/00000078.dcm,130.0,262144,23.448280334472656,995,10.498816347361808,4.824120603015075,8.944723618090451,22.814070351758794,47.8391959798995,98.29145728643216,0,,,,,,,526,10.906090333887832,3.612167300380228,7.034220532319392,21.102661596958175,44.67680608365019,99.04942965779468,469,10.042044243070363,6.183368869936034,11.087420042643924,24.733475479744136,51.38592750533049,97.44136460554371
C135,Chest,97,test/C135/Low_Dose/00000205.dcm,130.0,262144,23.775142669677734,1112,11.039394460993705,3.9568345323741005,8.273381294964029,20.323741007194243,42.62589928057554,97.75179856115108,0,,,,,,,613,11.261327647073818,4.241435562805873,7.993474714518761,19.086460032626427,40.29363784665579,97.38988580750407,499,10.766759104145791,3.6072144288577155,8.617234468937875,21.8436873747495,45.49098196392786,98.19639278557115
C135,Chest,98,test/C135/Low_Dose/00000322.dcm,130.0,262144,24.079023361206055,1065,10.928870488556338,5.070422535211268,9.671361502347418,21.408450704225352,43.84976525821596,95.96244131455398,0,,,,,,,580,11.198384462553879,6.0344827586206895,11.03448275862069,20.517241379310345,42.241379310344826,96.20689655172414,485,10.606565117590206,3.917525773195876,8.041237113402062,22.47422680412371,45.77319587628866,95.6701030927835
C135,Chest,99,test/C135/Low_Dose/00000023.dcm,130.0,262144,24.563337326049805,1170,11.392701655982906,3.3333333333333335,7.094017094017094,18.803418803418804,40.68376068376068,93.84615384615384,0,,,,,,,631,11.923210615590333,2.218700475435816,5.705229793977813,16.00633914421553,37.08399366085578,92.86846275752774,539,10.771642907873376,4.638218923933209,8.719851576994435,22.07792207792208,44.89795918367347,94.99072356215213
C135,Chest,100,test/C135/Low_Dose/00000112.dcm,130.0,262144,24.805484771728516,1095,11.333751605308219,4.018264840182648,7.397260273972603,20.54794520547945,41.461187214611876,93.51598173515981,0,,,,,,,576,11.745311313205296,3.6458333333333335,6.944444444444445,18.229166666666668,38.541666666666664,92.70833333333333,519,10.876991698277939,4.431599229287091,7.89980732177264,23.121387283236995,44.701348747591524,94.41233140655106
C135,Chest,101,test/C135/Low_Dose/00000106.dcm,130.0,262144,25.004920959472656,1182,11.41191687156303,3.6379018612521152,8.037225042301184,19.88155668358714,42.30118443316413,91.37055837563452,0,,,,,,,626,11.871290310503195,4.15335463258786,8.146964856230031,18.849840255591054,38.65814696485623,90.41533546325878,556,10.894708647144784,3.0575539568345325,7.913669064748201,21.0431654676259,46.402877697841724,92.44604316546763
C135,Chest,102,test/C135/Low_Dose/00000098.dcm,130.0,262144,24.76618194580078,1112,11.209012477517986,3.9568345323741005,8.543165467625899,21.402877697841728,43.07553956834533,91.90647482014388,0,,,,,,,620,11.840717143397178,3.7096774193548385,7.741935483870968,18.548387096774192,39.516129032258064,90.64516129032258,492,10.412962874745935,4.2682926829268295,9.552845528455284,25.0,47.5609756097561,93.4959349593496
C135,Chest,103,test/C135/Low_Dose/00000267.dcm,130.0,262144,24.72794532775879,1060,10.982560067806604,4.245283018867925,8.867924528301886,20.660377358490567,43.867924528301884,93.30188679245283,0,,,,,,,582,10.921373295210481,4.4673539518900345,9.793814432989691,20.790378006872853,44.845360824742265,93.81443298969072,478,11.057059443645397,3.9748953974895396,7.7405857740585775,20.502092050209207,42.67782426778243,92.67782426778243
C135,Chest,104,test/C135/Low_Dose/00000228.dcm,130.0,262144,24.60059928894043,1094,10.983207409734918,4.204753199268739,8.683729433272395,21.6636197440585,45.24680073126142,94.51553930530164,0,,,,,,,584,11.202365822988014,3.9383561643835616,8.39041095890411,20.71917808219178,42.465753424657535,94.86301369863014,510,10.73224858302696,4.509803921568627,9.019607843137255,22.745098039215687,48.431372549019606,94.11764705882354
C135,Chest,105,test/C135/Low_Dose/00000346.dcm,130.0,262144,24.066953659057617,1155,10.741661593614719,5.541125541125541,9.35064935064935,22.251082251082252,44.76190476190476,96.1038961038961,0,,,,,,,644,10.873168187111801,5.900621118012422,9.316770186335404,21.11801242236025,43.7888198757764,95.80745341614907,511,10.57592630106409,5.088062622309198,9.393346379647749,23.679060665362034,45.98825831702544,96.4774951076321
C135,Chest,106,test/C135/Low_Dose/00000134.dcm,130.0,262144,23.96584129333496,1111,10.792422894633214,4.05040504050405,8.1008100810081,21.872187218721873,45.0945094509451,96.66966696669667,0,,,,,,,624,10.908190604967949,4.006410256410256,7.6923076923076925,20.993589743589745,45.032051282051285,96.47435897435898,487,10.644088087140657,4.1067761806981515,8.624229979466119,22.99794661190965,45.17453798767967,96.91991786447639
C135,Chest,107,test/C135/Low_Dose/00000148.dcm,130.0,262144,23.799699783325195,1021,10.578630976065131,5.680705190989226,9.69637610186092,22.135161606268365,46.81684622918707,96.18021547502448,0,,,,,,,548,10.749509045677463,5.474452554744525,10.036496350364963,22.080291970802918,45.98540145985402,95.8029197080292,473,10.380659107426004,5.919661733615222,9.30232558139535,22.198731501057082,47.780126849894295,96.61733615221988
C135,Chest,108,test/C135/Low_Dose/00000028.dcm,130.0,262144,24.004840850830078,1065,10.554173085387324,5.446009389671362,10.046948356807512,22.441314553990612,47.605633802816904,94.36619718309859,0,,,,,,,571,10.789732069559982,5.253940455341506,10.683012259194395,21.015761821366024,46.40980735551664,92.99474605954465,494,10.281896429023279,5.668016194331984,9.31174089068826,24.089068825910932,48.987854251012145,95.95141700404858
C135,Chest,109,test/C135/Low_Dose/00000150.dcm,130.0,262144,24.231903076171875,955,10.678876595222514,4.712041884816754,9.214659685863875,24.607329842931936,45.23560209424084,94.45026178010471,0,,,,,,,522,11.13279379190613,4.022988505747127,7.471264367816092,21.839080459770116,41.18773946360153,93.67816091954023,433,10.13166002092956,5.542725173210162,11.316397228637413,27.9445727482679,50.11547344110855,95.3810623556582
C135,Chest,110,test/C135/Low_Dose/00000037.dcm,130.0,262144,23.90587615966797,1044,10.643046762751437,4.693486590038314,9.003831417624522,22.22222222222222,46.55172413793103,96.93486590038314,0,,,,,,,585,10.999088541666667,3.9316239316239314,8.376068376068377,21.196581196581196,44.78632478632478,96.58119658119658,459,10.1892680249183,5.664488017429194,9.803921568627452,23.529411764705884,48.80174291938998,97.38562091503267
C135,Chest,111,test/C135/Low_Dose/00000354.dcm,130.0,262144,23.822927474975586,1139,10.886631296641792,4.038630377524144,8.077260755048288,20.983318700614575,44.42493415276559,97.54170324846356,0,,,,,,,649,11.332618842690678,4.006163328197227,7.395993836671803,20.338983050847457,42.21879815100154,96.91833590138675,490,10.295927335778062,4.081632653061225,8.979591836734693,21.836734693877553,47.3469387755102,98.36734693877551
C135,Chest,112,test/C135/Low_Dose/00000242.dcm,130.0,262144,24.136302947998047,1121,10.592296916815343,4.727921498661909,9.634255129348796,23.9964317573595,47.27921498661909,96.07493309545049,0,,,,,,,620,10.711209204889112,4.193548387096774,9.03225806451613,22.903225806451612,46.45161290322581,97.25806451612904,501,10.445139018837326,5.389221556886228,10.379241516966069,25.34930139720559,48.30339321357285,94.61077844311377
C135,Chest,113,test/C135/Low_Dose/00000255.dcm,130.0,262144,24.081462860107422,1127,10.784958684560781,4.081632653061225,7.719609582963621,20.674356699201418,46.58385093167702,95.38598047914819,0,,,,,,,634,11.100208559246845,2.6813880126182967,6.151419558359621,19.085173501577287,45.42586750788644,94.3217665615142,493,10.379546066810345,5.882352941176471,9.736308316430021,22.718052738336713,48.073022312373226,96.75456389452333
C135,Chest,114,test/C135/Low_Dose/00000161.dcm,130.0,262144,24.548030853271484,1156,11.064799483672145,3.9792387543252596,7.7854671280276815,20.58823529411765,44.03114186851211,93.42560553633218,0,,,,,,,627,11.182470781000797,4.4657097288676235,8.771929824561404,20.893141945773525,42.10526315789474,93.62041467304626,529,10.925328966800567,3.402646502835539,6.616257088846881,20.226843100189036,46.31379962192817,93.19470699432893
C135,Chest,115,test/C135/Low_Dose/00000271.dcm,130.0,262144,24.94268226623535,1213,11.197654478823166,4.286892003297609,10.057708161582852,22.91838417147568,41.632316570486395,91.92085737840065,0,,,,,,,641,11.619097967043682,3.43213728549142,9.204368174726989,20.74882995319813,38.68954758190328,91.41965678627145,572,10.725372527862762,5.244755244755245,11.013986013986013,25.34965034965035,44.93006993006993,92.48251748251748
C135,Chest,116,test/C135/Low_Dose/00000347.dcm,130.0,262144,25.10550880432129,1124,11.399344556272242,4.448398576512456,9.252669039145907,22.24199288256228,42.34875444839858,89.76868327402136,0,,,,,,,626,11.913443958416533,3.9936102236421727,8.30670926517572,19.968051118210862,39.13738019169329,88.9776357827476,498,10.753106174698795,5.020080321285141,10.441767068273093,25.100401606425702,46.3855421686747,90.76305220883535
C135,Chest,117,test/C135/Low_Dose/00000353.dcm,130.0,262144,25.239377975463867,1142,11.708617522712347,3.677758318739054,7.092819614711034,18.739054290718038,40.98073555166375,89.84238178633976,0,,,,,,,616,12.20540628804789,4.220779220779221,7.467532467532467,18.01948051948052,37.01298701298701,87.82467532467533,526,11.126827805667777,3.041825095057034,6.653992395437262,19.581749049429657,45.627376425855516,92.20532319391636
C135,Chest,118,test/C135/Low_Dose/00000314.dcm,130.0,262144,25.05300521850586,1175,11.57193982712766,4.170212765957447,8.0,18.21276595744681,40.765957446808514,92.68085106382979,0,,,,,,,645,11.998330759447674,4.496124031007752,7.906976744186046,16.74418604651163,37.054263565891475,91.93798449612403,530,11.053031028891509,3.7735849056603774,8.11320754716981,20.0,45.283018867924525,93.58490566037736
C135,Chest,119,test/C135/Low_Dose/00000056.dcm,130.0,262144,25.036401748657227,1292,11.23810286861455,4.953560371517028,8.746130030959753,21.74922600619195,42.95665634674923,91.0216718266254,0,,,,,,,719,11.736639158118916,4.033379694019471,7.37134909596662,19.054242002781642,40.333796940194716,90.5424200278164,573,10.612542437009163,6.108202443280978,10.471204188481675,25.130890052356023,46.2478184991274,91.62303664921465
C135,Chest,120,test/C135/Low_Dose/00000018.dcm,130.0,262144,24.641786575317383,1381,11.264864822818609,4.48950036205648,8.037653874004345,20.92686459087618,43.08472121650978,92.61404779145546,0,,,,,,,785,11.45223551950637,4.45859872611465,8.40764331210191,20.127388535031848,42.29299363057325,91.84713375796179,596,11.018076237416107,4.530201342281879,7.550335570469799,21.97986577181208,44.12751677852349,93.6241610738255
C135,Chest,121,test/C135/Low_Dose/00000323.dcm,130.0,262144,24.851530075073242,1435,11.128898083623694,4.947735191637631,9.825783972125436,22.020905923344948,43.832752613240416,92.54355400696865,0,,,,,,,786,11.397608788565522,3.816793893129771,8.396946564885496,20.10178117048346,42.74809160305343,91.85750636132316,649,10.803464163617104,6.317411402157165,11.556240369799692,24.345146379044685,45.14637904468413,93.37442218798151
C135,Chest,122,test/C135/Low_Dose/00000099.dcm,130.0,262144,24.667673110961914,1394,11.352497730227762,3.945480631276901,8.321377331420374,20.37302725968436,42.25251076040172,92.46771879483501,0,,,,,,,716,11.543957587726956,4.329608938547486,8.938547486033519,20.391061452513966,40.642458100558656,91.4804469273743,678,11.150307084255163,3.5398230088495577,7.669616519174041,20.353982300884955,43.95280235988201,93.51032448377582
C135,Chest,123,test/C135/Low_Dose/00000048.dcm,130.0,262144,24.436912536621094,1282,11.403618156445008,2.65210608424337,6.084243369734789,17.316692667706707,41.57566302652106,93.36973478939157,0,,,,,,,667,11.571554066716642,1.7991004497751124,5.097451274362818,17.391304347826086,41.37931034482759,92.65367316341829,615,11.221482787093496,3.5772357723577235,7.154471544715447,17.235772357723576,41.78861788617886,94.14634146341463
C135,Chest,124,test/C135/Low_Dose/00000054.dcm,130.0,262144,24.475862503051758,1248,11.134200658553686,3.605769230769231,7.451923076923077,20.673076923076923,43.58974358974359,94.55128205128206,0,,,,,,,669,11.476044294189089,2.391629297458894,5.381165919282512,18.236173393124066,43.04932735426009,93.87144992526159,579,10.739220706498273,5.008635578583765,9.844559585492227,23.488773747841105,44.21416234887737,95.33678756476684
C135,Chest,125,test/C135/Low_Dose/00000315.dcm,130.0,262144,24.586450576782227,1156,11.200835653654844,4.2387543252595155,8.477508650519031,21.71280276816609,43.25259515570934,92.99307958477509,0,,,,,,,622,11.451490592343248,3.536977491961415,7.556270096463023,19.935691318327976,41.47909967845659,92.60450160771704,534,10.908875197507022,5.056179775280899,9.55056179775281,23.782771535580526,45.3183520599251,93.44569288389513
C135,Chest,126,test/C135/Low_Dose/00000342.dcm,130.0,262144,24.663963317871094,1180,11.072945080773305,4.576271186440678,8.983050847457626,21.694915254237287,44.57627118644068,92.96610169491525,0,,,,,,,613,11.532524469820554,3.5889070146818924,6.688417618270799,19.086460032626427,42.08809135399674,91.35399673735726,567,10.576081452546296,5.64373897707231,11.46384479717813,24.514991181657848,47.2663139329806,94.70899470899471
C135,Chest,127,test/C135/Low_Dose/00000243.dcm,130.0,262144,24.676551818847656,1173,11.244859934462916,3.495311167945439,7.8431372549019605,21.312872975277067,41.773231031543055,93.35038363171356,0,,,,,,,639,11.653305029831769,2.97339593114241,7.042253521126761,19.718309859154928,37.715179968701094,93.42723004694835,534,10.756101686856274,4.119850187265918,8.801498127340825,23.220973782771537,46.62921348314607,93.25842696629213
C135,Chest,128,test/C135/Low_Dose/00000286.dcm,130.0,262144,24.742353439331055,1173,11.235739523390878,3.7510656436487637,7.757885763000853,20.375106564364877,43.052003410059676,92.92412617220802,0,,,,,,,646,11.692090297261997,3.2507739938080493,6.96594427244582,18.26625386996904,40.092879256965944,91.48606811145511,527,10.67634180058112,4.364326375711575,8.72865275142315,22.960151802656547,46.67931688804554,94.68690702087287
C135,Chest,129,test/C135/Low_Dose/00000339.dcm,130.0,262144,24.897415161132812,1249,11.488698771517214,3.362690152121697,7.045636509207366,20.256204963971175,41.55324259407526,91.59327461969576,0,,,,,,,717,11.629066967398884,2.510460251046025,6.2761506276150625,19.525801952580196,40.306834030683405,91.63179916317992,532,11.29951832706767,4.511278195488722,8.082706766917294,21.2406015037594,43.233082706766915,91.54135338345864
C135,Chest,130,test/C135/Low_Dose/00000104.dcm,130.0,262144,25.147687911987305,1355,11.545459524907749,3.2472324723247232,6.937269372693727,18.45018450184502,40.88560885608856,92.69372693726937,0,,,,,,,745,11.810257183305369,3.48993288590604,7.516778523489933,17.71812080536913,39.59731543624161,91.54362416107382,610,11.222059106045082,2.9508196721311477,6.229508196721311,19.34426229508197,42.459016393442624,94.09836065573771
C135,Chest,131,test/C135/Low_Dose/00000197.dcm,130.0,262144,25.122882843017578,1237,11.604327979739288,3.395311236863379,7.356507679870655,19.88682295877122,41.552142279708974,89.16734033953112,0,,,,,,,689,11.790890188452467,3.483309143686502,7.83744557329463,17.706821480406386,40.203193033381716,88.53410740203194,548,11.369764341925183,3.2846715328467155,6.751824817518248,22.62773722627737,43.24817518248175,89.96350364963503
C135,Chest,132,test/C135/Low_Dose/00000171.dcm,130.0,262144,25.258337020874023,1174,11.08441193302811,4.855195911413969,9.540034071550256,21.720613287904598,44.122657580919935,90.54514480408858,0,,,,,,,678,11.443339209992626,4.572271386430678,9.587020648967552,19.321533923303836,41.29793510324484,90.85545722713864,496,10.593782486454133,5.241935483870968,9.475806451612904,25.0,47.983870967741936,90.12096774193549
C135,Chest,133,test/C135/Low_Dose/00000261.dcm,130.0,262144,25.78890037536621,1122,11.519931623217468,3.7433155080213902,7.308377896613191,20.409982174688057,42.959001782531196,89.66131907308377,0,,,,,,,598,11.979710199362458,4.1806020066889635,8.02675585284281,19.899665551839465,39.297658862876254,88.62876254180603,524,10.995223416626908,3.2442748091603053,6.488549618320611,20.99236641221374,47.13740458015267,90.83969465648855
C135,Chest,134,test/C135/Low_Dose/00000142.dcm,130.0,262144,25.706802368164062,1209,11.461646699234905,4.383788254755997,7.526881720430108,20.76095947063689,43.09346567411084,89.33002481389578,0,,,,,,,644,11.664832831909937,4.3478260869565215,7.608695652173913,20.652173913043477,41.77018633540373,88.19875776397515,565,11.230049605918142,4.424778761061947,7.433628318584071,20.884955752212388,44.60176991150443,90.61946902654867
C135,Chest,135,test/C135/Low_Dose/00000253.dcm,130.0,262144,26.036090850830078,1232,11.795619419642858,3.49025974025974,7.711038961038961,19.399350649350648,39.935064935064936,88.06818181818181,0,,,,,,,702,11.978995559561966,3.2763532763532766,6.837606837606837,19.23076923076923,39.6011396011396,87.6068376068376,530,11.552732532429244,3.7735849056603774,8.867924528301886,19.62264150943396,40.37735849056604,88.67924528301887
C135,Chest,136,test/C135/Low_Dose/00000144.dcm,130.0,262144,25.97241973876953,1156,11.482296847967127,3.8062283737024223,8.217993079584774,21.71280276816609,43.0795847750865,88.58131487889273,0,,,,,,,611,11.916662138144435,2.9459901800327333,7.528641571194763,20.78559738134206,40.09819967266776,88.05237315875614,545,10.995328626720184,4.770642201834862,8.990825688073395,22.75229357798165,46.42201834862385,89.1743119266055
C135,Chest,137,test/C135/Low_Dose/00000318.dcm,130.0,262144,25.46782112121582,1253,11.07208325019952,4.868316041500399,9.896249002394255,22.585794094173984,45.01197126895451,90.34317637669594,0,,,,,,,695,11.570803591501798,5.899280575539568,9.06474820143885,20.287769784172664,42.589928057553955,88.63309352517986,558,10.45091810875896,3.5842293906810037,10.931899641577061,25.448028673835125,48.028673835125446,92.47311827956989
C135,Chest,138,test/C135/Low_Dose/00000010.dcm,130.0,262144,25.32105255126953,1168,11.286459726830051,5.222602739726027,8.647260273972602,21.91780821917808,43.407534246575345,89.29794520547945,0,,,,,,,637,11.550079106161695,4.395604395604396,8.006279434850864,21.50706436420722,41.915227629513346,87.59811616954474,531,10.970215763300377,6.214689265536723,9.416195856873824,22.4105461393597,45.19774011299435,91.33709981167608
C135,Chest,139,test/C135/Low_Dose/00000032.dcm,130.0,262144,25.304821014404297,1061,11.646697911757776,3.1102733270499527,6.409048067860509,19.792648444863335,40.810556079170595,89.53817153628653,0,,,,,,,565,12.171721169800884,2.3008849557522124,5.84070796460177,17.699115044247787,36.63716814159292,88.31858407079646,496,11.048638128465221,4.032258064516129,7.056451612903226,22.177419354838708,45.564516129032256,90.9274193548387
C135,Chest,140,test/C135/Low_Dose/00000107.dcm,130.0,262144,24.686256408691406,908,11.424475581635463,3.303964757709251,6.497797356828194,16.96035242290749,42.951541850220266,92.73127753303964,0,,,,,,,499,11.515334379696894,2.80561122244489,5.811623246492986,16.83366733466934,43.28657314629258,92.58517034068136,409,11.31362221118582,3.9119804400977993,7.334963325183374,17.114914425427873,42.54278728606357,92.90953545232274
C135,Chest,141,test/C135/Low_Dose/00000235.dcm,130.0,262144,24.936311721801758,1060,11.394739460495282,3.30188679245283,6.886792452830188,17.830188679245282,42.35849056603774,92.9245283018868,0,,,,,,,585,11.584628739316239,2.393162393162393,5.47008547008547,14.188034188034187,41.02564102564103,93.67521367521367,475,11.160875822368421,4.421052631578948,8.631578947368421,22.31578947368421,44.0,92.0
C135,Chest,142,test/C135/Low_Dose/00000008.dcm,130.0,262144,25.04261589050293,1264,10.865943618967563,4.113924050632911,8.386075949367088,22.151898734177216,47.31012658227848,91.85126582278481,0,,,,,,,692,11.356230101833454,2.8901734104046244,6.358381502890174,19.07514450867052,46.09826589595376,90.3179190751445,572,10.272798978365385,5.594405594405594,10.839160839160838,25.874125874125873,48.77622377622377,93.7062937062937
C135,Chest,143,test/C135/Low_Dose/00000066.dcm,130.0,262144,24.986520767211914,1538,11.587783952373211,3.836150845253576,7.99739921976593,20.416124837451235,40.6371911573472,91.61248374512354,0,,,,,,,846,11.637839603649526,4.7281323877068555,8.983451536643026,20.094562647754138,39.361702127659576,91.25295508274232,692,11.526588748645231,2.745664739884393,6.791907514450867,20.809248554913296,42.19653179190752,92.05202312138728
C135,Chest,144,test/C135/Low_Dose/00000040.dcm,130.0,262144,24.814163208007812,1540,11.225766030844156,3.896103896103896,8.376623376623376,20.064935064935064,42.5974025974026,92.79220779220779,0,,,,,,,893,11.682723264277715,3.471444568868981,7.61478163493841,17.581187010078388,39.52967525195969,91.37737961926092,647,10.595065416103168,4.482225656877898,9.428129829984544,23.493044822256568,46.831530139103556,94.74497681607419
C135,Chest,145,test/C135/Low_Dose/00000097.dcm,130.0,262144,24.945486068725586,1534,11.140724311440678,3.7809647979139505,7.822685788787484,21.447196870925683,43.02477183833116,92.69882659713168,0,,,,,,,833,11.437889218187275,3.9615846338535414,7.322929171668667,20.408163265306122,40.816326530612244,92.1968787515006,701,10.78760113899786,3.566333808844508,8.41654778887304,22.68188302425107,45.6490727532097,93.29529243937233
C135,Chest,146,test/C135/Low_Dose/00000289.dcm,130.0,262144,24.59073257446289,1325,11.32713295990566,3.6226415094339623,7.245283018867925,20.07547169811321,41.35849056603774,93.81132075471699,0,,,,,,,736,11.59548684825068,3.260869565217391,6.929347826086956,18.61413043478261,39.67391304347826,93.47826086956522,589,10.991804501803905,4.074702886247878,7.6400679117147705,21.901528013582343,43.463497453310694,94.22750424448218
C135,Chest,147,test/C135/Low_Dose/00000336.dcm,130.0,262144,24.55085563659668,1255,11.383187562250995,3.904382470119522,7.410358565737051,20.239043824701195,41.11553784860558,93.46613545816733,0,,,,,,,704,11.886946244673295,2.5568181818181817,5.681818181818182,17.613636363636363,37.07386363636363,93.32386363636364,551,10.73954670485481,5.626134301270417,9.618874773139746,23.593466424682397,46.27949183303085,93.64791288566244
C135,Chest,148,test/C135/Low_Dose/00000177.dcm,130.0,262144,24.900066375732422,1310,11.830541060353054,2.6717557251908395,6.106870229007634,17.022900763358777,38.396946564885496,92.51908396946565,0,,,,,,,726,12.250040353822314,2.0661157024793386,4.132231404958677,14.049586776859504,35.950413223140494,91.73553719008264,584,11.30904022634846,3.4246575342465753,8.561643835616438,20.71917808219178,41.43835616438356,93.4931506849315
C135,Chest,149,test/C135/Low_Dose/00000208.dcm,130.0,262144,24.942638397216797,1515,10.813263845915841,4.752475247524752,9.636963696369637,23.432343234323433,46.7986798679868,92.54125412541254,0,,,,,,,814,11.211291413928132,4.791154791154791,8.845208845208845,22.604422604422606,43.73464373464373,90.17199017199017,701,10.351074915299572,4.70756062767475,10.556348074179743,24.393723252496432,50.35663338088445,95.29243937232525
C135,Chest,150,test/C135/Low_Dose/00000151.dcm,130.0,262144,25.166418075561523,1511,11.367306419589676,4.103242885506287,8.802117802779616,20.383851753805427,43.348775645268034,90.40370615486432,0,,,,,,,851,11.689099680522915,2.937720329024677,7.755581668625147,18.331374853113985,42.068155111633374,89.1891891891892,660,10.952388879024621,5.606060606060606,10.151515151515152,23.03030303030303,45.0,91.96969696969697
C135,Chest,151,test/C135/Low_Dose/00000081.dcm,130.0,262144,25.368200302124023,1613,11.549130841212028,3.47179169249845,6.9435833849969,18.970861748295103,41.84748915065096,89.27464352138871,0,,,,,,,916,12.069624855008188,3.165938864628821,6.11353711790393,16.266375545851528,38.427947598253276,88.20960698689956,697,10.865097067790531,3.873744619799139,8.034433285509326,22.525107604017215,46.34146341463415,90.67431850789096
C135,Chest,152,test/C135/Low_Dose/00000215.dcm,130.0,262144,25.404600143432617,1625,11.678608173076922,4.184615384615385,7.938461538461539,20.43076923076923,39.753846153846155,89.96923076923076,0,,,,,,,917,12.000645361913849,3.053435114503817,6.870229007633588,18.538713195201744,37.6226826608506,90.07633587786259,708,11.261505644200211,5.649717514124294,9.322033898305085,22.88135593220339,42.51412429378531,89.83050847457628
C135,Chest,153,test/C135/Low_Dose/00000034.dcm,130.0,262144,25.57470703125,1602,11.782437480493133,4.369538077403246,7.990012484394507,20.59925093632959,40.324594257178525,86.95380774032459,0,,,,,,,897,12.004205642070792,4.570791527313267,7.915273132664437,19.39799331103679,38.01560758082497,86.39910813823857,705,11.500272190824468,4.113475177304965,8.085106382978724,22.127659574468087,43.262411347517734,87.65957446808511
C135,Chest,154,test/C135/Low_Dose/00000225.dcm,130.0,262144,25.942155838012695,1539,11.87797220191683,3.96361273554256,7.277452891487979,18.97335932423652,41.52046783625731,87.71929824561404,0,,,,,,,870,12.110728717672414,3.218390804597701,6.436781609195402,17.471264367816094,40.0,87.58620689655173,669,11.575287275784753,4.932735426008969,8.370702541106128,20.92675635276532,43.497757847533634,87.89237668161435
C135,Chest,155,test/C135/Low_Dose/00000350.dcm,130.0,262144,25.66075897216797,1404,11.379050925925926,4.62962962962963,8.68945868945869,21.367521367521366,43.01994301994302,88.74643874643874,0,,,,,,,779,11.731238466784339,4.10783055198973,7.830551989730424,19.255455712451862,40.564826700898585,88.18998716302953,625,10.9400828125,5.28,9.76,24.0,46.08,89.44
C135,Chest,156,test/C135/Low_Dose/00000145.dcm,130.0,262144,25.461044311523438,1447,11.523862679250172,4.077401520387007,9.122322045611611,20.801658604008292,41.67242570836213,89.426399447132,0,,,,,,,832,11.631280752328726,4.326923076923077,9.615384615384615,19.951923076923077,40.38461538461539,89.66346153846153,615,11.378541825457317,3.7398373983739837,8.455284552845528,21.951219512195124,43.41463414634146,89.10569105691057
C135,Chest,157,test/C135/Low_Dose/00000278.dcm,130.0,262144,25.59782600402832,1554,11.67566813465251,2.574002574002574,6.177606177606178,19.36936936936937,41.377091377091375,88.996138996139,0,,,,,,,891,11.84986803801908,2.8058361391694726,5.723905723905724,18.6307519640853,40.29180695847362,88.88888888888889,663,11.441562382164404,2.262443438914027,6.787330316742081,20.361990950226243,42.835595776772244,89.14027149321267
C135,Chest,158,test/C135/Low_Dose/00000076.dcm,130.0,262144,25.27153778076172,1608,11.289509483830846,4.2288557213930345,8.395522388059701,21.33084577114428,44.092039800995025,89.67661691542288,0,,,,,,,868,11.690349807387673,4.2626728110599075,8.525345622119815,18.89400921658986,41.705069124423964,88.24884792626727,740,10.819333957981419,4.1891891891891895,8.243243243243244,24.18918918918919,46.891891891891895,91.35135135135135
C135,Chest,159,test/C135/Low_Dose/00000137.dcm,130.0,262144,25.0440731048584,1623,11.234945413585953,4.374614910659273,7.455329636475662,20.825631546518792,44.670363524337645,90.26494146642021,0,,,,,,,929,11.558443428754037,3.767491926803014,6.458557588805167,18.729817007534983,42.30355220667384,90.20452099031216,694,10.801906970461095,5.187319884726225,8.789625360230547,23.631123919308358,47.83861671469741,90.34582132564842
C135,Chest,160,test/C135/Low_Dose/00000091.dcm,130.0,262144,25.155292510986328,1452,11.466931387741047,3.3057851239669422,6.267217630853994,19.55922865013774,42.97520661157025,89.87603305785125,0,,,,,,,818,11.961672906479217,3.056234718826406,6.112469437652812,17.48166259168704,39.608801955990224,87.53056234718827,634,10.828606349812697,3.6277602523659307,6.466876971608833,22.2397476340694,47.3186119873817,92.90220820189275
C135,Chest,161,test/C135/Low_Dose/00000015.dcm,130.0,262144,25.053190231323242,1302,11.326455393145162,4.377880184331797,9.216589861751151,20.353302611367127,43.93241167434716,91.55145929339477,0,,,,,,,714,11.647730381214986,4.201680672268908,9.103641456582633,19.88795518207283,42.016806722689076,91.59663865546219,588,10.936334103954081,4.591836734693878,9.353741496598639,20.918367346938776,46.25850340136054,91.49659863945578
C135,Chest,162,test/C135/Low_Dose/00000260.dcm,130.0,262144,25.029512405395508,1195,11.415877516997908,4.435146443514644,9.288702928870293,19.497907949790793,42.00836820083682,89.4560669456067,0,,,,,,,650,11.753939302884616,3.5384615384615383,8.307692307692308,18.0,40.0,89.07692307692308,545,11.012683665424312,5.504587155963303,10.458715596330276,21.28440366972477,44.403669724770644,89.90825688073394
C135,Chest,163,test/C135/Low_Dose/00000201.dcm,130.0,262144,24.923002243041992,1077,11.041652158774374,5.013927576601671,9.285051067780874,22.191272051996286,44.47539461467038,90.62209842154132,0,,,,,,,593,11.151142396975127,5.227655986509275,9.106239460370995,21.247892074198987,44.18212478920742,90.21922428330522,484,10.907502986182852,4.75206611570248,9.50413223140496,23.34710743801653,44.83471074380165,91.11570247933884
C135,Chest,164,test/C135/Low_Dose/00000193.dcm,130.0,262144,24.65952491760254,928,11.163258519665948,3.4482758620689653,8.189655172413794,22.198275862068964,43.85775862068966,92.67241379310344,0,,,,,,,548,11.547626133382755,3.6496350364963503,7.664233576642336,20.985401459854014,42.33576642335766,92.33576642335767,380,10.608957391036185,3.1578947368421053,8.947368421052632,23.94736842105263,46.05263157894737,93.15789473684211
C135,Chest,165,test/C135/Low_Dose/00000080.dcm,130.0,262144,24.652687072753906,1065,11.301579922241784,3.568075117370892,8.169014084507042,20.56338028169014,41.690140845070424,92.67605633802818,0,,,,,,,624,11.600623497596153,3.0448717948717947,6.730769230769231,18.108974358974358,40.22435897435897,92.1474358974359,441,10.878442327451815,4.308390022675737,10.204081632653061,24.03628117913832,43.764172335600904,93.42403628117914
C135,Chest,166,test/C135/Low_Dose/00000135.dcm,130.0,262144,24.803075790405273,1217,11.074698605690221,3.944124897288414,8.052588331963845,21.446179129005753,45.028759244042725,90.87921117502054,0,,,,,,,693,11.644324804969337,3.0303030303030303,6.782106782106782,18.75901875901876,40.692640692640694,90.04329004329004,524,10.321358950083493,5.152671755725191,9.732824427480915,25.0,50.76335877862596,91.98473282442748
C135,Chest,167,test/C135/Low_Dose/00000251.dcm,130.0,262144,24.75497055053711,1527,11.187508953421743,3.143418467583497,7.9895219384413885,20.89063523248199,43.81139489194499,92.40340537000655,0,,,,,,,899,11.687825882925473,2.8921023359288096,6.451612903225806,18.46496106785317,40.04449388209121,91.7686318131257,628,10.471292483578821,3.5031847133757963,10.19108280254777,24.363057324840764,49.203821656050955,93.31210191082802
C135,Chest,168,test/C135/Low_Dose/00000062.dcm,130.0,262144,24.732574462890625,1388,11.382608463166427,4.322766570605188,8.573487031700289,21.253602305475503,41.570605187319885,92.57925072046109,0,,,,,,,797,11.715772525878293,3.3877038895859473,6.900878293601004,19.32245922208281,40.27603513174404,92.97365119196989,591,10.933317800867174,5.583756345177665,10.829103214890017,23.85786802030457,43.31641285956007,92.04737732656514
C135,Chest,169,test/C135/Low_Dose/00000120.dcm,130.0,262144,24.820241928100586,1187,11.049588313500422,4.970513900589722,9.351305812973884,22.83066554338669,43.8921651221567,93.09182813816344,0,,,,,,,652,11.329857949098926,4.601226993865031,8.742331288343559,21.012269938650306,41.56441717791411,92.48466257668711,535,10.708024240654206,5.420560747663552,10.093457943925234,25.046728971962615,46.728971962616825,93.83177570093459
C135,Chest,170,test/C135/Low_Dose/00000035.dcm,130.0,262144,24.808576583862305,1001,11.190968211476024,3.896103896103896,7.6923076923076925,20.77922077922078,42.75724275724276,93.20679320679321,0,,,,,,,578,11.554190770977508,4.1522491349480966,7.26643598615917,20.58823529411765,40.311418685121104,92.73356401384083,423,10.694651069370567,3.5460992907801416,8.274231678486998,21.04018912529551,46.09929078014184,93.85342789598108
C135,Chest,171,test/C135/Low_Dose/00000121.dcm,130.0,262144,24.75650978088379,991,11.087489554427346,4.641775983854692,7.467204843592331,21.796165489404643,44.803229061553985,93.03733602421796,0,,,,,,,533,11.141057399155722,4.315196998123827,7.5046904315197,21.575984990619137,43.151969981238274,93.80863039399625,458,11.025149682723798,5.021834061135372,7.423580786026201,22.05240174672489,46.724890829694324,92.13973799126637
C135,Chest,172,test/C135/Low_Dose/00000195.dcm,130.0,262144,24.764711380004883,918,11.310339435253267,3.2679738562091503,7.734204793028322,19.281045751633986,43.35511982570806,93.02832244008715,0,,,,,,,486,11.960336693029836,3.0864197530864197,7.20164609053498,17.28395061728395,38.68312757201646,90.12345679012346,432,10.57909252025463,3.4722222222222223,8.333333333333334,21.52777777777778,48.611111111111114,96.29629629629629
C135,Chest,173,test/C135/Low_Dose/00000077.dcm,130.0,262144,24.50537109375,1043,11.23749475671141,5.369127516778524,8.916586768935762,19.367209971236818,43.04889741131352,92.90508149568552,0,,,,,,,590,11.314975337658899,4.915254237288136,8.983050847457626,19.491525423728813,42.54237288135593,92.20338983050847,453,11.136580780905078,5.960264900662252,8.830022075055188,19.205298013245034,43.70860927152318,93.81898454746137
C135,Chest,174,test/C135/Low_Dose/00000096.dcm,130.0,262144,24.516788482666016,1097,11.356610001709207,3.7374658158614404,6.74567000911577,19.143117593436646,41.4767547857794,93.61896080218779,0,,,,,,,642,11.67123308508567,3.2710280373831777,6.074766355140187,17.601246105919003,39.09657320872274,92.5233644859813,455,10.912680288461539,4.395604395604396,7.6923076923076925,21.318681318681318,44.83516483516483,95.16483516483517
C135,Chest,175,test/C135/Low_Dose/00000302.dcm,130.0,262144,24.728225708007812,1096,11.081943929630475,4.37956204379562,7.755474452554744,21.076642335766422,45.62043795620438,93.06569343065694,0,,,,,,,594,11.298007746738216,3.872053872053872,7.070707070707071,20.2020202020202,44.78114478114478,93.77104377104376,502,10.826284704930279,4.9800796812749,8.565737051792828,22.111553784860558,46.613545816733065,92.23107569721115
C135,Chest,176,test/C135/Low_Dose/00000304.dcm,130.0,262144,24.565717697143555,1130,11.421798084900443,3.893805309734513,7.079646017699115,19.115044247787612,40.08849557522124,93.89380530973452,0,,,,,,,597,11.88581252617253,3.0150753768844223,5.8626465661641545,17.08542713567839,36.68341708542714,93.2998324958124,533,10.90206708782833,4.878048780487805,8.442776735459661,21.388367729831145,43.90243902439025,94.55909943714822
C135,Chest,177,test/C135/Low_Dose/00000146.dcm,130.0,262144,24.75240135192871,1176,11.012655452806122,4.761904761904762,9.268707482993197,21.85374149659864,43.02721088435374,93.02721088435374,0,,,,,,,614,11.132731384873779,4.234527687296417,8.306188925081432,21.824104234527688,42.34527687296417,92.01954397394137,562,10.881469292148576,5.338078291814947,10.320284697508896,21.88612099644128,43.77224199288256,94.12811387900356
C135,Chest,178,test/C135/Low_Dose/00000294.dcm,130.0,262144,24.939096450805664,1124,11.341329445618328,4.270462633451957,8.09608540925267,21.085409252669038,44.03914590747331,89.76868327402136,0,,,,,,,628,11.737158514132165,3.0254777070063694,7.165605095541402,19.10828025477707,41.0828025477707,89.01273885350318,496,10.840157785723287,5.846774193548387,9.274193548387096,23.588709677419356,47.78225806451613,90.7258064516129
C135,Chest,179,test/C135/Low_Dose/00000338.dcm,130.0,262144,24.881072998046875,1168,11.589838733411815,2.8253424657534247,7.1061643835616435,19.34931506849315,40.75342465753425,90.83904109589041,0,,,,,,,625,12.051171875,2.72,6.88,17.28,37.44,89.6,543,11.058836541781767,2.9465930018416207,7.366482504604051,21.731123388581953,44.56721915285451,92.26519337016575
C135,Chest,180,test/C135/Low_Dose/00000221.dcm,130.0,262144,24.718355178833008,1065,11.61062940140845,4.225352112676056,6.948356807511737,18.779342723004696,41.12676056338028,90.98591549295774,0,,,,,,,591,11.57744421531303,3.7225042301184432,6.768189509306261,18.44331641285956,41.96277495769881,90.52453468697124,474,11.652005867616033,4.852320675105485,7.172995780590718,19.19831223628692,40.08438818565401,91.56118143459915
C135,Chest,181,test/C135/Low_Dose/00000021.dcm,130.0,262144,24.77744483947754,1035,11.46634586352657,4.251207729468599,7.9227053140096615,20.966183574879228,41.83574879227053,91.01449275362319,0,,,,,,,541,12.095577670113217,3.6968576709796674,6.654343807763401,17.744916820702404,37.89279112754159,90.20332717190388,494,10.777246884488866,4.8582995951417,9.31174089068826,24.493927125506072,46.15384615384615,91.90283400809717
C135,Chest,182,test/C135/Low_Dose/00000073.dcm,130.0,262144,25.016103744506836,1037,11.975266694792671,3.3751205400192865,8.003857280617165,18.80424300867888,38.1870781099325,88.8138862102218,0,,,,,,,597,12.449433855475293,3.1825795644891124,6.197654941373535,15.745393634840871,35.5108877721943,87.77219430485762,440,11.331906960227272,3.6363636363636362,10.454545454545455,22.954545454545453,41.81818181818182,90.22727272727273
C135,Chest,183,test/C135/Low_Dose/00000211.dcm,130.0,262144,25.119718551635742,1052,11.745770704610266,2.661596958174905,7.984790874524715,20.342205323193916,39.73384030418251,89.63878326996198,0,,,,,,,630,12.223756045386905,2.5396825396825395,6.984126984126984,17.936507936507937,37.142857142857146,87.93650793650794,422,11.032189536433648,2.843601895734597,9.47867298578199,23.933649289099527,43.60189573459716,92.18009478672985
C135,Chest,184,test/C135/Low_Dose/00000282.dcm,130.0,262144,25.7601318359375,1071,12.431230304621849,3.081232492997199,6.816059757236228,16.61998132586368,36.507936507936506,86.5546218487395,0,,,,,,,600,12.83055908203125,2.5,5.833333333333333,14.666666666666666,34.0,85.5,471,11.922532261809978,3.821656050955414,8.067940552016985,19.10828025477707,39.70276008492569,87.89808917197452
C135,Chest,185,test/C135/Low_Dose/00000184.dcm,130.0,262144,25.67591094970703,1065,12.201045334507043,3.568075117370892,6.854460093896714,18.497652582159624,38.68544600938967,86.29107981220658,0,,,,,,,607,12.483484510142093,3.459637561779242,6.095551894563426,17.29818780889621,37.56177924217463,85.17298187808896,458,11.826719858760917,3.7117903930131004,7.860262008733624,20.087336244541486,40.17467248908297,87.77292576419214
C135,Chest,186,test/C135/Low_Dose/00000199.dcm,130.0,262144,25.759565353393555,1045,11.916002541866028,4.401913875598086,8.516746411483254,19.71291866028708,39.33014354066986,88.13397129186603,0,,,,,,,597,12.020906943572026,4.0201005025125625,8.710217755443885,19.597989949748744,37.85594639865997,86.93467336683418,448,11.776208060128349,4.910714285714286,8.258928571428571,19.866071428571427,41.294642857142854,89.73214285714286
C135,Chest,187,test/C135/Low_Dose/00000058.dcm,130.0,262144,25.941850662231445,1075,11.778003270348837,3.813953488372093,6.976744186046512,19.906976744186046,40.18604651162791,87.53488372093024,0,,,,,,,596,12.075688509333053,4.194630872483222,7.550335570469799,18.959731543624162,36.577181208053695,86.74496644295301,479,11.40760678986169,3.3402922755741127,6.263048016701461,21.085594989561585,44.676409185803756,88.51774530271399
C135,Chest,188,test/C135/Low_Dose/00000307.dcm,130.0,262144,25.803049087524414,1072,12.003982771688433,4.197761194029851,7.462686567164179,18.37686567164179,39.92537313432836,87.22014925373135,0,,,,,,,621,12.719426202697262,3.3816425120772946,5.958132045088567,15.942028985507246,34.78260869565217,83.89694041867955,451,11.018859998614191,5.321507760532151,9.534368070953438,21.72949002217295,47.006651884700666,91.7960088691796
C135,Chest,189,test/C135/Low_Dose/00000178.dcm,130.0,262144,25.649137496948242,1121,12.156286588425512,3.568242640499554,7.136485280999108,17.93041926851026,37.19892952720785,87.77876895628903,0,,,,,,,609,12.919497735786125,2.955665024630542,6.075533661740558,13.136288998357964,32.51231527093596,85.87848932676519,512,11.248483657836914,4.296875,8.3984375,23.6328125,42.7734375,90.0390625
C135,Chest,190,test/C135/Low_Dose/00000244.dcm,130.0,262144,25.540294647216797,1138,11.697543662126538,3.4270650263620386,7.117750439367311,19.332161687170476,41.212653778558874,88.57644991212653,0,,,,,,,637,12.260555153551806,2.6687598116169546,6.279434850863423,17.896389324960754,37.04866562009419,87.12715855572998,501,10.98169968656437,4.391217564870259,8.183632734530939,21.157684630738522,46.50698602794411,90.41916167664671
C135,Chest,191,test/C135/Low_Dose/00000110.dcm,130.0,262144,25.534996032714844,1236,11.718424479166666,3.6407766990291264,7.44336569579288,18.6084142394822,42.07119741100323,89.15857605177993,0,,,,,,,674,12.112043884458457,2.9673590504451037,6.6765578635014835,16.765578635014837,39.16913946587537,88.72403560830861,562,11.246361348976869,4.448398576512456,8.362989323843417,20.818505338078293,45.55160142348755,89.6797153024911
C135,Chest,192,test/C135/Low_Dose/00000220.dcm,130.0,262144,25.38914680480957,1317,11.60232847499051,3.1890660592255125,7.061503416856492,20.50113895216401,40.62262718299165,88.91419893697798,0,,,,,,,728,12.30299058851305,2.8846153846153846,5.906593406593407,17.445054945054945,35.43956043956044,87.91208791208791,589,10.73631486099321,3.565365025466893,8.488964346349745,24.27843803056027,47.02886247877759,90.1528013582343
C135,Chest,193,test/C135/Low_Dose/00000030.dcm,130.0,262144,25.176132202148438,1253,11.553762376546288,3.9904229848363926,8.220271348762969,20.83000798084597,40.86193136472466,89.54509177972865,0,,,,,,,736,11.851164444633152,3.6684782608695654,7.4728260869565215,19.429347826086957,39.130434782608695,88.45108695652173,517,11.130383371615087,4.448742746615087,9.284332688588007,22.823984526112184,43.32688588007737,91.10251450676982
C135,Chest,194,test/C135/Low_Dose/00000348.dcm,130.0,262144,25.013883590698242,1241,11.400289899778404,4.6736502820306205,8.29975825946817,21.434327155519743,42.22401289282836,90.81385979049153,0,,,,,,,685,11.811618955291971,4.817518248175182,8.905109489051094,19.562043795620436,40.29197080291971,89.78102189781022,556,10.893526584982014,4.496402877697841,7.553956834532374,23.741007194244606,44.60431654676259,92.0863309352518
C135,Chest,195,test/C135/Low_Dose/00000044.dcm,130.0,262144,24.74158477783203,1107,11.42259661528907,3.974706413730804,7.949412827461608,19.78319783197832,42.186088527551945,92.23125564588979,0,,,,,,,596,11.797169934983222,3.3557046979865772,6.879194630872483,16.946308724832214,39.09395973154363,91.44295302013423,511,10.985718490092955,4.6966731898238745,9.197651663405088,23.091976516634052,45.79256360078278,93.15068493150685
C135,Chest,196,test/C135/Low_Dose/00000247.dcm,130.0,262144,24.720169067382812,1144,11.462445879315997,3.8461538461538463,8.304195804195805,18.356643356643357,42.13286713286713,91.95804195804196,0,,,,,,,651,11.733192924347158,3.8402457757296466,7.526881720430108,17.665130568356375,39.784946236559136,91.85867895545314,493,11.104927976039553,3.8539553752535496,9.330628803245435,19.26977687626775,45.233265720081135,92.0892494929006
C135,Chest,197,test/C135/Low_Dose/00000033.dcm,130.0,262144,24.38901710510254,1089,11.338304924242424,3.8567493112947657,7.43801652892562,20.385674931129476,42.6078971533517,92.56198347107438,0,,,,,,,615,11.29396119156504,3.7398373983739837,7.479674796747967,20.8130081300813,42.27642276422764,92.84552845528455,474,11.395837453850211,4.008438818565401,7.383966244725738,19.831223628691983,43.037974683544306,92.19409282700423
C135,Chest,198,test/C135/Low_Dose/00000187.dcm,130.0,262144,24.25165367126465,1152,11.523266262478298,3.2118055555555554,7.118055555555555,17.708333333333332,41.31944444444444,93.66319444444444,0,,,,,,,626,11.851688080321486,2.236421725239617,6.0702875399361025,17.731629392971247,39.456869009584665,91.69329073482429,526,11.132407764971482,4.3726235741444865,8.365019011406844,17.680608365019012,43.536121673003805,96.00760456273764
C135,Chest,199,test/C135/Low_Dose/00000333.dcm,130.0,262144,24.494792938232422,1185,11.49635746308017,2.7848101265822787,7.510548523206751,18.649789029535864,41.94092827004219,92.9957805907173,0,,,,,,,657,11.73808578886035,1.97869101978691,6.69710806697108,16.438356164383563,40.791476407914764,92.08523592085236,528,11.19557051225142,3.787878787878788,8.522727272727273,21.401515151515152,43.371212121212125,94.12878787878788
C135,Chest,200,test/C135/Low_Dose/00000284.dcm,130.0,262144,24.11676025390625,1190,11.076506696428572,5.2100840336134455,8.739495798319327,21.092436974789916,43.61344537815126,94.36974789915966,0,,,,,,,655,11.25219167461832,4.122137404580153,8.244274809160306,20.763358778625953,42.44274809160305,94.19847328244275,535,10.86141574182243,6.542056074766355,9.345794392523365,21.49532710280374,45.046728971962615,94.57943925233644
C135,Chest,201,test/C135/Low_Dose/00000334.dcm,130.0,262144,24.06195831298828,1246,10.984950278390851,4.815409309791332,9.229534510433387,20.947030497592294,42.69662921348315,95.02407704654895,0,,,,,,,674,11.261082680359792,4.154302670623146,7.71513353115727,19.73293768545994,41.3946587537092,93.62017804154303,572,10.65957833670236,5.594405594405594,11.013986013986013,22.377622377622377,44.23076923076923,96.67832167832168
C135,Chest,202,test/C135/Low_Dose/00000321.dcm,130.0,262144,24.138349533081055,1195,11.029694037656904,3.514644351464435,8.368200836820083,22.09205020920502,44.18410041841004,94.22594142259415,0,,,,,,,663,11.308696856146305,3.167420814479638,8.144796380090497,19.90950226244344,41.6289592760181,94.2684766214178,532,10.681987561677632,3.9473684210526314,8.646616541353383,24.81203007518797,47.36842105263158,94.17293233082707
C135,Chest,203,test/C135/Low_Dose/00000003.dcm,130.0,262144,23.649118423461914,1226,10.850973057707993,3.9967373572593803,7.66721044045677,20.636215334420882,44.45350734094617,96.5742251223491,0,,,,,,,656,11.148746397437119,3.3536585365853657,6.7073170731707314,20.121951219512194,42.073170731707314,96.1890243902439,570,10.508273368969299,4.7368421052631575,8.771929824561404,21.228070175438596,47.19298245614035,97.01754385964912
C135,Chest,204,test/C135/Low_Dose/00000316.dcm,130.0,262144,23.555885314941406,1293,10.910153984193736,3.7896365042536737,8.043310131477185,20.185614849187935,41.53132250580047,97.29311678267595,0,,,,,,,718,11.102039220273328,3.481894150417827,7.7994428969359335,19.498607242339833,40.11142061281337,97.49303621169916,575,10.670547724184782,4.173913043478261,8.347826086956522,21.043478260869566,43.30434782608695,97.04347826086956
C135,Chest,205,test/C135/Low_Dose/00000327.dcm,130.0,262144,23.804325103759766,1350,10.694683159722222,3.6296296296296298,8.148148148148149,23.48148148148148,46.888888888888886,96.74074074074075,0,,,,,,,678,11.07155264795354,3.2448377581120944,7.079646017699115,22.56637168141593,44.690265486725664,95.87020648967551,672,10.314449491954985,4.017857142857143,9.226190476190476,24.404761904761905,49.107142857142854,97.61904761904762
C135,Chest,206,test/C135/Low_Dose/00000236.dcm,130.0,262144,23.813182830810547,1328,10.944608021931476,3.8403614457831323,7.379518072289157,19.954819277108435,44.126506024096386,95.78313253012048,0,,,,,,,735,11.328943452380953,3.673469387755102,6.394557823129252,17.82312925170068,41.224489795918366,95.78231292517007,593,10.468239486720067,4.0472175379426645,8.600337268128161,22.596964586846543,47.72344013490725,95.7841483979764
C135,Chest,207,test/C135/Low_Dose/00000287.dcm,130.0,262144,23.55841827392578,1328,10.758820683123117,4.141566265060241,9.487951807228916,23.042168674698797,44.27710843373494,97.28915662650603,0,,,,,,,735,10.979056388180272,3.945578231292517,8.435374149659864,21.224489795918366,42.857142857142854,97.14285714285714,593,10.485847254426645,4.3844856661045535,10.79258010118044,25.29510961214165,46.03709949409781,97.47048903878583
C135,Chest,208,test/C135/Low_Dose/00000124.dcm,130.0,262144,23.889131546020508,1255,10.77140733939243,4.54183266932271,8.286852589641434,21.83266932270916,46.21513944223108,95.93625498007968,0,,,,,,,645,11.187244125484495,4.496124031007752,7.441860465116279,19.844961240310077,42.17054263565891,95.65891472868218,610,10.33171106557377,4.590163934426229,9.180327868852459,23.934426229508198,50.49180327868852,96.22950819672131
C135,Chest,209,test/C135/Low_Dose/00000153.dcm,130.0,262144,23.61280059814453,1182,10.860311078944585,4.399323181049069,8.20642978003384,21.065989847715738,44.500846023688666,96.1082910321489,0,,,,,,,614,11.214415907471498,4.397394136807818,7.328990228013029,19.381107491856678,42.01954397394137,95.27687296416939,568,10.477528746698944,4.401408450704225,9.154929577464788,22.887323943661972,47.183098591549296,97.00704225352112
C135,Chest,210,test/C135/Low_Dose/00000226.dcm,130.0,262144,23.8616886138916,1111,11.085881244374438,3.2403240324032403,7.830783078307831,20.25202520252025,42.75427542754275,96.12961296129613,0,,,,,,,619,11.602662118840872,1.938610662358643,6.138933764135703,16.63974151857835,39.74151857835218,95.31502423263328,492,10.435701695884147,4.878048780487805,9.959349593495935,24.796747967479675,46.54471544715447,97.15447154471545
C135,Chest,211,test/C135/Low_Dose/00000130.dcm,130.0,262144,24.015670776367188,1129,10.921335252435783,5.491585473870682,9.743135518157661,22.232063773250665,44.906997342781224,95.30558015943312,0,,,,,,,617,11.169251576428282,5.024311183144246,8.914100486223663,20.907617504051863,43.27390599675851,95.13776337115073,512,10.622577667236328,6.0546875,10.7421875,23.828125,46.875,95.5078125
C135,Chest,212,test/C135/Low_Dose/00000186.dcm,130.0,262144,24.1922664642334,1052,11.166057398110741,3.7072243346007605,6.844106463878327,21.482889733840302,43.8212927756654,93.44106463878327,0,,,,,,,597,11.548388099350921,3.5175879396984926,5.695142378559464,19.597989949748744,42.3785594639866,92.12730318257957,455,10.664404833447803,3.956043956043956,8.351648351648352,23.956043956043956,45.714285714285715,95.16483516483517
C135,Chest,213,test/C135/Low_Dose/00000152.dcm,130.0,262144,24.170915603637695,981,11.369027140672783,4.689092762487258,7.8491335372069315,19.26605504587156,41.896024464831804,94.59734964322121,0,,,,,,,532,11.761175399436091,4.323308270676692,6.390977443609023,18.045112781954888,38.53383458646616,93.796992481203,449,10.904389311316816,5.122494432071269,9.57683741648107,20.71269487750557,45.87973273942094,95.5456570155902
C135,Chest,214,test/C135/Low_Dose/00000166.dcm,130.0,262144,24.554279327392578,917,11.141692083560523,4.471101417666303,9.16030534351145,20.50163576881134,43.94765539803708,93.78407851690294,0,,,,,,,507,11.500138683431953,3.747534516765286,7.889546351084813,17.554240631163708,40.63116370808679,93.88560157790927,410,10.69844345464939,5.365853658536586,10.731707317073171,24.146341463414632,48.048780487804876,93.65853658536585
C135,Chest,215,test/C135/Low_Dose/00000140.dcm,130.0,262144,24.383487701416016,876,11.620580943207763,2.853881278538813,6.164383561643835,19.748858447488583,40.75342465753425,91.0958904109589,0,,,,,,,456,11.81883908991228,3.7280701754385963,6.578947368421052,18.42105263157895,39.03508771929825,91.00877192982456,420,11.405328078497023,1.9047619047619047,5.714285714285714,21.19047619047619,42.61904761904762,91.19047619047619
C135,Chest,216,test/C135/Low_Dose/00000093.dcm,130.0,262144,24.196773529052734,933,11.569525388531618,3.9657020364415865,7.395498392282958,18.971061093247588,40.40728831725616,92.60450160771704,0,,,,,,,515,11.916812044902912,3.1067961165048543,6.407766990291262,17.864077669902912,37.86407766990291,93.00970873786407,418,11.14164828797847,5.023923444976076,8.61244019138756,20.33492822966507,43.54066985645933,92.10526315789474
C135,Chest,217,test/C135/Low_Dose/00000230.dcm,130.0,262144,24.17526626586914,974,11.471485177104723,3.080082135523614,6.570841889117043,21.252566735112936,40.143737166324435,92.71047227926078,0,,,,,,,513,12.079512746710526,3.898635477582846,6.627680311890838,18.908382066276804,35.4775828460039,91.61793372319688,461,10.794873152792842,2.1691973969631237,6.507592190889371,23.86117136659436,45.33622559652928,93.92624728850325
C135,Chest,218,test/C135/Low_Dose/00000313.dcm,130.0,262144,23.993432998657227,907,11.732424028390298,3.4178610804851157,7.497243660418963,18.632855567805954,38.699007717750824,93.38478500551268,0,,,,,,,489,11.957139091257668,3.6809815950920246,7.361963190184049,18.404907975460123,36.19631901840491,93.66053169734151,418,11.469538492449162,3.110047846889952,7.655502392344498,18.89952153110048,41.6267942583732,93.0622009569378
C135,Chest,219,test/C135/Low_Dose/00000324.dcm,130.0,262144,24.02528953552246,1032,11.357118118640988,4.263565891472868,7.751937984496124,19.670542635658915,41.56976744186046,94.18604651162791,0,,,,,,,584,11.559229184503424,4.623287671232877,8.904109589041095,18.835616438356166,40.41095890410959,94.34931506849315,448,11.093651907784599,3.794642857142857,6.25,20.758928571428573,43.080357142857146,93.97321428571429
C135,Chest,220,test/C135/Low_Dose/00000332.dcm,130.0,262144,23.731233596801758,957,10.93411417515674,3.134796238244514,8.150470219435737,21.839080459770116,43.573667711598745,95.29780564263324,0,,,,,,,534,11.13712930857912,3.183520599250936,6.741573033707865,20.224719101123597,41.947565543071164,95.1310861423221,423,10.677826721335697,3.0732860520094563,9.929078014184396,23.87706855791962,45.62647754137116,95.50827423167848
C135,Chest,221,test/C135/Low_Dose/00000168.dcm,130.0,262144,23.516935348510742,905,10.799803608425414,4.972375690607735,8.950276243093922,22.099447513812155,43.75690607734806,96.57458563535911,0,,,,,,,482,10.773099147432573,5.186721991701245,8.921161825726141,21.991701244813278,43.983402489626556,97.0954356846473,423,10.830235113770685,4.7281323877068555,8.983451536643026,22.22222222222222,43.498817966903076,95.98108747044917
C135,Chest,222,test/C135/Low_Dose/00000210.dcm,130.0,262144,23.447919845581055,912,10.894379197505483,4.605263157894737,8.552631578947368,20.94298245614035,44.84649122807018,96.9298245614035,0,,,,,,,514,11.340977056481032,4.474708171206226,7.587548638132295,18.8715953307393,41.24513618677043,96.88715953307393,398,10.317615911589195,4.773869346733668,9.798994974874372,23.618090452261306,49.49748743718593,96.98492462311557
C135,Chest,223,test/C135/Low_Dose/00000025.dcm,130.0,262144,23.422855377197266,902,11.180984530903547,3.2150776053215075,7.095343680709535,19.401330376940134,42.46119733924612,95.8980044345898,0,,,,,,,476,11.685083212972689,2.5210084033613445,6.092436974789916,18.067226890756302,38.445378151260506,96.00840336134453,426,10.61771933685446,3.9906103286384975,8.215962441314554,20.892018779342724,46.948356807511736,95.77464788732394
C135,Chest,224,test/C135/Low_Dose/00000185.dcm,130.0,262144,23.262773513793945,1041,10.879575115573967,4.418828049951969,8.741594620557157,21.8059558117195,45.05283381364073,96.06147934678194,0,,,,,,,625,11.04709765625,4.16,8.16,20.96,43.36,96.0,416,10.627888606144833,4.8076923076923075,9.615384615384615,23.076923076923077,47.59615384615385,96.15384615384616
C135,Chest,225,test/C135/Low_Dose/00000325.dcm,130.0,262144,23.250289916992188,1013,11.00301163005923,4.343534057255677,7.699901283316881,22.309970384995065,41.855873642645605,97.43336623889438,0,,,,,,,574,11.509626116071429,3.484320557491289,6.794425087108014,19.686411149825783,38.501742160278745,96.86411149825784,439,10.340606758969248,5.466970387243736,8.883826879271071,25.74031890660592,46.241457858769934,98.17767653758543
C135,Chest,226,test/C135/Low_Dose/00000250.dcm,130.0,262144,23.476194381713867,1029,11.072844539601554,3.498542274052478,7.871720116618076,19.630709426627796,43.34305150631681,96.50145772594752,0,,,,,,,638,11.388856319798197,2.664576802507837,7.366771159874608,18.808777429467085,40.43887147335423,95.92476489028213,391,10.557203834319054,4.859335038363171,8.695652173913043,20.971867007672635,48.08184143222506,97.44245524296676
C135,Chest,227,test/C135/Low_Dose/00000264.dcm,130.0,262144,23.304676055908203,1062,11.014462688323917,4.425612052730696,8.00376647834275,21.1864406779661,43.78531073446328,96.61016949152543,0,,,,,,,618,11.31151948700445,3.559870550161812,6.310679611650485,19.902912621359224,41.74757281553398,96.27831715210355,444,10.600991738809121,5.63063063063063,10.36036036036036,22.972972972972972,46.62162162162162,97.07207207207207
C135,Chest,228,test/C135/Low_Dose/00000345.dcm,130.0,262144,23.59218406677246,1221,11.025243460790335,3.276003276003276,8.845208845208845,20.72072072072072,43.40704340704341,95.41359541359542,0,,,,,,,681,11.456286997522026,2.9368575624082234,7.488986784140969,17.621145374449338,40.822320117474305,95.44787077826726,540,10.481649667245371,3.7037037037037037,10.555555555555555,24.62962962962963,46.666666666666664,95.37037037037037
C135,Chest,229,test/C135/Low_Dose/00000233.dcm,130.0,262144,23.913372039794922,1266,11.583353389119273,3.4755134281200633,7.345971563981043,18.325434439178515,40.679304897314374,93.12796208530806,0,,,,,,,701,11.88948126560271,2.425106990014265,6.847360912981455,17.118402282453637,37.660485021398,92.58202567760343,565,11.203538958794248,4.778761061946903,7.964601769911504,19.82300884955752,44.424778761061944,93.80530973451327
C135,Chest,230,test/C135/Low_Dose/00000094.dcm,130.0,262144,24.32768440246582,1367,11.380462177670081,4.535479151426482,8.485735186539868,20.77542062911485,40.307242136064374,93.19678127286028,0,,,,,,,736,11.472670845363451,4.755434782608695,8.28804347826087,19.429347826086957,39.80978260869565,92.79891304347827,631,11.272909753862915,4.27892234548336,8.716323296354991,22.345483359746435,40.88748019017433,93.66085578446909
C135,Chest,231,test/C135/Low_Dose/00000117.dcm,130.0,262144,24.609472274780273,1329,11.298398995955607,4.063205417607223,8.803611738148984,21.519939804364185,43.11512415349887,91.64785553047405,0,,,,,,,744,11.729398994035618,3.629032258064516,7.93010752688172,19.086021505376344,40.053763440860216,91.39784946236558,585,10.750255408653846,4.615384615384615,9.914529914529915,24.615384615384617,47.00854700854701,91.96581196581197
C135,Chest,232,test/C135/Low_Dose/00000045.dcm,130.0,262144,24.91315460205078,1476,11.568563156334688,3.794037940379404,6.9105691056910565,19.444444444444443,41.46341463414634,89.70189701897019,0,,,,,,,815,12.175893884202454,3.4355828220858897,6.257668711656442,17.300613496932517,36.07361963190184,87.73006134969326,661,10.81973852945348,4.236006051437216,7.7155824508320725,22.087745839636913,48.1089258698941,92.13313161875945
C135,Chest,233,test/C135/Low_Dose/00000203.dcm,130.0,262144,25.02444839477539,1511,11.29924305095963,4.037061548643282,9.066843150231636,22.236929185969558,42.885506287227,91.85969556585043,0,,,,,,,866,11.752986071016167,2.886836027713626,7.621247113163972,19.630484988452658,40.069284064665126,91.33949191685912,645,10.690029978197675,5.5813953488372094,11.007751937984496,25.73643410852713,46.666666666666664,92.55813953488372
C135,Chest,234,test/C135/Low_Dose/00000248.dcm,130.0,262144,25.142240524291992,1393,11.633088713657573,3.3022254127781765,6.963388370423546,19.74156496769562,40.918880114860016,89.94974874371859,0,,,,,,,829,12.212903583006634,3.2569360675512664,6.031363088057901,17.249698431845598,38.480096501809406,87.21351025331725,564,10.780843098958334,3.368794326241135,8.333333333333334,23.404255319148938,44.50354609929078,93.97163120567376
C135,Chest,235,test/C135/Low_Dose/00000059.dcm,130.0,262144,25.42951202392578,1260,12.070820932539682,3.253968253968254,6.031746031746032,20.07936507936508,38.96825396825397,86.58730158730158,0,,,,,,,708,12.236620542019773,3.389830508474576,6.214689265536723,18.785310734463277,37.570621468926554,86.5819209039548,552,11.858166680819746,3.079710144927536,5.797101449275362,21.73913043478261,40.76086956521739,86.59420289855072
C135,Chest,236,test/C135/Low_Dose/00000311.dcm,130.0,262144,25.64072608947754,1347,12.161954226985895,3.34075723830735,6.458797327394209,18.485523385300667,38.60430586488493,87.30512249443207,0,,,,,,,741,12.62101467611336,2.699055330634278,5.2631578947368425,16.329284750337383,35.8974358974359,85.82995951417004,606,11.600629447710396,4.125412541254126,7.920792079207921,21.122112211221122,41.914191419141915,89.10891089108911
C135,Chest,237,test/C135/Low_Dose/00000016.dcm,130.0,262144,25.817415237426758,1310,12.272682341364504,3.2061068702290076,6.641221374045801,17.480916030534353,37.86259541984733,86.4885496183206,0,,,,,,,731,12.605698529411764,2.462380300957592,6.019151846785226,16.142270861833104,35.02051983584131,85.08891928864568,579,11.852242214486184,4.1450777202072535,7.426597582037997,19.17098445595855,41.45077720207254,88.25561312607945
C135,Chest,238,test/C135/Low_Dose/00000331.dcm,130.0,262144,26.003753662109375,1303,12.399979914140445,3.1465848042977744,5.986185725249425,15.732924021488872,38.14274750575595,85.26477359938603,0,,,,,,,766,12.592818058501958,2.741514360313316,6.135770234986945,15.66579634464752,36.161879895561356,84.59530026109661,537,12.12490543528864,3.7243947858473,5.772811918063315,15.828677839851025,40.968342644320295,86.21973929236499
C135,Chest,239,test/C135/Low_Dose/00000125.dcm,130.0,262144,26.41488265991211,1195,12.496018566945606,3.430962343096234,6.7782426778242675,18.15899581589958,37.57322175732217,83.76569037656904,0,,,,,,,680,13.054406020220588,2.9411764705882355,6.029411764705882,16.029411764705884,33.529411764705884,81.61764705882354,515,11.758731227245146,4.077669902912621,7.766990291262136,20.97087378640777,42.9126213592233,86.60194174757281
C135,Chest,240,test/C135/Low_Dose/00000005.dcm,130.0,262144,26.335599899291992,1138,12.536446891476274,2.8998242530755713,6.942003514938489,17.57469244288225,38.66432337434095,83.5676625659051,0,,,,,,,644,13.249381308229813,2.329192546583851,5.745341614906832,15.217391304347826,34.93788819875776,81.36645962732919,494,11.607034412955466,3.6437246963562755,8.502024291497976,20.647773279352226,43.522267206477736,86.43724696356276
C135,Chest,241,test/C135/Low_Dose/00000159.dcm,130.0,262144,26.742952346801758,999,12.13791232638889,3.6036036036036037,6.906906906906907,19.31931931931932,39.73973973973974,84.88488488488488,0,,,,,,,598,12.543365580581103,3.8461538461538463,6.8561872909699,17.558528428093645,37.95986622073578,82.27424749163879,401,11.533268878584789,3.2418952618453867,6.982543640897756,21.945137157107233,42.394014962593516,88.7780548628429
C135,Chest,242,test/C135/Low_Dose/00000088.dcm,130.0,262144,26.86351776123047,963,12.780818000389408,2.284527518172378,4.7767393561786085,15.991692627206646,36.65628245067497,82.86604361370716,0,,,,,,,578,13.112667941717127,1.9031141868512111,3.8062283737024223,13.667820069204152,35.121107266435985,81.66089965397924,385,12.282612114448051,2.857142857142857,6.233766233766234,19.48051948051948,38.96103896103896,84.67532467532467
C135,Chest,243,test/C135/Low_Dose/00000306.dcm,130.0,262144,26.96013069152832,1017,12.587905988815143,3.8348082595870205,6.882989183874139,17.699115044247787,37.06981317600787,83.1858407079646,0,,,,,,,571,12.945297107596323,2.626970227670753,5.078809106830122,15.411558669001751,36.077057793345006,81.61120840630473,446,12.13034919772982,5.381165919282512,9.192825112107624,20.62780269058296,38.34080717488789,85.20179372197309
C135,Chest,244,test/C135/Low_Dose/00000297.dcm,130.0,262144,27.4146671295166,986,13.09411051597363,3.3468559837728193,5.983772819472617,15.415821501014198,35.496957403651116,80.93306288032454,0,,,,,,,588,13.735428790656888,3.061224489795918,5.1020408163265305,13.605442176870747,29.931972789115648,79.93197278911565,398,12.146632822314698,3.7688442211055277,7.28643216080402,18.09045226130653,43.71859296482412,82.41206030150754
C135,Chest,245,test/C135/Low_Dose/00000063.dcm,130.0,262144,27.630067825317383,1090,13.436930189220183,2.2018348623853212,5.504587155963303,15.229357798165138,33.48623853211009,78.44036697247707,0,,,,,,,637,13.862940909536892,1.8838304552590266,4.23861852433281,12.872841444270016,31.08320251177394,78.33594976452119,453,12.837880924048013,2.6490066225165565,7.28476821192053,18.543046357615893,36.86534216335541,78.58719646799118
C135,Chest,246,test/C135/Low_Dose/00000309.dcm,130.0,262144,27.52071189880371,1189,13.094971319123212,3.1959629941127,6.223717409587889,16.400336417157273,34.31455004205215,80.6560134566863,0,,,,,,,683,13.614944122895315,3.3674963396778916,5.563689604685212,14.93411420204978,31.771595900439237,77.01317715959004,506,12.393110795454545,2.964426877470356,7.1146245059288535,18.379446640316207,37.74703557312253,85.57312252964427
C135,Chest,247,test/C135/Low_Dose/00000103.dcm,130.0,262144,27.94904327392578,1301,13.048003939277478,3.9200614911606455,7.532667179093005,17.60184473481937,34.35818601076095,79.01614142966949,0,,,,,,,756,13.513106088789682,3.306878306878307,6.349206349206349,15.476190476190476,31.48148148148148,78.04232804232804,545,12.402834719036697,4.770642201834862,9.174311926605505,20.55045871559633,38.34862385321101,80.36697247706422
C135,Chest,248,test/C135/Low_Dose/00000017.dcm,130.0,262144,28.085630416870117,1198,13.380871602410267,2.5876460767946576,5.843071786310517,16.86143572621035,33.5559265442404,77.37896494156928,0,,,,,,,738,13.790878006436314,2.168021680216802,5.013550135501355,15.582655826558266,30.48780487804878,76.42276422764228,460,12.723080842391305,3.260869565217391,7.173913043478261,18.91304347826087,38.47826086956522,78.91304347826087
C135,Chest,249,test/C135/Low_Dose/00000128.dcm,130.0,262144,28.340295791625977,1145,13.29203909661572,3.493449781659389,6.637554585152839,17.292576419213972,35.45851528384279,76.15720524017468,0,,,,,,,677,13.933876477104874,2.511078286558346,5.317577548005908,16.248153618906944,31.757754800590842,73.55982274741507,468,12.363569210737179,4.914529914529915,8.547008547008547,18.803418803418804,40.81196581196581,79.91452991452991
C135,Chest,250,test/C135/Low_Dose/00000029.dcm,130.0,262144,28.59950065612793,1059,13.228773828493862,4.2492917847025495,7.743153918791313,17.37488196411709,35.599622285174696,76.86496694995279,0,,,,,,,646,13.6198435685952,4.024767801857585,7.120743034055727,15.634674922600619,32.81733746130031,75.69659442724458,413,12.617074001210653,4.600484261501211,8.716707021791768,20.09685230024213,39.95157384987893,78.69249394673123
C135,Chest,251,test/C135/Low_Dose/00000275.dcm,130.0,262144,29.142595291137695,1088,13.511754653033089,2.573529411764706,5.974264705882353,17.279411764705884,34.283088235294116,74.35661764705883,0,,,,,,,667,14.15918700805847,1.4992503748125936,4.497751124437781,14.09295352323838,30.284857571214392,73.31334332833583,421,12.486011496065915,4.275534441805226,8.31353919239905,22.327790973871736,40.61757719714964,76.00950118764845
C135,Chest,252,test/C135/Low_Dose/00000042.dcm,130.0,262144,29.600900650024414,1177,14.304337364592184,3.058623619371283,6.542056074766355,14.528462192013594,30.416312659303312,71.19796091758708,0,,,,,,,668,14.836390695172156,2.5449101796407185,5.838323353293413,11.826347305389222,27.694610778443113,69.31137724550898,509,13.606080780329076,3.732809430255403,7.465618860510806,18.074656188605108,33.988212180746565,73.67387033398822
C135,Chest,253,test/C135/Low_Dose/00000111.dcm,130.0,262144,30.11650848388672,1112,14.27021273606115,3.0575539568345325,6.384892086330935,15.197841726618705,31.924460431654676,70.95323741007195,0,,,,,,,631,14.733786895800318,3.3280507131537242,6.6561014263074485,14.580031695721077,28.367670364500793,68.62123613312203,481,13.662070799766113,2.7027027027027026,6.029106029106029,16.008316008316008,36.59043659043659,74.01247401247402
C135,Chest,254,test/C135/Low_Dose/00000298.dcm,130.0,262144,31.816783905029297,1223,15.227431265331154,2.4529844644317254,5.396565821749795,12.428454619787408,29.354047424366314,67.29354047424366,0,,,,,,,697,15.841174789275467,1.721664275466284,4.017216642754663,10.18651362984218,26.398852223816355,65.13629842180775,526,14.41416275546578,3.4220532319391634,7.224334600760456,15.399239543726235,33.26996197718631,70.15209125475285
C135,Chest,255,test/C135/Low_Dose/00000209.dcm,130.0,262144,33.165931701660156,1359,15.737628771155261,2.9433406916850626,5.739514348785872,13.760117733627668,28.108903605592346,62.3252391464312,0,,,,,,,789,16.617370682826362,3.2953105196451205,5.830164765525982,12.040557667934094,25.602027883396705,57.034220532319395,570,14.51987733004386,2.456140350877193,5.614035087719298,16.140350877192983,31.57894736842105,69.64912280701755
C135,Chest,256,test/C135/Low_Dose/00000001.dcm,130.0,262144,34.30265426635742,1374,16.027798626273654,2.183406113537118,4.87627365356623,13.100436681222707,27.510917030567686,62.44541484716157,0,,,,,,,805,16.548831764363353,1.7391304347826086,3.8509316770186337,11.055900621118013,25.093167701863354,60.0,569,15.290660355338312,2.81195079086116,6.3268892794376095,15.992970123022847,30.93145869947276,65.90509666080844
C135,Chest,257,test/C135/Low_Dose/00000002.dcm,130.0,262144,35.52985382080078,1364,16.84106373717009,2.272727272727273,4.545454545454546,12.82991202346041,26.686217008797655,57.551319648093845,0,,,,,,,791,17.194754464285715,2.402022756005057,4.298356510745891,11.251580278128952,25.031605562579013,56.00505689001264,573,16.35281004581152,2.094240837696335,4.886561954624782,15.008726003490402,28.970331588132634,59.68586387434555
C135,Chest,258,test/C135/Low_Dose/00000303.dcm,130.0,262144,36.635616302490234,1452,17.47084974388774,2.272727272727273,4.476584022038567,11.776859504132231,24.242424242424242,54.40771349862259,0,,,,,,,851,18.172145821092833,1.762632197414806,3.407755581668625,9.518213866039954,21.034077555816687,51.586368977673324,601,16.477836418469217,2.995008319467554,5.990016638935108,14.97504159733777,28.785357737104825,58.402662229617306
C135,Chest,259,test/C135/Low_Dose/00000326.dcm,130.0,262144,37.341064453125,1509,17.265099507123924,2.518223989396952,4.705102717031147,12.392312789927104,25.447316103379723,56.262425447316105,0,,,,,,,905,17.87568197513812,2.6519337016574585,4.30939226519337,11.049723756906078,22.5414364640884,54.14364640883978,604,16.35023832005381,2.3178807947019866,5.298013245033113,14.403973509933774,29.801324503311257,59.437086092715234
C135,Chest,260,test/C135/Low_Dose/00000196.dcm,130.0,262144,38.062744140625,1655,18.36387839879154,1.6918429003021147,3.5649546827794563,10.332326283987916,23.26283987915408,51.54078549848943,0,,,,,,,1008,19.063804020957342,2.0833333333333335,3.869047619047619,9.523809523809524,21.13095238095238,48.01587301587302,647,17.273422406298298,1.0819165378670788,3.091190108191654,11.591962905718702,26.584234930448222,57.03245749613601
C135,Chest,261,test/C135/Low_Dose/00000274.dcm,130.0,262144,38.57135772705078,1728,18.738294813368057,2.314814814814815,4.166666666666667,10.358796296296296,21.238425925925927,49.826388888888886,0,,,,,,,1047,19.62852569842407,2.005730659025788,3.438395415472779,8.404966571155683,18.815663801337156,45.74976122254059,681,17.369615283131424,2.790014684287812,5.286343612334802,13.362701908957415,24.963289280469898,56.093979441997064
C135,Chest,262,test/C135/Low_Dose/00000052.dcm,130.0,262144,38.71588134765625,1778,19.109049845331832,1.687289088863892,3.7120359955005626,9.05511811023622,19.628796400449943,48.87514060742407,0,,,,,,,1073,19.650891192917054,1.30475302889096,3.7278657968313142,8.574091332712023,18.173345759552657,45.1071761416589,705,18.28438192597518,2.269503546099291,3.6879432624113475,9.787234042553191,21.843971631205672,54.60992907801418
C135,Chest,263,test/C135/Low_Dose/00000232.dcm,130.0,262144,39.114166259765625,1758,19.151883799061434,1.7064846416382253,3.697383390216155,9.613196814562002,21.331058020477816,48.4641638225256,0,,,,,,,1055,19.823418986966825,1.7061611374407584,3.2227488151658767,8.815165876777252,19.24170616113744,45.687203791469194,703,18.144100617887624,1.7069701280227596,4.409672830725462,10.81081081081081,24.466571834992887,52.63157894736842
C135,Chest,264,test/C135/Low_Dose/00000133.dcm,130.0,262144,38.65959548950195,1733,18.745627163877668,1.8465089440276976,3.2890940565493363,9.924985574148876,22.56203115983843,50.0865551067513,0,,,,,,,1044,19.27914159782088,2.203065134099617,3.256704980842912,9.67432950191571,20.881226053639846,47.12643678160919,689,17.937225031748913,1.3062409288824384,3.3381712626995648,10.304789550072568,25.108853410740203,54.57184325108853
C135,Chest,265,test/C135/Low_Dose/00000051.dcm,130.0,262144,37.987300872802734,1727,18.485227725101332,1.563404748118124,3.705848291835553,9.438332368268673,21.424435437174292,50.955414012738856,0,,,,,,,1015,19.103883158866996,1.3793103448275863,3.0541871921182264,8.669950738916256,19.80295566502463,46.40394088669951,712,17.603297544329354,1.8258426966292134,4.634831460674158,10.53370786516854,23.735955056179776,57.443820224719104
C135,Chest,266,test/C135/Low_Dose/00000169.dcm,130.0,262144,37.88131332397461,1979,18.356374747347147,1.7685699848408287,3.8403233956543708,10.005053057099545,21.879737241030824,50.682162708438604,0,,,,,,,1152,19.09628634982639,1.3888888888888888,3.732638888888889,9.375,20.225694444444443,46.96180555555556,827,17.325687726723096,2.2974607013301087,3.9903264812575574,10.882708585247883,24.183796856106408,55.8645707376058
C135,Chest,267,test/C135/Low_Dose/00000188.dcm,130.0,262144,37.148197174072266,1935,17.67355458656331,2.635658914728682,4.547803617571059,11.627906976744185,23.51421188630491,52.45478036175711,0,,,,,,,1120,18.43616420200893,1.9642857142857142,3.3035714285714284,9.732142857142858,19.732142857142858,49.464285714285715,815,16.625551188650306,3.558282208588957,6.257668711656442,14.233128834355828,28.711656441717793,56.56441717791411
C135,Chest,268,test/C135/Low_Dose/00000173.dcm,130.0,262144,36.22016525268555,1889,16.868859391543143,1.9587083112758072,3.652726310217046,11.222869242985707,24.66913710958179,57.278983589200635,0,,,,,,,1102,17.02918344487296,1.8148820326678765,3.720508166969147,11.433756805807622,25.226860254083483,56.17059891107078,787,16.64436745552732,2.1601016518424396,3.5578144853875475,10.927573062261754,23.88818297331639,58.83100381194409
C135,Chest,269,test/C135/Low_Dose/00000182.dcm,130.0,262144,36.66201400756836,1827,17.035497271825395,2.134646962233169,4.159824849480022,10.50903119868637,24.521072796934867,57.088122605363985,0,,,,,,,1072,17.605452352495337,2.0522388059701493,3.264925373134328,8.861940298507463,21.828358208955223,54.1044776119403,755,16.22623525455298,2.251655629139073,5.430463576158941,12.847682119205299,28.344370860927153,61.324503311258276
C135,Chest,270,test/C135/Low_Dose/00000288.dcm,130.0,262144,36.23066711425781,1863,16.924896420424048,2.254428341384863,4.669887278582931,12.506709608158884,25.228126677402038,56.46806226516372,0,,,,,,,1112,17.594895177607913,2.338129496402878,4.946043165467626,11.510791366906474,22.75179856115108,52.697841726618705,751,15.93283434587217,2.130492676431425,4.26098535286285,13.981358189081226,28.8948069241012,62.050599201065246
C135,Chest,271,test/C135/Low_Dose/00000256.dcm,130.0,262144,35.983551025390625,1872,16.699193709935898,2.9914529914529915,5.395299145299146,12.66025641025641,25.90811965811966,57.26495726495727,0,,,,,,,1048,17.478722492247137,3.148854961832061,5.629770992366412,11.83206106870229,22.900763358778626,52.86259541984733,824,15.70775182038835,2.79126213592233,5.097087378640777,13.71359223300971,29.733009708737864,62.86407766990291
C135,Chest,272,test/C135/Low_Dose/00000234.dcm,130.0,262144,36.251155853271484,1767,16.464087701612904,2.3769100169779285,5.206564799094511,12.733446519524618,27.447651386530843,59.53593661573288,0,,,,,,,1008,17.266138470362105,1.5873015873015872,4.067460317460317,9.722222222222221,24.107142857142858,55.8531746031746,759,15.398913558135705,3.4255599472990776,6.719367588932807,16.73254281949934,31.884057971014492,64.42687747035573
C135,Chest,273,test/C135/Low_Dose/00000119.dcm,130.0,262144,36.357059478759766,1760,16.825931063565342,2.897727272727273,5.284090909090909,12.159090909090908,26.25,57.32954545454545,0,,,,,,,1022,17.25097082925636,2.837573385518591,4.794520547945205,11.741682974559687,24.07045009784736,55.57729941291585,738,16.23732188982046,2.9810298102981028,5.9620596205962055,12.737127371273713,29.26829268292683,59.75609756097561
C135,Chest,274,test/C135/Low_Dose/00000100.dcm,130.0,262144,36.1661491394043,1655,16.958648036253777,1.933534743202417,3.987915407854985,10.15105740181269,24.290030211480364,58.066465256797585,0,,,,,,,981,17.18732877803262,1.6309887869520896,3.669724770642202,9.27624872579001,23.649337410805302,56.88073394495413,674,16.62580269380564,2.373887240356083,4.451038575667655,11.42433234421365,25.222551928783382,59.79228486646884
C135,Chest,275,test/C135/Low_Dose/00000308.dcm,130.0,262144,36.247440338134766,1606,17.11176350404732,2.0547945205479454,4.109589041095891,10.95890410958904,23.474470734744706,56.84931506849315,0,,,,,,,966,17.591252992365426,1.9668737060041408,3.5196687370600412,9.109730848861284,21.32505175983437,54.45134575569358,640,16.388034057617187,2.1875,5.0,13.75,26.71875,60.46875
C135,Chest,276,test/C135/Low_Dose/00000291.dcm,130.0,262144,36.493736267089844,1653,17.098380548623716,1.9358741681790683,4.11373260738052,11.01028433151845,23.77495462794918,57.22928009679371,0,,,,,,,1001,17.492782608016984,1.7982017982017982,4.095904095904096,9.69030969030969,21.678321678321677,55.744255744255746,652,16.49286450345092,2.147239263803681,4.141104294478527,13.036809815950921,26.993865030674847,59.50920245398773
C135,Chest,277,test/C135/Low_Dose/00000276.dcm,130.0,262144,35.81496810913086,1593,16.850188078703702,2.071563088512241,3.5781544256120528,11.299435028248588,25.17263025737602,56.81104833647206,0,,,,,,,969,17.188927051083592,1.9607843137254901,3.3023735810113517,11.042311661506709,23.42621259029928,56.14035087719298,624,16.324163974859776,2.2435897435897436,4.006410256410256,11.698717948717949,27.884615384615383,57.8525641025641
C135,Chest,278,test/C135/Low_Dose/00000041.dcm,130.0,262144,36.302852630615234,1678,16.898900756108464,2.026221692491061,4.410011918951132,10.429082240762813,23.2419547079857,59.23718712753278,0,,,,,,,991,17.496568727926338,1.8163471241170535,3.834510595358224,8.678102926337033,20.585267406659938,57.11402623612513,687,16.03676537481805,2.328966521106259,5.240174672489083,12.954876273653566,27.074235807860262,62.29985443959243
C135,Chest,279,test/C135/Low_Dose/00000141.dcm,130.0,262144,36.44314193725586,1667,16.998426486577685,3.119376124775045,4.979004199160168,10.917816436712657,23.215356928614277,56.868626274745054,0,,,,,,,993,17.516165895644512,2.618328298086606,4.73313192346425,9.667673716012084,21.148036253776436,53.77643504531722,674,16.235644241468844,3.857566765578635,5.341246290801187,12.759643916913946,26.26112759643917,61.42433234421365
C135,Chest,280,test/C135/Low_Dose/00000116.dcm,130.0,262144,36.460575103759766,1623,16.936313443468883,2.094886013555145,4.128157732593962,10.412815773259396,23.536660505237215,58.163894023413434,0,,,,,,,960,17.46902872721354,1.7708333333333333,3.4375,9.0625,21.041666666666668,55.520833333333336,663,16.164958050527904,2.5641025641025643,5.128205128205129,12.368024132730016,27.149321266968325,61.990950226244344
C135,Chest,281,test/C135/Low_Dose/00000069.dcm,130.0,262144,37.5842170715332,1714,18.082711539162776,1.808634772462077,3.9089848308051343,9.859976662777129,21.995332555425904,51.16686114352392,0,,,,,,,1059,18.565605819169026,1.6052880075542966,3.5882908404154863,8.593012275731823,19.924457034938623,49.008498583569406,655,17.30197250715649,2.1374045801526718,4.427480916030534,11.908396946564885,25.34351145038168,54.656488549618324
C135,Chest,282,test/C135/Low_Dose/00000300.dcm,130.0,262144,38.0487060546875,1867,17.615867283743974,1.8746652383502946,3.910016068559186,11.890733797536154,25.656132833422603,53.50830208891269,0,,,,,,,1091,18.37606338794684,1.374885426214482,3.0247479376718607,9.899175068744272,23.373052245646196,49.679193400549956,776,16.547083903833762,2.577319587628866,5.154639175257732,14.690721649484535,28.8659793814433,58.891752577319586
C135,Chest,283,test/C135/Low_Dose/00000279.dcm,130.0,262144,38.08576965332031,1912,18.021533407426777,2.301255230125523,4.2887029288702925,9.780334728033473,21.548117154811717,52.98117154811715,0,,,,,,,1166,18.230843964408233,2.229845626072041,4.459691252144082,9.60548885077187,20.32590051457976,51.45797598627787,746,17.694383063840483,2.4128686327077746,4.021447721179625,10.05361930294906,23.458445040214478,55.361930294906166
C135,Chest,284,test/C135/Low_Dose/00000007.dcm,130.0,262144,38.980648040771484,1807,18.709329171278362,1.6602102933038185,3.375760929717764,9.407858328721638,22.246817930271167,48.976203652462644,0,,,,,,,1092,19.196131667811354,1.1904761904761905,2.838827838827839,8.15018315018315,19.963369963369964,47.252747252747255,715,17.965848994755245,2.3776223776223775,4.195804195804196,11.328671328671328,25.734265734265733,51.60839160839161
C135,Chest,285,test/C135/Low_Dose/00000341.dcm,130.0,262144,39.49485778808594,1673,19.1689470636581,1.1356843992827257,2.8093245666467426,8.487746563060371,19.246861924686193,48.53556485355649,0,,,,,,,1008,19.893372550843253,0.9920634920634921,2.1825396825396823,6.646825396825397,16.964285714285715,45.33730158730159,665,18.070870535714285,1.3533834586466165,3.7593984962406015,11.278195488721805,22.706766917293233,53.38345864661654
C135,Chest,286,test/C135/Low_Dose/00000312.dcm,130.0,262144,39.68470001220703,1874,18.935282150480255,2.08110992529349,4.00213447171825,11.152614727854855,21.718249733191037,48.025613660618994,0,,,,,,,1144,19.502557501092657,2.097902097902098,3.409090909090909,10.052447552447552,20.192307692307693,45.80419580419581,730,18.046286386986303,2.0547945205479454,4.931506849315069,12.876712328767123,24.10958904109589,51.50684931506849
C135,Chest,287,test/C135/Low_Dose/00000022.dcm,130.0,262144,40.819549560546875,2068,19.90812001329787,1.5957446808510638,3.6266924564796907,9.284332688588007,20.067698259187623,44.77756286266924,0,,,,,,,1249,20.426974392013612,1.601281024819856,3.2826261008807047,8.326661329063251,19.055244195356284,41.63330664531625,819,19.116853632478634,1.5873015873015872,4.151404151404152,10.744810744810744,21.611721611721613,49.572649572649574
C135,Chest,288,test/C135/Low_Dose/00000340.dcm,130.0,262144,41.23460388183594,2270,20.173712830396475,1.6740088105726871,3.7444933920704844,9.20704845814978,18.986784140969164,44.18502202643172,0,,,,,,,1361,20.948509827332842,0.9551800146950772,2.8655400440852317,7.861866274797943,16.53196179279941,41.29316678912564,909,19.013643942519252,2.75027502750275,5.060506050605061,11.221122112211221,22.662266226622663,48.51485148514851
C135,Chest,289,test/C135/Low_Dose/00000061.dcm,130.0,262144,41.37834930419922,2276,20.14110040916081,1.4499121265377857,3.3391915641476273,8.699472759226714,18.717047451669597,44.5518453427065,0,,,,,,,1365,20.558968635531137,1.6117216117216118,3.7362637362637363,8.424908424908425,17.50915750915751,42.93040293040293,911,19.514983963364436,1.2074643249176729,2.74423710208562,9.11086717892426,20.52689352360044,46.98133918770582
C135,Chest,290,test/C135/Low_Dose/00000180.dcm,130.0,262144,42.381004333496094,2201,20.880977396637892,1.5901862789641072,2.7260336210813265,7.542026351658337,17.17401181281236,43.43480236256247,0,,,,,,,1321,21.704914009273278,1.2112036336109009,1.8168054504163513,5.7532172596517785,14.458743376230128,40.348221044663134,880,19.64413174715909,2.159090909090909,4.090909090909091,10.227272727272727,21.25,48.06818181818182
C135,Chest,291,test/C135/Low_Dose/00000031.dcm,130.0,262144,42.697017669677734,2193,21.259013052895575,1.68718650250798,3.3287733698130415,7.523939808481532,16.142270861833104,40.902872777017784,0,,,,,,,1331,21.809154301277236,1.35236664162284,2.8549962434259957,6.1607813673929375,14.049586776859504,38.76784372652141,862,20.40954674811485,2.2041763341067284,4.060324825986079,9.62877030162413,19.37354988399072,44.19953596287703
C135,Chest,292,test/C135/Low_Dose/00000206.dcm,130.0,262144,42.37225341796875,2041,21.136609658255757,1.3228809407153357,3.1847133757961785,8.084272415482607,16.56050955414013,40.61734443900049,0,,,,,,,1221,21.741637233824733,1.2285012285012284,2.7027027027027026,7.125307125307125,15.06961506961507,37.42833742833743,820,20.235708841463413,1.4634146341463414,3.902439024390244,9.512195121951219,18.78048780487805,45.36585365853659
C135,Chest,293,test/C135/Low_Dose/00000136.dcm,130.0,262144,42.750022888183594,2077,21.6750646966779,1.1073663938372653,2.74434280211844,7.31824747231584,16.56234954260953,38.80597014925373,0,,,,,,,1293,22.192610148395204,0.9280742459396751,2.3975251353441607,6.419180201082753,15.467904098994586,35.65351894818252,784,20.82151327327806,1.403061224489796,3.316326530612245,8.801020408163266,18.367346938775512,44.005102040816325
C135,Chest,294,test/C135/Low_Dose/00000043.dcm,130.0,262144,42.775150299072266,1899,21.612503702606634,1.369141653501843,2.474986835176409,7.635597682991048,16.535018430753027,39.54713006845708,0,,,,,,,1189,22.10234112174096,1.0092514718250631,2.1867115222876365,7.232968881412952,14.970563498738436,37.426408746846086,710,20.79220125440141,1.971830985915493,2.9577464788732395,8.309859154929578,19.154929577464788,43.098591549295776
C135,Chest,295,test/C135/Low_Dose/00000252.dcm,130.0,262144,42.11089324951172,1816,20.98628510462555,1.4317180616740088,2.9185022026431717,8.039647577092511,17.951541850220263,40.914096916299556,0,,,,,,,1092,21.654209234775642,1.098901098901099,2.0146520146520146,6.95970695970696,16.94139194139194,37.82051282051282,724,19.97885958002417,1.9337016574585635,4.281767955801105,9.668508287292818,19.475138121546962,45.58011049723757
C135,Chest,296,test/C135/Low_Dose/00000218.dcm,130.0,262144,42.446353912353516,1915,21.27516114556136,1.7754569190600522,3.7075718015665795,8.720626631853786,17.806788511749346,39.84334203655352,0,,,,,,,1174,21.788402030983818,1.8739352640545144,3.0664395229982966,6.899488926746167,16.1839863713799,38.16013628620102,741,20.462008951163966,1.6194331983805668,4.723346828609986,11.605937921727396,20.3778677462888,42.51012145748988
C135,Chest,297,test/C135/Low_Dose/00000183.dcm,130.0,262144,42.495845794677734,1840,20.956020720108697,1.684782608695652,3.152173913043478,8.91304347826087,18.369565217391305,41.84782608695652,0,,,,,,,1097,21.731202284639927,1.1850501367365542,2.4612579762989975,7.474931631722881,15.952597994530537,39.10665451230629,743,19.811506350942125,2.4226110363391657,4.172274562584119,11.036339165545087,21.938088829071333,45.895020188425306
C135,Chest,298,test/C135/Low_Dose/00000344.dcm,130.0,262144,41.91659164428711,1742,20.29952775186567,1.6073478760045925,3.1572904707233067,8.725602755453501,19.460390355912743,44.94833524684271,0,,,,,,,995,20.919684359296483,1.306532663316583,2.9145728643216082,8.341708542713567,17.487437185929647,42.41206030150754,747,19.47347985692771,2.0080321285140563,3.4805890227576977,9.236947791164658,22.08835341365462,48.32663989290495
C135,Chest,299,test/C135/Low_Dose/00000349.dcm,130.0,262144,42.1045036315918,1704,20.522919417546948,1.7018779342723005,3.8145539906103285,8.568075117370892,18.955399061032864,43.60328638497653,0,,,,,,,1015,21.408151169950738,0.8866995073891626,3.0541871921182264,7.192118226600985,16.551724137931036,40.689655172413794,689,19.218837876451378,2.9027576197387517,4.934687953555878,10.595065312046444,22.496371552975326,47.8955007256894
C135,Chest,300,test/C135/Low_Dose/00000108.dcm,130.0,262144,41.97390365600586,1674,20.81131925776583,1.3142174432497014,2.807646356033453,8.243727598566307,18.63799283154122,43.01075268817204,0,,,,,,,954,21.479915978773583,1.3626834381551363,2.3060796645702304,6.918238993710692,16.771488469601678,39.62264150943396,720,19.925428602430557,1.25,3.4722222222222223,10.0,21.11111111111111,47.5
C135,Chest,301,test/C135/Low_Dose/00000006.dcm,130.0,262144,41.309226989746094,1625,20.600774038461537,1.6615384615384616,3.076923076923077,8.246153846153845,17.96923076923077,42.76923076923077,0,,,,,,,976,21.23991419057377,0.9221311475409836,1.9467213114754098,6.454918032786885,15.676229508196721,40.67622950819672,649,19.639601791217256,2.773497688751926,4.776579352850539,10.939907550077042,21.417565485362097,45.91679506933744
C135,Chest,302,test/C135/Low_Dose/00000065.dcm,130.0,262144,41.28549575805664,1569,19.92615843092734,1.4659018483110262,3.123008285532186,9.177820267686425,19.566602931803697,45.37922243467177,0,,,,,,,936,20.92389698517628,1.2820512820512822,2.5641025641025643,7.585470085470085,16.666666666666668,40.705128205128204,633,18.450829383886255,1.7377567140600316,3.949447077409163,11.532385466034755,23.85466034755134,52.29067930489732
C135,Chest,303,test/C135/Low_Dose/00000222.dcm,130.0,262144,41.0549201965332,1659,19.035231596594333,2.2302591922845085,4.822182037371911,11.030741410488245,22.905364677516577,50.09041591320072,0,,,,,,,953,20.074460584994753,1.993704092339979,4.4071353620146905,9.233997901364113,19.20251836306401,46.37985309548793,706,17.63241689536119,2.54957507082153,5.38243626062323,13.456090651558073,27.903682719546744,55.09915014164306
C135,Chest,304,test/C135/Low_Dose/00000132.dcm,130.0,262144,40.499046325683594,1481,18.588582988690074,2.0931802835921673,4.794058068872384,11.74881836596894,23.430114787305875,50.91154625253207,0,,,,,,,889,19.72986457747469,1.2373453318335208,3.824521934758155,8.661417322834646,18.785151856017997,45.669291338582674,592,16.874732764991553,3.3783783783783785,6.25,16.385135135135137,30.405405405405407,58.78378378378378
C135,Chest,305,test/C135/Low_Dose/00000224.dcm,130.0,262144,40.81892013549805,1439,19.206755722289785,1.5983321751216122,3.961084086170952,10.910354412786658,21.681723419041,48.158443363446835,0,,,,,,,858,19.936532542977854,1.5151515151515151,3.0303030303030303,9.673659673659674,19.813519813519815,45.33799533799534,581,18.129044078098108,1.721170395869191,5.335628227194492,12.736660929432015,24.440619621342513,52.32358003442341
C135,Chest,306,test/C135/Low_Dose/00000075.dcm,130.0,262144,40.72128677368164,1382,19.648304653581764,1.447178002894356,3.3285094066570187,8.465991316931982,19.247467438494933,47.75687409551375,0,,,,,,,857,20.08272863185531,1.2835472578763127,3.150525087514586,8.634772462077013,18.436406067677947,45.39089848308051,525,18.939159226190476,1.7142857142857142,3.619047619047619,8.19047619047619,20.571428571428573,51.61904761904762
C135,Chest,307,test/C135/Low_Dose/00000156.dcm,130.0,262144,40.34035110473633,1418,19.17149208832863,2.1156558533145273,4.090267983074753,9.802538787023977,20.944992947813823,47.95486600846262,0,,,,,,,877,20.207683776368302,1.596351197263398,3.192702394526796,7.753705815279361,17.559863169897376,43.32953249714937,541,17.491747054066543,2.957486136783734,5.545286506469501,13.123844731977819,26.432532347504623,55.45286506469501
C135,Chest,308,test/C135/Low_Dose/00000143.dcm,130.0,262144,40.70078659057617,1419,19.987265459830866,1.832276250880902,3.3121916842847074,9.725158562367865,19.45031712473573,44.74982381959126,0,,,,,,,884,20.539796026583712,1.244343891402715,2.6018099547511313,7.918552036199095,17.760180995475114,42.42081447963801,535,19.07429906542056,2.803738317757009,4.485981308411215,12.710280373831775,22.242990654205606,48.598130841121495
C135,Chest,309,test/C135/Low_Dose/00000246.dcm,130.0,262144,40.73622512817383,1436,20.16871817331128,2.2284122562674096,3.7604456824512535,8.495821727019498,17.54874651810585,44.289693593314766,0,,,,,,,868,20.586864559331797,1.8433179723502304,3.225806451612903,7.373271889400922,15.898617511520737,43.433179723502306,568,19.529719822843308,2.816901408450704,4.577464788732394,10.211267605633802,20.070422535211268,45.598591549295776
C135,Chest,310,test/C135/Low_Dose/00000013.dcm,130.0,262144,40.44919204711914,1525,20.312830430327868,1.639344262295082,2.9508196721311477,8.0,18.295081967213115,42.42622950819672,0,,,,,,,913,20.827695013006572,1.2048192771084338,2.628696604600219,7.0098576122672505,17.086527929901425,39.86856516976999,612,19.54473996629902,2.287581699346405,3.4313725490196076,9.477124183006536,20.098039215686274,46.24183006535948
C135,Chest,311,test/C135/Low_Dose/00000351.dcm,130.0,262144,40.78573226928711,1659,20.30156061633514,1.567209162145871,2.8330319469559977,8.197709463532249,17.72151898734177,43.09825195901145,0,,,,,,,1013,20.83165527825765,1.3820335636722607,2.665350444225074,7.897334649555775,16.58440276406713,40.67127344521224,646,19.470313104682663,1.8575851393188854,3.0959752321981426,8.6687306501548,19.5046439628483,46.90402476780186
C135,Chest,312,test/C135/Low_Dose/00000167.dcm,130.0,262144,40.933597564697266,1716,20.466428103146853,1.7482517482517483,3.6713286713286712,8.216783216783217,17.307692307692307,42.5990675990676,0,,,,,,,1058,21.116967819588847,1.4177693761814745,2.835538752362949,7.088846880907372,15.122873345935728,39.98109640831758,658,19.420426481762917,2.2796352583586628,5.015197568389058,10.030395136778116,20.820668693009118,46.808510638297875
C135,Chest,313,test/C135/Low_Dose/00000162.dcm,130.0,262144,40.6987190246582,1720,20.159102470930232,1.569767441860465,3.546511627906977,8.488372093023257,18.372093023255815,44.127906976744185,0,,,,,,,1037,20.73218456183703,1.5429122468659595,3.085824493731919,7.618129218900675,17.454194792671167,41.080038572806174,683,19.288989579520496,1.610541727672035,4.24597364568082,9.809663250366032,19.765739385065885,48.75549048316252
C135,Chest,314,test/C135/Low_Dose/00000263.dcm,130.0,262144,41.44260025024414,1767,20.294248726655347,1.6411997736276174,3.508771929824561,8.715336728919072,19.864176570458405,44.25580079230334,0,,,,,,,1048,21.50076224057729,1.1450381679389312,2.5763358778625953,6.488549618320611,16.793893129770993,39.12213740458015,719,18.535658792593882,2.364394993045897,4.867872044506258,11.96105702364395,24.339360222531294,51.738525730180804
C135,Chest,315,test/C135/Low_Dose/00000068.dcm,130.0,262144,41.561668395996094,1808,20.517923810840706,1.7699115044247788,3.484513274336283,8.573008849557523,18.307522123893804,42.69911504424779,0,,,,,,,1108,20.807733528880867,1.6245487364620939,3.1588447653429603,8.574007220216606,17.779783393501805,41.42599277978339,700,20.059195033482144,2.0,4.0,8.571428571428571,19.142857142857142,44.714285714285715
C135,Chest,316,test/C135/Low_Dose/00000200.dcm,130.0,262144,41.55070495605469,1891,20.10926964899524,1.6922263352723428,3.1729243786356425,8.831306187202538,18.984664198836594,45.53146483342147,0,,,,,,,1098,20.7049393784153,1.7304189435336976,2.914389799635701,8.105646630236794,17.48633879781421,42.349726775956285,793,19.284496177490542,1.639344262295082,3.530895334174023,9.836065573770492,21.059268600252206,49.93694829760403
C135,Chest,317,test/C135/Low_Dose/00000046.dcm,130.0,262144,42.24795150756836,1818,20.868844110973598,1.705170517051705,3.08030803080308,8.47084708470847,17.656765676567655,41.96919691969197,0,,,,,,,1099,21.391145714854414,1.2738853503184713,2.6387625113739763,7.734303912647862,16.196542311191994,40.309372156505916,719,20.070498576582057,2.364394993045897,3.755215577190542,9.596662030598052,19.88873435326843,44.50625869262865
C135,Chest,318,test/C135/Low_Dose/00000158.dcm,130.0,262144,42.76659393310547,1737,21.255073402417963,1.381692573402418,2.9936672423719055,8.578008059873344,16.69545192861255,42.602187679907885,0,,,,,,,1075,21.97216569767442,1.3953488372093024,2.883720930232558,7.627906976744186,14.790697674418604,39.16279069767442,662,20.09061378870846,1.3595166163141994,3.1722054380664653,10.120845921450151,19.788519637462237,48.18731117824773
C135,Chest,319,test/C135/Low_Dose/00000212.dcm,130.0,262144,42.63028335571289,1680,21.60342726934524,1.6666666666666667,2.738095238095238,7.5,16.30952380952381,38.92857142857143,0,,,,,,,973,22.500451647610483,1.2332990750256938,2.158273381294964,6.269270298047276,13.977389516957862,34.32682425488181,707,20.368914095650638,2.263083451202263,3.536067892503536,9.193776520509195,19.51909476661952,45.26166902404526
C135,Chest,320,test/C135/Low_Dose/00000343.dcm,130.0,262144,43.44094467163086,1751,21.37687169831525,1.4848657909765848,2.5128498001142203,8.052541404911478,17.36150770988007,42.20445459737293,0,,,,,,,1071,22.2343531162465,1.3071895424836601,2.0541549953314657,7.376283846872083,14.752567693744165,38.281979458450046,680,20.026341337316175,1.7647058823529411,3.235294117647059,9.117647058823529,21.470588235294116,48.38235294117647
C135,Chest,321,test/C135/Low_Dose/00000147.dcm,130.0,262144,44.00738525390625,1914,22.017437304075234,2.0376175548589344,3.3960292580982236,7.993730407523511,17.92058516196447,38.87147335423197,0,,,,,,,1159,22.83660820211389,1.9844693701466782,3.1924072476272647,7.075064710957722,15.875754961173426,36.5832614322692,755,20.759924720612585,2.119205298013245,3.7086092715231787,9.403973509933774,21.05960264900662,42.384105960264904
C135,Chest,322,test/C135/Low_Dose/00000207.dcm,130.0,262144,44.250064849853516,1923,22.606848023920957,1.4560582423296933,2.9121164846593866,7.696307852314092,16.068642745709827,36.86947477899116,0,,,,,,,1193,23.580741172464375,1.0896898575020955,1.8440905280804694,5.86756077116513,13.327745180217939,33.19362950544845,730,21.015269156678084,2.0547945205479454,4.657534246575342,10.684931506849315,20.54794520547945,42.87671232876713
C135,Chest,323,test/C135/Low_Dose/00000149.dcm,130.0,262144,45.05071258544922,1970,22.736738578680203,2.284263959390863,4.01015228426396,8.527918781725889,17.461928934010153,36.598984771573605,0,,,,,,,1209,23.60580800248139,2.150537634408602,3.3085194375516958,7.196029776674938,14.722911497105045,33.25062034739454,761,21.35604750123193,2.4967148488830486,5.124835742444152,10.64388961892247,21.81340341655716,41.91852825229961
C135,Chest,324,test/C135/Low_Dose/00000262.dcm,130.0,262144,45.71787643432617,1929,23.982842065189217,1.0368066355624677,1.8662519440124417,6.324520476931053,13.78952825298082,33.488854328667706,0,,,,,,,1182,24.663705583756347,0.7614213197969543,1.6920473773265652,5.83756345177665,12.859560067681896,30.795262267343485,747,22.905491758701473,1.4725568942436413,2.14190093708166,7.095046854082999,15.261044176706827,37.75100401606426
C135,Chest,325,test/C135/Low_Dose/00000085.dcm,130.0,262144,45.56834411621094,1798,24.09986356368187,1.2235817575083425,2.2246941045606228,6.618464961067853,13.737486095661847,33.203559510567295,0,,,,,,,1112,25.044739208633093,1.2589928057553956,2.068345323741007,5.755395683453237,12.410071942446043,29.76618705035971,686,22.568228407434404,1.1661807580174928,2.478134110787172,8.017492711370263,15.889212827988338,38.775510204081634
C135,Chest,326,test/C135/Low_Dose/00000036.dcm,130.0,262144,45.898433685302734,1866,24.107013665594856,0.6966773847802786,2.304394426580922,6.109324758842444,13.77277599142551,33.547695605573416,0,,,,,,,1123,24.948216969056098,0.8014247551202137,2.4933214603739984,5.075690115761353,11.487088156723063,30.45414069456812,743,22.835587882738896,0.5383580080753702,2.018842530282638,7.6716016150740245,17.227456258411845,38.22341857335128
C135,Chest,327,test/C135/Low_Dose/00000102.dcm,130.0,262144,45.645774841308594,1866,23.744297628617364,1.0182207931404073,2.357984994640943,6.430868167202572,13.933547695605574,34.941050375133976,0,,,,,,,1154,24.049980705697575,0.6932409012131716,2.079722703639515,6.412478336221837,13.864818024263432,33.36221837088388,712,23.248850618855336,1.5449438202247192,2.808988764044944,6.46067415730337,14.044943820224718,37.5
C135,Chest,328,test/C135/Low_Dose/00000014.dcm,130.0,262144,45.14321517944336,1906,22.531065549580273,1.2067156348373558,2.9905561385099686,7.76495278069255,16.002098635886675,38.5099685204617,0,,,,,,,1123,23.006024599287624,0.9795191451469278,2.5823686553873553,7.123775601068567,15.22707034728406,36.33125556544969,783,21.849866299489143,1.5325670498084292,3.5759897828863347,8.684546615581098,17.11366538952746,41.63473818646232
C135,Chest,329,test/C135/Low_Dose/00000163.dcm,130.0,262144,45.323036193847656,1842,23.007924894815417,1.9543973941368078,3.583061889250814,8.577633007600435,17.10097719869707,36.699239956568945,0,,,,,,,1152,23.41469997829861,1.4756944444444444,3.2118055555555554,8.680555555555555,16.23263888888889,34.72222222222222,690,22.328785948822464,2.753623188405797,4.202898550724638,8.405797101449275,18.55072463768116,40.0
C135,Chest,330,test/C135/Low_Dose/00000050.dcm,130.0,262144,44.99223327636719,1967,22.376997807574988,1.7285205897305542,2.8978139298423997,6.914082358922217,16.420945602440263,39.145907473309606,0,,,,,,,1199,23.128039642410343,1.5012510425354462,2.585487906588824,6.255212677231026,14.595496246872393,36.19683069224354,768,21.20447540283203,2.0833333333333335,3.3854166666666665,7.942708333333333,19.270833333333332,43.75
C135,Chest,331,test/C135/Low_Dose/00000067.dcm,130.0,262144,44.29933166503906,1726,22.259312988847046,1.5063731170336037,2.8968713789107765,7.300115874855156,17.033603707995365,39.22363847045191,0,,,,,,,1042,23.182067988243762,1.5355086372360844,2.783109404990403,6.333973128598848,14.107485604606525,36.56429942418426,684,20.85359557748538,1.4619883040935673,3.0701754385964914,8.771929824561404,21.49122807017544,43.27485380116959
C135,Chest,332,test/C135/Low_Dose/00000280.dcm,130.0,262144,44.250633239746094,1664,22.08125422551082,1.4423076923076923,2.704326923076923,7.211538461538462,15.985576923076923,40.80528846153846,0,,,,,,,1007,22.81718594836147,1.1916583912611718,2.284011916583913,6.454816285998014,14.399205561072492,37.63654419066534,657,20.953273639649925,1.82648401826484,3.34855403348554,8.37138508371385,18.41704718417047,45.662100456621005
C135,Chest,333,test/C135/Low_Dose/00000285.dcm,130.0,262144,44.235626220703125,1704,22.574677230046948,1.5845070422535212,3.2863849765258215,7.863849765258216,15.845070422535212,36.61971830985915,0,,,,,,,1033,23.679067340271054,1.1616650532429815,2.1297192642787994,5.808325266214908,12.294288480154888,32.91384317521781,671,20.874477517231742,2.235469448584203,5.0670640834575265,11.028315946348734,21.311475409836067,42.32488822652757
C135,Chest,334,test/C135/Low_Dose/00000053.dcm,130.0,262144,43.6185417175293,1608,21.616483014614428,1.927860696517413,3.7935323383084576,8.582089552238806,18.22139303482587,40.85820895522388,0,,,,,,,950,22.853359375,1.368421052631579,3.0526315789473686,7.473684210526316,14.421052631578947,35.78947368421053,658,19.830723724829028,2.735562310030395,4.86322188449848,10.182370820668693,23.70820668693009,48.17629179331307
C135,Chest,335,test/C135/Low_Dose/00000024.dcm,130.0,262144,44.024635314941406,1549,22.448505083925113,1.5493867010974822,2.905100064557779,6.71400903808909,14.783731439638476,38.41187863137508,0,,,,,,,943,23.052877286585368,1.8027571580063626,2.9692470837751856,6.150583244962885,13.573700954400849,35.73700954400849,606,21.50803810849835,1.155115511551155,2.8052805280528053,7.590759075907591,16.666666666666668,42.57425742574257
C135,Chest,336,test/C135/Low_Dose/00000257.dcm,130.0,262144,43.83672332763672,1542,22.37368778372244,1.7509727626459144,3.04798962386511,7.328145265888456,15.49935149156939,38.00259403372244,0,,,,,,,903,23.274348093161684,1.1074197120708749,2.2148394241417497,5.537098560354374,12.624584717607974,35.21594684385382,639,21.100920627934272,2.6604068857589986,4.225352112676056,9.859154929577464,19.561815336463223,41.94053208137715
C135,Chest,337,test/C135/Low_Dose/00000055.dcm,130.0,262144,43.016544342041016,1655,20.356722054380665,1.7522658610271904,3.806646525679758,10.392749244712991,21.268882175226587,45.55891238670695,0,,,,,,,977,21.333522581883315,1.1258955987717503,3.172978505629478,8.18833162743091,17.911975435005118,42.579324462640734,678,18.9491524935472,2.6548672566371683,4.71976401179941,13.569321533923304,26.106194690265486,49.852507374631266
C135,Chest,338,test/C135/Low_Dose/00000122.dcm,130.0,262144,43.46712875366211,1573,20.083502612444374,1.9707565162110616,4.577240940877305,11.252383979656708,22.822631913541006,46.471710108073744,0,,,,,,,918,21.64076116557734,1.5250544662309369,3.7037037037037037,9.25925925925926,19.17211328976035,40.849673202614376,655,17.900958671278627,2.595419847328244,5.801526717557252,14.045801526717558,27.938931297709924,54.35114503816794
C135,Chest,339,test/C135/Low_Dose/00000109.dcm,130.0,262144,43.58290100097656,1290,20.39266442587209,2.0930232558139537,4.651162790697675,12.015503875968992,22.248062015503876,44.34108527131783,0,,,,,,,763,21.641249590432505,1.5727391874180865,3.145478374836173,10.091743119266056,18.74180865006553,38.40104849279161,527,18.584938700782732,2.846299810246679,6.83111954459203,14.800759013282732,27.32447817836812,52.94117647058823
C135,Chest,340,test/C135/Low_Dose/00000290.dcm,130.0,262144,43.181846618652344,1159,21.036676283433994,1.9844693701466782,3.364969801553063,9.577221742881795,19.93097497842968,42.450388265746334,0,,,,,,,691,22.150139064761216,1.3024602026049203,2.6049204052098407,7.959479015918958,16.931982633863964,37.91606367583213,468,19.392653245192307,2.9914529914529915,4.487179487179487,11.965811965811966,24.358974358974358,49.14529914529915
C135,Chest,341,test/C135/Low_Dose/00000060.dcm,130.0,262144,43.48194885253906,1433,21.093315215020937,1.7445917655268668,3.9078855547801816,8.51360781577111,19.050942079553383,42.56803907885555,0,,,,,,,840,22.64046688988095,1.1904761904761905,3.0952380952380953,7.380952380952381,15.714285714285714,35.476190476190474,593,18.90173772133221,2.5295109612141653,5.059021922428331,10.118043844856661,23.777403035413155,52.61382799325464
C135,Chest,342,test/C135/Low_Dose/00000259.dcm,130.0,262144,43.51523971557617,1286,22.44701654840591,1.7107309486780715,3.576982892690513,7.076205287713841,15.007776049766719,36.780715396578536,0,,,,,,,770,23.34482041396104,2.0779220779220777,3.3766233766233764,5.974025974025974,12.857142857142858,32.20779220779221,516,21.10727046996124,1.1627906976744187,3.875968992248062,8.720930232558139,18.217054263565892,43.604651162790695
C135,Chest,343,test/C135/Low_Dose/00000175.dcm,130.0,262144,43.02829360961914,1148,22.721337720492162,1.2195121951219512,3.048780487804878,7.142857142857143,13.32752613240418,34.66898954703833,0,,,,,,,695,23.381509948291367,0.8633093525179856,2.302158273381295,5.611510791366906,11.654676258992806,32.51798561151079,453,21.70849070433223,1.7660044150110374,4.194260485651214,9.492273730684326,15.894039735099337,37.969094922737305
C135,Chest,344,test/C135/Low_Dose/00000310.dcm,130.0,262144,43.53399658203125,1254,22.38755980861244,1.2759170653907497,2.8708133971291865,7.655502392344498,14.992025518341308,38.75598086124402,0,,,,,,,784,23.125553053252553,1.530612244897959,2.295918367346939,7.3979591836734695,13.64795918367347,35.076530612244895,470,21.15652842420213,0.851063829787234,3.8297872340425534,8.085106382978724,17.23404255319149,44.8936170212766
C135,Chest,345,test/C135/Low_Dose/00000319.dcm,130.0,262144,43.4370002746582,1137,22.509702066842568,1.3192612137203166,2.8144239226033423,6.332453825857519,15.127528583992964,36.85136323658751,0,,,,,,,704,22.8946533203125,1.1363636363636365,2.414772727272727,4.971590909090909,13.068181818181818,35.9375,433,21.883820637269054,1.6166281755196306,3.464203233256351,8.545034642032332,18.475750577367204,38.33718244803695
C135,Chest,346,test/C135/Low_Dose/00000329.dcm,130.0,262144,43.022029876708984,1075,22.185232558139536,0.7441860465116279,2.046511627906977,6.511627906976744,14.13953488372093,38.325581395348834,0,,,,,,,681,22.912237002110867,0.5873715124816447,1.7621145374449338,4.992657856093979,11.600587371512482,34.65491923641704,394,20.928658887214468,1.015228426395939,2.5380710659898478,9.137055837563452,18.527918781725887,44.67005076142132
C135,Chest,347,test/C135/Low_Dose/00000277.dcm,130.0,262144,43.52722930908203,1070,23.548561623831777,1.308411214953271,2.710280373831776,6.635514018691588,12.80373831775701,32.429906542056074,0,,,,,,,689,24.014802929970973,0.5805515239477503,2.0319303338171264,6.095791001451379,11.756168359941945,30.624092888243833,381,22.7054062089895,2.6246719160104988,3.937007874015748,7.611548556430447,14.698162729658792,35.69553805774278
C135,Chest,348,test/C135/Low_Dose/00000198.dcm,130.0,262144,43.72105026245117,1061,23.54759844780867,1.6022620169651272,2.639019792648445,6.50329877474081,14.043355325164939,32.32799245994345,0,,,,,,,652,23.898787984087424,1.2269938650306749,2.4539877300613497,5.828220858895706,13.190184049079754,30.67484662576687,409,22.9877559596577,2.2004889975550124,2.93398533007335,7.579462102689487,15.403422982885086,34.96332518337408
C135,Chest,349,test/C135/Low_Dose/00000154.dcm,130.0,262144,43.47588348388672,1200,23.271119791666667,1.25,2.5833333333333335,5.333333333333333,12.916666666666666,34.083333333333336,0,,,,,,,723,24.104863632434302,1.3831258644536653,1.9363762102351314,3.872752420470263,9.820193637621024,30.843706777316736,477,22.007390756027252,1.0482180293501049,3.5639412997903563,7.547169811320755,17.61006289308176,38.9937106918239
C135,Chest,350,test/C135/Low_Dose/00000269.dcm,130.0,262144,43.66196060180664,1289,22.72238350950349,1.0861132660977502,2.2498060512024827,6.594259115593483,14.119472459270753,35.60899922420481,0,,,,,,,786,23.60089406409033,0.6361323155216285,1.5267175572519085,5.597964376590331,11.704834605597965,31.6793893129771,503,21.349601609095426,1.7892644135188867,3.3797216699801194,8.151093439363818,17.892644135188867,41.74950298210736
C135,Chest,351,test/C135/Low_Dose/00000229.dcm,130.0,262144,43.965003967285156,1489,22.03975770231699,2.350570852921424,3.962390866353257,9.133646742780389,17.259905977165882,39.019476158495635,0,,,,,,,836,22.896839488636363,1.9138755980861244,2.9904306220095696,7.894736842105263,15.55023923444976,35.88516746411483,653,20.942486002105667,2.909647779479326,5.206738131699847,10.719754977029096,19.448698315467077,43.03215926493109
C135,Chest,352,test/C135/Low_Dose/00000301.dcm,130.0,262144,43.51736068725586,1461,21.426781207221083,1.6427104722792607,3.4223134839151266,8.145106091718,18.001368925393567,42.36824093086927,0,,,,,,,889,22.39265282269404,1.124859392575928,2.81214848143982,6.974128233970753,15.185601799775029,37.907761529808774,572,19.925624180506993,2.4475524475524475,4.370629370629371,9.965034965034965,22.377622377622377,49.3006993006993
C135,Chest,353,test/C135/Low_Dose/00000189.dcm,130.0,262144,44.370914459228516,1556,21.00397528719473,2.185089974293059,3.8560411311053984,9.383033419023135,20.88688946015424,44.473007712082264,0,,,,,,,897,22.369086190078036,1.6722408026755853,3.5674470457079153,8.249721293199554,17.50278706800446,38.684503901895205,659,19.145853091805765,2.8831562974203337,4.24886191198786,10.925644916540213,25.493171471927162,52.35204855842185
C135,Chest,354,test/C135/Low_Dose/00000020.dcm,130.0,262144,44.691368103027344,1435,21.453925304878048,1.951219512195122,3.902439024390244,8.78048780487805,19.233449477351915,42.717770034843205,0,,,,,,,879,22.826722927332195,1.4789533560864618,2.7303754266211606,6.484641638225256,15.358361774744028,36.29124004550626,556,19.28361763714029,2.697841726618705,5.755395683453237,12.410071942446043,25.359712230215827,52.87769784172662
C170,Chest,0,test/C170/Low_Dose/00000338.dcm,130.0,262144,11.470133781433105,749,5.288296504714619,8.544726301735647,17.623497997329775,44.45927903871829,100.0,100.0,0,,,,,,,545,5.419920979071101,6.7889908256880735,15.596330275229358,42.93577981651376,100.0,100.0,204,4.936652688419118,13.235294117647058,23.03921568627451,48.529411764705884,100.0,100.0
C170,Chest,1,test/C170/Low_Dose/00000302.dcm,130.0,262144,11.528614044189453,705,5.1866051640070925,8.794326241134751,16.879432624113477,47.801418439716315,100.0,100.0,0,,,,,,,485,5.2418129832474225,8.041237113402062,16.082474226804123,47.01030927835052,100.0,100.0,220,5.064896462180398,10.454545454545455,18.636363636363637,49.54545454545455,100.0,100.0
C170,Chest,2,test/C170/Low_Dose/00000096.dcm,130.0,262144,12.43225383758545,694,5.607314579768552,6.772334293948127,14.697406340057636,43.0835734870317,94.23631123919309,100.0,0,,,,,,,471,5.813984022525212,6.581740976645436,13.800424628450106,39.91507430997877,93.63057324840764,100.0,223,5.170806474215246,7.174887892376682,16.591928251121075,49.775784753363226,95.51569506726457,100.0
C170,Chest,3,test/C170/Low_Dose/00000091.dcm,130.0,262144,12.824914932250977,572,5.863739653900787,9.44055944055944,16.783216783216783,39.16083916083916,89.86013986013987,100.0,0,,,,,,,349,6.10103364523639,9.455587392550143,14.613180515759312,36.67621776504298,88.25214899713467,100.0,223,5.492368689566984,9.417040358744394,20.179372197309416,43.04932735426009,92.37668161434978,100.0
C170,Chest,4,test/C170/Low_Dose/00000092.dcm,130.0,262144,13.329639434814453,447,6.152277116540827,5.369127516778524,13.422818791946309,37.360178970917225,85.01118568232663,100.0,0,,,,,,,257,6.332799295507052,6.22568093385214,12.062256809338521,34.24124513618677,83.26848249027238,100.0,190,5.9080964740953945,4.2105263157894735,15.263157894736842,41.578947368421055,87.36842105263158,100.0
C170,Chest,5,test/C170/Low_Dose/00000145.dcm,130.0,262144,14.089433670043945,489,6.263839628067485,7.566462167689162,14.519427402862986,39.46830265848671,81.79959100204499,100.0,0,,,,,,,245,6.567585100446428,6.122448979591836,11.020408163265307,35.51020408163265,78.77551020408163,100.0,244,5.958848796907018,9.01639344262295,18.0327868852459,43.442622950819676,84.8360655737705,100.0
C170,Chest,6,test/C170/Low_Dose/00000022.dcm,130.0,262144,14.278568267822266,507,6.540174856693787,7.495069033530572,14.990138067061144,36.094674556213015,78.30374753451676,100.0,0,,,,,,,291,6.424096595790378,9.278350515463918,16.83848797250859,38.144329896907216,76.97594501718213,100.0,216,6.6965586344401045,5.092592592592593,12.5,33.333333333333336,80.0925925925926,100.0
C170,Chest,7,test/C170/Low_Dose/00000134.dcm,130.0,262144,14.074081420898438,436,6.344440985163417,7.568807339449541,15.36697247706422,37.15596330275229,80.5045871559633,100.0,0,,,,,,,212,6.779095343823703,6.60377358490566,13.679245283018869,33.0188679245283,76.41509433962264,100.0,224,5.933072226388114,8.482142857142858,16.964285714285715,41.07142857142857,84.375,100.0
C170,Chest,8,test/C170/Low_Dose/00000359.dcm,130.0,262144,14.380462646484375,559,6.380408217100849,8.407871198568873,15.20572450805009,38.819320214669055,78.71198568872987,100.0,0,,,,,,,285,6.857774379797149,7.017543859649122,12.280701754385966,32.63157894736842,76.84210526315789,100.0,274,5.883877719405794,9.854014598540147,18.248175182481752,45.25547445255474,80.65693430656934,100.0
C170,Chest,9,test/C170/Low_Dose/00000291.dcm,130.0,262144,14.227415084838867,598,6.584824578020485,6.0200668896321075,12.54180602006689,34.94983277591973,79.59866220735786,100.0,0,,,,,,,315,6.553438895089286,7.301587301587301,14.285714285714286,35.55555555555556,78.73015873015873,100.0,283,6.619759172095848,4.593639575971731,10.60070671378092,34.275618374558306,80.56537102473499,100.0
C170,Chest,10,test/C170/Low_Dose/00000340.dcm,130.0,262144,14.421762466430664,583,6.669020690394511,6.174957118353345,13.379073756432247,33.61921097770154,78.3876500857633,100.0,0,,,,,,,316,6.985175410403481,5.379746835443038,10.443037974683545,30.379746835443036,75.0,100.0,267,6.294845523905665,7.116104868913857,16.853932584269664,37.453183520599254,82.39700374531836,100.0
C170,Chest,11,test/C170/Low_Dose/00000059.dcm,130.0,262144,15.224668502807617,575,6.899860733695652,4.869565217391305,12.347826086956522,35.30434782608695,74.08695652173913,100.0,0,,,,,,,294,6.994089139562075,5.442176870748299,11.564625850340136,35.374149659863946,72.44897959183673,100.0,281,6.801273875389235,4.270462633451957,13.167259786476869,35.23131672597865,75.80071174377224,100.0
C170,Chest,12,test/C170/Low_Dose/00000343.dcm,130.0,262144,15.604911804199219,731,7.274363297281122,5.745554035567715,11.764705882352942,32.421340629274965,68.94664842681259,100.0,0,,,,,,,351,7.589943910256411,4.273504273504273,9.401709401709402,29.05982905982906,66.38176638176638,100.0,380,6.982866467927631,7.105263157894737,13.947368421052632,35.526315789473685,71.3157894736842,100.0
C170,Chest,13,test/C170/Low_Dose/00000226.dcm,130.0,262144,15.140545845031738,726,6.6835876969266526,7.43801652892562,14.049586776859504,35.53719008264463,76.03305785123968,100.0,0,,,,,,,342,7.007092213770102,7.017543859649122,11.988304093567251,31.57894736842105,73.6842105263158,100.0,384,6.395466486612956,7.8125,15.885416666666666,39.0625,78.125,100.0
C170,Chest,14,test/C170/Low_Dose/00000030.dcm,130.0,262144,15.374931335449219,689,6.941847758300073,7.547169811320755,14.804063860667634,32.94629898403483,72.27866473149491,100.0,0,,,,,,,312,7.212954790164263,7.051282051282051,14.102564102564102,31.41025641025641,70.1923076923077,100.0,377,6.717483318136605,7.957559681697613,15.384615384615385,34.217506631299734,74.0053050397878,100.0
C170,Chest,15,test/C170/Low_Dose/00000164.dcm,130.0,262144,15.457623481750488,695,7.014455935251799,6.906474820143885,12.086330935251798,33.23741007194245,73.09352517985612,100.0,0,,,,,,,353,7.361480972246813,7.0821529745042495,11.048158640226628,28.611898016997166,69.40509915014164,100.0,342,6.656269988121345,6.7251461988304095,13.157894736842104,38.01169590643275,76.90058479532163,100.0
C170,Chest,16,test/C170/Low_Dose/00000032.dcm,130.0,262144,15.627140998840332,760,6.626109554893092,5.921052631578948,14.868421052631579,38.421052631578945,74.86842105263158,100.0,0,,,,,,,382,6.757370234784031,6.282722513089006,14.136125654450261,37.95811518324607,72.5130890052356,100.0,378,6.493459227223876,5.555555555555555,15.60846560846561,38.888888888888886,77.24867724867725,100.0
C170,Chest,17,test/C170/Low_Dose/00000053.dcm,130.0,262144,16.350418090820312,823,7.414877686436816,4.860267314702309,12.15066828675577,30.86269744835966,68.52976913730255,100.0,0,,,,,,,446,7.635074906285034,4.260089686098655,11.210762331838565,29.14798206278027,67.04035874439462,100.0,377,7.154378471070955,5.570291777188329,13.26259946949602,32.89124668435013,70.29177718832891,100.0
C170,Chest,18,test/C170/Low_Dose/00000086.dcm,130.0,262144,16.686857223510742,719,7.347270514603617,5.563282336578581,11.265646731571627,33.51877607788595,69.12378303198888,100.0,0,,,,,,,370,7.571934385557433,4.864864864864865,10.54054054054054,31.35135135135135,67.83783783783784,100.0,349,7.109088886774713,6.303724928366762,12.034383954154729,35.816618911174785,70.48710601719198,100.0
C170,Chest,19,test/C170/Low_Dose/00000152.dcm,130.0,262144,17.118927001953125,841,7.72518416505648,5.826397146254459,12.604042806183115,31.510107015457788,65.04161712247324,100.0,0,,,,,,,417,7.995526430418166,5.5155875299760195,11.270983213429256,29.976019184652277,61.8705035971223,100.0,424,7.459305097471993,6.132075471698113,13.915094339622641,33.0188679245283,68.16037735849056,100.0
C170,Chest,20,test/C170/Low_Dose/00000342.dcm,130.0,262144,18.252620697021484,942,8.720263568205946,4.564755838641189,8.81104033970276,23.56687898089172,56.475583864118896,100.0,0,,,,,,,446,9.060278101352297,4.708520179372197,8.295964125560538,19.730941704035875,54.035874439461885,100.0,496,8.414526170299899,4.435483870967742,9.274193548387096,27.016129032258064,58.66935483870968,100.0
C170,Chest,21,test/C170/Low_Dose/00000015.dcm,130.0,262144,18.804729461669922,923,8.343332077803359,6.500541711809317,12.134344528710725,28.169014084507044,58.50487540628386,100.0,0,,,,,,,435,8.719030621408047,5.517241379310345,11.03448275862069,25.28735632183908,54.48275862068966,100.0,488,8.008436359342982,7.377049180327869,13.114754098360656,30.737704918032787,62.09016393442623,100.0
C170,Chest,22,test/C170/Low_Dose/00000301.dcm,130.0,262144,19.6761531829834,1070,8.82753176109813,5.140186915887851,11.682242990654206,26.44859813084112,55.32710280373832,100.0,0,,,,,,,463,8.926478342670086,5.831533477321814,11.879049676025918,27.645788336933045,53.347732181425485,100.0,607,8.752057699238057,4.612850082372323,11.532125205930807,25.53542009884679,56.836902800658976,100.0
C170,Chest,23,test/C170/Low_Dose/00000287.dcm,130.0,262144,20.141592025756836,1225,9.349815051020409,4.489795918367347,9.387755102040817,23.755102040816325,51.91836734693877,100.0,0,,,,,,,511,9.535823217343443,2.935420743639922,7.436399217221135,22.504892367906066,49.31506849315068,100.0,714,9.216691559436274,5.602240896358543,10.784313725490197,24.649859943977592,53.78151260504202,100.0
C170,Chest,24,test/C170/Low_Dose/00000220.dcm,130.0,262144,20.455894470214844,1060,9.338063826650943,4.528301886792453,9.716981132075471,25.09433962264151,53.490566037735846,100.0,0,,,,,,,484,9.891100166257749,3.71900826446281,9.090909090909092,21.694214876033058,48.34710743801653,100.0,576,8.873360527886284,5.208333333333333,10.243055555555555,27.95138888888889,57.8125,100.0
C170,Chest,25,test/C170/Low_Dose/00000004.dcm,130.0,262144,20.721084594726562,1052,9.227369185182985,5.133079847908745,10.931558935361217,26.711026615969583,53.2319391634981,100.0,0,,,,,,,496,9.682230303364415,4.032258064516129,9.67741935483871,23.79032258064516,49.193548387096776,100.0,556,8.821594677383093,6.115107913669065,12.050359712230216,29.31654676258993,56.83453237410072,100.0
C170,Chest,26,test/C170/Low_Dose/00000124.dcm,130.0,262144,21.01399803161621,909,9.551079912678768,4.730473047304731,10.34103410341034,24.09240924092409,51.59515951595159,100.0,0,,,,,,,409,9.78168575221577,4.156479217603912,9.04645476772616,22.00488997555012,49.877750611246945,100.0,500,9.3624453125,5.2,11.4,25.8,53.0,100.0
C170,Chest,27,test/C170/Low_Dose/00000072.dcm,130.0,262144,21.138608932495117,889,9.446516451068616,4.386951631046119,9.111361079865016,26.88413948256468,52.08098987626547,100.0,0,,,,,,,399,10.170169075031328,2.255639097744361,5.764411027568922,23.05764411027569,46.61654135338346,100.0,490,8.857255460778061,6.122448979591836,11.83673469387755,30.0,56.53061224489796,100.0
C170,Chest,28,test/C170/Low_Dose/00000048.dcm,130.0,262144,21.437898635864258,963,9.575693227544132,4.984423676012461,9.241952232606438,25.02596053997923,52.02492211838006,100.0,0,,,,,,,450,10.112816840277778,3.7777777777777777,7.333333333333333,21.555555555555557,46.0,100.0,513,9.104533115557992,6.042884990253412,10.916179337231968,28.07017543859649,57.30994152046784,100.0
C170,Chest,29,test/C170/Low_Dose/00000316.dcm,130.0,262144,21.272375106811523,791,9.050034321665613,5.815423514538558,11.883691529709228,27.560050568900127,55.24652338811631,100.0,0,,,,,,,358,9.808068643069134,4.189944134078212,10.05586592178771,22.3463687150838,51.11731843575419,100.0,433,8.423300375288683,7.159353348729792,13.394919168591224,31.87066974595843,58.660508083140876,100.0
C170,Chest,30,test/C170/Low_Dose/00000063.dcm,130.0,262144,21.310997009277344,805,9.292817109860248,5.341614906832298,10.434782608695652,25.96273291925466,52.422360248447205,100.0,0,,,,,,,407,9.686291293957309,3.194103194103194,7.616707616707616,23.587223587223587,50.614250614250615,100.0,398,8.890445881752512,7.5376884422110555,13.316582914572864,28.391959798994975,54.2713567839196,100.0
C170,Chest,31,test/C170/Low_Dose/00000189.dcm,130.0,262144,21.26591682434082,769,9.464123074813068,5.851755526657997,11.443433029908972,23.927178153446032,51.495448634590375,100.0,0,,,,,,,413,10.012947137938863,5.084745762711864,8.716707021791768,20.581113801452783,47.699757869249396,100.0,356,8.827425495962078,6.741573033707865,14.606741573033707,27.808988764044944,55.89887640449438,100.0
C170,Chest,32,test/C170/Low_Dose/00000187.dcm,130.0,262144,20.766578674316406,820,9.159665586890243,3.7804878048780486,10.487804878048781,27.195121951219512,55.1219512195122,100.0,0,,,,,,,412,9.445599305976941,4.611650485436893,9.70873786407767,25.728155339805824,52.42718446601942,100.0,408,8.870928596047793,2.9411764705882355,11.27450980392157,28.676470588235293,57.84313725490196,100.0
C170,Chest,33,test/C170/Low_Dose/00000069.dcm,130.0,262144,21.069963455200195,898,8.797139802860523,6.570155902004454,12.249443207126948,29.732739420935413,58.351893095768375,100.0,0,,,,,,,446,8.911269662626122,6.502242152466367,11.883408071748878,30.94170403587444,56.95067264573991,100.0,452,8.684524941233407,6.6371681415929205,12.610619469026549,28.539823008849556,59.73451327433628,100.0
C170,Chest,34,test/C170/Low_Dose/00000128.dcm,130.0,262144,21.279043197631836,875,9.318485491071428,5.942857142857143,11.428571428571429,25.942857142857143,53.25714285714286,100.0,0,,,,,,,428,9.636288651796145,5.373831775700935,10.280373831775702,25.700934579439252,50.0,100.0,447,9.014190742100112,6.487695749440716,12.527964205816556,26.174496644295303,56.375838926174495,100.0
C170,Chest,35,test/C170/Low_Dose/00000146.dcm,130.0,262144,21.08812141418457,867,9.13384425461361,5.997693194925029,11.418685121107266,26.643598615916954,55.36332179930796,100.0,0,,,,,,,441,9.382050736961451,4.988662131519274,10.657596371882086,25.62358276643991,53.96825396825397,100.0,426,8.876896961194248,7.042253521126761,12.206572769953052,27.699530516431924,56.8075117370892,100.0
C170,Chest,36,test/C170/Low_Dose/00000011.dcm,130.0,262144,21.32179069519043,830,9.303714467243976,4.578313253012048,10.36144578313253,27.228915662650603,53.855421686746986,100.0,0,,,,,,,393,9.949566013637087,2.2900763358778624,7.888040712468193,22.646310432569976,49.87277353689567,100.0,437,8.722892569186213,6.636155606407323,12.585812356979405,31.35011441647597,57.4370709382151,100.0
C170,Chest,37,test/C170/Low_Dose/00000269.dcm,130.0,262144,21.139162063598633,853,9.419692903722158,6.096131301289566,10.668229777256741,25.79132473622509,52.52051582649472,100.0,0,,,,,,,456,9.67498993455318,5.2631578947368425,9.210526315789474,23.464912280701753,50.87719298245614,100.0,397,9.126455004329346,7.052896725440806,12.34256926952141,28.463476070528966,54.4080604534005,100.0
C170,Chest,38,test/C170/Low_Dose/00000345.dcm,130.0,262144,21.007057189941406,793,9.969057869640606,4.16141235813367,8.827238335435057,21.185372005044137,47.288776796973515,100.0,0,,,,,,,434,10.384739748343893,3.456221198156682,8.294930875576037,17.51152073732719,44.00921658986175,100.0,359,9.466533692766365,5.013927576601671,9.470752089136491,25.62674094707521,51.25348189415042,100.0
C170,Chest,39,test/C170/Low_Dose/00000049.dcm,130.0,262144,20.46230697631836,714,9.393732492997199,5.322128851540616,11.344537815126051,25.350140056022408,51.40056022408964,100.0,0,,,,,,,374,9.554462942847593,3.7433155080213902,9.62566844919786,24.331550802139038,50.26737967914438,100.0,340,9.216928998161764,7.0588235294117645,13.235294117647058,26.470588235294116,52.64705882352941,100.0
C170,Chest,40,test/C170/Low_Dose/00000357.dcm,130.0,262144,20.575353622436523,729,9.204613956404321,4.252400548696845,9.053497942386832,26.337448559670783,53.49794238683128,100.0,0,,,,,,,362,9.486225612914364,2.7624309392265194,6.906077348066298,27.07182320441989,51.93370165745856,100.0,367,8.926838305730586,5.722070844686648,11.1716621253406,25.61307901907357,55.0408719346049,100.0
C170,Chest,41,test/C170/Low_Dose/00000244.dcm,130.0,262144,20.263288497924805,694,9.306483024135447,3.7463976945244957,8.645533141210375,24.35158501440922,52.44956772334294,100.0,0,,,,,,,343,9.811663658208818,2.3323615160349855,4.664723032069971,20.11661807580175,49.56268221574344,100.0,351,8.812815783030628,5.128205128205129,12.535612535612536,28.49002849002849,55.27065527065527,100.0
C170,Chest,42,test/C170/Low_Dose/00000241.dcm,130.0,262144,20.198747634887695,692,9.238887367910044,5.057803468208093,9.248554913294798,24.85549132947977,52.456647398843934,100.0,0,,,,,,,350,9.470440150669642,3.7142857142857144,8.285714285714286,22.0,52.0,100.0,342,9.001918859649123,6.432748538011696,10.23391812865497,27.77777777777778,52.92397660818713,100.0
C170,Chest,43,test/C170/Low_Dose/00000009.dcm,130.0,262144,20.36859130859375,720,9.578765869140625,4.305555555555555,8.88888888888889,24.02777777777778,48.888888888888886,100.0,0,,,,,,,353,9.633416281205736,4.53257790368272,8.78186968838527,22.946175637393768,48.44192634560906,100.0,367,9.526200879172343,4.087193460490464,8.991825613079019,25.068119891008173,49.31880108991825,100.0
C170,Chest,44,test/C170/Low_Dose/00000216.dcm,130.0,262144,19.925735473632812,736,8.987183280613111,6.521739130434782,12.907608695652174,27.03804347826087,53.26086956521739,100.0,0,,,,,,,385,9.38880757913961,6.233766233766234,11.688311688311689,24.415584415584416,50.38961038961039,100.0,351,8.546655899439102,6.837606837606837,14.245014245014245,29.914529914529915,56.41025641025641,100.0
C170,Chest,45,test/C170/Low_Dose/00000185.dcm,130.0,262144,20.005210876464844,743,8.604762943724765,5.921938088829071,12.382234185733513,29.878869448183043,58.142664872139974,100.0,0,,,,,,,387,8.926395702115633,4.651162790697675,11.627906976744185,28.165374677002585,55.29715762273902,100.0,356,8.25512420997191,7.303370786516854,13.202247191011235,31.741573033707866,61.235955056179776,100.0
C170,Chest,46,test/C170/Low_Dose/00000116.dcm,130.0,262144,20.146562576293945,830,9.558916133283132,4.337349397590361,8.19277108433735,24.698795180722893,51.44578313253012,100.0,0,,,,,,,417,10.0091778139988,4.796163069544365,7.6738609112709835,22.302158273381295,47.721822541966425,100.0,413,9.104293564618644,3.87409200968523,8.716707021791768,27.11864406779661,55.205811138014525,100.0
C170,Chest,47,test/C170/Low_Dose/00000138.dcm,130.0,262144,19.86720085144043,843,8.919847735023724,5.338078291814947,10.794780545670225,27.75800711743772,56.109134045077106,100.0,0,,,,,,,422,9.437841912581458,5.213270142180095,10.189573459715639,23.933649289099527,52.60663507109005,100.0,421,8.400622587589073,5.463182897862233,11.401425178147269,31.59144893111639,59.61995249406176,100.0
C170,Chest,48,test/C170/Low_Dose/00000060.dcm,130.0,262144,19.631929397583008,777,8.85198605413449,4.890604890604891,10.424710424710424,25.74002574002574,56.37065637065637,100.0,0,,,,,,,426,9.091889717209508,4.225352112676056,11.267605633802816,23.708920187793428,54.225352112676056,100.0,351,8.560821620147792,5.698005698005698,9.401709401709402,28.205128205128204,58.97435897435897,100.0
C170,Chest,49,test/C170/Low_Dose/00000200.dcm,130.0,262144,19.635229110717773,798,8.777636841126252,5.137844611528822,9.147869674185463,28.07017543859649,57.393483709273184,100.0,0,,,,,,,437,8.982107900100115,4.805491990846682,8.009153318077804,24.94279176201373,55.60640732265446,100.0,361,8.530119243421053,5.54016620498615,10.526315789473685,31.85595567867036,59.556786703601105,100.0
C170,Chest,50,test/C170/Low_Dose/00000250.dcm,130.0,262144,19.123619079589844,729,8.707134398576818,5.6241426611796985,11.11111111111111,27.023319615912207,55.69272976680384,100.0,0,,,,,,,398,9.067979668852074,5.527638190954774,10.301507537688442,24.12060301507538,51.256281407035175,100.0,331,8.273248678247734,5.740181268882175,12.084592145015106,30.513595166163142,61.027190332326285,100.0
C170,Chest,51,test/C170/Low_Dose/00000275.dcm,130.0,262144,18.921899795532227,744,8.600106844338038,6.586021505376344,12.365591397849462,26.881720430107528,56.854838709677416,100.0,0,,,,,,,381,8.980329057988845,5.2493438320209975,9.448818897637794,24.409448818897637,53.805774278215225,100.0,363,8.201031309185606,7.988980716253444,15.426997245179063,29.47658402203857,60.05509641873278,100.0
C170,Chest,52,test/C170/Low_Dose/00000348.dcm,130.0,262144,19.252307891845703,610,8.717539702868853,5.901639344262295,9.836065573770492,25.24590163934426,57.21311475409836,100.0,0,,,,,,,326,9.12460308425997,3.6809815950920246,7.975460122699387,23.619631901840492,54.29447852760736,100.0,284,8.250276807328346,8.450704225352112,11.971830985915492,27.112676056338028,60.563380281690144,100.0
C170,Chest,53,test/C170/Low_Dose/00000127.dcm,130.0,262144,19.13772964477539,662,8.546228137981496,4.531722054380665,11.027190332326285,27.643504531722055,57.55287009063444,100.0,0,,,,,,,358,8.676341818697626,4.189944134078212,11.731843575418994,26.81564245810056,56.14525139664804,100.0,304,8.393002158717104,4.934210526315789,10.197368421052632,28.61842105263158,59.21052631578947,100.0
C170,Chest,54,test/C170/Low_Dose/00000131.dcm,130.0,262144,19.117969512939453,672,9.004499162946429,5.505952380952381,10.714285714285714,26.488095238095237,52.976190476190474,100.0,0,,,,,,,379,8.964057861972295,5.277044854881266,11.609498680738787,27.176781002638524,52.5065963060686,100.0,293,9.056808940379693,5.802047781569966,9.556313993174061,25.59726962457338,53.58361774744027,100.0
C170,Chest,55,test/C170/Low_Dose/00000308.dcm,130.0,262144,19.61032485961914,687,8.867308326510189,5.385735080058224,11.499272197962155,28.38427947598253,54.87627365356623,100.0,0,,,,,,,369,9.515323297764228,4.607046070460704,10.56910569105691,25.203252032520325,49.32249322493225,100.0,318,8.115366425904089,6.289308176100629,12.578616352201259,32.075471698113205,61.320754716981135,100.0
C170,Chest,56,test/C170/Low_Dose/00000110.dcm,130.0,262144,19.52855110168457,704,8.789403742009943,6.107954545454546,10.9375,28.125,55.68181818181818,100.0,0,,,,,,,361,9.380342013287743,5.8171745152354575,9.418282548476455,24.930747922437675,49.03047091412743,100.0,343,8.167453421100584,6.41399416909621,12.536443148688047,31.486880466472304,62.68221574344023,100.0
C170,Chest,57,test/C170/Low_Dose/00000315.dcm,130.0,262144,19.426279067993164,646,8.432571080446982,7.120743034055727,13.312693498452012,30.185758513931887,58.8235294117647,100.0,0,,,,,,,364,8.969230232657967,6.318681318681318,11.538461538461538,26.64835164835165,54.395604395604394,100.0,282,7.73986210383422,8.156028368794326,15.602836879432624,34.751773049645394,64.53900709219859,100.0
C170,Chest,58,test/C170/Low_Dose/00000259.dcm,130.0,262144,19.7454776763916,735,8.937051578443878,6.530612244897959,11.428571428571429,27.346938775510203,54.965986394557824,100.0,0,,,,,,,384,9.44839350382487,6.510416666666667,10.416666666666666,23.697916666666668,50.0,100.0,351,8.37763477118946,6.552706552706553,12.535612535612536,31.33903133903134,60.3988603988604,100.0
C170,Chest,59,test/C170/Low_Dose/00000180.dcm,130.0,262144,19.722734451293945,647,9.213757758162673,5.409582689335394,10.819165378670789,25.19319938176198,53.168469860896444,100.0,0,,,,,,,331,9.330162209686556,5.740181268882175,10.574018126888218,22.658610271903324,54.38066465256797,100.0,316,9.091827778876583,5.063291139240507,11.075949367088608,27.848101265822784,51.89873417721519,100.0
C170,Chest,60,test/C170/Low_Dose/00000176.dcm,130.0,262144,19.899940490722656,698,8.581463220809455,5.444126074498567,10.17191977077364,28.653295128939828,58.022922636103154,100.0,0,,,,,,,336,9.062908354259672,4.166666666666667,8.035714285714286,25.892857142857142,53.86904761904762,100.0,362,8.134597019595995,6.629834254143646,12.154696132596685,31.215469613259668,61.87845303867403,100.0
C170,Chest,61,test/C170/Low_Dose/00000182.dcm,130.0,262144,20.291519165039062,718,9.01211998389624,5.153203342618385,10.445682451253482,27.57660167130919,55.710306406685234,100.0,0,,,,,,,379,9.406780796503957,4.74934036939314,9.49868073878628,26.12137203166227,50.92348284960422,100.0,339,8.570891523783185,5.6047197640118,11.504424778761061,29.20353982300885,61.06194690265487,100.0
C170,Chest,62,test/C170/Low_Dose/00000190.dcm,130.0,262144,20.057878494262695,756,9.094497922867063,4.761904761904762,10.317460317460318,26.058201058201057,53.3068783068783,100.0,0,,,,,,,406,9.64132134197968,3.6945812807881775,8.866995073891626,21.67487684729064,48.76847290640394,100.0,350,8.460184151785715,6.0,12.0,31.142857142857142,58.57142857142857,100.0
C170,Chest,63,test/C170/Low_Dose/00000228.dcm,130.0,262144,20.235166549682617,818,9.02119427147005,5.990220048899755,11.98044009779951,27.506112469437653,54.034229828850854,100.0,0,,,,,,,429,9.371315696022727,6.0606060606060606,11.655011655011656,26.573426573426573,50.582750582750585,100.0,389,8.635070016267674,5.912596401028278,12.339331619537274,28.53470437017995,57.840616966580974,100.0
C170,Chest,64,test/C170/Low_Dose/00000174.dcm,130.0,262144,20.545833587646484,840,9.222817847842261,5.357142857142857,12.5,25.833333333333332,52.142857142857146,100.0,0,,,,,,,416,9.647744985727163,3.125,8.653846153846153,22.115384615384617,48.07692307692308,100.0,424,8.805908203125,7.547169811320755,16.27358490566038,29.4811320754717,56.132075471698116,100.0
C170,Chest,65,test/C170/Low_Dose/00000117.dcm,130.0,262144,20.30893898010254,918,8.844507421023964,4.57516339869281,11.328976034858387,27.886710239651418,56.31808278867102,100.0,0,,,,,,,505,9.279147973391089,3.366336633663366,9.900990099009901,25.14851485148515,52.07920792079208,100.0,413,8.313045621784202,6.053268765133172,13.075060532687651,31.234866828087167,61.50121065375303,100.0
C170,Chest,66,test/C170/Low_Dose/00000266.dcm,130.0,262144,20.151697158813477,895,9.113518025488826,5.139664804469274,11.955307262569832,27.48603351955307,54.18994413407821,100.0,0,,,,,,,470,9.495034075797872,4.8936170212765955,10.212765957446809,25.106382978723403,52.5531914893617,100.0,425,8.691606158088236,5.411764705882353,13.882352941176471,30.11764705882353,56.0,100.0
C170,Chest,67,test/C170/Low_Dose/00000062.dcm,130.0,262144,20.46880531311035,958,9.272375309890396,4.384133611691023,11.273486430062631,25.782881002087684,52.71398747390397,100.0,0,,,,,,,522,9.874891493055555,3.8314176245210727,9.003831417624522,22.60536398467433,46.934865900383144,100.0,436,8.551012511647075,5.045871559633028,13.990825688073395,29.587155963302752,59.63302752293578,100.0
C170,Chest,68,test/C170/Low_Dose/00000258.dcm,130.0,262144,20.137432098388672,945,9.076281415343916,5.185185185185185,11.005291005291005,26.666666666666668,53.333333333333336,100.0,0,,,,,,,523,9.507132827437859,4.397705544933078,9.369024856596559,23.518164435946463,49.521988527724666,100.0,422,8.542313272919134,6.161137440758294,13.033175355450236,30.56872037914692,58.056872037914694,100.0
C170,Chest,69,test/C170/Low_Dose/00000141.dcm,130.0,262144,20.039226531982422,824,8.856922927412015,6.189320388349515,11.650485436893204,29.368932038834952,56.310679611650485,100.0,0,,,,,,,467,9.33654288510439,5.56745182012848,11.13490364025696,27.194860813704498,52.46252676659529,100.0,357,8.229520226059174,7.002801120448179,12.324929971988796,32.212885154061624,61.34453781512605,100.0
C170,Chest,70,test/C170/Low_Dose/00000020.dcm,130.0,262144,20.255207061767578,775,9.239638356854838,4.387096774193548,9.419354838709678,25.419354838709676,51.74193548387097,100.0,0,,,,,,,401,9.857626441708229,4.987531172069826,8.728179551122194,21.945137157107233,46.63341645885287,100.0,374,8.577036158923796,3.7433155080213902,10.16042780748663,29.144385026737968,57.219251336898395,100.0
C170,Chest,71,test/C170/Low_Dose/00000310.dcm,130.0,262144,19.984647750854492,825,9.174602272727272,5.090909090909091,9.333333333333334,24.12121212121212,53.81818181818182,100.0,0,,,,,,,427,9.493565436548595,5.152224824355972,9.36768149882904,22.014051522248245,50.35128805620609,100.0,398,8.832399301193467,5.025125628140704,9.296482412060302,26.381909547738694,57.537688442211056,100.0
C170,Chest,72,test/C170/Low_Dose/00000195.dcm,130.0,262144,19.872432708740234,835,9.125901127432634,5.868263473053892,11.25748502994012,26.82634730538922,53.17365269461078,100.0,0,,,,,,,442,9.340842406674208,6.334841628959276,12.669683257918551,26.470588235294116,51.13122171945702,100.0,393,8.884159932609732,5.343511450381679,9.669211195928753,27.2264631043257,55.470737913486005,100.0
C170,Chest,73,test/C170/Low_Dose/00000311.dcm,130.0,262144,20.089595794677734,836,9.239381635017942,5.023923444976076,10.76555023923445,24.04306220095694,52.99043062200957,100.0,0,,,,,,,456,9.556465015076755,3.508771929824561,10.087719298245615,21.92982456140351,49.780701754385966,100.0,380,8.858880936472039,6.842105263157895,11.578947368421053,26.57894736842105,56.8421052631579,100.0
C170,Chest,74,test/C170/Low_Dose/00000282.dcm,130.0,262144,19.713661193847656,782,9.382374170796036,4.859335038363171,9.335038363171355,26.342710997442456,51.406649616368284,100.0,0,,,,,,,418,9.736800052332535,4.784688995215311,8.133971291866029,23.205741626794257,49.04306220095694,100.0,364,8.97536862551511,4.945054945054945,10.714285714285714,29.945054945054945,54.120879120879124,100.0
C170,Chest,75,test/C170/Low_Dose/00000209.dcm,130.0,262144,19.843753814697266,724,9.615839331189571,4.558011049723757,9.25414364640884,24.447513812154696,47.790055248618785,100.0,0,,,,,,,402,10.00265032260572,3.9800995024875623,8.955223880597014,21.890547263681594,44.27860696517413,100.0,322,9.132924713703416,5.279503105590062,9.627329192546584,27.63975155279503,52.17391304347826,100.0
C170,Chest,76,test/C170/Low_Dose/00000056.dcm,130.0,262144,19.979488372802734,695,9.224794851618705,5.467625899280575,10.79136690647482,24.892086330935253,52.51798561151079,100.0,0,,,,,,,376,9.578209410322474,4.787234042553192,10.106382978723405,21.54255319148936,49.734042553191486,100.0,319,8.808229452390282,6.269592476489028,11.598746081504702,28.84012539184953,55.79937304075235,100.0
C170,Chest,77,test/C170/Low_Dose/00000186.dcm,130.0,262144,19.88726234436035,674,9.586579365263352,5.489614243323442,8.308605341246292,21.958456973293767,50.89020771513353,100.0,0,,,,,,,385,9.809893719561689,4.675324675324675,7.532467532467533,20.51948051948052,49.09090909090909,100.0,289,9.289084464208477,6.57439446366782,9.342560553633218,23.875432525951556,53.28719723183391,100.0
C170,Chest,78,test/C170/Low_Dose/00000052.dcm,130.0,262144,19.891496658325195,703,9.337693367709814,6.116642958748222,10.241820768136558,23.75533428165007,50.071123755334284,100.0,0,,,,,,,396,9.789535984848484,6.818181818181818,10.353535353535353,21.96969696969697,45.2020202020202,100.0,307,8.754860545602606,5.2117263843648205,10.09771986970684,26.058631921824105,56.351791530944624,100.0
C170,Chest,79,test/C170/Low_Dose/00000035.dcm,130.0,262144,19.934894561767578,743,9.16277180770525,4.441453566621804,9.825033647375506,24.091520861372814,53.566621803499324,100.0,0,,,,,,,410,9.531877620045732,3.1707317073170733,7.560975609756097,21.951219512195124,50.48780487804878,100.0,333,8.708317203922673,6.006006006006006,12.612612612612613,26.726726726726728,57.35735735735736,100.0
C170,Chest,80,test/C170/Low_Dose/00000341.dcm,130.0,262144,19.58799171447754,688,9.167687704396803,4.796511627906977,9.883720930232558,25.1453488372093,53.05232558139535,100.0,0,,,,,,,383,9.214166785656005,5.7441253263707575,10.704960835509139,24.281984334203656,51.697127937336816,100.0,305,9.109322169569673,3.6065573770491803,8.852459016393443,26.229508196721312,54.75409836065574,100.0
C170,Chest,81,test/C170/Low_Dose/00000194.dcm,130.0,262144,19.312517166137695,772,8.64711559868847,6.7357512953367875,12.694300518134716,26.16580310880829,59.4559585492228,100.0,0,,,,,,,405,8.913851514274691,4.938271604938271,10.37037037037037,24.444444444444443,57.77777777777778,100.0,367,8.352761250425749,8.719346049046322,15.258855585831062,28.065395095367847,61.30790190735695,100.0
C170,Chest,82,test/C170/Low_Dose/00000212.dcm,130.0,262144,19.169410705566406,730,8.991883160316782,5.342465753424658,10.41095890410959,23.698630136986303,55.342465753424655,100.0,0,,,,,,,399,9.384208813048245,3.7593984962406015,7.268170426065163,20.80200501253133,52.63157894736842,100.0,331,8.518958884063444,7.2507552870090635,14.19939577039275,27.190332326283986,58.610271903323266,100.0
C170,Chest,83,test/C170/Low_Dose/00000136.dcm,130.0,262144,18.757139205932617,635,8.608110851377953,4.881889763779528,9.763779527559056,28.346456692913385,57.63779527559055,100.0,0,,,,,,,382,8.840356317490183,4.450261780104712,9.68586387434555,26.17801047120419,56.02094240837696,100.0,253,8.257446771553854,5.533596837944664,9.881422924901186,31.620553359683793,60.07905138339921,100.0
C170,Chest,84,test/C170/Low_Dose/00000118.dcm,130.0,262144,18.93269920349121,786,8.473433399928435,5.979643765903308,11.577608142493638,31.297709923664122,57.50636132315522,100.0,0,,,,,,,415,8.993060523343374,5.301204819277109,9.879518072289157,27.46987951807229,52.7710843373494,100.0,371,7.892179340043801,6.738544474393531,13.477088948787062,35.57951482479784,62.80323450134771,100.0
C170,Chest,85,test/C170/Low_Dose/00000292.dcm,130.0,262144,18.969234466552734,761,9.074728205075559,4.204993429697766,7.490144546649145,24.704336399474375,53.482260183968464,100.0,0,,,,,,,423,9.265531499335106,4.25531914893617,7.328605200945627,24.113475177304963,52.24586288416076,100.0,338,8.835940389238166,4.1420118343195265,7.6923076923076925,25.443786982248522,55.02958579881657,100.0
C170,Chest,86,test/C170/Low_Dose/00000235.dcm,130.0,262144,18.879878997802734,727,8.411006544446355,4.951856946354883,10.31636863823934,29.711141678129298,59.009628610729024,100.0,0,,,,,,,413,8.781396602602905,3.6319612590799033,8.474576271186441,27.11864406779661,55.205811138014525,100.0,314,7.923837455214968,6.687898089171974,12.738853503184714,33.12101910828026,64.01273885350318,100.0
C170,Chest,87,test/C170/Low_Dose/00000057.dcm,130.0,262144,18.916641235351562,668,8.866219709019461,6.137724550898204,10.32934131736527,25.59880239520958,54.790419161676645,100.0,0,,,,,,,374,9.074515113218583,5.080213903743315,8.556149732620321,23.529411764705884,53.20855614973262,100.0,294,8.601245283269558,7.482993197278912,12.585034013605442,28.231292517006803,56.802721088435376,100.0
C170,Chest,88,test/C170/Low_Dose/00000121.dcm,130.0,262144,19.22687530517578,670,8.66881194612873,4.925373134328358,10.597014925373134,26.865671641791046,57.61194029850746,100.0,0,,,,,,,365,8.731379093535958,5.7534246575342465,9.863013698630137,27.397260273972602,57.534246575342465,100.0,305,8.593935706967214,3.9344262295081966,11.475409836065573,26.229508196721312,57.704918032786885,100.0
C170,Chest,89,test/C170/Low_Dose/00000029.dcm,130.0,262144,19.210205078125,657,8.896129869434931,4.41400304414003,10.197869101978691,27.549467275494674,54.18569254185692,100.0,0,,,,,,,344,9.43851133834484,4.069767441860465,8.13953488372093,22.674418604651162,49.127906976744185,100.0,313,8.300030888079073,4.792332268370607,12.460063897763579,32.9073482428115,59.7444089456869,100.0
C170,Chest,90,test/C170/Low_Dose/00000330.dcm,130.0,262144,19.44158172607422,605,8.845877453512397,4.958677685950414,12.561983471074381,26.611570247933884,55.20661157024794,100.0,0,,,,,,,335,9.480634911380598,1.791044776119403,9.850746268656716,22.08955223880597,50.44776119402985,100.0,270,8.058308919270834,8.88888888888889,15.925925925925926,32.22222222222222,61.111111111111114,100.0
C170,Chest,91,test/C170/Low_Dose/00000277.dcm,130.0,262144,20.013063430786133,629,9.035616585105325,4.292527821939586,8.267090620031796,26.55007949125596,55.32591414944356,100.0,0,,,,,,,350,9.320551060267857,2.857142857142857,6.0,24.857142857142858,53.714285714285715,100.0,279,8.678171903001791,6.093189964157706,11.11111111111111,28.67383512544803,57.34767025089606,100.0
C170,Chest,92,test/C170/Low_Dose/00000276.dcm,130.0,262144,20.017662048339844,714,9.33977946647409,5.602240896358543,8.96358543417367,25.49019607843137,51.40056022408964,100.0,0,,,,,,,394,9.318922633447018,4.822335025380711,8.375634517766498,25.888324873096447,51.776649746192895,100.0,320,9.365458679199218,6.5625,9.6875,25.0,50.9375,100.0
C170,Chest,93,test/C170/Low_Dose/00000326.dcm,130.0,262144,20.05774688720703,692,8.946828853188222,4.76878612716763,9.248554913294798,27.3121387283237,55.202312138728324,100.0,0,,,,,,,393,9.318395405931934,2.2900763358778624,6.870229007633588,23.66412213740458,53.43511450381679,100.0,299,8.458448735367893,8.02675585284281,12.37458193979933,32.10702341137124,57.525083612040135,100.0
C170,Chest,94,test/C170/Low_Dose/00000233.dcm,130.0,262144,20.546772003173828,814,9.791649070945946,3.6855036855036856,9.090909090909092,23.832923832923832,49.385749385749385,100.0,0,,,,,,,455,10.308746136675824,3.076923076923077,8.571428571428571,21.318681318681318,44.395604395604394,100.0,359,9.136274672484332,4.456824512534819,9.749303621169917,27.01949860724234,55.710306406685234,100.0
C170,Chest,95,test/C170/Low_Dose/00000163.dcm,130.0,262144,20.407426834106445,899,9.515666278503893,5.005561735261401,8.453837597330367,23.35928809788654,52.39154616240267,100.0,0,,,,,,,510,10.006855085784315,3.9215686274509802,6.470588235294118,20.0,48.627450980392155,100.0,389,8.871691235539846,6.426735218508997,11.053984575835475,27.763496143958868,57.326478149100254,100.0
C170,Chest,96,test/C170/Low_Dose/00000067.dcm,130.0,262144,20.510032653808594,973,9.604541366906474,4.830421377183967,10.071942446043165,24.46043165467626,50.66803699897225,100.0,0,,,,,,,555,9.84976245777027,3.963963963963964,8.108108108108109,23.423423423423422,47.747747747747745,100.0,418,9.278948770185407,5.980861244019139,12.679425837320574,25.83732057416268,54.54545454545455,100.0
C170,Chest,97,test/C170/Low_Dose/00000034.dcm,130.0,262144,20.5609188079834,951,9.583899143993165,4.206098843322818,8.622502628811777,23.133543638275498,50.78864353312303,100.0,0,,,,,,,556,10.131261592288668,3.9568345323741005,7.374100719424461,19.964028776978417,46.0431654676259,100.0,395,8.813435769382911,4.556962025316456,10.379746835443038,27.59493670886076,57.46835443037975,100.0
C170,Chest,98,test/C170/Low_Dose/00000143.dcm,130.0,262144,20.284852981567383,854,9.380000022870316,4.566744730679157,10.304449648711945,26.463700234192036,52.2248243559719,100.0,0,,,,,,,516,9.5502683654312,4.069767441860465,9.30232558139535,26.356589147286822,50.775193798449614,100.0,338,9.120063736593934,5.325443786982248,11.834319526627219,26.62721893491124,54.437869822485204,100.0
C170,Chest,99,test/C170/Low_Dose/00000017.dcm,130.0,262144,20.225725173950195,915,9.32572575136612,5.7923497267759565,10.382513661202186,25.683060109289617,52.240437158469945,100.0,0,,,,,,,512,9.353853225708008,5.2734375,9.765625,24.8046875,52.5390625,100.0,403,9.289991809475806,6.451612903225806,11.166253101736972,26.799007444168733,51.86104218362283,100.0
C170,Chest,100,test/C170/Low_Dose/00000355.dcm,130.0,262144,20.04426383972168,807,9.309589069276642,4.708798017348204,10.90458488228005,25.278810408921935,50.92936802973978,100.0,0,,,,,,,467,9.441272417023555,4.0685224839400425,10.06423982869379,23.768736616702355,50.32119914346895,100.0,340,9.128718118106617,5.588235294117647,12.058823529411764,27.352941176470587,51.76470588235294,100.0
C170,Chest,101,test/C170/Low_Dose/00000044.dcm,130.0,262144,19.58544158935547,720,8.93555908203125,5.0,11.11111111111111,26.805555555555557,55.55555555555556,100.0,0,,,,,,,410,9.486971227134147,4.146341463414634,8.78048780487805,21.951219512195124,50.73170731707317,100.0,310,8.20627205141129,6.129032258064516,14.193548387096774,33.225806451612904,61.935483870967744,100.0
C170,Chest,102,test/C170/Low_Dose/00000329.dcm,130.0,262144,19.25086784362793,636,9.131659357802674,2.9874213836477987,8.962264150943396,24.842767295597483,53.301886792452834,100.0,0,,,,,,,376,9.51408094040891,2.127659574468085,7.180851063829787,23.138297872340427,49.202127659574465,100.0,260,8.578618915264423,4.230769230769231,11.538461538461538,27.307692307692307,59.23076923076923,100.0
C170,Chest,103,test/C170/Low_Dose/00000331.dcm,130.0,262144,19.256580352783203,630,9.190683903769841,4.444444444444445,9.523809523809524,25.714285714285715,52.857142857142854,100.0,0,,,,,,,365,9.513302654109589,3.5616438356164384,7.397260273972603,22.73972602739726,51.50684931506849,100.0,265,8.746322228773584,5.660377358490566,12.452830188679245,29.81132075471698,54.716981132075475,100.0
C170,Chest,104,test/C170/Low_Dose/00000088.dcm,130.0,262144,19.045692443847656,599,8.921921464159015,5.676126878130217,9.68280467445743,25.208681135225376,54.924874791318864,100.0,0,,,,,,,344,9.406568660292514,4.3604651162790695,7.558139534883721,21.802325581395348,50.2906976744186,100.0,255,8.268123851102942,7.450980392156863,12.549019607843137,29.80392156862745,61.1764705882353,100.0
C170,Chest,105,test/C170/Low_Dose/00000008.dcm,130.0,262144,18.67246437072754,564,8.631314757867909,5.49645390070922,11.52482269503546,28.19148936170213,56.91489361702128,100.0,0,,,,,,,309,8.972544055926376,4.53074433656958,10.679611650485437,26.21359223300971,54.045307443365694,100.0,255,8.217825137867647,6.666666666666667,12.549019607843137,30.58823529411765,60.3921568627451,100.0
C170,Chest,106,test/C170/Low_Dose/00000236.dcm,130.0,262144,18.772531509399414,602,8.907118686409884,4.651162790697675,9.30232558139535,24.25249169435216,54.651162790697676,100.0,0,,,,,,,351,9.184676732772436,5.698005698005698,9.116809116809117,23.931623931623932,49.857549857549856,100.0,251,8.518980717753983,3.187250996015936,9.56175298804781,24.701195219123505,61.354581673306775,100.0
C170,Chest,107,test/C170/Low_Dose/00000081.dcm,130.0,262144,18.379850387573242,603,8.712244441853233,5.472636815920398,10.613598673300165,24.70978441127695,57.04809286898839,100.0,0,,,,,,,344,8.890627838844477,4.651162790697675,8.430232558139535,22.093023255813954,55.81395348837209,100.0,259,8.475320116433398,6.563706563706564,13.513513513513514,28.185328185328185,58.68725868725869,100.0
C170,Chest,108,test/C170/Low_Dose/00000064.dcm,130.0,262144,18.400331497192383,569,8.61741576504833,4.569420035149385,10.193321616871705,27.943760984182777,55.71177504393673,100.0,0,,,,,,,293,8.816036289462458,4.09556313993174,10.580204778156997,26.962457337883958,53.24232081911263,100.0,276,8.406561367753623,5.072463768115942,9.782608695652174,28.985507246376812,58.333333333333336,100.0
C170,Chest,109,test/C170/Low_Dose/00000295.dcm,130.0,262144,18.86077880859375,570,8.952337753563597,3.508771929824561,8.947368421052632,27.894736842105264,54.03508771929825,100.0,0,,,,,,,323,9.320282265866872,3.0959752321981426,9.597523219814242,25.386996904024766,52.01238390092879,100.0,247,8.471178556743421,4.048582995951417,8.097165991902834,31.17408906882591,56.68016194331984,100.0
C170,Chest,110,test/C170/Low_Dose/00000274.dcm,130.0,262144,18.678993225097656,610,8.61178919057377,6.065573770491803,11.967213114754099,28.688524590163933,56.0655737704918,100.0,0,,,,,,,353,8.797088017882436,4.81586402266289,10.19830028328612,27.195467422096318,54.67422096317281,100.0,257,8.35727273072714,7.782101167315175,14.396887159533074,30.739299610894943,57.976653696498055,100.0
C170,Chest,111,test/C170/Low_Dose/00000154.dcm,130.0,262144,18.394683837890625,614,8.406289762316776,7.328990228013029,13.680781758957655,28.501628664495115,57.817589576547235,100.0,0,,,,,,,345,8.511374122509057,6.666666666666667,13.623188405797102,28.115942028985508,57.391304347826086,100.0,269,8.271515232922862,8.178438661710038,13.754646840148698,28.99628252788104,58.36431226765799,100.0
C170,Chest,112,test/C170/Low_Dose/00000255.dcm,130.0,262144,18.2972354888916,603,8.082745452425373,6.633499170812604,11.11111111111111,28.68988391376451,61.19402985074627,100.0,0,,,,,,,328,8.23571181878811,4.2682926829268295,9.451219512195122,27.134146341463413,60.97560975609756,100.0,275,7.9002982954545455,9.454545454545455,13.090909090909092,30.545454545454547,61.45454545454545,100.0
C170,Chest,113,test/C170/Low_Dose/00000306.dcm,130.0,262144,17.942466735839844,536,8.181906628964553,4.664179104477612,9.888059701492537,28.544776119402986,60.44776119402985,100.0,0,,,,,,,283,8.333804935954063,4.946996466431095,9.540636042402827,26.501766784452297,59.71731448763251,100.0,253,8.01199763000247,4.3478260869565215,10.276679841897232,30.8300395256917,61.26482213438735,100.0
C170,Chest,114,test/C170/Low_Dose/00000066.dcm,130.0,262144,17.727712631225586,564,8.274329219304079,6.205673758865248,11.52482269503546,27.836879432624112,61.170212765957444,100.0,0,,,,,,,299,8.783857977111204,3.3444816053511706,8.02675585284281,23.745819397993312,58.19397993311037,100.0,265,7.699427421137972,9.433962264150944,15.471698113207546,32.45283018867924,64.52830188679245,100.0
C170,Chest,115,test/C170/Low_Dose/00000028.dcm,130.0,262144,17.505874633789062,526,8.079610266159696,4.182509505703422,10.64638783269962,27.566539923954373,63.11787072243346,100.0,0,,,,,,,258,8.424132827640504,3.10077519379845,9.689922480620154,25.58139534883721,58.52713178294574,100.0,268,7.747943024137127,5.223880597014926,11.567164179104477,29.47761194029851,67.53731343283582,100.0
C170,Chest,116,test/C170/Low_Dose/00000242.dcm,130.0,262144,17.015016555786133,500,7.75578515625,5.4,11.4,30.8,65.0,100.0,0,,,,,,,267,8.049537687265918,4.868913857677903,10.112359550561798,28.46441947565543,61.79775280898876,100.0,233,7.419166925127414,6.008583690987124,12.875536480686696,33.47639484978541,68.6695278969957,100.0
C170,Chest,117,test/C170/Low_Dose/00000344.dcm,130.0,262144,17.01023292541504,496,7.563870337701613,6.653225806451613,13.10483870967742,30.64516129032258,66.33064516129032,100.0,0,,,,,,,261,7.757463594049329,5.363984674329502,10.344827586206897,29.118773946360154,64.75095785440612,100.0,235,7.34885877244016,8.085106382978724,16.170212765957448,32.340425531914896,68.08510638297872,100.0
C170,Chest,118,test/C170/Low_Dose/00000192.dcm,130.0,262144,17.16034698486328,509,7.888010920616405,4.911591355599215,10.216110019646365,30.844793713163064,64.24361493123772,100.0,0,,,,,,,267,8.114437031835205,5.2434456928838955,9.737827715355806,28.83895131086142,60.674157303370784,100.0,242,7.638194691051137,4.545454545454546,10.743801652892563,33.05785123966942,68.18181818181819,100.0
C170,Chest,119,test/C170/Low_Dose/00000087.dcm,130.0,262144,17.34476661682129,487,8.473495452066222,5.95482546201232,10.677618069815194,24.229979466119097,58.31622176591376,100.0,0,,,,,,,267,8.942824460147472,3.745318352059925,7.865168539325842,20.224719101123597,56.17977528089887,100.0,220,7.903900701349432,8.636363636363637,14.090909090909092,29.09090909090909,60.90909090909091,100.0
C170,Chest,120,test/C170/Low_Dose/00000253.dcm,130.0,262144,17.280887603759766,496,8.288068217615928,5.040322580645161,10.28225806451613,28.225806451612904,59.475806451612904,100.0,0,,,,,,,270,8.17164894386574,5.185185185185185,11.481481481481481,31.11111111111111,58.888888888888886,100.0,226,8.427153730814435,4.867256637168142,8.849557522123893,24.778761061946902,60.176991150442475,100.0
C170,Chest,121,test/C170/Low_Dose/00000026.dcm,130.0,262144,17.479448318481445,467,8.334930615966273,5.353319057815845,10.920770877944326,26.76659528907923,59.314775160599574,100.0,0,,,,,,,261,8.35544442947797,3.8314176245210727,9.195402298850574,27.586206896551722,59.00383141762452,100.0,206,8.308939220835862,7.281553398058253,13.106796116504855,25.728155339805824,59.70873786407767,100.0
C170,Chest,122,test/C170/Low_Dose/00000082.dcm,130.0,262144,17.33536148071289,447,7.662252473084452,7.382550335570469,13.870246085011185,31.767337807606264,65.32438478747204,100.0,0,,,,,,,230,8.131773310122282,6.086956521739131,11.73913043478261,29.130434782608695,61.73913043478261,100.0,217,7.164603659634216,8.755760368663594,16.129032258064516,34.56221198156682,69.12442396313364,100.0
C170,Chest,123,test/C170/Low_Dose/00000171.dcm,130.0,262144,17.543731689453125,444,8.214788763372749,5.405405405405405,11.26126126126126,28.82882882882883,59.009009009009006,100.0,0,,,,,,,248,8.435914070375505,5.241935483870968,11.290322580645162,26.20967741935484,57.25806451612903,100.0,196,7.93499755859375,5.612244897959184,11.224489795918368,32.142857142857146,61.224489795918366,100.0
C170,Chest,124,test/C170/Low_Dose/00000070.dcm,130.0,262144,17.81679916381836,485,8.32771373630799,5.360824742268041,11.1340206185567,28.24742268041237,58.96907216494845,100.0,0,,,,,,,256,8.619056701660156,4.296875,10.15625,25.0,56.25,100.0,229,8.002020290324781,6.550218340611353,12.22707423580786,31.87772925764192,62.00873362445415,100.0
C170,Chest,125,test/C170/Low_Dose/00000147.dcm,130.0,262144,17.739465713500977,504,8.106670076884921,7.341269841269841,13.293650793650794,30.158730158730158,59.523809523809526,100.0,0,,,,,,,267,8.411148357034175,6.741573033707865,11.985018726591761,27.715355805243444,58.052434456928836,100.0,237,7.7636507573510025,8.016877637130802,14.767932489451477,32.91139240506329,61.18143459915612,100.0
C170,Chest,126,test/C170/Low_Dose/00000262.dcm,130.0,262144,18.3397274017334,589,8.582591654286928,4.584040747028863,10.356536502546689,27.164685908319186,56.87606112054329,100.0,0,,,,,,,311,9.096558009696544,3.215434083601286,7.717041800643087,22.829581993569132,54.01929260450161,100.0,278,8.007615782374101,6.115107913669065,13.309352517985612,32.014388489208635,60.07194244604317,100.0
C170,Chest,127,test/C170/Low_Dose/00000278.dcm,130.0,262144,18.673351287841797,605,8.797837035123967,4.132231404958677,9.75206611570248,26.115702479338843,56.85950413223141,100.0,0,,,,,,,317,8.784443082117507,4.73186119873817,10.410094637223974,24.605678233438486,58.04416403785489,100.0,288,8.812579684787327,3.4722222222222223,9.027777777777779,27.77777777777778,55.55555555555556,100.0
C170,Chest,128,test/C170/Low_Dose/00000318.dcm,130.0,262144,18.68560028076172,638,8.490868069161442,4.545454545454546,11.598746081504702,29.937304075235108,56.89655172413793,100.0,0,,,,,,,331,8.77455641639917,3.0211480362537766,9.365558912386707,28.09667673716012,55.89123867069486,100.0,307,8.185001336013844,6.188925081433225,14.006514657980455,31.921824104234528,57.98045602605863,100.0
C170,Chest,129,test/C170/Low_Dose/00000135.dcm,130.0,262144,19.05097770690918,725,8.888021282327585,4.827586206896552,10.344827586206897,24.82758620689655,55.310344827586206,100.0,0,,,,,,,397,9.207085366813603,4.030226700251889,9.571788413098236,22.418136020151135,51.63727959697733,100.0,328,8.50183700933689,5.7926829268292686,11.28048780487805,27.74390243902439,59.75609756097561,100.0
C170,Chest,130,test/C170/Low_Dose/00000109.dcm,130.0,262144,19.242101669311523,744,9.044457220262096,4.56989247311828,9.67741935483871,24.865591397849464,54.30107526881721,100.0,0,,,,,,,419,9.54871683416617,3.818615751789976,7.398568019093079,22.673031026252982,50.11933174224344,100.0,325,8.394349459134615,5.538461538461538,12.615384615384615,27.692307692307693,59.69230769230769,100.0
C170,Chest,131,test/C170/Low_Dose/00000120.dcm,130.0,262144,18.821367263793945,868,8.923204835109447,4.377880184331797,10.368663594470046,24.078341013824886,55.29953917050691,100.0,0,,,,,,,478,9.241821799816945,4.184100418410042,9.205020920502092,23.01255230125523,52.09205020920502,100.0,390,8.53269543770032,4.615384615384615,11.794871794871796,25.384615384615383,59.23076923076923,100.0
C170,Chest,132,test/C170/Low_Dose/00000335.dcm,130.0,262144,18.8222599029541,919,8.902870817464635,4.461371055495103,9.466811751904244,24.374319912948856,55.71273122959739,100.0,0,,,,,,,509,8.931066966478388,4.518664047151277,10.019646365422396,24.165029469548134,55.99214145383104,100.0,410,8.86786513910061,4.390243902439025,8.78048780487805,24.634146341463413,55.36585365853659,100.0
C170,Chest,133,test/C170/Low_Dose/00000101.dcm,130.0,262144,18.642805099487305,1014,8.875104012573965,4.536489151873767,9.072978303747535,23.767258382642996,56.50887573964497,100.0,0,,,,,,,588,9.267704347363946,4.081632653061225,6.9727891156462585,22.959183673469386,52.72108843537415,100.0,426,8.333202666519954,5.164319248826291,11.971830985915492,24.88262910798122,61.737089201877936,100.0
C170,Chest,134,test/C170/Low_Dose/00000217.dcm,130.0,262144,18.77198028564453,1114,8.734485455004489,5.745062836624776,9.784560143626571,25.942549371633753,56.46319569120287,100.0,0,,,,,,,630,8.79775390625,6.825396825396825,10.634920634920634,26.03174603174603,55.23809523809524,100.0,484,8.652132901278408,4.338842975206612,8.677685950413224,25.826446280991735,58.05785123966942,100.0
C170,Chest,135,test/C170/Low_Dose/00000071.dcm,130.0,262144,18.44418716430664,1025,8.498003048780488,5.853658536585366,10.341463414634147,26.341463414634145,60.292682926829265,100.0,0,,,,,,,611,8.755323943842063,5.237315875613748,9.00163666121113,23.567921440261866,58.756137479541735,100.0,414,8.118236597033514,6.763285024154589,12.318840579710145,30.434782608695652,62.56038647342995,100.0
C170,Chest,136,test/C170/Low_Dose/00000045.dcm,130.0,262144,18.7071590423584,1035,8.774362167874395,4.3478260869565215,9.27536231884058,24.92753623188406,55.94202898550725,100.0,0,,,,,,,588,8.895618257068453,4.761904761904762,8.673469387755102,23.299319727891156,54.76190476190476,100.0,447,8.614856421280761,3.8031319910514543,10.06711409395973,27.069351230425056,57.49440715883669,100.0
C170,Chest,137,test/C170/Low_Dose/00000065.dcm,130.0,262144,18.572723388671875,854,8.347187408518735,6.674473067915691,12.997658079625293,28.10304449648712,59.71896955503513,100.0,0,,,,,,,479,8.65070459290188,5.427974947807933,11.064718162839249,25.052192066805844,57.20250521920668,100.0,375,7.95949609375,8.266666666666667,15.466666666666667,32.0,62.93333333333333,100.0
C170,Chest,138,test/C170/Low_Dose/00000219.dcm,130.0,262144,18.49041175842285,792,8.54296751696654,5.303030303030303,11.363636363636363,29.04040404040404,57.07070707070707,100.0,0,,,,,,,431,8.64070543612239,4.176334106728539,10.904872389791183,28.53828306264501,55.45243619489559,100.0,361,8.426276294148199,6.648199445983379,11.911357340720222,29.6398891966759,59.00277008310249,100.0
C170,Chest,139,test/C170/Low_Dose/00000333.dcm,130.0,262144,18.6799259185791,770,8.763870992288961,5.714285714285714,10.38961038961039,26.233766233766232,54.935064935064936,100.0,0,,,,,,,427,8.923712629903395,6.0889929742388755,11.007025761124122,25.761124121779858,51.522248243559716,100.0,343,8.564885175610423,5.247813411078718,9.620991253644315,26.82215743440233,59.183673469387756,100.0
C170,Chest,140,test/C170/Low_Dose/00000230.dcm,130.0,262144,18.689517974853516,662,8.749614243060801,4.682779456193353,9.365558912386707,24.924471299093657,56.646525679758305,100.0,0,,,,,,,376,8.909836789394946,3.4574468085106385,7.712765957446808,23.404255319148938,56.38297872340426,100.0,286,8.538972014313812,6.293706293706293,11.538461538461538,26.923076923076923,56.99300699300699,100.0
C170,Chest,141,test/C170/Low_Dose/00000218.dcm,130.0,262144,18.91649055480957,585,8.784819878472222,4.786324786324786,9.23076923076923,24.444444444444443,57.60683760683761,100.0,0,,,,,,,317,9.234199403588327,3.7854889589905363,7.255520504731861,20.189274447949526,54.25867507886435,100.0,268,8.253277678987873,5.970149253731344,11.567164179104477,29.47761194029851,61.56716417910448,100.0
C170,Chest,142,test/C170/Low_Dose/00000007.dcm,130.0,262144,18.896841049194336,516,8.706024406492247,5.813953488372093,9.689922480620154,25.1937984496124,56.78294573643411,100.0,0,,,,,,,281,8.979653789479537,4.270462633451957,8.540925266903914,24.91103202846975,53.736654804270465,100.0,235,8.378833527260639,7.659574468085107,11.063829787234043,25.53191489361702,60.42553191489362,100.0
C170,Chest,143,test/C170/Low_Dose/00000104.dcm,130.0,262144,19.167713165283203,506,8.635487432065217,7.509881422924901,13.636363636363637,28.656126482213438,54.74308300395257,100.0,0,,,,,,,281,8.970127960965302,7.117437722419929,11.03202846975089,27.04626334519573,51.245551601423486,100.0,225,8.217560221354166,8.0,16.88888888888889,30.666666666666668,59.111111111111114,100.0
C170,Chest,144,test/C170/Low_Dose/00000073.dcm,130.0,262144,19.50626564025879,567,8.892571235670195,6.349206349206349,12.522045855379188,27.160493827160494,55.55555555555556,100.0,0,,,,,,,310,9.068653131300403,7.419354838709677,12.580645161290322,25.161290322580644,52.58064516129032,100.0,257,8.68017578125,5.058365758754864,12.45136186770428,29.571984435797667,59.143968871595334,100.0
C170,Chest,145,test/C170/Low_Dose/00000113.dcm,130.0,262144,19.890575408935547,537,9.30604504917365,5.58659217877095,11.731843575418994,24.20856610800745,51.21042830540037,100.0,0,,,,,,,313,9.378414848742013,4.472843450479234,10.223642172523961,21.72523961661342,51.43769968051118,100.0,224,9.204921177455358,7.142857142857143,13.839285714285714,27.678571428571427,50.892857142857146,100.0
C170,Chest,146,test/C170/Low_Dose/00000114.dcm,130.0,262144,19.84091567993164,631,9.202371298038827,5.54675118858954,11.09350237717908,23.93026941362916,52.77337559429477,100.0,0,,,,,,,327,9.804347047018348,5.198776758409786,10.091743119266056,20.795107033639145,46.788990825688074,100.0,304,8.554852937397204,5.921052631578948,12.171052631578947,27.30263157894737,59.21052631578947,100.0
C170,Chest,147,test/C170/Low_Dose/00000003.dcm,130.0,262144,19.624011993408203,539,8.814777437963821,5.565862708719852,12.059369202226344,28.200371057513916,55.28756957328386,100.0,0,,,,,,,295,9.16870199947034,4.745762711864407,11.525423728813559,25.76271186440678,50.847457627118644,100.0,244,8.38687584048412,6.557377049180328,12.704918032786885,31.147540983606557,60.65573770491803,100.0
C170,Chest,148,test/C170/Low_Dose/00000207.dcm,130.0,262144,19.689666748046875,527,9.12181273719165,4.743833017077799,12.144212523719165,25.996204933586338,52.182163187855785,100.0,0,,,,,,,300,9.367349446614583,3.0,10.333333333333334,23.333333333333332,51.666666666666664,100.0,227,8.797315421083425,7.048458149779735,14.537444933920705,29.515418502202643,52.863436123348016,100.0
C170,Chest,149,test/C170/Low_Dose/00000204.dcm,130.0,262144,19.100082397460938,549,8.680640938069217,4.918032786885246,10.382513661202186,26.958105646630237,57.377049180327866,100.0,0,,,,,,,296,8.881976153399494,5.743243243243243,11.14864864864865,27.364864864864863,53.04054054054054,100.0,253,8.445086694046443,3.952569169960474,9.486166007905139,26.48221343873518,62.45059288537549,100.0
C170,Chest,150,test/C170/Low_Dose/00000243.dcm,130.0,262144,19.10439682006836,599,9.037075953411936,3.8397328881469117,9.68280467445743,25.709515859766277,52.086811352253754,100.0,0,,,,,,,335,9.50873586170709,4.17910447761194,8.35820895522388,22.686567164179106,47.76119402985075,100.0,264,8.438567190459281,3.409090909090909,11.363636363636363,29.545454545454547,57.57575757575758,100.0
C170,Chest,151,test/C170/Low_Dose/00000123.dcm,130.0,262144,18.96040153503418,559,8.805319907200358,4.293381037567084,10.554561717352415,28.443649373881932,56.35062611806798,100.0,0,,,,,,,309,9.149289226840615,4.53074433656958,9.385113268608414,27.508090614886733,52.750809061488674,100.0,250,8.3801728515625,4.0,12.0,29.6,60.8,100.0
C170,Chest,152,test/C170/Low_Dose/00000089.dcm,130.0,262144,18.742733001708984,575,8.246886039402174,7.478260869565218,13.043478260869565,30.956521739130434,59.130434782608695,100.0,0,,,,,,,297,8.526807791456228,6.0606060606060606,10.1010101010101,27.272727272727273,58.24915824915825,100.0,278,7.947832944581834,8.992805755395683,16.18705035971223,34.89208633093525,60.07194244604317,100.0
C170,Chest,153,test/C170/Low_Dose/00000043.dcm,130.0,262144,18.630659103393555,591,8.39326551924704,4.906937394247039,10.998307952622673,29.103214890016922,59.390862944162436,100.0,0,,,,,,,328,8.61627197265625,4.878048780487805,10.975609756097562,28.048780487804876,57.31707317073171,100.0,263,8.11514340244772,4.942965779467681,11.02661596958175,30.418250950570343,61.97718631178707,100.0
C170,Chest,154,test/C170/Low_Dose/00000181.dcm,130.0,262144,18.63058090209961,665,8.371690701362782,7.669172932330827,12.330827067669173,28.872180451127818,59.24812030075188,100.0,0,,,,,,,379,8.567090359086412,8.70712401055409,13.192612137203167,27.176781002638524,56.72823218997362,100.0,286,8.11275199409965,6.293706293706293,11.188811188811188,31.11888111888112,62.58741258741259,100.0
C170,Chest,155,test/C170/Low_Dose/00000354.dcm,130.0,262144,18.507089614868164,628,8.68261329991043,4.45859872611465,8.9171974522293,26.273885350318473,56.36942675159236,100.0,0,,,,,,,371,8.866922959484501,4.8517520215633425,8.89487870619946,25.336927223719677,54.716981132075475,100.0,257,8.416547604571985,3.8910505836575875,8.949416342412452,27.626459143968873,58.75486381322957,100.0
C170,Chest,156,test/C170/Low_Dose/00000137.dcm,130.0,262144,18.679380416870117,669,8.55572829082586,5.9790732436472345,11.509715994020926,28.849028400597906,56.35276532137519,100.0,0,,,,,,,365,8.88265598244863,5.205479452054795,10.684931506849315,26.301369863013697,53.15068493150685,100.0,304,8.163199976870889,6.907894736842105,12.5,31.907894736842106,60.19736842105263,100.0
C170,Chest,157,test/C170/Low_Dose/00000097.dcm,130.0,262144,18.7164249420166,915,8.493859396345629,6.0109289617486334,11.03825136612022,27.540983606557376,56.939890710382514,100.0,0,,,,,,,519,8.846616653118978,4.624277456647399,8.477842003853565,24.084778420038536,55.298651252408476,100.0,396,8.031533597695708,7.828282828282828,14.393939393939394,32.07070707070707,59.09090909090909,100.0
C170,Chest,158,test/C170/Low_Dose/00000012.dcm,130.0,262144,18.862468719482422,996,8.545329756526105,4.819277108433735,11.74698795180723,28.91566265060241,58.032128514056225,100.0,0,,,,,,,595,8.664877396271008,5.042016806722689,11.932773109243698,26.89075630252101,57.3109243697479,100.0,401,8.367946710372506,4.488778054862843,11.471321695760599,31.920199501246884,59.10224438902743,100.0
C170,Chest,159,test/C170/Low_Dose/00000261.dcm,130.0,262144,19.217124938964844,1089,9.150254318755739,4.958677685950414,8.539944903581267,25.528007346189163,51.147842056932966,100.0,0,,,,,,,585,9.387797142094017,4.273504273504273,7.0085470085470085,25.47008547008547,48.034188034188034,100.0,504,8.8745359390501,5.753968253968254,10.317460317460318,25.595238095238095,54.76190476190476,100.0
C170,Chest,160,test/C170/Low_Dose/00000211.dcm,130.0,262144,19.587646484375,1014,9.068326630300788,4.733727810650888,9.072978303747535,25.443786982248522,52.9585798816568,100.0,0,,,,,,,553,9.267693793795209,4.3399638336347195,8.318264014466546,24.77396021699819,50.99457504520796,100.0,461,8.829171468275488,5.206073752711497,9.97830802603037,26.247288503253795,55.31453362255965,100.0
C170,Chest,161,test/C170/Low_Dose/00000227.dcm,130.0,262144,19.865257263183594,1054,9.242903707601993,4.648956356736243,9.962049335863378,24.857685009487668,52.94117647058823,100.0,0,,,,,,,630,9.389112103174604,4.444444444444445,9.841269841269842,23.49206349206349,50.95238095238095,100.0,424,9.025660100972877,4.952830188679245,10.141509433962264,26.88679245283019,55.89622641509434,100.0
C170,Chest,162,test/C170/Low_Dose/00000005.dcm,130.0,262144,20.003005981445312,944,8.82923190876589,5.4025423728813555,10.911016949152541,25.741525423728813,55.402542372881356,100.0,0,,,,,,,511,8.934480491682974,4.892367906066537,9.197651663405088,25.831702544031312,54.20743639921722,100.0,433,8.705022869154156,6.0046189376443415,12.933025404157044,25.635103926097,56.812933025404156,100.0
C170,Chest,163,test/C170/Low_Dose/00000325.dcm,130.0,262144,20.28493881225586,1016,9.525509811761811,4.035433070866142,9.05511811023622,22.933070866141733,49.803149606299215,100.0,0,,,,,,,567,9.988306223820548,2.998236331569665,7.760141093474426,19.223985890652557,46.03174603174603,100.0,449,8.941088160321549,5.3452115812917596,10.690423162583519,27.616926503340757,54.56570155902004,100.0
C170,Chest,164,test/C170/Low_Dose/00000050.dcm,130.0,262144,20.79302215576172,1080,9.402175564236112,5.0,8.703703703703704,24.537037037037038,51.2962962962963,100.0,0,,,,,,,607,9.565831896107907,5.601317957166392,9.060955518945635,22.73476112026359,49.258649093904445,100.0,473,9.192153640327696,4.2283298097251585,8.24524312896406,26.849894291754758,53.911205073995774,100.0
C170,Chest,165,test/C170/Low_Dose/00000158.dcm,130.0,262144,21.144834518432617,1106,9.547162847536166,4.3399638336347195,8.408679927667269,24.141048824593128,51.89873417721519,100.0,0,,,,,,,603,9.668972034359452,4.8092868988391375,7.628524046434494,23.383084577114428,51.575456053067995,100.0,503,9.401136151838966,3.7773359840954273,9.343936381709742,25.049701789264414,52.286282306163024,100.0
C170,Chest,166,test/C170/Low_Dose/00000313.dcm,130.0,262144,21.545351028442383,1224,10.018352034824346,4.166666666666667,7.8431372549019605,21.65032679738562,48.447712418300654,100.0,0,,,,,,,714,10.512086670605742,4.201680672268908,7.282913165266106,18.207282913165265,43.977591036414566,100.0,510,9.327123544730393,4.117647058823529,8.627450980392156,26.470588235294116,54.705882352941174,100.0
C170,Chest,167,test/C170/Low_Dose/00000068.dcm,130.0,262144,21.609121322631836,1350,9.780154079861111,4.148148148148148,8.074074074074074,21.925925925925927,50.22222222222222,100.0,0,,,,,,,717,10.41840595580544,2.092050209205021,5.02092050209205,18.549511854951184,45.32775453277545,100.0,633,9.057205272511847,6.477093206951027,11.532385466034755,25.75039494470774,55.76619273301738,100.0
C170,Chest,168,test/C170/Low_Dose/00000252.dcm,130.0,262144,21.185890197753906,1255,9.452725815488048,5.577689243027889,10.597609561752988,25.179282868525895,52.908366533864545,100.0,0,,,,,,,737,9.81590405571574,5.970149253731344,9.76933514246947,23.337856173677068,49.38941655359566,100.0,518,8.936003106901545,5.019305019305019,11.776061776061775,27.7992277992278,57.915057915057915,100.0
C170,Chest,169,test/C170/Low_Dose/00000140.dcm,130.0,262144,21.26214027404785,1225,9.65772480867347,3.7551020408163267,8.489795918367347,23.183673469387756,51.673469387755105,100.0,0,,,,,,,714,9.824119589241947,4.201680672268908,8.823529411764707,22.969187675070028,50.42016806722689,100.0,511,9.42522703644814,3.131115459882583,8.023483365949119,23.483365949119374,53.42465753424658,100.0
C170,Chest,170,test/C170/Low_Dose/00000094.dcm,130.0,262144,21.160615921020508,1108,9.640647034352437,5.415162454873646,10.740072202166065,24.0072202166065,50.36101083032491,100.0,0,,,,,,,626,9.969629842252397,4.472843450479234,10.383386581469649,20.766773162939298,47.284345047923324,100.0,482,9.21337890625,6.639004149377594,11.203319502074688,28.21576763485477,54.356846473029044,100.0
C170,Chest,171,test/C170/Low_Dose/00000108.dcm,130.0,262144,21.460290908813477,1069,10.145529737195977,2.525724976613658,7.015902712815715,20.767072029934518,48.36295603367633,100.0,0,,,,,,,606,10.532531133972773,2.31023102310231,5.775577557755776,18.646864686468646,45.21452145214521,100.0,463,9.639000911177106,2.8077753779697625,8.639308855291576,23.542116630669547,52.48380129589633,100.0
C170,Chest,172,test/C170/Low_Dose/00000358.dcm,130.0,262144,21.763303756713867,1163,9.751971598237317,4.729148753224419,9.544282029234738,24.505588993981082,49.957007738607054,100.0,0,,,,,,,656,10.080071426019437,4.725609756097561,8.536585365853659,23.78048780487805,46.951219512195124,100.0,507,9.327449881348619,4.733727810650888,10.848126232741617,25.443786982248522,53.84615384615385,100.0
C170,Chest,173,test/C170/Low_Dose/00000294.dcm,130.0,262144,21.62518310546875,1030,9.842839805825243,4.368932038834951,8.446601941747574,23.398058252427184,49.12621359223301,100.0,0,,,,,,,565,10.163409153761062,3.5398230088495577,7.079646017699115,20.707964601769913,46.3716814159292,100.0,465,9.453329763104838,5.376344086021505,10.10752688172043,26.666666666666668,52.473118279569896,100.0
C170,Chest,174,test/C170/Low_Dose/00000240.dcm,130.0,262144,21.788454055786133,1053,9.781186936134853,4.748338081671415,9.49667616334283,23.076923076923077,51.47198480531814,100.0,0,,,,,,,621,10.068430926680756,3.5426731078904994,7.407407407407407,21.4170692431562,49.9194847020934,100.0,432,9.368273699725115,6.481481481481482,12.5,25.462962962962962,53.7037037037037,100.0
C170,Chest,175,test/C170/Low_Dose/00000334.dcm,130.0,262144,21.866416931152344,1070,10.122000949182244,4.859813084112149,8.411214953271028,22.33644859813084,46.63551401869159,100.0,0,,,,,,,599,10.534054967915276,4.841402337228715,7.512520868113523,20.36727879799666,42.904841402337226,100.0,471,9.5979651837845,4.883227176220807,9.554140127388536,24.840764331210192,51.38004246284501,100.0
C170,Chest,176,test/C170/Low_Dose/00000033.dcm,130.0,262144,21.25667953491211,992,9.742532053301412,4.838709677419355,9.67741935483871,22.580645161290324,49.79838709677419,100.0,0,,,,,,,560,9.859795270647322,4.285714285714286,8.928571428571429,21.607142857142858,48.92857142857143,100.0,432,9.59052304868345,5.555555555555555,10.648148148148149,23.84259259259259,50.925925925925924,100.0
C170,Chest,177,test/C170/Low_Dose/00000111.dcm,130.0,262144,21.365415573120117,898,9.543037261623052,5.122494432071269,8.68596881959911,25.946547884187083,52.11581291759465,100.0,0,,,,,,,490,9.93051458864796,4.489795918367347,7.142857142857143,22.448979591836736,49.795918367346935,100.0,408,9.077684589460784,5.882352941176471,10.53921568627451,30.147058823529413,54.90196078431372,100.0
C170,Chest,178,test/C170/Low_Dose/00000142.dcm,130.0,262144,21.6058406829834,871,9.553963206802527,5.281285878300804,9.988518943742823,25.60275545350172,52.23880597014925,100.0,0,,,,,,,494,9.85459794882338,4.4534412955465585,8.704453441295547,23.68421052631579,50.0,100.0,377,9.160029322778515,6.36604774535809,11.671087533156498,28.116710875331567,55.172413793103445,100.0
C170,Chest,179,test/C170/Low_Dose/00000201.dcm,130.0,262144,21.518030166625977,785,9.374427746815286,5.222929936305732,11.464968152866241,28.02547770700637,51.97452229299363,100.0,0,,,,,,,428,9.68789929541472,4.4392523364485985,10.74766355140187,28.037383177570092,49.532710280373834,100.0,357,8.998613117121849,6.162464985994398,12.324929971988796,28.011204481792717,54.90196078431372,100.0
C170,Chest,180,test/C170/Low_Dose/00000356.dcm,130.0,262144,21.743881225585938,757,9.761821308413143,5.1519154557463676,10.039630118890356,26.42007926023778,50.33025099075297,100.0,0,,,,,,,430,9.898603288517442,5.813953488372093,10.930232558139535,25.813953488372093,49.76744186046512,100.0,327,9.581954349436161,4.281345565749236,8.868501529051988,27.217125382262996,51.07033639143731,100.0
C170,Chest,181,test/C170/Low_Dose/00000352.dcm,130.0,262144,21.66655158996582,771,9.833164873135539,4.409857328145266,7.392996108949417,23.994811932555123,49.54604409857328,100.0,0,,,,,,,431,10.126311901827146,4.408352668213457,7.192575406032483,20.88167053364269,46.635730858468676,100.0,340,9.46155934053309,4.411764705882353,7.647058823529412,27.941176470588236,53.23529411764706,100.0
C170,Chest,182,test/C170/Low_Dose/00000320.dcm,130.0,262144,21.787260055541992,847,9.506036931818182,4.958677685950414,9.681227863046045,23.84887839433294,53.128689492325854,100.0,0,,,,,,,495,9.747457978219696,4.040404040404041,8.282828282828282,22.22222222222222,51.313131313131315,100.0,352,9.16653789173473,6.25,11.647727272727273,26.136363636363637,55.68181818181818,100.0
C170,Chest,183,test/C170/Low_Dose/00000084.dcm,130.0,262144,21.60015296936035,919,10.055966913764962,4.570184983677911,8.8139281828074,24.591947769314473,47.76931447225245,100.0,0,,,,,,,490,10.412839803890305,4.285714285714286,8.36734693877551,22.448979591836736,43.673469387755105,100.0,429,9.64834985977564,4.895104895104895,9.324009324009324,27.03962703962704,52.44755244755245,100.0
C170,Chest,184,test/C170/Low_Dose/00000263.dcm,130.0,262144,21.368432998657227,1073,9.73850423025396,4.753028890959926,8.946877912395154,23.671947809878844,49.30102516309413,100.0,0,,,,,,,617,10.240031781807131,3.4035656401944894,7.13128038897893,20.583468395461914,44.73257698541329,100.0,456,9.059902258086623,6.578947368421052,11.403508771929825,27.850877192982455,55.48245614035088,100.0
C170,Chest,185,test/C170/Low_Dose/00000214.dcm,130.0,262144,21.051467895507812,954,9.735421170728511,4.821802935010482,9.748427672955975,22.32704402515723,48.322851153039835,100.0,0,,,,,,,548,9.839466846772353,4.37956204379562,8.75912408759124,23.175182481751825,46.715328467153284,100.0,406,9.594986337746306,5.41871921182266,11.083743842364532,21.182266009852217,50.49261083743843,100.0
C170,Chest,186,test/C170/Low_Dose/00000155.dcm,130.0,262144,20.938804626464844,852,9.451638951547828,5.39906103286385,10.211267605633802,25.35211267605634,50.586854460093896,100.0,0,,,,,,,469,9.77519385494403,4.477611940298507,8.315565031982942,21.961620469083154,47.76119402985075,100.0,383,9.055432033289817,6.527415143603133,12.532637075718016,29.503916449086162,54.04699738903394,100.0
C170,Chest,187,test/C170/Low_Dose/00000327.dcm,130.0,262144,20.923805236816406,832,9.497005169208233,4.927884615384615,9.134615384615385,23.91826923076923,51.80288461538461,100.0,0,,,,,,,478,9.44502647751046,5.439330543933054,9.414225941422593,23.84937238493724,52.09205020920502,100.0,354,9.567191086246469,4.237288135593221,8.757062146892656,24.01129943502825,51.41242937853107,100.0
C170,Chest,188,test/C170/Low_Dose/00000126.dcm,130.0,262144,20.675933837890625,736,9.510336171025815,4.076086956521739,8.152173913043478,23.505434782608695,50.95108695652174,100.0,0,,,,,,,397,9.421317842805415,3.526448362720403,8.060453400503778,23.425692695214106,51.385390428211586,100.0,339,9.614584773691004,4.71976401179941,8.259587020648967,23.59882005899705,50.442477876106196,100.0
C170,Chest,189,test/C170/Low_Dose/00000309.dcm,130.0,262144,20.80463218688965,818,9.29489322279951,4.88997555012225,10.268948655256724,26.161369193154034,53.66748166259169,100.0,0,,,,,,,453,9.502231218956954,4.856512141280353,10.375275938189846,25.607064017660043,51.87637969094923,100.0,365,9.037566887842466,4.931506849315069,10.136986301369863,26.84931506849315,55.89041095890411,100.0
C170,Chest,190,test/C170/Low_Dose/00000019.dcm,130.0,262144,20.561037063598633,924,9.112554112554113,5.411255411255412,11.03896103896104,27.813852813852815,53.13852813852814,100.0,0,,,,,,,515,9.933715109223302,5.048543689320389,9.70873786407767,22.524271844660195,44.077669902912625,100.0,409,8.078575078316014,5.8679706601467,12.71393643031785,34.474327628361856,64.54767726161369,100.0
C170,Chest,191,test/C170/Low_Dose/00000024.dcm,130.0,262144,20.30729866027832,983,8.897055609422686,6.002034587995931,12.105798575788404,28.179043743641913,56.256358087487286,100.0,0,,,,,,,543,9.29384639732965,4.6040515653775325,9.94475138121547,24.861878453038674,53.40699815837937,100.0,440,8.407379150390625,7.7272727272727275,14.772727272727273,32.27272727272727,59.77272727272727,100.0
C170,Chest,192,test/C170/Low_Dose/00000305.dcm,130.0,262144,20.241989135742188,975,9.40293469551282,3.8974358974358974,8.41025641025641,23.58974358974359,52.717948717948715,100.0,0,,,,,,,513,9.99149077119883,3.898635477582846,7.407407407407407,19.49317738791423,46.978557504873294,100.0,462,8.749408143939394,3.896103896103896,9.523809523809524,28.138528138528137,59.09090909090909,100.0
C170,Chest,193,test/C170/Low_Dose/00000170.dcm,130.0,262144,20.1906795501709,1012,9.312747035573123,4.743083003952569,9.881422924901186,24.110671936758894,51.77865612648221,100.0,0,,,,,,,528,9.6170654296875,3.977272727272727,9.090909090909092,21.78030303030303,49.81060606060606,100.0,484,8.980763332902892,5.578512396694215,10.743801652892563,26.65289256198347,53.925619834710744,100.0
C170,Chest,194,test/C170/Low_Dose/00000237.dcm,130.0,262144,20.04730987548828,1021,9.233384090352596,5.093046033300686,9.304603330068561,24.583741429970615,53.96669931439765,100.0,0,,,,,,,581,9.501147166792169,4.3029259896729775,8.261617900172118,22.89156626506024,50.602409638554214,100.0,440,8.879817893288353,6.136363636363637,10.681818181818182,26.818181818181817,58.40909090909091,100.0
C170,Chest,195,test/C170/Low_Dose/00000273.dcm,130.0,262144,19.74615478515625,960,9.338070678710938,3.6458333333333335,8.4375,22.291666666666668,52.5,100.0,0,,,,,,,523,9.35048137249044,2.294455066921606,7.648183556405353,22.562141491395792,52.19885277246654,100.0,437,9.323218723183638,5.2631578947368425,9.382151029748284,21.96796338672769,52.860411899313505,100.0
C170,Chest,196,test/C170/Low_Dose/00000347.dcm,130.0,262144,19.770723342895508,966,9.066528573046066,4.554865424430642,10.766045548654244,27.63975155279503,53.31262939958592,100.0,0,,,,,,,540,9.388302951388889,3.7037037037037037,8.518518518518519,24.074074074074073,51.48148148148148,100.0,426,8.658646704445422,5.633802816901408,13.615023474178404,32.159624413145536,55.63380281690141,100.0
C170,Chest,197,test/C170/Low_Dose/00000038.dcm,130.0,262144,19.596250534057617,931,8.875402792696026,5.155746509129968,9.344790547798066,27.497314715359828,56.4983888292159,100.0,0,,,,,,,506,9.463937631237648,4.545454545454546,6.126482213438735,23.320158102766797,50.98814229249012,100.0,425,8.174701286764705,5.882352941176471,13.176470588235293,32.470588235294116,63.05882352941177,100.0
C170,Chest,198,test/C170/Low_Dose/00000213.dcm,130.0,262144,19.486433029174805,918,9.151358677151416,4.357298474945534,9.477124183006536,24.618736383442265,53.59477124183007,100.0,0,,,,,,,507,9.395763991617358,3.747534516765286,8.086785009861932,23.668639053254438,51.08481262327416,100.0,411,8.849867177995742,5.109489051094891,11.19221411192214,25.790754257907544,56.69099756690998,100.0
C170,Chest,199,test/C170/Low_Dose/00000303.dcm,130.0,262144,19.87720489501953,1047,9.329645340854823,5.157593123209169,10.124164278892072,24.54632282712512,50.7163323782235,100.0,0,,,,,,,580,9.644086745689656,5.172413793103448,9.137931034482758,23.103448275862068,47.758620689655174,100.0,467,8.939118542558887,5.139186295503212,11.349036402569594,26.338329764453963,54.389721627408996,100.0
C170,Chest,200,test/C170/Low_Dose/00000159.dcm,130.0,262144,19.366695404052734,947,9.069632927996304,4.540654699049631,9.503695881731785,25.65997888067582,55.54382259767687,100.0,0,,,,,,,517,9.500946340062862,4.061895551257253,8.123791102514506,22.243713733075435,51.45067698259188,100.0,430,8.551053779069768,5.116279069767442,11.162790697674419,29.767441860465116,60.46511627906977,100.0
C170,Chest,201,test/C170/Low_Dose/00000272.dcm,130.0,262144,18.957983016967773,1015,8.865617302955664,5.517241379310345,11.921182266009852,26.995073891625616,54.77832512315271,100.0,0,,,,,,,598,9.064894047867893,4.51505016722408,11.036789297658864,24.91638795986622,53.34448160535117,100.0,417,8.579844522819245,6.954436450839329,13.189448441247002,29.976019184652277,56.83453237410072,100.0
C170,Chest,202,test/C170/Low_Dose/00000125.dcm,130.0,262144,19.03103256225586,1070,8.828542092581776,5.700934579439252,11.495327102803738,25.794392523364486,55.51401869158879,100.0,0,,,,,,,587,9.148277789608176,4.429301533219761,9.880749574105621,22.82793867120954,52.12947189097104,100.0,483,8.439961119468167,7.246376811594203,13.457556935817806,29.399585921325052,59.62732919254658,100.0
C170,Chest,203,test/C170/Low_Dose/00000162.dcm,130.0,262144,18.510847091674805,1068,8.673246576544944,5.149812734082397,10.393258426966293,25.93632958801498,58.333333333333336,100.0,0,,,,,,,639,8.997736636834897,4.694835680751174,10.328638497652582,24.100156494522693,55.55555555555556,100.0,429,8.189916366185898,5.827505827505828,10.48951048951049,28.67132867132867,62.47086247086247,100.0
C170,Chest,204,test/C170/Low_Dose/00000129.dcm,130.0,262144,18.032764434814453,988,8.222279660614879,6.376518218623482,13.360323886639677,31.17408906882591,58.906882591093115,100.0,0,,,,,,,553,8.54095205131103,6.6907775768535265,11.573236889692586,28.390596745027125,55.15370705244123,100.0,435,7.817163366558908,5.977011494252873,15.632183908045977,34.71264367816092,63.67816091954023,100.0
C170,Chest,205,test/C170/Low_Dose/00000083.dcm,130.0,262144,17.99211311340332,861,8.56689850101626,4.413472706155633,9.175377468060395,25.667828106852497,58.652729384436704,100.0,0,,,,,,,483,8.766362982013458,3.5196687370600412,8.695652173913043,25.46583850931677,56.31469979296066,100.0,378,8.312025927992725,5.555555555555555,9.788359788359788,25.925925925925927,61.64021164021164,100.0
C170,Chest,206,test/C170/Low_Dose/00000296.dcm,130.0,262144,17.40695571899414,784,8.241071428571429,4.591836734693878,10.076530612244898,28.06122448979592,60.33163265306123,100.0,0,,,,,,,441,8.52847089356576,5.442176870748299,10.204081632653061,24.94331065759637,58.049886621315196,100.0,343,7.871556407161079,3.498542274052478,9.912536443148689,32.06997084548105,63.265306122448976,100.0
C170,Chest,207,test/C170/Low_Dose/00000210.dcm,130.0,262144,17.01713752746582,809,8.093809149026576,5.562422744128554,10.630407911001235,28.553770086526576,62.175525339925834,100.0,0,,,,,,,456,8.22543870357045,4.824561403508772,10.087719298245615,28.94736842105263,60.96491228070175,100.0,353,7.923772795679887,6.515580736543909,11.331444759206798,28.045325779036826,63.73937677053824,100.0
C170,Chest,208,test/C170/Low_Dose/00000112.dcm,130.0,262144,17.226396560668945,863,8.395687169575607,6.257242178447277,10.544611819235225,26.767091541135574,58.05330243337196,100.0,0,,,,,,,485,8.455526135631443,5.979381443298969,10.103092783505154,26.185567010309278,59.381443298969074,100.0,378,8.318909660218255,6.613756613756614,11.11111111111111,27.513227513227513,56.34920634920635,100.0
C170,Chest,209,test/C170/Low_Dose/00000177.dcm,130.0,262144,16.512109756469727,855,7.933964386878655,4.912280701754386,10.994152046783626,28.771929824561404,63.62573099415204,100.0,0,,,,,,,499,8.177908551477955,4.408817635270541,9.619238476953909,27.054108216432866,59.519038076152306,100.0,356,7.592032100377458,5.617977528089888,12.92134831460674,31.179775280898877,69.38202247191012,100.0
C170,Chest,210,test/C170/Low_Dose/00000075.dcm,130.0,262144,16.211170196533203,858,7.7207742615457455,6.177156177156177,11.888111888111888,30.76923076923077,64.68531468531468,100.0,0,,,,,,,480,8.00994873046875,6.25,9.791666666666666,26.25,62.291666666666664,100.0,378,7.353569232597553,6.084656084656085,14.55026455026455,36.507936507936506,67.72486772486772,100.0
C170,Chest,211,test/C170/Low_Dose/00000036.dcm,130.0,262144,16.08222198486328,869,7.405652150460299,5.408515535097814,11.967779056386652,30.95512082853855,68.46950517836594,100.0,0,,,,,,,501,7.444598595777196,4.790419161676646,11.776447105788423,31.736526946107784,66.86626746506985,100.0,368,7.352629288383152,6.25,12.228260869565217,29.891304347826086,70.65217391304348,100.0
C170,Chest,212,test/C170/Low_Dose/00000279.dcm,130.0,262144,15.566115379333496,838,7.173438898418855,6.205250596658711,13.723150357995227,33.65155131264916,69.92840095465394,100.0,0,,,,,,,485,7.265412572487113,5.154639175257732,14.02061855670103,34.22680412371134,67.21649484536083,100.0,353,7.0470741855524075,7.648725212464589,13.314447592067989,32.861189801699716,73.65439093484419,100.0
C170,Chest,213,test/C170/Low_Dose/00000283.dcm,130.0,262144,15.35599422454834,807,7.121027798753098,6.815365551425031,14.002478314745973,34.820322180916975,69.88847583643123,100.0,0,,,,,,,445,7.699749824438202,6.292134831460674,11.460674157303371,28.53932584269663,65.3932584269663,100.0,362,6.40961536386395,7.458563535911602,17.12707182320442,42.5414364640884,75.41436464088397,100.0
C170,Chest,214,test/C170/Low_Dose/00000167.dcm,130.0,262144,15.433768272399902,727,7.168891581413343,5.226960110041265,12.792297111416781,32.874828060522695,70.2888583218707,100.0,0,,,,,,,383,7.365769827023499,4.960835509138382,12.532637075718016,30.026109660574413,68.66840731070496,100.0,344,6.949692837027616,5.523255813953488,13.081395348837209,36.04651162790697,72.09302325581395,100.0
C170,Chest,215,test/C170/Low_Dose/00000247.dcm,130.0,262144,15.190030097961426,626,7.229871268470447,5.431309904153355,10.702875399361023,32.26837060702876,70.44728434504792,100.0,0,,,,,,,342,7.419575652183845,4.678362573099415,10.23391812865497,30.70175438596491,68.42105263157895,100.0,284,7.001424440195863,6.338028169014085,11.267605633802816,34.15492957746479,72.88732394366197,100.0
C170,Chest,216,test/C170/Low_Dose/00000284.dcm,130.0,262144,15.008131980895996,594,7.053599964488637,5.218855218855219,12.626262626262626,32.82828282828283,70.70707070707071,100.0,0,,,,,,,325,7.223257211538462,5.230769230769231,12.307692307692308,32.61538461538461,66.76923076923077,100.0,269,6.848623736640334,5.204460966542751,13.011152416356877,33.08550185873606,75.46468401486989,100.0
C170,Chest,217,test/C170/Low_Dose/00000160.dcm,130.0,262144,14.936291694641113,657,6.648763764031583,7.30593607305936,14.459665144596652,36.68188736681888,76.40791476407915,100.0,0,,,,,,,368,6.720742267111073,5.706521739130435,14.673913043478262,36.141304347826086,76.3586956521739,100.0,289,6.55710947637327,9.342560553633218,14.186851211072664,37.37024221453287,76.47058823529412,100.0
C170,Chest,218,test/C170/Low_Dose/00000165.dcm,130.0,262144,14.48873233795166,599,7.024154841402337,6.844741235392321,12.687813021702839,31.051752921535893,74.79131886477462,100.0,0,,,,,,,345,7.009183225769927,6.666666666666667,12.753623188405797,32.46376811594203,75.3623188405797,100.0,254,7.044489342396654,7.086614173228346,12.598425196850394,29.133858267716537,74.01574803149606,100.0
C170,Chest,219,test/C170/Low_Dose/00000324.dcm,130.0,262144,14.558720588684082,697,6.708577357200502,8.464849354375897,15.20803443328551,38.1635581061693,73.45767575322812,100.0,0,,,,,,,392,7.1817527303890305,7.142857142857143,11.989795918367347,32.6530612244898,68.11224489795919,100.0,305,6.100431448514344,10.163934426229508,19.34426229508197,45.24590163934426,80.32786885245902,100.0
C170,Chest,220,test/C170/Low_Dose/00000351.dcm,130.0,262144,15.836226463317871,759,7.2090416306406455,7.378129117259552,13.96574440052701,34.78260869565217,69.433465085639,100.0,0,,,,,,,442,7.680465767286482,5.882352941176471,10.407239819004525,31.221719457013574,65.15837104072398,100.0,317,6.551723925473186,9.46372239747634,18.92744479495268,39.74763406940063,75.39432176656152,100.0
C170,Chest,221,test/C170/Low_Dose/00000168.dcm,130.0,262144,16.560195922851562,817,7.421627572291921,6.854345165238678,14.320685434516523,33.53733170134639,66.95226438188494,100.0,0,,,,,,,463,7.557737412257019,6.479481641468682,14.47084233261339,33.04535637149028,65.2267818574514,100.0,354,7.243607515669138,7.344632768361582,14.124293785310735,34.18079096045198,69.2090395480226,100.0
C170,Chest,222,test/C170/Low_Dose/00000157.dcm,130.0,262144,17.293964385986328,788,8.332144025618655,5.0761421319796955,10.152284263959391,28.17258883248731,59.77157360406091,100.0,0,,,,,,,446,8.49584358796945,4.484304932735426,9.641255605381167,28.699551569506728,57.847533632286996,100.0,342,8.118665193256579,5.847953216374269,10.818713450292398,27.485380116959064,62.280701754385966,100.0
C170,Chest,223,test/C170/Low_Dose/00000023.dcm,130.0,262144,18.298696517944336,843,8.467867850126037,6.168446026097271,10.438908659549229,26.809015421115067,59.31198102016607,100.0,0,,,,,,,476,8.774313534007353,5.46218487394958,9.663865546218487,24.159663865546218,56.51260504201681,100.0,367,8.070405632663487,7.084468664850136,11.444141689373296,30.245231607629428,62.94277929155314,100.0
C170,Chest,224,test/C170/Low_Dose/00000178.dcm,130.0,262144,19.116315841674805,778,8.846023206539202,6.041131105398458,11.696658097686376,26.60668380462725,55.912596401028274,100.0,0,,,,,,,460,9.130721382472826,4.3478260869565215,10.434782608695652,25.217391304347824,54.56521739130435,100.0,318,8.43419565644654,8.49056603773585,13.522012578616351,28.61635220125786,57.861635220125784,100.0
C170,Chest,225,test/C170/Low_Dose/00000297.dcm,130.0,262144,20.140932083129883,803,9.632625822112391,4.732254047322541,9.464508094645081,24.533001245330013,48.94146948941469,100.0,0,,,,,,,474,9.977720365242616,2.320675105485232,7.383966244725738,20.88607594936709,47.04641350210971,100.0,329,9.13543942344225,8.206686930091186,12.462006079027356,29.78723404255319,51.671732522796354,100.0
C170,Chest,226,test/C170/Low_Dose/00000314.dcm,130.0,262144,21.704545974731445,837,10.003024193548388,5.4958183990442055,10.51373954599761,22.939068100358423,48.38709677419355,100.0,0,,,,,,,475,10.486455592105264,4.421052631578948,9.473684210526315,20.63157894736842,45.05263157894737,100.0,362,9.368689436938881,6.906077348066298,11.878453038674033,25.96685082872928,52.76243093922652,100.0
C170,Chest,227,test/C170/Low_Dose/00000139.dcm,130.0,262144,22.40300750732422,891,10.696252893518519,3.367003367003367,7.856341189674523,20.31425364758698,44.33221099887766,100.0,0,,,,,,,512,11.227825164794922,3.125,6.640625,16.9921875,40.4296875,100.0,379,9.978138141078496,3.6939313984168867,9.49868073878628,24.80211081794195,49.6042216358839,100.0
C170,Chest,228,test/C170/Low_Dose/00000196.dcm,130.0,262144,23.00771141052246,1066,10.9712802679409,3.377110694183865,7.973733583489681,19.793621013133208,43.24577861163227,98.96810506566604,0,,,,,,,632,11.262506798852849,3.1645569620253164,7.436708860759493,18.670886075949365,41.93037974683544,98.89240506329114,434,10.54719002016129,3.686635944700461,8.755760368663594,21.428571428571427,45.16129032258065,99.07834101382488
C170,Chest,229,test/C170/Low_Dose/00000107.dcm,130.0,262144,23.89948081970215,1116,11.467162648409499,3.046594982078853,7.078853046594982,17.56272401433692,41.21863799283154,92.47311827956989,0,,,,,,,680,11.71817626953125,2.7941176470588234,6.176470588235294,16.323529411764707,39.705882352941174,92.05882352941177,436,11.075672394638762,3.4403669724770642,8.486238532110091,19.495412844036696,43.57798165137615,93.11926605504587
C170,Chest,230,test/C170/Low_Dose/00000031.dcm,130.0,262144,24.426950454711914,1234,11.163252127228525,3.3225283630470015,7.374392220421393,20.178282009724473,43.76012965964344,92.54457050243111,0,,,,,,,707,11.59247646304809,3.1117397454031117,6.789250353606789,16.690240452616692,40.735502121640735,92.07920792079207,527,10.587423653937382,3.6053130929791273,8.159392789373815,24.857685009487668,47.817836812144215,93.16888045540797
C170,Chest,231,test/C170/Low_Dose/00000286.dcm,130.0,262144,25.19835090637207,1207,11.673616145401823,3.8111019055509527,7.373653686826843,20.629660314830158,42.17067108533554,88.06959403479702,0,,,,,,,716,12.119317933833798,2.653631284916201,6.005586592178771,17.039106145251395,39.944134078212294,87.43016759776536,491,11.023672193228107,5.4989816700611,9.368635437881874,25.865580448065174,45.41751527494908,89.0020366598778
C170,Chest,232,test/C170/Low_Dose/00000161.dcm,130.0,262144,26.23637580871582,1303,12.512582142171912,3.3768227168073675,6.676899462778204,16.88411358403684,36.607828089025325,84.49731389102072,0,,,,,,,786,13.061148218829517,2.926208651399491,5.597964376590331,14.885496183206106,32.95165394402036,83.07888040712469,517,11.678592881104933,4.061895551257253,8.317214700193423,19.922630560928432,42.16634429400387,86.65377176015474
C170,Chest,233,test/C170/Low_Dose/00000191.dcm,130.0,262144,26.529935836791992,1229,12.54470097640358,4.637917005695687,7.567127746135069,19.52807160292921,36.12693246541904,82.83157038242473,0,,,,,,,736,13.041966977326766,4.211956521739131,6.521739130434782,17.934782608695652,33.55978260869565,80.84239130434783,493,11.802331270600913,5.273833671399594,9.127789046653144,21.906693711967545,39.95943204868154,85.80121703853955
C170,Chest,234,test/C170/Low_Dose/00000133.dcm,130.0,262144,27.261911392211914,1268,12.550919108586356,3.6277602523659307,7.334384858044164,19.400630914826497,37.69716088328076,81.78233438485805,0,,,,,,,765,13.290521599264705,2.4836601307189543,6.0130718954248366,15.555555555555555,33.071895424836605,79.73856209150327,503,11.426078295849901,5.36779324055666,9.343936381709742,25.24850894632207,44.731610337972164,84.8906560636183
C170,Chest,235,test/C170/Low_Dose/00000079.dcm,130.0,262144,27.94999122619629,1229,13.497662288954434,1.9528071602929211,5.288852725793328,15.134255492270139,33.36045565500407,77.29861676159479,0,,,,,,,739,13.920638108930987,2.165087956698241,5.548037889039242,13.802435723951286,31.39377537212449,74.83085250338296,490,12.859747688137755,1.6326530612244898,4.8979591836734695,17.142857142857142,36.326530612244895,81.0204081632653
C170,Chest,236,test/C170/Low_Dose/00000332.dcm,130.0,262144,28.46074676513672,1360,13.163826976102941,3.5294117647058822,7.5,17.205882352941178,35.14705882352941,77.57352941176471,0,,,,,,,806,13.789336325217121,2.357320099255583,5.33498759305211,14.764267990074442,31.389578163771713,75.93052109181141,554,12.25379167136733,5.234657039711191,10.649819494584838,20.75812274368231,40.61371841155235,79.96389891696751
C170,Chest,237,test/C170/Low_Dose/00000151.dcm,130.0,262144,28.789968490600586,1581,13.856973434535105,3.1625553447185326,5.629348513598988,15.43327008222644,31.87855787476281,74.1302972802024,0,,,,,,,960,14.42628682454427,2.3958333333333335,4.895833333333333,12.604166666666666,27.5,72.91666666666667,621,12.976876226600242,4.3478260869565215,6.763285024154589,19.806763285024154,38.64734299516908,76.00644122383252
C170,Chest,238,test/C170/Low_Dose/00000047.dcm,130.0,262144,29.12637710571289,1707,13.738915128881079,3.5735207967193907,6.912712360867018,16.285881663737552,33.567662565905096,74.63386057410662,0,,,,,,,1022,14.246740650990704,3.522504892367906,6.457925636007828,14.87279843444227,30.626223091976517,72.21135029354207,685,12.981255702554744,3.6496350364963503,7.591240875912408,18.394160583941606,37.956204379562045,78.24817518248175
C170,Chest,239,test/C170/Low_Dose/00000215.dcm,130.0,262144,29.610618591308594,1648,14.209252218598301,2.5485436893203883,5.885922330097087,14.987864077669903,32.28155339805825,71.41990291262135,0,,,,,,,1029,14.660531120930514,2.3323615160349855,5.539358600583091,14.67444120505345,30.02915451895044,69.19339164237124,619,13.459064834915186,2.9079159935379644,6.462035541195476,15.508885298869144,36.02584814216478,75.12116316639741
C170,Chest,240,test/C170/Low_Dose/00000353.dcm,130.0,262144,30.15764617919922,1788,14.685201691834452,1.9015659955257271,4.306487695749441,12.751677852348994,28.859060402684563,69.79865771812081,0,,,,,,,1080,15.031693070023149,1.4814814814814814,3.7962962962962963,11.11111111111111,27.40740740740741,68.51851851851852,708,14.156654142390536,2.542372881355932,5.084745762711864,15.254237288135593,31.073446327683616,71.75141242937853
C170,Chest,241,test/C170/Low_Dose/00000317.dcm,130.0,262144,30.733963012695312,1926,14.592218733774663,2.907580477673936,5.399792315680166,14.537902388369679,30.062305295950157,70.35306334371755,0,,,,,,,1180,15.226542637711864,2.457627118644068,4.745762711864407,12.796610169491526,26.779661016949152,67.62711864406779,746,13.588861951239947,3.6193029490616624,6.434316353887399,17.292225201072387,35.25469168900804,74.66487935656836
C170,Chest,242,test/C170/Low_Dose/00000006.dcm,130.0,262144,31.0388126373291,1892,14.72893680628964,2.854122621564482,5.021141649048626,14.323467230443974,30.021141649048626,68.07610993657505,0,,,,,,,1145,15.200863127729258,2.6200873362445414,4.104803493449782,12.751091703056769,27.685589519650655,65.67685589519651,747,14.005573073544177,3.21285140562249,6.42570281124498,16.733601070950467,33.60107095046854,71.7536813922356
C170,Chest,243,test/C170/Low_Dose/00000018.dcm,130.0,262144,31.221776962280273,1944,14.702431761188272,3.0349794238683128,5.401234567901234,13.837448559670781,30.041152263374485,70.01028806584362,0,,,,,,,1161,15.086543120155039,3.0146425495262705,5.254091300602928,12.833763996554694,27.734711455641687,68.9922480620155,783,14.13288608516922,3.0651340996168583,5.61941251596424,15.32567049808429,33.4610472541507,71.51979565772669
C170,Chest,244,test/C170/Low_Dose/00000293.dcm,130.0,262144,31.53575325012207,1972,14.812719875126774,2.9918864097363085,5.882352941176471,14.198782961460447,31.03448275862069,66.93711967545639,0,,,,,,,1224,15.32495276756536,3.104575163398693,5.473856209150327,12.826797385620916,29.084967320261438,63.970588235294116,748,13.97451929102607,2.807486631016043,6.550802139037433,16.44385026737968,34.224598930481285,71.79144385026738
C170,Chest,245,test/C170/Low_Dose/00000105.dcm,130.0,262144,31.94099998474121,1883,15.00438026918481,2.655337227827934,5.3637812002124265,13.967073818374933,29.42113648433351,67.2331386086033,0,,,,,,,1167,15.443973596829478,2.4850042844901457,4.884318766066838,13.110539845758355,27.506426735218508,64.43873179091688,716,14.287892261696927,2.9329608938547485,6.145251396648045,15.363128491620111,32.54189944134078,71.7877094972067
C170,Chest,246,test/C170/Low_Dose/00000040.dcm,130.0,262144,32.45539855957031,1959,15.199462018249106,2.7054619703930576,5.666156202143951,14.344053088310362,28.994384890250128,65.74783052577845,0,,,,,,,1210,15.714364346590909,2.3140495867768593,4.710743801652892,12.644628099173554,26.52892561983471,64.29752066115702,749,14.367643837616823,3.3377837116154874,7.209612817089453,17.089452603471294,32.97730307076102,68.09078771695594
C170,Chest,247,test/C170/Low_Dose/00000249.dcm,130.0,262144,32.817543029785156,1984,15.972028178553428,1.7641129032258065,4.334677419354839,12.600806451612904,26.411290322580644,61.59274193548387,0,,,,,,,1212,16.610915583745875,1.4851485148514851,3.7953795379537953,11.303630363036303,23.844884488448844,57.755775577557756,772,14.969006790398316,2.2020725388601035,5.181347150259067,14.637305699481866,30.440414507772022,67.61658031088083
C170,Chest,248,test/C170/Low_Dose/00000264.dcm,130.0,262144,33.215274810791016,2200,16.233677201704545,2.909090909090909,5.181818181818182,13.0,26.40909090909091,59.63636363636363,0,,,,,,,1305,17.00840816570881,2.2222222222222223,3.8314176245210727,10.49808429118774,22.68199233716475,56.015325670498086,895,15.10403936801676,3.910614525139665,7.150837988826815,16.64804469273743,31.843575418994412,64.91620111731844
C170,Chest,249,test/C170/Low_Dose/00000239.dcm,130.0,262144,33.80121612548828,2197,16.30251301490669,2.822030040964952,6.144742831133364,13.336367774237596,26.49066909421939,58.98953117888029,0,,,,,,,1345,17.044923327137546,2.3048327137546467,4.981412639405204,11.524163568773234,23.271375464684017,55.31598513011152,852,15.130513222564554,3.6384976525821595,7.981220657276995,16.197183098591548,31.572769953051644,64.78873239436619
C170,Chest,250,test/C170/Low_Dose/00000027.dcm,130.0,262144,34.0167121887207,2439,16.41044933886839,2.993029930299303,5.002050020500205,12.833128331283312,26.281262812628125,58.83558835588356,0,,,,,,,1464,17.14771575093921,2.2540983606557377,4.098360655737705,11.33879781420765,23.15573770491803,54.849726775956285,975,15.303419471153846,4.102564102564102,6.358974358974359,15.076923076923077,30.974358974358974,64.82051282051282
C170,Chest,251,test/C170/Low_Dose/00000051.dcm,130.0,262144,34.168601989746094,2464,16.370177429991884,2.5162337662337664,4.748376623376624,11.931818181818182,26.663961038961038,59.45616883116883,0,,,,,,,1584,17.038701221196337,2.20959595959596,3.6616161616161618,10.227272727272727,23.16919191919192,56.43939393939394,880,15.166839044744318,3.0681818181818183,6.704545454545454,15.0,32.95454545454545,64.88636363636364
C170,Chest,252,test/C170/Low_Dose/00000350.dcm,130.0,262144,34.076663970947266,2515,16.63803740059642,2.743538767395626,5.248508946322068,11.530815109343937,25.049701789264414,56.739562624254475,0,,,,,,,1538,17.209384397350455,2.0156046814044215,4.291287386215865,9.362808842652797,22.431729518855658,54.876462938881666,977,15.738617099539406,3.889457523029683,6.755373592630502,14.943705220061412,29.17093142272262,59.67246673490276
C170,Chest,253,test/C170/Low_Dose/00000115.dcm,130.0,262144,33.824031829833984,2332,16.594619358383362,1.7581475128644939,4.159519725557462,11.277873070325901,25.385934819897084,57.718696397941684,0,,,,,,,1405,16.993726367882562,1.4234875444839858,3.5587188612099645,9.822064056939501,24.05693950177936,55.87188612099644,927,15.989715016518339,2.26537216828479,5.070118662351672,13.484358144552319,27.400215749730314,60.51779935275081
C170,Chest,254,test/C170/Low_Dose/00000254.dcm,130.0,262144,33.62596130371094,2296,16.71602277057927,2.1341463414634148,4.355400696864112,10.322299651567944,23.43205574912892,57.883275261324044,0,,,,,,,1391,17.140304861610353,1.8691588785046729,4.169662113587347,9.417685118619698,21.854780733285406,55.06829618979152,905,16.06389416436464,2.541436464088398,4.640883977900552,11.712707182320441,25.85635359116022,62.209944751381215
C170,Chest,255,test/C170/Low_Dose/00000172.dcm,130.0,262144,33.55216598510742,2300,16.888943614130437,1.565217391304348,3.3043478260869565,9.826086956521738,22.217391304347824,57.78260869565217,0,,,,,,,1388,17.22517223523055,1.5129682997118155,3.3861671469740635,8.717579250720462,20.677233429394814,56.12391930835735,912,16.377231530975877,1.644736842105263,3.1798245614035086,11.513157894736842,24.56140350877193,60.30701754385965
C170,Chest,256,test/C170/Low_Dose/00000246.dcm,130.0,262144,33.458797454833984,2510,16.0714874875498,2.310756972111554,4.54183266932271,11.155378486055778,24.46215139442231,62.50996015936255,0,,,,,,,1527,16.68944161345776,1.8991486574983627,3.601833660772757,9.430255402750491,21.676489849377866,59.266535690897186,983,15.111554631866735,2.950152594099695,6.002034587995931,13.835198372329604,28.78942014242116,67.54832146490335
C170,Chest,257,test/C170/Low_Dose/00000251.dcm,130.0,262144,33.658668518066406,2376,16.526811079545453,2.2306397306397305,3.787878787878788,11.06902356902357,25.042087542087543,58.122895622895626,0,,,,,,,1462,17.06743491364569,1.915184678522572,3.3515731874145005,10.054719562243502,22.845417236662108,55.198358413132695,914,15.662049541849015,2.735229759299781,4.485776805251641,12.691466083150985,28.555798687089716,62.800875273522976
C170,Chest,258,test/C170/Low_Dose/00000268.dcm,130.0,262144,33.56313705444336,2535,16.94219520463511,1.9329388560157792,3.4319526627218937,9.70414201183432,21.932938856015777,57.47534516765286,0,,,,,,,1530,17.262174479166667,2.026143790849673,3.1372549019607843,9.34640522875817,21.241830065359476,55.490196078431374,1005,16.455062577736317,1.791044776119403,3.8805970149253732,10.248756218905474,22.98507462686567,60.49751243781095
C170,Chest,259,test/C170/Low_Dose/00000148.dcm,130.0,262144,33.44120788574219,2368,16.8474401525549,1.7314189189189189,3.8429054054054053,9.45945945945946,21.70608108108108,57.72804054054054,0,,,,,,,1411,17.331455417257263,1.4174344436569808,2.7639971651311126,7.6541459957476965,19.34798015591779,55.70517363571935,957,16.133809471329677,2.19435736677116,5.433646812957158,12.121212121212121,25.182863113897596,60.71055381400209
C170,Chest,260,test/C170/Low_Dose/00000208.dcm,130.0,262144,33.54677200317383,2430,16.465194187242798,2.1810699588477367,3.786008230452675,9.835390946502057,23.703703703703702,59.382716049382715,0,,,,,,,1501,16.939761513157894,1.3990672884743505,2.798134576948701,8.794137241838774,21.252498334443704,57.36175882744837,929,15.698426147066739,3.4445640473627557,5.382131324004305,11.517761033369215,27.66415500538213,62.64800861141012
C170,Chest,261,test/C170/Low_Dose/00000166.dcm,130.0,262144,33.68323516845703,2347,16.70818797933532,2.0025564550489987,4.2181508308478906,10.48146570089476,22.667234767788667,58.159352364720924,0,,,,,,,1417,16.950867259174313,1.55257586450247,4.0225829216654905,10.021171489061397,21.10091743119266,57.72759350741002,930,16.33842510920699,2.6881720430107525,4.516129032258065,11.182795698924732,25.053763440860216,58.81720430107527
C170,Chest,262,test/C170/Low_Dose/00000095.dcm,130.0,262144,33.790931701660156,2271,16.701356781153677,2.025539409951563,4.095112285336856,11.184500220167328,23.249669749009247,57.639806252752095,0,,,,,,,1408,17.359161376953125,2.059659090909091,3.835227272727273,10.014204545454545,20.80965909090909,53.76420454545455,863,15.628134505359212,1.969872537659328,4.519119351100811,13.093858632676708,27.230590961761298,63.96292004634994
C170,Chest,263,test/C170/Low_Dose/00000299.dcm,130.0,262144,34.54148483276367,2449,17.234445181706818,1.8374846876276032,3.634136382196815,9.718252347897101,21.39648836259698,55.614536545528786,0,,,,,,,1498,17.976724173898532,1.8691588785046729,3.4712950600801067,8.678237650200266,18.22429906542056,51.20160213618158,951,16.065220204061514,1.7875920084121977,3.8906414300736065,11.35646687697161,26.393270241850683,62.56572029442692
C170,Chest,264,test/C170/Low_Dose/00000270.dcm,130.0,262144,34.95618438720703,2329,17.594643959317303,2.18978102189781,3.6066981537140403,9.27436668097896,20.48089308716187,54.272219836839845,0,,,,,,,1424,17.7841248244382,1.7556179775280898,3.0898876404494384,8.567415730337078,19.52247191011236,53.300561797752806,905,17.29650164019337,2.8729281767955803,4.419889502762431,10.386740331491712,21.988950276243095,55.80110497237569
C170,Chest,265,test/C170/Low_Dose/00000304.dcm,130.0,262144,35.420936584472656,2437,17.860628462248666,2.0517029134181373,3.3647927780057447,9.109560935576528,20.76323348379155,52.19532211735741,0,,,,,,,1503,18.664551106121092,2.062541583499667,3.193612774451098,7.385229540918163,17.764471057884233,48.43646041250832,934,16.566950992036936,2.0342612419700212,3.640256959314775,11.884368308351178,25.588865096359743,58.2441113490364
C170,Chest,266,test/C170/Low_Dose/00000224.dcm,130.0,262144,35.968692779541016,2466,18.44120190845499,1.37875101378751,3.0008110300081103,8.27250608272506,18.653690186536902,49.1889699918897,0,,,,,,,1478,19.24166948579161,1.4208389715832206,2.3680649526387008,6.968876860622463,15.696887686062245,44.51962110960758,988,17.24374130187247,1.3157894736842106,3.9473684210526314,10.222672064777328,23.076923076923077,56.174089068825914
C170,Chest,267,test/C170/Low_Dose/00000300.dcm,130.0,262144,36.218101501464844,2724,17.987297517437593,2.0190895741556534,3.854625550660793,9.2143906020558,20.888399412628488,52.6431718061674,0,,,,,,,1609,18.624456183965197,1.5537600994406464,3.2318210068365443,7.830950901180858,18.39651957737725,49.0366687383468,1115,17.067846132286995,2.690582959641256,4.753363228699552,11.210762331838565,24.484304932735427,57.847533632286996
C170,Chest,268,test/C170/Low_Dose/00000150.dcm,130.0,262144,35.96806716918945,2653,18.216298471070488,1.7715793441387109,3.430079155672823,8.89558989822842,19.638145495665285,50.47116471918583,0,,,,,,,1633,18.84489101729945,1.2859767299448868,2.816901408450704,7.838334353949786,17.513778322106553,47.21371708511941,1020,17.20993795955882,2.549019607843137,4.411764705882353,10.588235294117647,23.03921568627451,55.68627450980392
C170,Chest,269,test/C170/Low_Dose/00000349.dcm,130.0,262144,36.09037780761719,2677,18.218840469742247,1.3447889428464699,3.4740381023533806,10.123272319760927,20.620097123645873,50.16809861785581,0,,,,,,,1665,18.50826998873874,0.960960960960961,2.6426426426426426,9.42942942942943,19.63963963963964,48.708708708708706,1012,17.74265648159585,1.976284584980237,4.841897233201581,11.264822134387352,22.233201581027668,52.569169960474305
C170,Chest,270,test/C170/Low_Dose/00000198.dcm,130.0,262144,35.86786651611328,2705,17.857694085027727,1.811460258780037,3.622920517560074,9.722735674676525,20.88724584103512,52.45841035120148,0,,,,,,,1714,18.171234593786465,1.575262543757293,3.442240373395566,9.626604434072345,19.544924154025672,51.10851808634772,991,17.315405051715437,2.2199798183652875,3.9354187689202824,9.889001009081735,23.20887991927346,54.79313824419778
C170,Chest,271,test/C170/Low_Dose/00000202.dcm,130.0,262144,35.09958267211914,2560,17.780606079101563,1.953125,3.59375,9.5703125,20.1953125,53.3203125,0,,,,,,,1588,18.315332523221034,1.5743073047858942,3.0856423173803527,8.564231738035264,18.01007556675063,50.31486146095718,972,16.90699749228395,2.57201646090535,4.423868312757202,11.213991769547325,23.765432098765434,58.23045267489712
C170,Chest,272,test/C170/Low_Dose/00000078.dcm,130.0,262144,34.999385833740234,2544,17.48625749312107,1.9261006289308176,3.970125786163522,9.984276729559749,21.97327044025157,53.2625786163522,0,,,,,,,1570,17.708195660828025,1.464968152866242,3.248407643312102,9.10828025477707,20.70063694267516,52.4203821656051,974,17.128513218685832,2.6694045174537986,5.13347022587269,11.396303901437372,24.024640657084188,54.620123203285424
C170,Chest,273,test/C170/Low_Dose/00000322.dcm,130.0,262144,34.811195373535156,2603,17.12175254514022,2.0361121782558587,3.84172109104879,9.988474836726853,22.051479062620054,56.242796772954286,0,,,,,,,1578,17.600866900348542,2.0278833967046896,3.738910012674271,8.99873257287706,20.659062103929024,53.48542458808618,1025,16.384153963414633,2.048780487804878,4.0,11.512195121951219,24.195121951219512,60.48780487804878
C170,Chest,274,test/C170/Low_Dose/00000106.dcm,130.0,262144,34.628089904785156,2474,17.085280668957154,1.8997574777687956,4.567502021018593,10.792239288601456,22.069523039611965,55.618431689571544,0,,,,,,,1551,17.48433470341715,1.4829142488716958,4.25531914893617,9.993552546744036,20.373952288845906,53.57833655705996,923,16.414714247020584,2.600216684723727,5.092091007583965,12.134344528710725,24.918743228602384,59.0465872156013
C170,Chest,275,test/C170/Low_Dose/00000188.dcm,130.0,262144,34.529273986816406,2360,16.98002846927966,1.5254237288135593,3.2203389830508473,9.915254237288135,22.75423728813559,56.73728813559322,0,,,,,,,1421,17.351933607494722,1.266713581984518,2.8852920478536244,8.72624912033779,20.47853624208304,55.10204081632653,939,16.417222028088393,1.9169329073482428,3.7273695420660276,11.714589989350372,26.19808306709265,59.211927582534614
C170,Chest,276,test/C170/Low_Dose/00000260.dcm,130.0,262144,34.28779220581055,2376,16.56029369212963,2.1885521885521886,4.755892255892256,12.289562289562289,25.16835016835017,58.29124579124579,0,,,,,,,1464,17.198659761355874,1.8442622950819672,4.166666666666667,10.450819672131148,22.062841530054644,55.39617486338798,912,15.535549230742873,2.741228070175439,5.701754385964913,15.241228070175438,30.153508771929825,62.93859649122807
C170,Chest,277,test/C170/Low_Dose/00000225.dcm,130.0,262144,34.33768844604492,2462,16.534370874796913,2.2339561332250204,4.1429731925264015,10.560519902518278,24.086108854589764,58.69212022745735,0,,,,,,,1436,16.908118797876046,2.2284122562674096,3.969359331476323,10.097493036211699,21.309192200557103,56.8941504178273,1026,16.011269493177387,2.2417153996101367,4.385964912280702,11.208576998050683,27.97270955165692,61.20857699805068
C170,Chest,278,test/C170/Low_Dose/00000290.dcm,130.0,262144,34.567935943603516,2641,16.681560015145777,2.3854600530102235,4.581597879591064,11.472926921620598,24.34683831881863,57.70541461567588,0,,,,,,,1590,17.242074488993712,1.5723270440251573,3.459119496855346,9.056603773584905,21.949685534591193,55.22012578616352,1051,15.833588546622265,3.6156041864890582,6.279733587059943,15.128449096098953,27.97335870599429,61.46527117031399
C170,Chest,279,test/C170/Low_Dose/00000257.dcm,130.0,262144,34.33451843261719,2751,16.330848441475826,2.2173754998182478,4.325699745547074,11.523082515448928,24.79098509632861,60.74154852780807,0,,,,,,,1655,16.870841200906344,2.2356495468277946,4.350453172205438,10.634441087613293,22.598187311178247,57.16012084592145,1096,15.515437884922445,2.18978102189781,4.288321167883212,12.864963503649635,28.1021897810219,66.14963503649635
C170,Chest,280,test/C170/Low_Dose/00000323.dcm,130.0,262144,34.382972717285156,2701,16.219183867086265,2.554609403924472,5.0351721584598295,12.254720473898557,26.471677156608663,60.829322473158086,0,,,,,,,1666,16.7652193689976,2.4009603841536613,4.741896758703481,11.224489795918368,23.709483793517407,58.34333733493397,1035,15.340255132850242,2.8019323671497585,5.507246376811594,13.91304347826087,30.917874396135264,64.83091787439614
C170,Chest,281,test/C170/Low_Dose/00000156.dcm,130.0,262144,34.66382598876953,2593,16.697685174026226,2.236791361357501,4.319321249517933,10.798303123794833,24.219051291939838,57.92518318549942,0,,,,,,,1576,17.425173996668782,1.649746192893401,3.4263959390862944,8.946700507614214,21.51015228426396,53.870558375634516,1017,15.57032594333825,3.146509341199607,5.703048180924287,13.667649950835791,28.41691248770895,64.20845624385447
C170,Chest,282,test/C170/Low_Dose/00000016.dcm,130.0,262144,34.86319351196289,2774,16.739224720620044,2.2710886806056236,4.9387166546503245,11.607786589762076,24.98197548666186,58.074981975486665,0,,,,,,,1689,17.287824017539965,1.9538188277087034,4.322084073416223,10.242747187685021,22.084073416222616,55.6542332741267,1085,15.885230054723502,2.7649769585253456,5.8986175115207375,13.732718894009217,29.493087557603687,61.84331797235023
C170,Chest,283,test/C170/Low_Dose/00000231.dcm,130.0,262144,34.74666213989258,2667,16.591784425384326,2.137232845894263,4.499437570303712,11.848518935133109,24.409448818897637,59.392575928009,0,,,,,,,1633,17.336535517452543,1.4696876913655847,3.4292712798530314,10.532761788120025,21.555419473361912,55.17452541334966,1034,15.415594399782398,3.1914893617021276,6.189555125725338,13.926499032882012,28.916827852998065,66.0541586073501
C170,Chest,284,test/C170/Low_Dose/00000119.dcm,130.0,262144,34.88685607910156,2604,16.395237795218893,2.150537634408602,4.2626728110599075,11.827956989247312,25.65284178187404,60.09984639016897,0,,,,,,,1558,17.000522755535943,1.925545571245186,3.594351732991014,10.462130937098845,23.042362002567394,56.80359435173299,1046,15.493675684153919,2.48565965583174,5.258126195028681,13.862332695984703,29.54110898661568,65.00956022944551
C170,Chest,285,test/C170/Low_Dose/00000102.dcm,130.0,262144,34.53583526611328,2623,16.84911420606176,2.0205871139916125,3.9268013724742663,10.789172703011818,24.36141822340831,57.30080060998856,0,,,,,,,1551,17.507877981947132,1.6118633139909735,3.223726627981947,8.704061895551257,20.502901353965182,54.60992907801418,1072,15.895994271805037,2.611940298507463,4.9440298507462686,13.805970149253731,29.94402985074627,61.19402985074627
C170,Chest,286,test/C170/Low_Dose/00000098.dcm,130.0,262144,33.89998245239258,2735,16.163562614259597,1.7915904936014626,4.570383912248629,11.224862888482633,24.643510054844608,61.79159049360146,0,,,,,,,1694,16.61899073937426,1.2987012987012987,3.71900826446281,10.035419126328216,22.31404958677686,59.858323494687134,1041,15.422452869836695,2.5936599423631126,5.95581171950048,13.160422670509126,28.434197886647453,64.93756003842459
C170,Chest,287,test/C170/Low_Dose/00000337.dcm,130.0,262144,33.78524398803711,2816,16.09351279518821,1.6690340909090908,4.261363636363637,11.079545454545455,24.32528409090909,63.03267045454545,0,,,,,,,1683,16.423027378565063,1.6636957813428401,3.8027332144979202,10.219845513963161,22.519310754604874,61.73499702911467,1133,15.604037952338924,1.676963812886143,4.942630185348632,12.35657546337158,27.007943512797883,64.96028243601059
C170,Chest,288,test/C170/Low_Dose/00000199.dcm,130.0,262144,33.44719696044922,2853,15.81267251577287,2.2082018927444795,4.942166140904312,13.144058885383807,26.673676831405537,62.21521205748335,0,,,,,,,1693,16.22770230360307,1.8310691080921442,4.370939161252215,11.813349084465447,24.158298877731838,60.54341405788541,1160,15.206942012392242,2.7586206896551726,5.775862068965517,15.086206896551724,30.344827586206897,64.65517241379311
C170,Chest,289,test/C170/Low_Dose/00000041.dcm,130.0,262144,32.833797454833984,2729,15.270629122389154,2.6383290582631,5.056797361670942,13.264932209600586,29.60791498717479,64.38255771344815,0,,,,,,,1587,15.707479225740391,2.7095148078134845,5.16698172652804,12.413358538122242,27.662255828607435,61.62570888468809,1142,14.663552840411558,2.539404553415061,4.903677758318739,14.448336252189142,32.31173380035026,68.21366024518389
C170,Chest,290,test/C170/Low_Dose/00000289.dcm,130.0,262144,33.42849349975586,2731,16.030806595569388,2.30684730867814,4.943244232881728,12.120102526547052,24.606371292566827,61.88209447088978,0,,,,,,,1567,16.510062270660498,1.9144862795149968,3.956604977664327,11.10402042118698,22.46330567964263,59.47670708359924,1164,15.38561969770189,2.8350515463917527,6.2714776632302405,13.487972508591065,27.491408934707902,65.12027491408935
C170,Chest,291,test/C170/Low_Dose/00000021.dcm,130.0,262144,33.6331901550293,2806,16.17171073146828,2.066999287241625,4.205274411974341,11.867426942266572,24.73271560940841,60.97647897362794,0,,,,,,,1635,16.832169820336393,1.5902140672782874,3.4862385321100917,10.15290519877676,21.345565749235472,57.308868501529055,1171,15.249544660012809,2.7327070879590094,5.209222886421862,14.26131511528608,29.46199829205807,66.09735269000853
C170,Chest,292,test/C170/Low_Dose/00000025.dcm,130.0,262144,33.45480728149414,2795,15.68775995080501,2.182468694096601,4.937388193202147,12.55813953488372,26.762075134168157,63.54203935599284,0,,,,,,,1642,16.140277672046285,1.8879415347137638,4.6285018270401945,11.510353227771011,25.03045066991474,61.0231425091352,1153,15.043322785667822,2.6019080659150045,5.377276669557675,14.050303555941023,29.22810060711188,67.12922810060711
C170,Chest,293,test/C170/Low_Dose/00000179.dcm,130.0,262144,33.77507781982422,2669,15.999997072873736,1.8733608092918697,4.046459348070439,12.139378044211314,26.826526789059574,61.483701760959164,0,,,,,,,1587,16.633218631852554,1.5122873345935728,3.8437303087586643,11.78323881537492,23.50346565847511,57.78197857592943,1082,15.07123129909889,2.402957486136784,4.343807763401109,12.66173752310536,31.700554528650645,66.91312384473198
C170,Chest,294,test/C170/Low_Dose/00000010.dcm,130.0,262144,33.93918228149414,2462,16.806461337327377,2.39642567018684,4.427294882209586,10.844841592201462,24.289195775792038,57.27051177904143,0,,,,,,,1472,17.64428180197011,1.8342391304347827,3.464673913043478,8.831521739130435,21.059782608695652,52.921195652173914,990,15.560731336805556,3.2323232323232323,5.858585858585859,13.83838383838384,29.09090909090909,63.73737373737374
C170,Chest,295,test/C170/Low_Dose/00000169.dcm,130.0,262144,33.97026443481445,2342,16.81384433710504,1.9214346712211785,3.928266438941076,9.82066609735269,22.28864218616567,58.326216908625106,0,,,,,,,1400,17.513650948660715,1.5714285714285714,2.857142857142857,8.142857142857142,19.0,54.92857142857143,942,15.773793084859342,2.4416135881104033,5.520169851380042,12.314225053078557,27.176220806794056,63.37579617834395
C170,Chest,296,test/C170/Low_Dose/00000285.dcm,130.0,262144,34.43073272705078,2433,16.856460966399506,1.5618577887381833,3.6580353473078504,10.768598438142211,23.38676531031648,57.00780928894369,0,,,,,,,1486,17.374638553583445,1.1440107671601616,3.028263795423957,9.55585464333782,20.928667563930013,54.50874831763122,947,16.043354425158395,2.2175290390707496,4.646251319957761,12.671594508975712,27.243928194297784,60.929250263991555
C170,Chest,297,test/C170/Low_Dose/00000090.dcm,130.0,262144,34.504150390625,2430,16.645081018518518,2.016460905349794,4.444444444444445,11.11111111111111,25.596707818930042,57.28395061728395,0,,,,,,,1472,17.250270677649457,1.4266304347826086,3.192934782608696,9.918478260869565,23.233695652173914,54.21195652173913,958,15.715188299191023,2.922755741127349,6.367432150313152,12.943632567849686,29.227557411273487,62.004175365344466
C170,Chest,298,test/C170/Low_Dose/00000037.dcm,130.0,262144,34.784942626953125,2598,17.079045178983833,2.040030792917629,4.080061585835258,10.623556581986143,23.44110854503464,56.73595073133179,0,,,,,,,1590,17.59466022995283,1.6981132075471699,3.0817610062893084,9.119496855345911,21.132075471698112,54.21383647798742,1008,16.265723818824405,2.5793650793650795,5.654761904761905,12.996031746031745,27.083333333333332,60.714285714285715
C170,Chest,299,test/C170/Low_Dose/00000346.dcm,130.0,262144,35.22874069213867,2669,17.891573388909705,1.8733608092918697,3.5593855376545522,9.47920569501686,20.457100037467217,52.94117647058823,0,,,,,,,1667,18.34879274145171,1.6796640671865626,3.059388122375525,8.098380323935213,18.89622075584883,50.749850029994,1002,17.130906156437124,2.1956087824351296,4.391217564870259,11.776447105788423,23.05389221556886,56.58682634730539
C170,Chest,300,test/C170/Low_Dose/00000288.dcm,130.0,262144,35.465354919433594,2694,18.1798208982925,1.670378619153675,3.377876763177431,8.351893095768375,19.896065330363772,51.29918337045286,0,,,,,,,1698,18.61248527679623,1.6489988221436984,3.0624263839811543,7.302709069493522,18.374558303886925,48.58657243816254,996,17.44221220820783,1.7068273092369477,3.9156626506024095,10.140562248995984,22.48995983935743,55.92369477911647
C170,Chest,301,test/C170/Low_Dose/00000223.dcm,130.0,262144,35.592098236083984,2850,17.770557839912282,1.1228070175438596,2.9473684210526314,10.140350877192983,21.157894736842106,52.80701754385965,0,,,,,,,1785,18.367988445378153,0.9523809523809523,2.8011204481792715,9.07563025210084,18.76750700280112,49.523809523809526,1065,16.76923232100939,1.408450704225352,3.192488262910798,11.924882629107982,25.164319248826292,58.309859154929576
C170,Chest,302,test/C170/Low_Dose/00000248.dcm,130.0,262144,35.681941986083984,2726,17.7226017975055,1.9442406456346295,3.9251650770359503,10.198092443140132,22.046955245781366,52.82465150403522,0,,,,,,,1645,18.108698233282674,1.762917933130699,3.768996960486322,9.544072948328267,20.66869300911854,50.88145896656535,1081,17.135061936285847,2.2201665124884364,4.162812210915819,11.193339500462535,24.14431082331175,55.78168362627197
C170,Chest,303,test/C170/Low_Dose/00000206.dcm,130.0,262144,35.542903900146484,2702,17.758077060973353,1.6654330125832717,3.7379718726868987,9.844559585492227,20.87342709104367,53.36787564766839,0,,,,,,,1680,18.194122023809523,1.4285714285714286,3.0357142857142856,8.928571428571429,18.86904761904762,51.42857142857143,1022,17.041288909613503,2.0547945205479454,4.892367906066537,11.350293542074365,24.168297455968688,56.55577299412916
C170,Chest,304,test/C170/Low_Dose/00000132.dcm,130.0,262144,35.356300354003906,2520,17.71559089781746,1.7063492063492063,4.0476190476190474,9.642857142857142,20.674603174603174,53.45238095238095,0,,,,,,,1574,18.103410151286532,1.6518424396442186,3.7484116899618805,8.767471410419313,18.487928843710293,51.905972045743326,946,17.07032075845666,1.7970401691331923,4.545454545454546,11.099365750528541,24.312896405919663,56.02536997885835
C170,Chest,305,test/C170/Low_Dose/00000080.dcm,130.0,262144,35.120914459228516,2352,17.48976436277636,1.913265306122449,3.6139455782312924,9.438775510204081,22.534013605442176,54.67687074829932,0,,,,,,,1451,17.64391341100965,1.8607856650585803,3.4458993797381114,9.097174362508614,22.122674017918676,54.16953824948312,901,17.241516587472255,1.997780244173141,3.8845726970033296,9.988901220865705,23.196448390677027,55.49389567147614
C170,Chest,306,test/C170/Low_Dose/00000144.dcm,130.0,262144,34.75666046142578,2248,17.027878947953738,1.9128113879003559,3.9590747330960854,10.498220640569395,22.55338078291815,57.161921708185055,0,,,,,,,1360,17.56540814568015,1.6911764705882353,3.3823529411764706,8.970588235294118,19.779411764705884,54.55882352941177,888,16.20463603251689,2.2522522522522523,4.842342342342342,12.837837837837839,26.8018018018018,61.148648648648646
C170,Chest,307,test/C170/Low_Dose/00000122.dcm,130.0,262144,34.21442794799805,2026,16.18578595446693,2.813425468904245,5.7255676209279365,12.981243830207305,25.96248766041461,59.47680157946693,0,,,,,,,1240,16.951680632560485,2.5,4.67741935483871,10.887096774193548,22.580645161290324,55.88709677419355,786,14.977504274013995,3.3078880407124682,7.379134860050891,16.28498727735369,31.297709923664122,65.13994910941476
C170,Chest,308,test/C170/Low_Dose/00000173.dcm,130.0,262144,34.212894439697266,1783,16.472083347938867,1.962983735277622,4.48681996634885,11.777902411665732,25.01402131239484,58.440830061693774,0,,,,,,,1078,17.184010464981448,1.5769944341372912,3.339517625231911,9.74025974025974,21.521335807050093,55.10204081632653,705,15.383488475177305,2.5531914893617023,6.24113475177305,14.893617021276595,30.354609929078013,63.54609929078014
C170,Chest,309,test/C170/Low_Dose/00000153.dcm,130.0,262144,33.8813362121582,1829,16.672372625068345,2.0229633679606343,4.373974849644615,10.770913067249863,23.1273920174959,57.40841990158557,0,,,,,,,1117,17.12786061996419,1.8800358102059087,4.118173679498657,8.952551477170994,20.322291853178157,54.87914055505819,712,15.957792474982444,2.247191011235955,4.775280898876405,13.623595505617978,27.528089887640448,61.37640449438202
C170,Chest,310,test/C170/Low_Dose/00000149.dcm,130.0,262144,33.814979553222656,1945,15.95063865681234,3.033419023136247,5.809768637532134,12.75064267352185,25.912596401028278,62.05655526992288,0,,,,,,,1160,16.786762526939654,2.413793103448276,4.568965517241379,10.60344827586207,21.637931034482758,58.36206896551724,785,14.715091311703821,3.949044585987261,7.643312101910828,15.92356687898089,32.22929936305732,67.51592356687898
C170,Chest,311,test/C170/Low_Dose/00000014.dcm,130.0,262144,33.64552688598633,1902,16.410416050538906,2.260778128286015,4.574132492113565,12.092534174553101,24.815983175604625,59.04311251314406,0,,,,,,,1135,17.119211178414098,1.8502202643171806,3.9647577092511015,10.13215859030837,21.58590308370044,56.12334801762115,767,15.361545846235332,2.8683181225554106,5.475880052151239,14.99348109517601,29.595827900912646,63.363754889178615
C170,Chest,312,test/C170/Low_Dose/00000193.dcm,130.0,262144,33.643707275390625,1948,16.010157653683265,1.7453798767967146,4.722792607802875,12.731006160164272,26.694045174537987,60.42094455852156,0,,,,,,,1109,16.53841791591524,1.442741208295762,4.328223624887285,11.000901713255185,24.79711451758341,57.889990982867445,839,15.311895904722885,2.1454112038140645,5.244338498212158,15.01787842669845,29.201430274135877,63.76638855780691
C170,Chest,313,test/C170/Low_Dose/00000232.dcm,130.0,262144,33.33209991455078,1960,15.364987244897959,2.295918367346939,4.846938775510204,13.418367346938776,29.183673469387756,65.25510204081633,0,,,,,,,1129,15.878247135186005,1.5943312666076173,3.7201062887511074,11.603188662533215,26.483613817537645,62.62178919397697,831,14.667671433137786,3.2490974729241877,6.377858002406739,15.884476534296029,32.851985559566785,68.83273164861613
C170,Chest,314,test/C170/Low_Dose/00000298.dcm,130.0,262144,33.333473205566406,1917,15.302308497978613,2.4517475221700575,5.164319248826291,12.10224308815858,29.212310902451748,65.46687532603026,0,,,,,,,1089,15.941427772038567,2.0202020202020203,4.866850321395776,10.46831955922865,25.711662075298438,62.25895316804408,828,14.461724175347221,3.0193236714975846,5.555555555555555,14.251207729468598,33.81642512077295,69.68599033816425
C170,Chest,315,test/C170/Low_Dose/00000074.dcm,130.0,262144,33.71698760986328,1921,15.95584168401874,2.342529932326913,4.5288912024986985,12.2852680895367,26.96512233211869,62.15512753774076,0,,,,,,,1156,16.618599967560552,2.2491349480968856,4.0657439446366785,11.245674740484429,23.356401384083046,59.34256055363322,765,14.954340277777778,2.4836601307189543,5.228758169934641,13.856209150326798,32.41830065359477,66.40522875816994
C170,Chest,316,test/C170/Low_Dose/00000312.dcm,130.0,262144,34.092567443847656,1961,16.239091981132077,2.498725140234574,5.150433452320245,13.20754716981132,26.16012238653748,59.408465068842425,0,,,,,,,1181,17.0527906038315,2.032176121930567,4.233700254022016,10.499576629974598,21.76121930567316,56.13886536833192,780,15.007068810096154,3.2051282051282053,6.538461538461538,17.307692307692307,32.82051282051282,64.35897435897436
C170,Chest,317,test/C170/Low_Dose/00000055.dcm,130.0,262144,34.48447799682617,1993,16.184618822127447,3.110888108379328,5.5193176116407425,14.099347717009532,26.8941294530858,60.060210737581535,0,,,,,,,1174,16.672004764693355,2.6405451448040886,4.599659284497444,13.03236797274276,24.61669505962521,57.5809199318569,819,15.485970409798535,3.785103785103785,6.837606837606837,15.628815628815628,30.158730158730158,63.614163614163616
C170,Chest,318,test/C170/Low_Dose/00000100.dcm,130.0,262144,34.62652587890625,1956,16.515711872124232,2.7096114519427403,4.856850715746421,12.269938650306749,24.744376278118608,58.486707566462165,0,,,,,,,1135,17.194698169052863,2.3788546255506606,3.8766519823788546,9.955947136563877,21.3215859030837,55.15418502202643,821,15.577039005404995,3.166869671132765,6.211936662606577,15.468940316686966,29.476248477466505,63.09378806333739
C170,Chest,319,test/C170/Low_Dose/00000197.dcm,130.0,262144,34.45475769042969,1908,16.443512922562892,3.039832285115304,5.555555555555555,12.578616352201259,25.943396226415093,59.067085953878404,0,,,,,,,1123,17.05701107524488,2.4933214603739984,4.719501335707926,11.219946571682993,23.330365093499555,56.277827248441675,785,15.565858877388536,3.821656050955414,6.751592356687898,14.522292993630574,29.681528662420384,63.05732484076433
C170,Chest,320,test/C170/Low_Dose/00000103.dcm,130.0,262144,34.249473571777344,1874,15.935154999332978,3.2017075773746,6.136606189967983,14.567769477054428,28.17502668089648,60.72572038420491,0,,,,,,,1078,16.407286352040817,3.2467532467532467,6.029684601113172,13.358070500927644,26.25231910946197,58.90538033395176,796,15.295761031721106,3.14070351758794,6.28140703517588,16.20603015075377,30.77889447236181,63.19095477386934
C170,Chest,321,test/C170/Low_Dose/00000077.dcm,130.0,262144,34.037322998046875,1963,15.982900455298013,2.8018339276617423,5.450840550178299,12.226184411614875,26.642893530310747,62.45542536933265,0,,,,,,,1151,16.426614424956558,2.2589052997393573,4.430929626411816,11.03388357949609,24.500434404865334,60.64291920069505,812,15.353940165101601,3.5714285714285716,6.896551724137931,13.916256157635468,29.679802955665025,65.02463054187191
C170,Chest,322,test/C170/Low_Dose/00000281.dcm,130.0,262144,33.519012451171875,1942,15.764818405638517,2.729145211122554,5.715756951596292,12.873326467559217,27.342945417095777,62.87332646755922,0,,,,,,,1152,16.254711574978298,2.7777777777777777,5.295138888888889,11.71875,24.56597222222222,60.763888888888886,790,15.050440071202532,2.6582278481012658,6.329113924050633,14.556962025316455,31.39240506329114,65.9493670886076
C170,Chest,323,test/C170/Low_Dose/00000175.dcm,130.0,262144,33.53361129760742,1967,15.789304778851042,2.1352313167259784,4.880528723945094,13.065582104728012,27.859684799186578,63.44687341128622,0,,,,,,,1160,16.591985452586208,1.6379310344827587,3.8793103448275863,10.344827586206897,24.224137931034484,60.08620689655172,807,14.635513475836431,2.8500619578686495,6.319702602230484,16.97645600991326,33.08550185873606,68.27757125154895
C170,Chest,324,test/C170/Low_Dose/00000321.dcm,130.0,262144,33.380802154541016,2170,15.711250720046083,2.0276497695852536,5.11520737327189,14.101382488479263,27.37327188940092,63.08755760368663,0,,,,,,,1281,16.166367827868854,1.795472287275566,4.605776736924278,12.09992193598751,25.917252146760344,60.73380171740828,889,15.055448757381889,2.3622047244094486,5.849268841394825,16.985376827896513,29.471316085489313,66.47919010123735
C170,Chest,325,test/C170/Low_Dose/00000039.dcm,130.0,262144,33.17823028564453,2133,15.56873937822316,2.8129395218002813,5.719643694327239,13.783403656821378,28.316924519456165,62.82231598687295,0,,,,,,,1270,16.26125123031496,2.204724409448819,4.566929133858268,11.181102362204724,24.724409448818896,59.13385826771653,863,14.549631554171494,3.707995365005794,7.415990730011588,17.61297798377752,33.603707995365006,68.2502896871379
C170,Chest,326,test/C170/Low_Dose/00000046.dcm,130.0,262144,33.28999328613281,2135,15.713339798009368,2.997658079625293,5.714285714285714,13.817330210772834,27.915690866510538,62.950819672131146,0,,,,,,,1257,16.407430887032618,3.023070803500398,5.0914876690533015,12.330946698488464,25.616547334924423,59.18854415274463,878,14.719635357346242,2.9612756264236904,6.605922551252847,15.945330296127562,31.20728929384966,68.3371298405467
C170,Chest,327,test/C170/Low_Dose/00000013.dcm,130.0,262144,33.48305892944336,2117,15.917979821091167,2.409069437883798,4.7236655644780345,13.131790269248937,26.641473783656117,61.88001889466226,0,,,,,,,1271,16.815659421715186,1.966955153422502,3.6191974822974036,10.700236034618412,21.636506687647522,57.67112509834776,846,14.569338246158392,3.0732860520094563,6.382978723404255,16.78486997635934,34.160756501182036,68.2033096926714
C170,Chest,328,test/C170/Low_Dose/00000054.dcm,130.0,262144,33.242103576660156,1944,15.97121853298611,2.932098765432099,5.29835390946502,12.860082304526749,26.131687242798353,62.19135802469136,0,,,,,,,1126,16.444467764764653,2.3978685612788633,4.706927175843695,11.634103019538188,23.712255772646536,60.03552397868561,818,15.319777658924206,3.667481662591687,6.112469437652812,14.547677261613693,29.462102689486553,65.15892420537897
C170,Chest,329,test/C170/Low_Dose/00000085.dcm,130.0,262144,33.37630081176758,1746,16.37900245203322,2.1191294387170676,4.352806414662084,12.084765177548682,26.00229095074456,60.53837342497136,0,,,,,,,1021,17.085891589128305,2.0568070519098924,3.721841332027424,10.577864838393731,22.428991185112636,57.3947110675808,725,15.383507543103448,2.206896551724138,5.241379310344827,14.206896551724139,31.03448275862069,64.96551724137932
C170,Chest,330,test/C170/Low_Dose/00000238.dcm,130.0,262144,33.22203063964844,1651,16.454111617958812,1.8776499091459722,4.058146577831617,10.96305269533616,24.470018170805574,60.26650514839491,0,,,,,,,1030,17.206536331917476,1.4563106796116505,3.495145631067961,9.514563106796116,21.262135922330096,56.99029126213592,621,15.206128598027375,2.576489533011272,4.99194847020934,13.365539452495975,29.790660225442835,65.70048309178743
C170,Chest,331,test/C170/Low_Dose/00000339.dcm,130.0,262144,32.89080047607422,1587,15.844591800567107,2.7095148078134845,4.914933837429111,12.161310649023314,25.330812854442343,62.948960302457465,0,,,,,,,966,16.519603026332817,1.8633540372670807,3.9337474120082816,9.834368530020704,21.32505175983437,60.76604554865425,621,14.79457748339372,4.025764895330113,6.4412238325281805,15.780998389694043,31.561996779388085,66.34460547504025
C170,Chest,332,test/C170/Low_Dose/00000184.dcm,130.0,262144,33.24052810668945,1632,16.20352232689951,2.450980392156863,4.963235294117647,11.70343137254902,25.67401960784314,60.845588235294116,0,,,,,,,1006,16.552557700670974,2.0874751491053676,4.671968190854871,11.829025844930417,24.353876739562626,58.84691848906561,626,15.64261244508786,3.0351437699680512,5.431309904153355,11.501597444089457,27.79552715654952,64.05750798722045
C170,Chest,333,test/C170/Low_Dose/00000328.dcm,130.0,262144,33.55418014526367,1737,16.733794797063904,1.4968336211859528,3.6845135290731146,9.32642487046632,23.37363270005757,58.721934369602764,0,,,,,,,1087,17.415535878564857,1.1959521619135234,3.1278748850045996,7.543698252069917,20.055197792088318,55.19779208831647,650,15.5937109375,2.0,4.615384615384615,12.307692307692308,28.923076923076923,64.61538461538461
C170,Chest,334,test/C170/Low_Dose/00000205.dcm,130.0,262144,33.45576477050781,1806,16.78294141057586,1.6611295681063123,4.318936877076412,11.627906976744185,24.41860465116279,56.53377630121816,0,,,,,,,1092,17.3306397378663,1.73992673992674,4.304029304029304,10.622710622710622,21.794871794871796,54.57875457875458,714,15.945286513042717,1.5406162464985995,4.341736694677871,13.165266106442576,28.431372549019606,59.523809523809526
C170,Chest,335,test/C170/Low_Dose/00000222.dcm,130.0,262144,33.51615524291992,1703,17.001365925939517,1.7028772753963595,3.3470346447445682,10.628302994715208,22.019964768056372,56.72342924251321,0,,,,,,,1078,17.424246651785715,1.2059369202226344,2.504638218923933,9.183673469387756,20.222634508348794,54.82374768089054,625,16.271984375,2.56,4.8,13.12,25.12,60.0
C170,Chest,336,test/C170/Low_Dose/00000183.dcm,130.0,262144,33.36557388305664,1698,16.983255806463486,2.1790341578327443,4.181389870435807,10.482921083627797,23.2037691401649,56.65488810365135,0,,,,,,,1051,17.38100990128449,1.9029495718363463,3.6156041864890582,9.419600380589914,21.217887725975263,54.900095147478595,647,16.33713895865533,2.6275115919629055,5.1004636785162285,12.210200927357032,26.42967542503864,59.50540958268934
C170,Chest,337,test/C170/Low_Dose/00000307.dcm,130.0,262144,33.29670715332031,1704,17.205935482687792,1.4671361502347418,3.8145539906103285,9.976525821596244,21.654929577464788,54.98826291079812,0,,,,,,,1099,17.648739621246587,1.364877161055505,3.1847133757961785,8.644222020018198,19.199272065514105,53.503184713375795,605,16.40156895661157,1.6528925619834711,4.958677685950414,12.396694214876034,26.115702479338843,57.68595041322314
C170,Chest,338,test/C170/Low_Dose/00000061.dcm,130.0,262144,32.999080657958984,1622,17.14049013563502,1.6029593094944512,3.3292231812577064,9.617755856966708,21.948212083847103,56.041923551171394,0,,,,,,,1032,17.896575218023255,1.3565891472868217,2.810077519379845,8.13953488372093,19.282945736434108,52.13178294573643,590,15.817983646716101,2.0338983050847457,4.237288135593221,12.203389830508474,26.610169491525422,62.88135593220339
C170,Chest,339,test/C170/Low_Dose/00000221.dcm,130.0,262144,32.54294204711914,1744,16.661305278813074,1.6628440366972477,4.128440366972477,11.009174311926605,24.770642201834864,58.772935779816514,0,,,,,,,1069,17.080639031805426,1.8709073900841908,4.209541627689429,10.19644527595884,23.012160898035546,56.31431244153414,675,15.997204861111111,1.3333333333333333,4.0,12.296296296296296,27.555555555555557,62.666666666666664
C170,Chest,340,test/C170/Low_Dose/00000234.dcm,130.0,262144,32.15757751464844,1613,16.342152869265345,1.735895846249225,3.347799132052077,10.539367637941723,24.364538127712336,60.32238065716057,0,,,,,,,974,16.958623427874745,1.4373716632443532,2.7720739219712525,9.856262833675565,21.149897330595483,56.57084188911704,639,15.40249352014867,2.190923317683881,4.225352112676056,11.580594679186229,29.26447574334898,66.04068857589985
C170,Chest,341,test/C170/Low_Dose/00000280.dcm,130.0,262144,31.685487747192383,1659,15.538824687311633,2.109704641350211,4.882459312839059,12.356841470765522,26.582278481012658,64.61723930078361,0,,,,,,,1020,15.987086397058823,1.9607843137254901,4.509803921568627,11.764705882352942,25.19607843137255,62.254901960784316,639,14.82329109203834,2.347417840375587,5.477308294209703,13.302034428794991,28.794992175273865,68.38810641627543
C170,Chest,342,test/C170/Low_Dose/00000245.dcm,130.0,262144,31.2850284576416,1689,15.210054026050917,2.782711663706335,5.0325636471284785,11.900532859680284,27.767910005920662,67.31793960923623,0,,,,,,,1037,15.988158826542913,1.9286403085824493,3.664416586306654,9.35390549662488,23.625843780135003,63.837994214079075,652,13.972485501342025,4.141104294478527,7.208588957055214,15.950920245398773,34.355828220858896,72.85276073619632
C170,Chest,343,test/C170/Low_Dose/00000058.dcm,130.0,262144,30.865821838378906,1437,14.597960703723034,2.7139874739039667,5.219206680584551,14.683368128044537,30.68893528183716,69.6590118302018,0,,,,,,,876,15.28701127283105,2.625570776255708,4.4520547945205475,12.442922374429223,27.168949771689498,66.0958904109589,561,13.522010952818627,2.8520499108734403,6.4171122994652405,18.181818181818183,36.185383244206776,75.22281639928698
C170,Chest,344,test/C170/Low_Dose/00000099.dcm,130.0,262144,30.56150245666504,1185,14.551905327004219,3.037974683544304,5.40084388185654,15.864978902953586,32.23628691983122,67.9324894514768,0,,,,,,,709,15.29689428332158,2.397743300423131,4.65444287729196,13.540197461212976,27.926657263751764,65.30324400564174,476,13.44224535517332,3.991596638655462,6.512605042016807,19.327731092436974,38.65546218487395,71.84873949579831
C170,Chest,345,test/C170/Low_Dose/00000130.dcm,130.0,262144,30.162822723388672,1314,14.064007206050228,3.2724505327245055,5.783866057838661,16.28614916286149,31.811263318112633,72.75494672754947,0,,,,,,,794,14.886541640428211,2.770780856423174,5.037783375314861,13.476070528967254,27.83375314861461,69.77329974811083,520,12.808058518629808,4.038461538461538,6.923076923076923,20.576923076923077,37.88461538461539,77.3076923076923
C170,Chest,346,test/C170/Low_Dose/00000267.dcm,130.0,262144,29.81096839904785,1369,14.364807797662527,2.6296566837107376,5.843681519357195,14.243973703433163,30.898466033601167,69.53981008035062,0,,,,,,,828,14.918848599788648,2.1739130434782608,4.830917874396135,12.801932367149758,28.26086956521739,66.30434782608695,541,13.51685337482671,3.3271719038817005,7.393715341959335,16.45101663585952,34.93530499075786,74.4916820702403
C170,Chest,347,test/C170/Low_Dose/00000265.dcm,130.0,262144,29.671825408935547,1251,14.040305255795364,3.117505995203837,5.755395683453237,15.827338129496402,31.894484412470025,73.3013589128697,0,,,,,,,725,14.824888200431035,2.3448275862068964,4.275862068965517,12.689655172413794,26.896551724137932,71.03448275862068,526,12.958895259030419,4.182509505703422,7.79467680608365,20.15209125475285,38.78326996197718,76.42585551330798
C170,Chest,348,test/C170/Low_Dose/00000076.dcm,130.0,262144,29.568279266357422,1346,13.699802075594354,3.4175334323922733,5.720653789004458,16.2704309063893,34.472511144130756,73.99702823179791,0,,,,,,,783,14.336396471902937,3.4482758620689653,6.002554278416348,14.814814814814815,31.03448275862069,70.37037037037037,563,12.814450523146093,3.374777975133215,5.328596802841918,18.294849023090585,39.253996447602134,79.04085257548846
C170,Chest,349,test/C170/Low_Dose/00000229.dcm,130.0,262144,29.57794761657715,1425,14.03962308114035,1.7543859649122806,4.842105263157895,14.87719298245614,32.421052631578945,73.19298245614036,0,,,,,,,806,14.44564690601737,1.1166253101736974,3.7220843672456576,13.027295285359802,30.272952853598014,71.33995037220843,619,13.510939393174475,2.5848142164781907,6.30048465266559,17.2859450726979,35.21809369951535,75.60581583198707
C170,Chest,350,test/C170/Low_Dose/00000002.dcm,130.0,262144,29.474830627441406,1471,13.647930298266486,2.991162474507138,6.458191706322229,15.567641060503059,32.426920462270566,75.39089055064582,0,,,,,,,843,14.394688797449584,2.0166073546856467,4.98220640569395,12.336892052194543,28.588374851720047,72.00474495848161,628,12.64551558767914,4.2993630573248405,8.439490445859873,19.904458598726116,37.5796178343949,79.93630573248407
C170,Chest,351,test/C170/Low_Dose/00000256.dcm,130.0,262144,29.495431900024414,1316,13.764553452697568,2.6595744680851063,5.395136778115502,15.729483282674773,33.58662613981763,73.32826747720365,0,,,,,,,765,14.514728860294118,1.9607843137254901,4.052287581699346,12.549019607843137,29.80392156862745,70.71895424836602,551,12.723020467048547,3.629764065335753,7.259528130671506,20.14519056261343,38.83847549909256,76.95099818511797
C170,Chest,352,test/C170/Low_Dose/00000203.dcm,130.0,262144,29.641403198242188,1415,14.070422924028268,2.2614840989399294,5.017667844522968,15.19434628975265,32.791519434628974,71.9434628975265,0,,,,,,,816,14.726701325061274,1.5931372549019607,3.9215686274509802,13.848039215686274,28.92156862745098,68.99509803921569,599,13.17639506599541,3.1719532554257097,6.510851419031719,17.02838063439065,38.06343906510851,75.95993322203672
C170,Chest,353,test/C170/Low_Dose/00000001.dcm,130.0,262144,29.33511734008789,1379,13.197221718636694,2.5380710659898478,6.091370558375634,18.346627991298043,36.983321247280635,77.37490935460478,0,,,,,,,810,13.640134307484567,2.4691358024691357,4.814814814814815,15.802469135802468,34.69135802469136,75.4320987654321,569,12.566713463862039,2.6362038664323375,7.9086115992970125,21.968365553602812,40.246045694200355,80.14059753954305
C170,Chest,354,test/C170/Low_Dose/00000336.dcm,130.0,262144,29.139902114868164,1339,13.185576047890217,3.883495145631068,7.169529499626587,16.803584764749814,36.445108289768484,77.07244212098581,0,,,,,,,785,13.661574442675159,2.929936305732484,6.114649681528663,16.178343949044585,32.738853503184714,74.52229299363057,554,12.51110178813177,5.234657039711191,8.664259927797834,17.689530685920577,41.69675090252708,80.68592057761732
C170,Chest,355,test/C170/Low_Dose/00000319.dcm,130.0,262144,29.04619026184082,1367,12.950836114667155,4.09656181419166,7.461594732991953,18.50768105340161,37.088514996342354,78.05413313825896,0,,,,,,,823,13.241841016099636,3.766707168894289,7.168894289185905,17.61846901579587,35.358444714459296,76.79222357229648,544,12.510584214154411,4.595588235294118,7.904411764705882,19.852941176470587,39.705882352941174,79.96323529411765
C170,Chest,356,test/C170/Low_Dose/00000271.dcm,130.0,262144,28.614521026611328,1333,13.181206922824456,3.525881470367592,6.2265566391597895,16.429107276819206,36.084021005251316,77.56939234808702,0,,,,,,,767,13.846156392601044,3.259452411994785,5.60625814863103,13.820078226857888,31.8122555410691,74.1851368970013,566,12.280119016397968,3.8869257950530036,7.067137809187279,19.964664310954063,41.87279151943463,82.15547703180212
C170,Chest,357,test/C170/Low_Dose/00000042.dcm,130.0,262144,28.395566940307617,1295,13.13366916023166,3.7065637065637067,6.94980694980695,16.91119691119691,36.447876447876446,77.29729729729729,0,,,,,,,790,13.43291757318038,2.911392405063291,5.949367088607595,15.316455696202532,34.43037974683544,76.45569620253164,505,12.665538946472772,4.9504950495049505,8.514851485148515,19.405940594059405,39.603960396039604,78.61386138613861
C170,Chest,358,test/C170/Low_Dose/00000093.dcm,130.0,262144,28.252050399780273,1290,13.4101441375969,3.643410852713178,6.821705426356589,16.82170542635659,34.49612403100775,75.1937984496124,0,,,,,,,774,13.84480605014535,3.10077519379845,6.589147286821706,16.27906976744186,32.55813953488372,72.99741602067184,516,12.758153161337209,4.457364341085271,7.170542635658915,17.635658914728683,37.4031007751938,78.48837209302326
C249,Chest,0,test/C249/Low_Dose/00000207.dcm,130.0,262144,16.500160217285156,571,7.825928161941769,5.779334500875657,11.033274956217163,28.371278458844134,65.67425569176882,100.0,0,,,,,,,248,7.9504251787739415,5.241935483870968,8.064516129032258,28.225806451612904,65.7258064516129,100.0,323,7.730338743227554,6.191950464396285,13.312693498452012,28.48297213622291,65.63467492260062,100.0
C249,Chest,1,test/C249/Low_Dose/00000319.dcm,130.0,262144,16.93857192993164,612,8.267574933619281,3.9215686274509802,9.640522875816993,25.163398692810457,60.62091503267974,100.0,0,,,,,,,269,8.72788576033922,3.345724907063197,8.178438661710038,20.44609665427509,57.24907063197026,100.0,343,7.906573148232507,4.373177842565598,10.787172011661808,28.862973760932945,63.265306122448976,100.0
C249,Chest,2,test/C249/Low_Dose/00000171.dcm,130.0,262144,17.040239334106445,577,7.899056948656845,6.239168110918544,11.95840554592721,31.542461005199307,61.52512998266898,100.0,0,,,,,,,256,8.00329303741455,7.03125,13.671875,28.125,62.109375,100.0,321,7.815927095502336,5.607476635514018,10.59190031152648,34.26791277258567,61.059190031152646,100.0
C249,Chest,3,test/C249/Low_Dose/00000182.dcm,130.0,262144,17.171772003173828,684,8.122313025402047,5.2631578947368425,10.964912280701755,27.19298245614035,61.98830409356725,100.0,0,,,,,,,326,8.398013623945552,5.828220858895706,11.349693251533742,25.460122699386503,58.895705521472394,100.0,358,7.871256055778631,4.748603351955308,10.614525139664805,28.77094972067039,64.80446927374301,100.0
C249,Chest,4,test/C249/Low_Dose/00000223.dcm,130.0,262144,17.408655166625977,676,7.974275667991864,5.9171597633136095,11.538461538461538,29.437869822485208,63.31360946745562,100.0,0,,,,,,,325,8.386998197115384,4.0,7.384615384615385,26.46153846153846,61.84615384615385,100.0,351,7.592123786948005,7.6923076923076925,15.384615384615385,32.193732193732195,64.67236467236468,100.0
C249,Chest,5,test/C249/Low_Dose/00000112.dcm,130.0,262144,17.571739196777344,567,8.150338955026456,7.231040564373898,12.698412698412698,26.984126984126984,62.786596119929456,100.0,0,,,,,,,298,8.442558134962248,6.7114093959731544,12.080536912751677,23.825503355704697,59.060402684563755,100.0,269,7.826616592123606,7.806691449814126,13.382899628252789,30.483271375464685,66.91449814126393,100.0
C249,Chest,6,test/C249/Low_Dose/00000104.dcm,130.0,262144,17.62080192565918,576,8.160675048828125,7.8125,12.5,27.604166666666668,61.111111111111114,100.0,0,,,,,,,281,8.03396682467749,6.761565836298932,12.811387900355871,27.75800711743772,64.41281138790036,100.0,295,8.281370828919492,8.813559322033898,12.203389830508474,27.45762711864407,57.96610169491525,100.0
C249,Chest,7,test/C249/Low_Dose/00000288.dcm,130.0,262144,17.565221786499023,552,8.188607478487318,5.978260869565218,10.326086956521738,26.81159420289855,62.68115942028985,100.0,0,,,,,,,262,8.580274742068225,4.961832061068702,8.396946564885496,23.282442748091604,59.16030534351145,100.0,290,7.8347563644935345,6.896551724137931,12.068965517241379,30.0,65.86206896551724,100.0
C249,Chest,8,test/C249/Low_Dose/00000156.dcm,130.0,262144,17.399105072021484,621,7.863219919987923,5.797101449275362,10.789049919484702,30.112721417069242,65.53945249597423,100.0,0,,,,,,,303,8.204306221637788,4.9504950495049505,8.58085808580858,27.722772277227723,61.386138613861384,100.0,318,7.538222594830975,6.60377358490566,12.89308176100629,32.38993710691824,69.49685534591195,100.0
C249,Chest,9,test/C249/Low_Dose/00000282.dcm,130.0,262144,17.45824432373047,606,7.821899011190181,4.62046204620462,11.551155115511552,33.4983498349835,62.37623762376238,100.0,0,,,,,,,309,7.797733047633495,4.53074433656958,12.297734627831716,33.65695792880259,62.45954692556634,100.0,297,7.847039733270202,4.713804713804714,10.774410774410775,33.333333333333336,62.28956228956229,100.0
C249,Chest,10,test/C249/Low_Dose/00000079.dcm,130.0,262144,17.32774543762207,551,7.988400883337114,6.715063520871143,11.252268602540834,26.860254083484573,63.52087114337568,100.0,0,,,,,,,281,8.165920053936834,5.693950177935943,10.320284697508896,24.91103202846975,61.92170818505338,100.0,270,7.8036494502314815,7.777777777777778,12.222222222222221,28.88888888888889,65.18518518518519,100.0
C249,Chest,11,test/C249/Low_Dose/00000029.dcm,130.0,262144,17.693218231201172,616,8.272598861099837,5.681818181818182,11.525974025974026,27.435064935064936,61.52597402597402,100.0,0,,,,,,,297,8.701085562657829,5.05050505050505,9.764309764309765,22.55892255892256,59.93265993265993,100.0,319,7.873662201214733,6.269592476489028,13.16614420062696,31.974921630094045,63.009404388714735,100.0
C249,Chest,12,test/C249/Low_Dose/00000057.dcm,130.0,262144,17.44333267211914,626,8.340080090605031,5.271565495207668,11.182108626198083,27.476038338658146,58.945686900958464,100.0,0,,,,,,,318,8.772580704599056,4.088050314465409,7.861635220125786,24.21383647798742,55.9748427672956,100.0,308,7.893537248883929,6.4935064935064934,14.61038961038961,30.844155844155843,62.01298701298701,100.0
C249,Chest,13,test/C249/Low_Dose/00000287.dcm,130.0,262144,17.917295455932617,597,8.54156606600712,5.360134003350084,10.887772194304858,28.30820770519263,55.778894472361806,100.0,0,,,,,,,308,9.142544833096592,5.51948051948052,10.714285714285714,23.376623376623378,51.298701298701296,100.0,289,7.901076584126297,5.190311418685121,11.07266435986159,33.56401384083045,60.55363321799308,100.0
C249,Chest,14,test/C249/Low_Dose/00000190.dcm,130.0,262144,18.07625389099121,556,8.678587110780127,3.41726618705036,9.172661870503598,24.100719424460433,56.65467625899281,100.0,0,,,,,,,278,9.078498236566997,3.597122302158273,7.194244604316546,21.942446043165468,52.87769784172662,100.0,278,8.278675984993255,3.237410071942446,11.151079136690647,26.258992805755394,60.431654676258994,100.0
C249,Chest,15,test/C249/Low_Dose/00000010.dcm,130.0,262144,18.423032760620117,552,8.382828422214674,6.702898550724638,11.956521739130435,29.166666666666668,58.51449275362319,100.0,0,,,,,,,292,8.854818265732021,6.8493150684931505,10.95890410958904,26.36986301369863,52.397260273972606,100.0,260,7.852748460036057,6.538461538461538,13.076923076923077,32.30769230769231,65.38461538461539,100.0
C249,Chest,16,test/C249/Low_Dose/00000100.dcm,130.0,262144,18.61594009399414,550,8.52138583096591,5.818181818181818,11.636363636363637,28.727272727272727,59.45454545454545,100.0,0,,,,,,,282,9.03118593472961,4.609929078014185,8.865248226950355,22.69503546099291,56.02836879432624,100.0,268,7.984954378498134,7.08955223880597,14.552238805970148,35.07462686567164,63.059701492537314,100.0
C249,Chest,17,test/C249/Low_Dose/00000256.dcm,130.0,262144,18.506179809570312,578,8.40251946366782,5.017301038062284,11.764705882352942,30.622837370242216,60.38062283737024,100.0,0,,,,,,,304,8.68884919819079,4.276315789473684,9.868421052631579,28.61842105263158,57.89473684210526,100.0,274,8.084839758211679,5.839416058394161,13.86861313868613,32.846715328467155,63.13868613138686,100.0
C249,Chest,18,test/C249/Low_Dose/00000179.dcm,130.0,262144,18.454591751098633,535,8.445620071553739,5.981308411214953,10.841121495327103,26.91588785046729,58.691588785046726,100.0,0,,,,,,,248,8.601804671748992,5.241935483870968,9.67741935483871,25.806451612903224,58.46774193548387,100.0,287,8.310659162674217,6.620209059233449,11.846689895470384,27.874564459930312,58.88501742160279,100.0
C249,Chest,19,test/C249/Low_Dose/00000159.dcm,130.0,262144,18.80388069152832,538,9.049870033689592,4.83271375464684,9.479553903345725,24.1635687732342,53.15985130111524,100.0,0,,,,,,,252,9.700025770399305,3.5714285714285716,7.5396825396825395,18.253968253968253,47.61904761904762,100.0,286,8.477006392045455,5.944055944055944,11.188811188811188,29.37062937062937,58.04195804195804,100.0
C249,Chest,20,test/C249/Low_Dose/00000088.dcm,130.0,262144,18.284931182861328,573,8.657224006053665,4.712041884816754,10.471204188481675,25.479930191972077,56.8935427574171,100.0,0,,,,,,,272,8.887352438534007,5.147058823529412,11.029411764705882,23.529411764705884,54.044117647058826,100.0,301,8.449267415905316,4.318936877076412,9.966777408637874,27.242524916943523,59.46843853820598,100.0
C249,Chest,21,test/C249/Low_Dose/00000202.dcm,130.0,262144,18.68646240234375,613,8.57213977110522,4.404567699836868,9.298531810766722,26.753670473083197,58.727569331158236,100.0,0,,,,,,,279,8.972621247759857,5.376344086021505,7.885304659498208,24.372759856630825,53.763440860215056,100.0,334,8.237605112041543,3.592814371257485,10.479041916167665,28.74251497005988,62.874251497005986,100.0
C249,Chest,22,test/C249/Low_Dose/00000215.dcm,130.0,262144,18.92285919189453,593,8.780695022660202,4.721753794266442,10.961214165261383,27.993254637436763,54.13153456998314,100.0,0,,,,,,,291,8.91566829091495,3.0927835051546393,9.621993127147766,27.491408934707902,52.233676975945016,100.0,302,8.650637999275663,6.291390728476821,12.251655629139073,28.47682119205298,55.96026490066225,100.0
C249,Chest,23,test/C249/Low_Dose/00000125.dcm,130.0,262144,18.78474998474121,664,8.552674075207078,4.518072289156627,10.843373493975903,28.313253012048193,59.63855421686747,100.0,0,,,,,,,319,9.091720341888715,5.329153605015674,9.404388714733543,26.95924764890282,52.35109717868338,100.0,345,8.054250169836957,3.7681159420289854,12.173913043478262,29.565217391304348,66.3768115942029,100.0
C249,Chest,24,test/C249/Low_Dose/00000292.dcm,130.0,262144,18.409332275390625,689,8.5557795775127,6.386066763425254,11.030478955007258,28.30188679245283,59.361393323657474,100.0,0,,,,,,,348,8.953931786548132,5.747126436781609,10.632183908045977,25.28735632183908,56.03448275862069,100.0,341,8.149454155975073,7.038123167155425,11.436950146627566,31.378299120234605,62.75659824046921,100.0
C249,Chest,25,test/C249/Low_Dose/00000040.dcm,130.0,262144,18.618444442749023,707,8.509283559494342,5.657708628005658,10.891089108910892,28.147100424328148,58.415841584158414,100.0,0,,,,,,,340,8.805577895220589,4.705882352941177,8.235294117647058,26.176470588235293,55.294117647058826,100.0,367,8.23478744465259,6.539509536784741,13.35149863760218,29.97275204359673,61.30790190735695,100.0
C249,Chest,26,test/C249/Low_Dose/00000148.dcm,130.0,262144,18.23790168762207,844,8.68670741076718,5.805687203791469,11.255924170616113,26.540284360189574,57.81990521327014,100.0,0,,,,,,,378,8.905234039145173,5.026455026455026,9.788359788359788,23.544973544973544,56.613756613756614,100.0,466,8.509447089592275,6.437768240343348,12.446351931330472,28.969957081545065,58.798283261802574,100.0
C249,Chest,27,test/C249/Low_Dose/00000110.dcm,130.0,262144,18.425029754638672,873,8.552987184994272,4.810996563573883,10.194730813287514,27.376861397479953,58.419243986254294,100.0,0,,,,,,,405,8.9827823591821,3.7037037037037037,8.88888888888889,25.432098765432098,53.82716049382716,100.0,468,8.181048010149572,5.769230769230769,11.324786324786325,29.05982905982906,62.39316239316239,100.0
C249,Chest,28,test/C249/Low_Dose/00000038.dcm,130.0,262144,18.214204788208008,734,8.61083917851669,5.313351498637602,10.354223433242506,24.931880108991827,57.356948228882835,100.0,0,,,,,,,360,9.016448296440972,5.0,8.88888888888889,23.055555555555557,54.72222222222222,100.0,374,8.220412636823195,5.614973262032086,11.764705882352942,26.737967914438503,59.893048128342244,100.0
C249,Chest,29,test/C249/Low_Dose/00000175.dcm,130.0,262144,18.024272918701172,726,7.9644106189738295,6.336088154269972,13.911845730027549,31.542699724517906,61.70798898071625,100.0,0,,,,,,,327,8.304284331995413,5.504587155963303,13.149847094801224,30.275229357798164,57.49235474006116,100.0,399,7.685867500783208,7.017543859649122,14.536340852130326,32.581453634085214,65.16290726817043,100.0
C249,Chest,30,test/C249/Low_Dose/00000027.dcm,130.0,262144,17.846174240112305,686,8.326685780338922,6.559766763848397,12.973760932944606,28.134110787172013,58.74635568513119,100.0,0,,,,,,,324,8.50757438753858,7.098765432098766,13.88888888888889,27.160493827160494,57.098765432098766,100.0,362,8.164784131129144,6.077348066298343,12.154696132596685,29.005524861878452,60.22099447513812,100.0
C249,Chest,31,test/C249/Low_Dose/00000280.dcm,130.0,262144,18.082155227661133,641,8.102929078100624,6.5522620904836195,12.636505460218409,27.76911076443058,62.558502340093604,100.0,0,,,,,,,332,8.625433864363705,5.72289156626506,11.74698795180723,23.795180722891565,59.93975903614458,100.0,309,7.541532349817961,7.44336569579288,13.592233009708737,32.03883495145631,65.37216828478964,100.0
C249,Chest,32,test/C249/Low_Dose/00000284.dcm,130.0,262144,17.606290817260742,486,7.9721348138503085,5.349794238683128,12.551440329218106,32.098765432098766,60.90534979423868,100.0,0,,,,,,,247,8.24935307676493,3.2388663967611335,9.31174089068826,29.149797570850204,59.51417004048583,100.0,239,7.685638300045763,7.531380753138075,15.899581589958158,35.14644351464435,62.34309623430963,100.0
C249,Chest,33,test/C249/Low_Dose/00000195.dcm,130.0,262144,17.522066116333008,353,8.040062577461049,5.09915014164306,11.614730878186968,29.46175637393768,62.32294617563739,100.0,0,,,,,,,196,8.318909314213967,3.061224489795918,9.693877551020408,29.081632653061224,60.204081632653065,100.0,157,7.691948179986067,7.643312101910828,14.012738853503185,29.936305732484076,64.96815286624204,100.0
C249,Chest,34,test/C249/Low_Dose/00000160.dcm,130.0,262144,17.708297729492188,387,7.952469542353036,5.426356589147287,12.661498708010337,31.782945736434108,62.53229974160207,100.0,0,,,,,,,208,8.566601679875301,3.3653846153846154,10.096153846153847,26.442307692307693,56.25,100.0,179,7.2388411367405725,7.82122905027933,15.64245810055866,37.98882681564246,69.83240223463687,100.0
C249,Chest,35,test/C249/Low_Dose/00000213.dcm,130.0,262144,17.574691772460938,345,8.16018455615942,4.3478260869565215,8.985507246376812,30.434782608695652,61.15942028985507,100.0,0,,,,,,,180,8.664419894748264,3.888888888888889,8.333333333333334,29.444444444444443,55.55555555555556,100.0,165,7.6101103811553035,4.848484848484849,9.696969696969697,31.515151515151516,67.27272727272727,100.0
C249,Chest,36,test/C249/Low_Dose/00000145.dcm,130.0,262144,17.47715187072754,351,8.043120381499287,5.982905982905983,10.256410256410257,30.1994301994302,62.96296296296296,100.0,0,,,,,,,187,8.418446586731283,5.882352941176471,10.16042780748663,27.272727272727273,59.893048128342244,100.0,164,7.615156220226753,6.097560975609756,10.365853658536585,33.53658536585366,66.46341463414635,100.0
C249,Chest,37,test/C249/Low_Dose/00000122.dcm,130.0,262144,17.49565887451172,330,8.148600260416666,7.878787878787879,13.333333333333334,30.0,57.57575757575758,100.0,0,,,,,,,184,7.995127138884171,9.23913043478261,14.130434782608695,30.97826086956522,59.78260869565217,100.0,146,8.342019277076199,6.164383561643835,12.32876712328767,28.767123287671232,54.794520547945204,100.0
C249,Chest,38,test/C249/Low_Dose/00000001.dcm,130.0,262144,17.1511287689209,334,7.6296284384356285,5.688622754491018,14.37125748502994,32.035928143712574,62.5748502994012,100.0,0,,,,,,,176,8.12649952281605,5.113636363636363,13.068181818181818,27.272727272727273,57.38636363636363,100.0,158,7.076151014883307,6.329113924050633,15.822784810126583,37.34177215189873,68.35443037974683,100.0
C249,Chest,39,test/C249/Low_Dose/00000092.dcm,130.0,262144,17.123125076293945,314,8.058852663465366,5.095541401273885,13.05732484076433,31.21019108280255,59.554140127388536,100.0,0,,,,,,,163,8.42967926212615,4.294478527607362,9.815950920245399,30.061349693251532,56.441717791411044,100.0,151,7.658556401334851,5.960264900662252,16.556291390728475,32.450331125827816,62.913907284768214,100.0
C249,Chest,40,test/C249/Low_Dose/00000049.dcm,130.0,262144,17.325857162475586,303,8.099318501186056,5.6105610561056105,11.221122112211221,29.702970297029704,61.386138613861384,100.0,0,,,,,,,147,8.81940070950255,4.761904761904762,8.16326530612245,21.768707482993197,55.78231292517007,100.0,156,7.420779497195513,6.410256410256411,14.102564102564102,37.17948717948718,66.66666666666667,100.0
C249,Chest,41,test/C249/Low_Dose/00000084.dcm,130.0,262144,17.28893280029297,343,7.627855662354228,6.705539358600583,15.451895043731778,32.94460641399417,65.3061224489796,100.0,0,,,,,,,186,8.311475528183804,7.526881720430108,12.903225806451612,29.032258064516128,57.526881720430104,100.0,157,6.817961285828026,5.732484076433121,18.471337579617835,37.5796178343949,74.52229299363057,100.0
C249,Chest,42,test/C249/Low_Dose/00000344.dcm,130.0,262144,17.097047805786133,334,7.794063728012724,4.491017964071856,11.377245508982035,33.23353293413174,62.874251497005986,100.0,0,,,,,,,176,8.401524630459873,3.977272727272727,9.090909090909092,24.431818181818183,60.22727272727273,100.0,158,7.117399191554589,5.063291139240507,13.924050632911392,43.037974683544306,65.82278481012658,100.0
C249,Chest,43,test/C249/Low_Dose/00000105.dcm,130.0,262144,17.17268943786621,316,7.573076851760285,6.329113924050633,12.341772151898734,34.177215189873415,64.87341772151899,100.0,0,,,,,,,163,7.756218845858895,4.294478527607362,9.202453987730062,32.515337423312886,64.41717791411043,100.0,153,7.3779639948427285,8.49673202614379,15.686274509803921,35.947712418300654,65.359477124183,100.0
C249,Chest,44,test/C249/Low_Dose/00000020.dcm,130.0,262144,16.846132278442383,344,8.005974348201308,9.593023255813954,14.534883720930232,28.197674418604652,61.04651162790697,100.0,0,,,,,,,192,8.016875584920248,9.375,14.583333333333334,26.041666666666668,60.416666666666664,100.0,152,7.992204364977385,9.868421052631579,14.473684210526315,30.92105263157895,61.8421052631579,100.0
C249,Chest,45,test/C249/Low_Dose/00000271.dcm,130.0,262144,16.746265411376953,369,7.9673023585704605,5.9620596205962055,10.840108401084011,29.26829268292683,61.78861788617886,100.0,0,,,,,,,196,7.936052594866071,7.142857142857143,12.755102040816327,28.571428571428573,61.734693877551024,100.0,173,8.00270600952854,4.624277456647399,8.670520231213873,30.057803468208093,61.84971098265896,100.0
C249,Chest,46,test/C249/Low_Dose/00000009.dcm,130.0,262144,16.768707275390625,413,7.875347590042373,6.5375302663438255,12.590799031476998,29.782082324455207,62.71186440677966,100.0,0,,,,,,,214,8.59730715172313,5.140186915887851,8.878504672897197,23.364485981308412,56.074766355140184,100.0,199,7.098968352504711,8.040201005025125,16.582914572864322,36.68341708542714,69.84924623115577,100.0
C249,Chest,47,test/C249/Low_Dose/00000204.dcm,130.0,262144,16.352678298950195,361,7.376614980090028,9.418282548476455,15.512465373961218,34.62603878116344,66.4819944598338,100.0,0,,,,,,,191,7.360370096735929,8.900523560209423,16.230366492146597,33.50785340314136,66.49214659685863,100.0,170,7.394865866268383,10.0,14.705882352941176,35.88235294117647,66.47058823529412,100.0
C249,Chest,48,test/C249/Low_Dose/00000071.dcm,130.0,262144,16.28260040283203,401,7.438662864323566,6.982543640897756,13.46633416458853,33.416458852867834,67.08229426433915,100.0,0,,,,,,,204,7.518433813955269,8.333333333333334,13.72549019607843,31.372549019607842,67.15686274509804,100.0,197,7.356057413943528,5.583756345177665,13.197969543147208,35.53299492385787,67.00507614213198,100.0
C249,Chest,49,test/C249/Low_Dose/00000014.dcm,130.0,262144,16.257144927978516,426,7.716587120378521,5.39906103286385,11.971830985915492,31.220657276995304,63.38028169014085,100.0,0,,,,,,,263,7.966366147813688,4.182509505703422,10.64638783269962,27.376425855513308,61.97718631178707,100.0,163,7.313570174702837,7.361963190184049,14.110429447852761,37.423312883435585,65.6441717791411,100.0
C249,Chest,50,test/C249/Low_Dose/00000335.dcm,130.0,262144,15.623406410217285,450,6.6509407552083335,6.666666666666667,13.333333333333334,38.666666666666664,75.55555555555556,100.0,0,,,,,,,237,6.7843851982792724,7.594936708860759,13.080168776371307,36.28691983122363,72.9957805907173,100.0,213,6.502460891651995,5.633802816901408,13.615023474178404,41.31455399061033,78.40375586854461,100.0
C249,Chest,51,test/C249/Low_Dose/00000022.dcm,130.0,262144,15.2161283493042,443,6.756723511568849,8.126410835214447,14.672686230248306,37.69751693002257,75.16930022573364,100.0,0,,,,,,,239,6.810295583812762,7.949790794979079,15.481171548117155,39.7489539748954,70.7112970711297,100.0,204,6.693960750804228,8.333333333333334,13.72549019607843,35.294117647058826,80.3921568627451,100.0
C249,Chest,52,test/C249/Low_Dose/00000075.dcm,130.0,262144,15.08410930633545,411,6.807538777372263,7.785888077858881,15.815085158150852,36.73965936739659,71.77615571776155,100.0,0,,,,,,,224,6.841699327741351,8.035714285714286,16.517857142857142,37.94642857142857,68.75,100.0,187,6.766619840407754,7.4866310160427805,14.973262032085561,35.294117647058826,75.40106951871658,100.0
C249,Chest,53,test/C249/Low_Dose/00000262.dcm,130.0,262144,14.40322494506836,395,7.014998887460443,6.8354430379746836,12.658227848101266,33.67088607594937,71.39240506329114,100.0,0,,,,,,,215,7.260318631904069,6.511627906976744,11.627906976744185,32.093023255813954,69.30232558139535,100.0,180,6.721978081597222,7.222222222222222,13.88888888888889,35.55555555555556,73.88888888888889,100.0
C249,Chest,54,test/C249/Low_Dose/00000174.dcm,130.0,262144,14.114811897277832,356,6.488509617494733,8.146067415730338,15.168539325842696,36.79775280898876,78.65168539325843,100.0,0,,,,,,,177,6.801455050538489,7.909604519774011,12.994350282485875,31.638418079096045,74.57627118644068,100.0,179,6.179060781468226,8.379888268156424,17.318435754189945,41.899441340782126,82.68156424581005,100.0
C249,Chest,55,test/C249/Low_Dose/00000291.dcm,130.0,262144,14.161381721496582,343,6.6067784256559765,8.454810495626822,15.451895043731778,36.15160349854227,76.0932944606414,100.0,0,,,,,,,188,6.792744737990359,7.9787234042553195,14.361702127659575,34.04255319148936,73.40425531914893,100.0,155,6.381219285534274,9.03225806451613,16.774193548387096,38.70967741935484,79.35483870967742,100.0
C249,Chest,56,test/C249/Low_Dose/00000323.dcm,130.0,262144,13.889932632446289,307,6.472653069014658,8.469055374592834,17.91530944625407,37.785016286644954,76.2214983713355,100.0,0,,,,,,,169,6.600428474019971,8.284023668639053,17.159763313609467,37.27810650887574,73.96449704142012,100.0,138,6.316174493319746,8.695652173913043,18.840579710144926,38.405797101449274,78.98550724637681,100.0
C249,Chest,57,test/C249/Low_Dose/00000208.dcm,130.0,262144,13.811132431030273,331,6.688360024074774,5.740181268882175,12.990936555891238,32.62839879154078,78.54984894259819,100.0,0,,,,,,,182,6.956100296188187,4.395604395604396,10.43956043956044,29.12087912087912,79.12087912087912,100.0,149,6.361321570889261,7.382550335570469,16.107382550335572,36.91275167785235,77.85234899328859,100.0
C249,Chest,58,test/C249/Low_Dose/00000069.dcm,130.0,262144,13.931147575378418,340,6.553453153722426,7.9411764705882355,14.705882352941176,38.8235294117647,75.58823529411765,100.0,0,,,,,,,181,6.577147763078384,8.287292817679559,14.3646408839779,38.67403314917127,74.58563535911603,100.0,159,6.526480044958727,7.547169811320755,15.09433962264151,38.9937106918239,76.72955974842768,100.0
C249,Chest,59,test/C249/Low_Dose/00000334.dcm,130.0,262144,13.690972328186035,350,5.795820661272321,8.857142857142858,17.714285714285715,46.285714285714285,83.71428571428571,100.0,0,,,,,,,196,6.233996332908164,5.612244897959184,11.73469387755102,38.265306122448976,83.16326530612245,100.0,154,5.238142533735796,12.987012987012987,25.324675324675326,56.493506493506494,84.41558441558442,100.0
C249,Chest,60,test/C249/Low_Dose/00000245.dcm,130.0,262144,13.478342056274414,355,6.243355248679578,7.323943661971831,13.23943661971831,40.0,81.12676056338029,100.0,0,,,,,,,191,6.125743286771924,8.37696335078534,14.136125654450261,40.83769633507853,83.24607329842932,100.0,164,6.380330899866616,6.097560975609756,12.195121951219512,39.02439024390244,78.65853658536585,100.0
C249,Chest,61,test/C249/Low_Dose/00000275.dcm,130.0,262144,13.706884384155273,324,6.278867368344907,8.950617283950617,16.97530864197531,40.123456790123456,79.32098765432099,100.0,0,,,,,,,181,6.6446924367662294,7.18232044198895,14.3646408839779,35.91160220994475,79.00552486187846,100.0,143,5.815830043979458,11.188811188811188,20.27972027972028,45.45454545454545,79.72027972027972,100.0
C249,Chest,62,test/C249/Low_Dose/00000034.dcm,130.0,262144,13.514363288879395,320,6.2270149230957035,9.375,20.3125,40.0,77.5,100.0,0,,,,,,,169,6.346610345784024,6.508875739644971,15.976331360946746,37.27810650887574,80.4733727810651,100.0,151,6.093163092404802,12.582781456953642,25.165562913907284,43.04635761589404,74.17218543046357,100.0
C249,Chest,63,test/C249/Low_Dose/00000017.dcm,130.0,262144,13.320612907409668,375,6.295595703125,6.133333333333334,15.2,38.13333333333333,82.4,100.0,0,,,,,,,203,6.574963799838362,5.911330049261084,14.77832512315271,34.97536945812808,78.81773399014779,100.0,172,5.9658763796784156,6.395348837209302,15.69767441860465,41.86046511627907,86.62790697674419,100.0
C249,Chest,64,test/C249/Low_Dose/00000043.dcm,130.0,262144,13.256735801696777,366,6.279990607923497,7.923497267759563,15.300546448087431,38.52459016393443,81.69398907103825,100.0,0,,,,,,,223,6.281593767516816,8.071748878923767,15.695067264573991,36.771300448430495,81.16591928251121,100.0,143,6.277490575830419,7.6923076923076925,14.685314685314685,41.25874125874126,82.51748251748252,100.0
C249,Chest,65,test/C249/Low_Dose/00000035.dcm,130.0,262144,12.874320030212402,339,6.126234386522861,8.55457227138643,16.8141592920354,39.233038348082594,82.30088495575221,100.0,0,,,,,,,192,6.459458669026692,4.6875,12.5,37.5,83.33333333333333,100.0,147,5.691001840189201,13.605442176870747,22.448979591836736,41.49659863945578,80.95238095238095,100.0
C249,Chest,66,test/C249/Low_Dose/00000164.dcm,130.0,262144,12.688448905944824,282,5.98804922983156,9.929078014184396,17.375886524822697,40.42553191489362,84.39716312056737,100.0,0,,,,,,,151,6.0249265961299665,9.271523178807946,15.2317880794702,39.0728476821192,88.0794701986755,100.0,131,5.945541731273855,10.687022900763358,19.84732824427481,41.98473282442748,80.1526717557252,100.0
C249,Chest,67,test/C249/Low_Dose/00000170.dcm,130.0,262144,12.75191879272461,281,5.596477250611655,6.761565836298932,14.946619217081851,47.330960854092524,87.54448398576513,100.0,0,,,,,,,154,5.734588226714692,7.142857142857143,12.337662337662337,46.753246753246756,85.71428571428571,100.0,127,5.429004098486713,6.299212598425197,18.11023622047244,48.031496062992126,89.76377952755905,100.0
C249,Chest,68,test/C249/Low_Dose/00000085.dcm,130.0,262144,12.508182525634766,259,5.6693115234375,11.196911196911197,19.305019305019304,41.6988416988417,86.48648648648648,100.0,0,,,,,,,124,5.908296646610383,8.064516129032258,16.93548387096774,37.903225806451616,87.09677419354838,100.0,135,5.449799262152778,14.074074074074074,21.48148148148148,45.18518518518518,85.92592592592592,100.0
C249,Chest,69,test/C249/Low_Dose/00000030.dcm,130.0,262144,12.59961986541748,300,5.777524007161459,9.333333333333334,17.333333333333332,43.333333333333336,87.33333333333333,100.0,0,,,,,,,160,6.230945587158203,5.625,12.5,36.875,86.25,100.0,140,5.259327915736607,13.571428571428571,22.857142857142858,50.714285714285715,88.57142857142857,100.0
C249,Chest,70,test/C249/Low_Dose/00000183.dcm,130.0,262144,12.753009796142578,300,6.040008138020833,9.0,16.333333333333332,42.333333333333336,83.0,100.0,0,,,,,,,171,6.3068326537372075,9.35672514619883,14.619883040935672,38.59649122807018,80.11695906432749,100.0,129,5.686310524164244,8.527131782945736,18.6046511627907,47.286821705426355,86.82170542635659,100.0
C249,Chest,71,test/C249/Low_Dose/00000339.dcm,130.0,262144,12.207730293273926,322,5.688686204993206,8.695652173913043,15.838509316770187,43.16770186335404,87.88819875776397,100.0,0,,,,,,,174,5.609406569908405,9.195402298850574,17.816091954022987,44.252873563218394,90.80459770114942,100.0,148,5.781893343538852,8.108108108108109,13.513513513513514,41.891891891891895,84.45945945945945,100.0
C249,Chest,72,test/C249/Low_Dose/00000264.dcm,130.0,262144,12.028755187988281,265,5.589390938237028,5.660377358490566,16.60377358490566,44.905660377358494,88.67924528301887,100.0,0,,,,,,,145,5.768104290140086,4.137931034482759,15.172413793103448,42.06896551724138,91.03448275862068,100.0,120,5.373445638020834,7.5,18.333333333333332,48.333333333333336,85.83333333333333,100.0
C249,Chest,73,test/C249/Low_Dose/00000241.dcm,130.0,262144,12.412054061889648,331,5.736018708105174,11.178247734138973,19.939577039274923,42.90030211480362,88.51963746223565,100.0,0,,,,,,,176,5.708911548961293,10.227272727272727,17.045454545454547,43.75,89.20454545454545,100.0,155,5.766798450100806,12.258064516129032,23.225806451612904,41.935483870967744,87.74193548387096,100.0
C249,Chest,74,test/C249/Low_Dose/00000298.dcm,130.0,262144,12.04170036315918,301,5.382789383694975,11.627906976744185,22.259136212624586,48.17275747508306,89.3687707641196,100.0,0,,,,,,,170,5.653123563878676,12.941176470588236,20.58823529411765,44.705882352941174,89.41176470588235,100.0,131,5.031974035364981,9.923664122137405,24.427480916030536,52.67175572519084,89.31297709923665,100.0
C249,Chest,75,test/C249/Low_Dose/00000011.dcm,130.0,262144,11.977723121643066,235,5.451197847406915,8.085106382978724,17.02127659574468,47.234042553191486,91.48936170212765,100.0,0,,,,,,,142,5.717473419619278,7.746478873239437,14.084507042253522,44.36619718309859,90.14084507042253,100.0,93,5.04462654359879,8.602150537634408,21.50537634408602,51.61290322580645,93.54838709677419,100.0
C249,Chest,76,test/C249/Low_Dose/00000023.dcm,130.0,262144,12.073053359985352,201,5.930449072994403,9.950248756218905,15.92039800995025,39.80099502487562,85.57213930348259,100.0,0,,,,,,,110,5.936844149502841,9.090909090909092,16.363636363636363,40.0,86.36363636363636,100.0,91,5.922718760731456,10.989010989010989,15.384615384615385,39.56043956043956,84.61538461538461,100.0
C249,Chest,77,test/C249/Low_Dose/00000119.dcm,130.0,262144,11.8078031539917,194,5.652477146423969,7.731958762886598,18.04123711340206,43.81443298969072,89.69072164948453,100.0,0,,,,,,,93,5.68720466859879,7.526881720430108,17.204301075268816,45.16129032258065,88.17204301075269,100.0,101,5.620500319074877,7.920792079207921,18.81188118811881,42.57425742574257,91.08910891089108,100.0
C249,Chest,78,test/C249/Low_Dose/00000074.dcm,130.0,262144,11.681117057800293,158,5.458071938043909,11.39240506329114,18.9873417721519,41.139240506329116,93.0379746835443,100.0,0,,,,,,,85,5.762459788602941,10.588235294117647,15.294117647058824,36.470588235294116,91.76470588235294,100.0,73,5.10364772848887,12.32876712328767,23.28767123287671,46.57534246575342,94.52054794520548,100.0
C249,Chest,79,test/C249/Low_Dose/00000008.dcm,130.0,262144,11.89637279510498,197,6.131813010588515,5.583756345177665,13.197969543147208,37.055837563451774,87.81725888324873,100.0,0,,,,,,,109,6.081597844395069,5.504587155963303,11.926605504587156,35.77981651376147,89.90825688073394,100.0,88,6.194011341441762,5.681818181818182,14.772727272727273,38.63636363636363,85.22727272727273,100.0
C249,Chest,80,test/C249/Low_Dose/00000063.dcm,130.0,262144,11.77029800415039,207,5.647235077936292,8.695652173913043,17.391304347826086,44.44444444444444,89.85507246376811,100.0,0,,,,,,,112,5.743912833077567,8.035714285714286,16.964285714285715,43.75,88.39285714285714,100.0,95,5.533257092927632,9.473684210526315,17.894736842105264,45.26315789473684,91.57894736842105,100.0
C249,Chest,81,test/C249/Low_Dose/00000193.dcm,130.0,262144,11.730899810791016,204,5.4322551652496935,9.313725490196079,17.15686274509804,42.15686274509804,93.62745098039215,100.0,0,,,,,,,121,5.373988127905475,13.223140495867769,20.66115702479339,44.62809917355372,90.9090909090909,100.0,83,5.5171986775225905,3.6144578313253013,12.048192771084338,38.55421686746988,97.59036144578313,100.0
C249,Chest,82,test/C249/Low_Dose/00000224.dcm,130.0,262144,11.855259895324707,183,5.213751120645492,10.92896174863388,20.218579234972676,49.18032786885246,91.2568306010929,100.0,0,,,,,,,93,5.312027469758065,10.75268817204301,19.35483870967742,46.236559139784944,91.39784946236558,100.0,90,5.112198893229166,11.11111111111111,21.11111111111111,52.22222222222222,91.11111111111111,100.0
C249,Chest,83,test/C249/Low_Dose/00000158.dcm,130.0,262144,11.5699462890625,186,5.36731678952453,7.526881720430108,16.666666666666668,50.53763440860215,91.39784946236558,100.0,0,,,,,,,97,5.804063305412371,5.154639175257732,12.371134020618557,48.45360824742268,89.69072164948453,100.0,89,4.891312159849017,10.112359550561798,21.348314606741575,52.80898876404494,93.25842696629213,100.0
C249,Chest,84,test/C249/Low_Dose/00000046.dcm,130.0,262144,11.526296615600586,186,5.353406680527554,11.827956989247312,22.580645161290324,47.31182795698925,93.01075268817205,100.0,0,,,,,,,102,5.499050963158701,12.745098039215685,23.529411764705884,41.1764705882353,94.11764705882354,100.0,84,5.176552908761161,10.714285714285714,21.428571428571427,54.76190476190476,91.66666666666667,100.0
C249,Chest,85,test/C249/Low_Dose/00000244.dcm,130.0,262144,11.379798889160156,220,5.595350230823864,10.454545454545455,18.636363636363637,41.36363636363637,95.45454545454545,100.0,0,,,,,,,117,5.843077048277244,7.6923076923076925,17.94871794871795,40.17094017094017,93.16239316239316,100.0,103,5.313951807114685,13.592233009708737,19.41747572815534,42.71844660194175,98.05825242718447,100.0
C249,Chest,86,test/C249/Low_Dose/00000234.dcm,130.0,262144,10.89480209350586,249,5.170030218530371,9.63855421686747,19.27710843373494,48.59437751004016,99.19678714859438,100.0,0,,,,,,,147,5.357439313616071,9.523809523809524,19.727891156462587,43.53741496598639,99.31972789115646,100.0,102,4.899940640318627,9.803921568627452,18.627450980392158,55.88235294117647,99.01960784313725,100.0
C249,Chest,87,test/C249/Low_Dose/00000153.dcm,130.0,262144,10.74425983428955,266,5.209205111166589,9.398496240601503,18.045112781954888,45.48872180451128,100.0,100.0,0,,,,,,,165,4.998316909327651,13.333333333333334,21.21212121212121,49.696969696969695,100.0,100.0,101,5.553725440903466,2.9702970297029703,12.871287128712872,38.613861386138616,100.0,100.0
C249,Chest,88,test/C249/Low_Dose/00000312.dcm,130.0,262144,10.72311782836914,251,5.101672411914841,9.163346613545817,18.326693227091635,48.20717131474104,100.0,100.0,0,,,,,,,143,5.189256788133742,8.391608391608392,17.482517482517483,45.45454545454545,100.0,100.0,108,4.985704210069445,10.185185185185185,19.444444444444443,51.851851851851855,100.0,100.0
C249,Chest,89,test/C249/Low_Dose/00000048.dcm,130.0,262144,10.369004249572754,267,4.7871939555536045,11.610486891385769,23.220973782771537,52.059925093632955,100.0,100.0,0,,,,,,,156,4.801310221354167,13.461538461538462,21.153846153846153,52.56410256410256,100.0,100.0,111,4.7673548792933556,9.00900900900901,26.126126126126128,51.351351351351354,100.0,100.0
C249,Chest,90,test/C249/Low_Dose/00000016.dcm,130.0,262144,10.51537799835205,328,4.969747031607279,9.75609756097561,21.036585365853657,49.69512195121951,100.0,100.0,0,,,,,,,189,5.037761708416006,8.465608465608465,21.164021164021165,48.148148148148145,100.0,100.0,139,4.877266643716277,11.510791366906474,20.863309352517987,51.798561151079134,100.0,100.0
C249,Chest,91,test/C249/Low_Dose/00000082.dcm,130.0,262144,10.627593994140625,322,5.148448873010481,11.180124223602485,20.80745341614907,47.20496894409938,100.0,100.0,0,,,,,,,175,5.194944196428572,11.428571428571429,22.285714285714285,45.142857142857146,100.0,100.0,147,5.093097297512755,10.884353741496598,19.047619047619047,49.65986394557823,100.0,100.0
C249,Chest,92,test/C249/Low_Dose/00000058.dcm,130.0,262144,10.636222839355469,310,4.950353216355847,7.096774193548387,18.70967741935484,51.61290322580645,100.0,100.0,0,,,,,,,175,4.8583935546875,7.428571428571429,20.0,53.142857142857146,100.0,100.0,135,5.0695601851851855,6.666666666666667,17.037037037037038,49.629629629629626,100.0,100.0
C249,Chest,93,test/C249/Low_Dose/00000039.dcm,130.0,262144,10.755196571350098,316,5.063337108756922,10.759493670886076,20.88607594936709,47.151898734177216,100.0,100.0,0,,,,,,,185,5.141575168918919,11.35135135135135,19.45945945945946,45.945945945945944,100.0,100.0,131,4.9528482451693705,9.923664122137405,22.900763358778626,48.85496183206107,100.0,100.0
C249,Chest,94,test/C249/Low_Dose/00000248.dcm,130.0,262144,11.104904174804688,326,5.361606714915644,8.895705521472392,16.87116564417178,44.171779141104295,97.54601226993866,100.0,0,,,,,,,193,5.5990875718507125,8.290155440414507,14.507772020725389,39.37823834196891,96.89119170984456,100.0,133,5.0169916368068606,9.774436090225564,20.30075187969925,51.12781954887218,98.49624060150376,100.0
C249,Chest,95,test/C249/Low_Dose/00000340.dcm,130.0,262144,11.154788970947266,349,5.271337121127328,6.876790830945558,19.197707736389685,47.56446991404012,97.13467048710602,100.0,0,,,,,,,199,5.329533409233668,6.030150753768845,20.603015075376884,44.221105527638194,96.98492462311557,100.0,150,5.1941300455729165,8.0,17.333333333333332,52.0,97.33333333333333,100.0
C249,Chest,96,test/C249/Low_Dose/00000252.dcm,130.0,262144,11.190403938293457,270,5.494447609230324,9.62962962962963,16.666666666666668,44.81481481481482,94.81481481481481,100.0,0,,,,,,,142,5.724733164612676,7.042253521126761,12.67605633802817,41.54929577464789,95.07042253521126,100.0,128,5.238974571228027,12.5,21.09375,48.4375,94.53125,100.0
C249,Chest,97,test/C249/Low_Dose/00000277.dcm,130.0,262144,11.604363441467285,212,5.421414933114682,12.735849056603774,19.81132075471698,42.924528301886795,95.75471698113208,100.0,0,,,,,,,120,5.688976033528646,8.333333333333334,17.5,39.166666666666664,95.0,100.0,92,5.072422193444294,18.47826086956522,22.82608695652174,47.82608695652174,96.73913043478261,100.0
C249,Chest,98,test/C249/Low_Dose/00000076.dcm,130.0,262144,11.621925354003906,162,5.693652494454089,4.320987654320987,12.962962962962964,41.358024691358025,94.44444444444444,100.0,0,,,,,,,89,5.999521319785814,5.617977528089888,12.359550561797754,35.95505617977528,94.38202247191012,100.0,73,5.320743926583904,2.73972602739726,13.698630136986301,47.945205479452056,94.52054794520548,100.0
C249,Chest,99,test/C249/Low_Dose/00000098.dcm,130.0,262144,11.537034034729004,167,4.959364474176646,14.37125748502994,28.74251497005988,51.49700598802395,93.41317365269461,100.0,0,,,,,,,90,5.1294542100694445,11.11111111111111,21.11111111111111,52.22222222222222,93.33333333333333,100.0,77,4.760558289366883,18.181818181818183,37.66233766233766,50.64935064935065,93.50649350649351,100.0
C249,Chest,100,test/C249/Low_Dose/00000141.dcm,130.0,262144,11.722553253173828,169,5.516902043269231,8.284023668639053,19.526627218934912,44.97041420118343,92.89940828402366,100.0,0,,,,,,,94,5.568477549451463,6.382978723404255,13.829787234042554,48.93617021276596,92.55319148936171,100.0,75,5.4522607421875,10.666666666666666,26.666666666666668,40.0,93.33333333333333,100.0
C249,Chest,101,test/C249/Low_Dose/00000257.dcm,130.0,262144,11.645943641662598,160,5.7112266540527346,8.125,18.125,40.625,91.25,100.0,0,,,,,,,91,6.285682091346154,7.6923076923076925,16.483516483516482,30.76923076923077,84.61538461538461,100.0,69,4.953611512115036,8.695652173913043,20.28985507246377,53.6231884057971,100.0,100.0
C249,Chest,102,test/C249/Low_Dose/00000231.dcm,130.0,262144,11.594327926635742,168,5.60772705078125,8.928571428571429,16.071428571428573,40.476190476190474,94.64285714285714,100.0,0,,,,,,,74,5.702549290012669,8.108108108108109,13.513513513513514,39.189189189189186,93.24324324324324,100.0,94,5.5330797560671545,9.574468085106384,18.085106382978722,41.48936170212766,95.74468085106383,100.0
C249,Chest,103,test/C249/Low_Dose/00000189.dcm,130.0,262144,11.768448829650879,145,5.471084489493535,8.275862068965518,20.689655172413794,45.51724137931034,90.34482758620689,100.0,0,,,,,,,60,5.497454833984375,10.0,18.333333333333332,45.0,91.66666666666667,100.0,85,5.45247012867647,7.0588235294117645,22.352941176470587,45.88235294117647,89.41176470588235,100.0
C249,Chest,104,test/C249/Low_Dose/00000239.dcm,130.0,262144,11.59105110168457,168,5.378968011765253,8.333333333333334,18.452380952380953,45.833333333333336,90.47619047619048,100.0,0,,,,,,,85,5.403251378676471,10.588235294117647,18.823529411764707,49.411764705882355,88.23529411764706,100.0,83,5.354099503482681,6.024096385542169,18.072289156626507,42.16867469879518,92.7710843373494,100.0
C249,Chest,105,test/C249/Low_Dose/00000185.dcm,130.0,262144,11.60417652130127,151,5.469075790304222,6.622516556291391,15.894039735099337,45.6953642384106,93.37748344370861,100.0,0,,,,,,,90,5.4861029730902775,7.777777777777778,14.444444444444445,44.44444444444444,91.11111111111111,100.0,61,5.443953717341189,4.918032786885246,18.0327868852459,47.540983606557376,96.72131147540983,100.0
C249,Chest,106,test/C249/Low_Dose/00000296.dcm,130.0,262144,11.986117362976074,174,5.501753883800287,9.770114942528735,18.39080459770115,45.40229885057471,90.22988505747126,100.0,0,,,,,,,103,5.857260694781553,9.70873786407767,16.50485436893204,37.86407766990291,89.32038834951456,100.0,71,4.98601865096831,9.859154929577464,21.12676056338028,56.33802816901409,91.54929577464789,100.0
C249,Chest,107,test/C249/Low_Dose/00000021.dcm,130.0,262144,11.829832077026367,180,5.208556450737847,12.222222222222221,20.555555555555557,48.888888888888886,90.55555555555556,100.0,0,,,,,,,76,5.4486228541324015,11.842105263157896,18.42105263157895,43.421052631578945,90.78947368421052,100.0,104,5.033123309795673,12.5,22.115384615384617,52.88461538461539,90.38461538461539,100.0
C249,Chest,108,test/C249/Low_Dose/00000281.dcm,130.0,262144,12.228243827819824,159,5.982863324243318,7.547169811320755,17.61006289308176,38.9937106918239,86.79245283018868,100.0,0,,,,,,,81,5.845428843557099,9.876543209876543,22.22222222222222,41.97530864197531,87.65432098765432,100.0,78,6.125583746494391,5.128205128205129,12.820512820512821,35.8974358974359,85.8974358974359,100.0
C249,Chest,109,test/C249/Low_Dose/00000161.dcm,130.0,262144,12.461170196533203,142,5.84086845290493,7.042253521126761,16.197183098591548,40.84507042253521,88.73239436619718,100.0,0,,,,,,,74,6.089947674725507,4.054054054054054,10.81081081081081,39.189189189189186,90.54054054054055,100.0,68,5.569811652688419,10.294117647058824,22.058823529411764,42.64705882352941,86.76470588235294,100.0
C249,Chest,110,test/C249/Low_Dose/00000308.dcm,130.0,262144,12.613398551940918,215,5.747984420421512,9.30232558139535,17.209302325581394,43.25581395348837,88.37209302325581,100.0,0,,,,,,,110,5.808077725497159,10.909090909090908,20.90909090909091,42.72727272727273,87.27272727272727,100.0,105,5.685029529389881,7.619047619047619,13.333333333333334,43.80952380952381,89.52380952380952,100.0
C249,Chest,111,test/C249/Low_Dose/00000313.dcm,130.0,262144,12.69799518585205,225,6.0536941189236115,7.111111111111111,16.444444444444443,39.55555555555556,83.11111111111111,100.0,0,,,,,,,122,5.984463050717213,6.557377049180328,17.21311475409836,40.16393442622951,86.88524590163935,100.0,103,6.135695966702063,7.766990291262136,15.533980582524272,38.83495145631068,78.64077669902913,100.0
C249,Chest,112,test/C249/Low_Dose/00000151.dcm,130.0,262144,12.950180053710938,250,5.866736328125,8.8,16.4,41.6,84.8,100.0,0,,,,,,,154,6.159437303419237,7.792207792207792,16.233766233766232,38.311688311688314,81.81818181818181,100.0,96,5.397195180257161,10.416666666666666,16.666666666666668,46.875,89.58333333333333,100.0
C249,Chest,113,test/C249/Low_Dose/00000081.dcm,130.0,262144,12.84880256652832,221,6.240243212669683,9.502262443438914,16.742081447963802,39.366515837104075,82.3529411764706,100.0,0,,,,,,,114,6.407915081894188,9.649122807017545,14.035087719298245,35.96491228070175,83.33333333333333,100.0,107,6.0616021557389015,9.345794392523365,19.626168224299064,42.99065420560748,81.30841121495327,100.0
C249,Chest,114,test/C249/Low_Dose/00000045.dcm,130.0,262144,13.046006202697754,246,6.058995688833842,6.504065040650406,15.853658536585366,39.83739837398374,83.73983739837398,100.0,0,,,,,,,134,5.914499766791045,8.208955223880597,19.402985074626866,40.298507462686565,83.58208955223881,100.0,112,6.231874738420759,4.464285714285714,11.607142857142858,39.285714285714285,83.92857142857143,100.0
C249,Chest,115,test/C249/Low_Dose/00000261.dcm,130.0,262144,13.200400352478027,251,5.991540186908615,6.772908366533865,15.53784860557769,40.63745019920319,86.05577689243027,100.0,0,,,,,,,125,6.4744462890625,4.0,12.8,32.8,84.8,100.0,126,5.512466672867063,9.523809523809524,18.253968253968253,48.41269841269841,87.3015873015873,100.0
C249,Chest,116,test/C249/Low_Dose/00000107.dcm,130.0,262144,12.910059928894043,307,6.017810336929967,7.817589576547231,17.58957654723127,40.06514657980456,85.34201954397395,100.0,0,,,,,,,142,5.915525624449824,7.746478873239437,17.6056338028169,43.66197183098591,85.21126760563381,100.0,165,6.105837180397727,7.878787878787879,17.575757575757574,36.96969696969697,85.45454545454545,100.0
C249,Chest,117,test/C249/Low_Dose/00000184.dcm,130.0,262144,13.080796241760254,323,5.928529532701238,9.907120743034056,15.789473684210526,44.27244582043344,81.42414860681114,100.0,0,,,,,,,157,6.173743375547373,8.280254777070065,12.101910828025478,40.76433121019108,82.1656050955414,100.0,166,5.696610416274473,11.44578313253012,19.27710843373494,47.59036144578313,80.72289156626506,100.0
C249,Chest,118,test/C249/Low_Dose/00000320.dcm,130.0,262144,13.327680587768555,429,6.083024316178613,8.391608391608392,16.083916083916083,42.42424242424242,81.11888111888112,100.0,0,,,,,,,224,5.962479182652065,9.821428571428571,13.392857142857142,43.30357142857143,82.14285714285714,100.0,205,6.214741925495427,6.829268292682927,19.024390243902438,41.46341463414634,80.0,100.0
C249,Chest,119,test/C249/Low_Dose/00000036.dcm,130.0,262144,13.22695255279541,367,6.285635217983652,5.722070844686648,13.079019073569482,39.782016348773844,81.19891008174388,100.0,0,,,,,,,191,6.247316370459751,5.7591623036649215,14.136125654450261,39.79057591623037,80.10471204188482,100.0,176,6.327219182794744,5.681818181818182,11.931818181818182,39.77272727272727,82.38636363636364,100.0
C249,Chest,120,test/C249/Low_Dose/00000221.dcm,130.0,262144,13.537327766418457,388,6.107251983327964,7.731958762886598,14.948453608247423,40.4639175257732,83.24742268041237,100.0,0,,,,,,,206,6.156572953011226,6.796116504854369,13.106796116504855,39.320388349514566,84.95145631067962,100.0,182,6.051426478794643,8.791208791208792,17.032967032967033,41.75824175824176,81.31868131868131,100.0
C249,Chest,121,test/C249/Low_Dose/00000065.dcm,130.0,262144,13.802389144897461,316,6.5398783623417724,7.9113924050632916,15.50632911392405,38.29113924050633,75.63291139240506,100.0,0,,,,,,,184,7.001971700917119,5.434782608695652,12.5,33.69565217391305,72.28260869565217,100.0,132,5.895748254024621,11.363636363636363,19.696969696969695,44.696969696969695,80.3030303030303,100.0
C249,Chest,122,test/C249/Low_Dose/00000031.dcm,130.0,262144,13.642932891845703,314,6.692997829169984,5.095541401273885,11.146496815286625,36.94267515923567,74.20382165605096,100.0,0,,,,,,,179,6.706024681389665,5.58659217877095,11.731843575418994,35.754189944134076,74.86033519553072,100.0,135,6.675725188078704,4.444444444444445,10.37037037037037,38.51851851851852,73.33333333333333,100.0
C249,Chest,123,test/C249/Low_Dose/00000056.dcm,130.0,262144,13.660954475402832,276,6.746061905570652,6.159420289855072,13.043478260869565,31.884057971014492,77.17391304347827,100.0,0,,,,,,,144,6.900555080837673,7.638888888888889,13.194444444444445,27.77777777777778,75.0,100.0,132,6.577523896188447,4.545454545454546,12.878787878787879,36.36363636363637,79.54545454545455,100.0
C249,Chest,124,test/C249/Low_Dose/00000286.dcm,130.0,262144,13.90106201171875,304,6.523336310135691,9.539473684210526,18.42105263157895,35.19736842105263,77.63157894736842,100.0,0,,,,,,,161,6.866573357434007,6.211180124223603,12.422360248447205,29.81366459627329,78.26086956521739,100.0,143,6.136894599541084,13.286713286713287,25.174825174825173,41.25874125874126,76.92307692307692,100.0
C249,Chest,125,test/C249/Low_Dose/00000177.dcm,130.0,262144,14.142498970031738,360,6.7769788953993055,6.666666666666667,12.777777777777779,36.388888888888886,75.55555555555556,100.0,0,,,,,,,179,7.347091589560056,4.4692737430167595,10.05586592178771,30.16759776536313,70.94972067039106,100.0,181,6.213165789019337,8.839779005524862,15.469613259668508,42.5414364640884,80.11049723756906,100.0
C249,Chest,126,test/C249/Low_Dose/00000166.dcm,130.0,262144,14.278385162353516,358,6.764739819745111,4.4692737430167595,11.452513966480447,36.03351955307262,76.53631284916202,100.0,0,,,,,,,190,6.940005653782895,4.7368421052631575,11.052631578947368,34.73684210526316,73.6842105263158,100.0,168,6.5665232340494795,4.166666666666667,11.904761904761905,37.5,79.76190476190476,100.0
C249,Chest,127,test/C249/Low_Dose/00000032.dcm,130.0,262144,14.470728874206543,351,6.730140446937322,6.267806267806268,11.68091168091168,34.75783475783476,76.92307692307692,100.0,0,,,,,,,201,6.960602869441853,5.472636815920398,11.442786069651742,31.8407960199005,74.12935323383084,100.0,150,6.421321614583333,7.333333333333333,12.0,38.666666666666664,80.66666666666667,100.0
C249,Chest,128,test/C249/Low_Dose/00000283.dcm,130.0,262144,14.350794792175293,357,7.1783443846288515,6.162464985994398,11.764705882352942,30.532212885154063,70.86834733893558,100.0,0,,,,,,,207,7.439661882925725,6.280193236714976,8.21256038647343,28.985507246376812,67.14975845410628,100.0,150,6.8177262369791665,6.0,16.666666666666668,32.666666666666664,76.0,100.0
C249,Chest,129,test/C249/Low_Dose/00000060.dcm,130.0,262144,14.46710205078125,374,7.093522178935495,6.149732620320855,11.497326203208557,33.155080213903744,71.92513368983957,100.0,0,,,,,,,212,7.190414140809257,7.0754716981132075,11.79245283018868,31.132075471698112,71.22641509433963,100.0,162,6.966725290557484,4.938271604938271,11.11111111111111,35.80246913580247,72.8395061728395,100.0
C249,Chest,130,test/C249/Low_Dose/00000137.dcm,130.0,262144,14.745126724243164,388,7.129103198493879,6.443298969072165,10.051546391752577,33.24742268041237,70.87628865979381,100.0,0,,,,,,,224,7.139761243547712,6.25,10.714285714285714,33.92857142857143,71.42857142857143,100.0,164,7.114545868664253,6.7073170731707314,9.146341463414634,32.31707317073171,70.1219512195122,100.0
C249,Chest,131,test/C249/Low_Dose/00000025.dcm,130.0,262144,14.818206787109375,364,7.154353215144231,4.395604395604396,10.989010989010989,32.69230769230769,71.7032967032967,100.0,0,,,,,,,201,6.918182524875622,4.477611940298507,12.437810945273633,35.32338308457712,72.636815920398,100.0,163,7.445582103144171,4.294478527607362,9.202453987730062,29.447852760736197,70.5521472392638,100.0
C249,Chest,132,test/C249/Low_Dose/00000093.dcm,130.0,262144,15.055821418762207,308,7.671148919439935,5.51948051948052,11.363636363636363,29.545454545454547,62.66233766233766,100.0,0,,,,,,,182,8.089594243646978,4.945054945054945,8.791208791208792,24.175824175824175,59.34065934065934,100.0,126,7.066728864397321,6.349206349206349,15.079365079365079,37.301587301587304,67.46031746031746,100.0
C249,Chest,133,test/C249/Low_Dose/00000220.dcm,130.0,262144,15.207971572875977,297,7.102580985637626,7.070707070707071,11.11111111111111,35.35353535353536,70.70707070707071,100.0,0,,,,,,,149,7.533162981071728,4.697986577181208,10.06711409395973,30.87248322147651,66.44295302013423,100.0,148,6.669089652396537,9.45945945945946,12.162162162162161,39.86486486486486,75.0,100.0
C249,Chest,134,test/C249/Low_Dose/00000130.dcm,130.0,262144,15.100371360778809,306,6.764786464716095,5.882352941176471,11.764705882352942,38.56209150326797,75.16339869281046,100.0,0,,,,,,,157,6.8264494488953025,5.095541401273885,11.464968152866241,40.12738853503185,71.3375796178344,100.0,149,6.6998127162856544,6.7114093959731544,12.080536912751677,36.91275167785235,79.19463087248322,100.0
C249,Chest,135,test/C249/Low_Dose/00000318.dcm,130.0,262144,15.447175025939941,306,7.298783445669935,7.189542483660131,14.379084967320262,31.372549019607842,67.3202614379085,100.0,0,,,,,,,154,7.409892292765828,7.142857142857143,12.987012987012987,29.87012987012987,66.88311688311688,100.0,152,7.186211836965461,7.2368421052631575,15.789473684210526,32.89473684210526,67.76315789473684,100.0
C249,Chest,136,test/C249/Low_Dose/00000243.dcm,130.0,262144,15.47330379486084,316,7.386162480221519,7.2784810126582276,12.025316455696203,31.0126582278481,66.77215189873418,100.0,0,,,,,,,167,7.603240053096931,5.389221556886228,10.179640718562874,29.34131736526946,64.07185628742515,100.0,149,7.14286159028943,9.395973154362416,14.093959731543624,32.88590604026846,69.79865771812081,100.0
C249,Chest,137,test/C249/Low_Dose/00000236.dcm,130.0,262144,15.43460464477539,318,6.957081920695755,6.918238993710692,11.635220125786164,37.42138364779874,72.32704402515724,100.0,0,,,,,,,171,7.183346753929094,6.432748538011696,11.695906432748538,33.91812865497076,72.51461988304094,100.0,147,6.69387589019983,7.482993197278912,11.564625850340136,41.49659863945578,72.10884353741497,100.0
C249,Chest,138,test/C249/Low_Dose/00000226.dcm,130.0,262144,15.63421630859375,357,7.527886056766457,5.322128851540616,10.364145658263306,31.372549019607842,66.10644257703082,100.0,0,,,,,,,206,7.626649134367415,6.796116504854369,10.679611650485437,30.58252427184466,65.04854368932038,100.0,151,7.393149672754553,3.3112582781456954,9.933774834437086,32.450331125827816,67.54966887417218,100.0
C249,Chest,139,test/C249/Low_Dose/00000072.dcm,130.0,262144,16.150131225585938,362,7.71768711153315,5.248618784530387,11.049723756906078,32.32044198895028,66.02209944751381,100.0,0,,,,,,,196,7.719659922074299,6.122448979591836,11.73469387755102,33.16326530612245,67.34693877551021,100.0,166,7.715358504329819,4.216867469879518,10.240963855421686,31.325301204819276,64.4578313253012,100.0
C249,Chest,140,test/C249/Low_Dose/00000338.dcm,130.0,262144,16.07381248474121,465,7.249968497983871,6.881720430107527,13.333333333333334,33.333333333333336,71.82795698924731,100.0,0,,,,,,,253,7.454802139945652,5.533596837944664,11.067193675889328,30.039525691699605,71.14624505928853,100.0,212,7.0055208026238205,8.49056603773585,16.037735849056602,37.264150943396224,72.64150943396227,100.0
C249,Chest,141,test/C249/Low_Dose/00000042.dcm,130.0,262144,16.273630142211914,444,7.726396440385698,4.2792792792792795,11.036036036036036,29.504504504504503,65.31531531531532,100.0,0,,,,,,,242,7.674869758038481,2.8925619834710745,10.330578512396695,30.165289256198346,67.35537190082644,100.0,202,7.788127030476486,5.9405940594059405,11.881188118811881,28.712871287128714,62.87128712871287,100.0
C249,Chest,142,test/C249/Low_Dose/00000086.dcm,130.0,262144,16.5111026763916,463,7.7467423309260255,3.8876889848812093,9.935205183585314,29.805615550755938,66.52267818574514,100.0,0,,,,,,,255,8.208617685355392,2.7450980392156863,9.411764705882353,26.274509803921568,61.568627450980394,100.0,208,7.18050032395583,5.288461538461538,10.576923076923077,34.13461538461539,72.59615384615384,100.0
C249,Chest,143,test/C249/Low_Dose/00000167.dcm,130.0,262144,16.486120223999023,461,7.598216025793112,4.989154013015185,12.364425162689805,32.321041214750544,67.46203904555314,100.0,0,,,,,,,252,7.638381231398809,6.746031746031746,11.904761904761905,32.53968253968254,68.25396825396825,100.0,209,7.549787165445574,2.8708133971291865,12.91866028708134,32.057416267942585,66.50717703349282,100.0
C249,Chest,144,test/C249/Low_Dose/00000297.dcm,130.0,262144,16.52802085876465,429,7.603938460627914,6.0606060606060606,9.557109557109557,30.536130536130536,65.5011655011655,100.0,0,,,,,,,222,8.052105327984235,4.054054054054054,7.657657657657658,26.576576576576578,60.36036036036036,100.0,207,7.123295733318237,8.21256038647343,11.594202898550725,34.78260869565217,71.01449275362319,100.0
C249,Chest,145,test/C249/Low_Dose/00000341.dcm,130.0,262144,16.675426483154297,470,7.776443026928192,6.595744680851064,13.404255319148936,32.340425531914896,62.12765957446808,100.0,0,,,,,,,251,7.8217194697771415,6.374501992031872,10.756972111553784,31.47410358565737,61.75298804780876,100.0,219,7.724550848137842,6.8493150684931505,16.438356164383563,33.333333333333336,62.55707762557078,100.0
C249,Chest,146,test/C249/Low_Dose/00000144.dcm,130.0,262144,16.385177612304688,384,7.89689826965332,4.166666666666667,9.114583333333334,29.427083333333332,64.0625,100.0,0,,,,,,,199,8.17951328910176,3.5175879396984926,7.035175879396985,27.63819095477387,61.80904522613066,100.0,185,7.592896167652027,4.864864864864865,11.35135135135135,31.35135135135135,66.48648648648648,100.0
C249,Chest,147,test/C249/Low_Dose/00000120.dcm,130.0,262144,16.20457649230957,341,7.454631369134898,6.158357771260997,10.263929618768328,33.43108504398827,67.44868035190616,100.0,0,,,,,,,176,7.573587590997869,7.386363636363637,9.659090909090908,31.25,67.61363636363636,100.0,165,7.327745472301136,4.848484848484849,10.909090909090908,35.75757575757576,67.27272727272727,100.0
C249,Chest,148,test/C249/Low_Dose/00000317.dcm,130.0,262144,16.210634231567383,345,7.517629076086957,7.536231884057971,13.91304347826087,33.91304347826087,66.3768115942029,100.0,0,,,,,,,194,7.657692191527062,5.154639175257732,11.855670103092784,33.50515463917526,65.97938144329896,100.0,151,7.337681246119619,10.596026490066226,16.556291390728475,34.437086092715234,66.88741721854305,100.0
C249,Chest,149,test/C249/Low_Dose/00000129.dcm,130.0,262144,15.883790969848633,324,7.420207459249614,4.938271604938271,10.493827160493828,34.25925925925926,67.90123456790124,100.0,0,,,,,,,158,7.6002096828026104,3.1645569620253164,8.860759493670885,31.645569620253166,65.82278481012658,100.0,166,7.248880041650979,6.626506024096385,12.048192771084338,36.74698795180723,69.87951807228916,100.0
C249,Chest,150,test/C249/Low_Dose/00000168.dcm,130.0,262144,15.915668487548828,372,7.358982537382392,6.451612903225806,14.24731182795699,33.333333333333336,66.66666666666667,100.0,0,,,,,,,199,7.669393721537374,5.025125628140704,12.06030150753769,31.155778894472363,64.321608040201,100.0,173,7.001919961389089,8.092485549132949,16.76300578034682,35.83815028901734,69.36416184971098,100.0
C249,Chest,151,test/C249/Low_Dose/00000053.dcm,130.0,262144,16.15757942199707,353,7.61756373937677,6.798866855524079,14.164305949008499,31.728045325779036,63.73937677053824,100.0,0,,,,,,,206,8.032717806621662,4.368932038834951,13.106796116504855,28.155339805825243,61.650485436893206,100.0,147,7.035782379357993,10.204081632653061,15.646258503401361,36.734693877551024,66.66666666666667,100.0
C249,Chest,152,test/C249/Low_Dose/00000324.dcm,130.0,262144,16.168746948242188,397,7.5812071985201515,6.297229219143577,13.09823677581864,31.738035264483628,66.75062972292191,100.0,0,,,,,,,225,7.432197808159723,8.0,15.11111111111111,31.555555555555557,68.44444444444444,100.0,172,7.776132982830669,4.069767441860465,10.465116279069768,31.976744186046513,64.53488372093024,100.0
C249,Chest,153,test/C249/Low_Dose/00000012.dcm,130.0,262144,15.930777549743652,410,7.162744736089939,6.585365853658536,13.902439024390244,37.31707317073171,68.29268292682927,100.0,0,,,,,,,222,7.49634448902027,6.306306306306307,13.063063063063064,35.13513513513514,63.06306306306306,100.0,188,6.768813112948803,6.914893617021277,14.893617021276595,39.8936170212766,74.46808510638297,100.0
C249,Chest,154,test/C249/Low_Dose/00000114.dcm,130.0,262144,16.45170021057129,389,7.710419093428663,4.113110539845758,11.311053984575835,31.619537275064268,65.55269922879178,100.0,0,,,,,,,211,7.532109120445794,5.687203791469194,13.744075829383887,35.54502369668246,66.35071090047393,100.0,178,7.921785847524578,2.247191011235955,8.426966292134832,26.96629213483146,64.6067415730337,100.0
C249,Chest,155,test/C249/Low_Dose/00000325.dcm,130.0,262144,16.162527084350586,379,7.596429749340369,7.915567282321899,13.45646437994723,31.662269129287598,65.69920844327177,100.0,0,,,,,,,221,7.556301479425905,7.6923076923076925,14.479638009049774,32.57918552036199,65.61085972850678,100.0,158,7.652557759345332,8.227848101265822,12.025316455696203,30.379746835443036,65.82278481012658,100.0
C249,Chest,156,test/C249/Low_Dose/00000142.dcm,130.0,262144,16.179059982299805,393,7.582266072280534,7.633587786259542,13.740458015267176,29.770992366412212,66.15776081424936,100.0,0,,,,,,,230,8.00252101732337,7.391304347826087,11.73913043478261,25.217391304347824,63.04347826086956,100.0,163,6.98926904596434,7.975460122699387,16.56441717791411,36.19631901840491,70.5521472392638,100.0
C249,Chest,157,test/C249/Low_Dose/00000274.dcm,130.0,262144,16.460308074951172,430,7.994262127543605,7.209302325581396,11.162790697674419,26.511627906976745,61.16279069767442,100.0,0,,,,,,,239,8.428212951915533,5.439330543933054,9.623430962343097,23.84937238493724,56.90376569037657,100.0,191,7.451256237729058,9.424083769633508,13.089005235602095,29.842931937172775,66.49214659685863,100.0
C249,Chest,158,test/C249/Low_Dose/00000068.dcm,130.0,262144,16.277721405029297,406,7.773335874961515,4.187192118226601,11.576354679802956,31.527093596059114,65.02463054187191,100.0,0,,,,,,,233,8.070812307202253,4.291845493562231,10.300429184549357,28.326180257510728,61.37339055793991,100.0,173,7.37268842575867,4.046242774566474,13.294797687861271,35.83815028901734,69.94219653179191,100.0
C249,Chest,159,test/C249/Low_Dose/00000139.dcm,130.0,262144,16.151784896850586,437,7.704121674771167,5.491990846681922,10.983981693363845,31.35011441647597,65.67505720823799,100.0,0,,,,,,,254,7.8421404981237695,5.118110236220472,9.05511811023622,30.31496062992126,65.74803149606299,100.0,183,7.512554564762636,6.0109289617486334,13.66120218579235,32.78688524590164,65.57377049180327,100.0
C249,Chest,160,test/C249/Low_Dose/00000306.dcm,130.0,262144,16.18247413635254,448,7.7600876944405695,6.026785714285714,11.160714285714286,29.017857142857142,64.95535714285714,100.0,0,,,,,,,249,7.804458556883785,6.42570281124498,12.048192771084338,29.718875502008032,63.05220883534137,100.0,199,7.704568374097048,5.527638190954774,10.050251256281408,28.14070351758794,67.33668341708542,100.0
C249,Chest,161,test/C249/Low_Dose/00000096.dcm,130.0,262144,16.03152084350586,450,7.498755425347222,5.111111111111111,12.444444444444445,31.11111111111111,65.33333333333333,100.0,0,,,,,,,256,7.850581169128418,3.125,10.546875,28.90625,61.71875,100.0,194,7.034490526336985,7.731958762886598,14.948453608247423,34.02061855670103,70.10309278350516,100.0
C249,Chest,162,test/C249/Low_Dose/00000106.dcm,130.0,262144,16.050771713256836,462,7.420049229741613,3.463203463203463,9.74025974025974,33.116883116883116,67.31601731601732,100.0,0,,,,,,,243,7.581193335262346,3.292181069958848,9.053497942386832,32.098765432098766,64.60905349794238,100.0,219,7.241245496218608,3.65296803652968,10.502283105022832,34.24657534246575,70.31963470319634,100.0
C249,Chest,163,test/C249/Low_Dose/00000028.dcm,130.0,262144,16.166574478149414,399,7.498301417606516,5.012531328320802,12.280701754385966,30.827067669172934,68.67167919799499,100.0,0,,,,,,,233,7.580744534603005,3.8626609442060085,10.300429184549357,29.613733905579398,69.95708154506438,100.0,166,7.382582331278238,6.626506024096385,15.060240963855422,32.53012048192771,66.86746987951807,100.0
C249,Chest,164,test/C249/Low_Dose/00000342.dcm,130.0,262144,15.930215835571289,407,7.644973942337224,5.15970515970516,12.285012285012286,32.186732186732186,63.88206388206388,100.0,0,,,,,,,214,7.755266136098131,4.205607476635514,12.616822429906541,30.373831775700936,63.08411214953271,100.0,193,7.522680411067034,6.217616580310881,11.917098445595855,34.196891191709845,64.76683937823834,100.0
C249,Chest,165,test/C249/Low_Dose/00000305.dcm,130.0,262144,16.18972396850586,441,7.303565892502834,5.895691609977324,13.378684807256235,31.065759637188208,69.38775510204081,100.0,0,,,,,,,243,7.576912836773405,4.526748971193416,11.522633744855968,29.218106995884774,68.3127572016461,100.0,198,6.968095259232954,7.575757575757576,15.656565656565656,33.333333333333336,70.70707070707071,100.0
C249,Chest,166,test/C249/Low_Dose/00000091.dcm,130.0,262144,16.68389320373535,526,8.190307153041825,5.893536121673004,12.357414448669202,29.277566539923953,58.93536121673004,100.0,0,,,,,,,260,8.521204552283654,3.8461538461538463,8.076923076923077,26.53846153846154,56.15384615384615,100.0,266,7.866873604910714,7.894736842105263,16.541353383458645,31.954887218045112,61.65413533834587,100.0
C249,Chest,167,test/C249/Low_Dose/00000127.dcm,130.0,262144,16.339445114135742,561,7.630937708890374,5.704099821746881,12.121212121212121,30.659536541889484,65.9536541889483,100.0,0,,,,,,,328,7.773249928544208,5.7926829268292686,11.585365853658537,29.573170731707318,63.41463414634146,100.0,233,7.430601193669528,5.579399141630901,12.875536480686696,32.18884120171674,69.52789699570816,100.0
C249,Chest,168,test/C249/Low_Dose/00000004.dcm,130.0,262144,16.3211612701416,551,7.635612806261343,6.352087114337568,13.248638838475499,32.3049001814882,64.06533575317604,100.0,0,,,,,,,295,7.804353151483051,6.440677966101695,11.525423728813559,32.88135593220339,61.016949152542374,100.0,256,7.441166877746582,6.25,15.234375,31.640625,67.578125,100.0
C249,Chest,169,test/C249/Low_Dose/00000024.dcm,130.0,262144,16.599145889282227,583,7.911813726147084,7.718696397941681,13.036020583190394,30.01715265866209,61.40651801029159,100.0,0,,,,,,,312,8.300318008814102,8.012820512820513,12.820512820512821,25.32051282051282,58.65384615384615,100.0,271,7.464532493225323,7.380073800738008,13.284132841328413,35.42435424354244,64.57564575645756,100.0
C249,Chest,170,test/C249/Low_Dose/00000302.dcm,130.0,262144,16.578569412231445,591,7.611030694796955,7.106598984771574,13.028764805414552,30.62605752961083,66.66666666666667,100.0,0,,,,,,,349,7.885511338198424,8.022922636103152,13.46704871060172,29.226361031518625,62.750716332378225,100.0,242,7.215189784026343,5.785123966942149,12.396694214876034,32.64462809917355,72.31404958677686,100.0
C249,Chest,171,test/C249/Low_Dose/00000123.dcm,130.0,262144,16.49811363220215,386,7.748016515544041,5.181347150259067,9.844559585492227,30.82901554404145,65.5440414507772,100.0,0,,,,,,,217,7.934047716553859,4.608294930875576,8.755760368663594,29.953917050691246,64.0552995391705,100.0,169,7.509148772651627,5.9171597633136095,11.242603550295858,31.952662721893493,67.45562130177515,100.0
C249,Chest,172,test/C249/Low_Dose/00000152.dcm,130.0,262144,16.791372299194336,386,8.109183988422927,7.512953367875648,12.694300518134716,29.015544041450777,59.32642487046632,100.0,0,,,,,,,210,8.215108235677084,6.666666666666667,12.380952380952381,29.047619047619047,59.523809523809526,100.0,176,7.982797102494673,8.522727272727273,13.068181818181818,28.977272727272727,59.09090909090909,100.0
C249,Chest,173,test/C249/Low_Dose/00000180.dcm,130.0,262144,16.627485275268555,415,7.556098221009036,4.096385542168675,10.36144578313253,31.08433734939759,67.95180722891567,100.0,0,,,,,,,241,7.895887192848807,2.904564315352697,7.8838174273858925,27.38589211618257,66.39004149377594,100.0,174,7.085470966909123,5.747126436781609,13.793103448275861,36.206896551724135,70.11494252873563,100.0
C249,Chest,174,test/C249/Low_Dose/00000013.dcm,130.0,262144,16.787677764892578,426,7.859097619571596,6.572769953051643,11.971830985915492,32.629107981220656,61.737089201877936,100.0,0,,,,,,,228,8.348114549067983,3.508771929824561,8.771929824561404,27.63157894736842,58.771929824561404,100.0,198,7.295987832425821,10.1010101010101,15.656565656565656,38.38383838383838,65.15151515151516,100.0
C249,Chest,175,test/C249/Low_Dose/00000304.dcm,130.0,262144,16.823383331298828,410,7.84852920160061,5.121951219512195,11.707317073170731,32.4390243902439,61.951219512195124,100.0,0,,,,,,,231,8.158480029085498,4.761904761904762,9.523809523809524,30.735930735930737,57.142857142857146,100.0,179,7.44853747490398,5.58659217877095,14.525139664804469,34.63687150837989,68.15642458100558,100.0
C249,Chest,176,test/C249/Low_Dose/00000217.dcm,130.0,262144,16.63718605041504,387,7.890799115794573,5.943152454780361,11.886304909560723,29.71576227390181,62.27390180878553,100.0,0,,,,,,,221,8.307985055500566,4.97737556561086,11.764705882352942,28.506787330316744,55.65610859728507,100.0,166,7.3353889189570785,7.228915662650603,12.048192771084338,31.325301204819276,71.08433734939759,100.0
C249,Chest,177,test/C249/Low_Dose/00000260.dcm,130.0,262144,16.738000869750977,448,7.554205758231027,7.589285714285714,13.839285714285714,33.482142857142854,65.17857142857143,100.0,0,,,,,,,239,7.891727208093619,6.694560669456067,14.225941422594142,31.380753138075313,60.2510460251046,100.0,209,7.1682368374327154,8.61244019138756,13.397129186602871,35.88516746411483,70.8133971291866,100.0
C249,Chest,178,test/C249/Low_Dose/00000233.dcm,130.0,262144,16.924837112426758,443,8.17941304846219,5.191873589164786,11.060948081264108,28.89390519187359,58.239277652370205,100.0,0,,,,,,,258,8.2802980408188,5.038759689922481,12.015503875968992,30.232558139534884,57.36434108527132,100.0,185,8.038719383445946,5.405405405405405,9.72972972972973,27.027027027027028,59.45945945945946,100.0
C249,Chest,179,test/C249/Low_Dose/00000194.dcm,130.0,262144,16.532686233520508,356,8.257464119557584,4.775280898876405,9.831460674157304,27.808988764044944,59.831460674157306,100.0,0,,,,,,,211,8.49245478191647,3.3175355450236967,9.004739336492891,25.118483412322274,58.29383886255924,100.0,145,7.915512190193965,6.896551724137931,11.03448275862069,31.724137931034484,62.06896551724138,100.0
C249,Chest,180,test/C249/Low_Dose/00000300.dcm,130.0,262144,16.567874908447266,369,7.459262258638211,7.588075880758808,13.821138211382113,35.77235772357724,66.12466124661246,100.0,0,,,,,,,220,7.519565096768466,6.818181818181818,13.636363636363637,36.81818181818182,63.63636363636363,100.0,149,7.370225330327181,8.724832214765101,14.093959731543624,34.22818791946309,69.79865771812081,100.0
C249,Chest,181,test/C249/Low_Dose/00000015.dcm,130.0,262144,16.759889602661133,391,7.832106178069053,6.138107416879795,9.718670076726342,30.17902813299233,64.45012787723785,100.0,0,,,,,,,200,8.027640380859374,7.5,10.0,28.0,61.5,100.0,191,7.62735832174411,4.712041884816754,9.424083769633508,32.460732984293195,67.53926701570681,100.0
C249,Chest,182,test/C249/Low_Dose/00000150.dcm,130.0,262144,16.415624618530273,325,7.476902043269231,6.153846153846154,14.461538461538462,35.38461538461539,65.23076923076923,100.0,0,,,,,,,176,7.687961925159801,6.25,14.204545454545455,33.52272727272727,63.63636363636363,100.0,149,7.227597230232802,6.040268456375839,14.765100671140939,37.58389261744966,67.11409395973155,100.0
C249,Chest,183,test/C249/Low_Dose/00000047.dcm,130.0,262144,16.3765926361084,378,7.9816029059193125,5.555555555555555,10.846560846560847,30.158730158730158,62.16931216931217,100.0,0,,,,,,,207,8.201150645380435,5.314009661835748,11.11111111111111,28.019323671497585,61.83574879227053,100.0,171,7.715834589729532,5.847953216374269,10.526315789473685,32.748538011695906,62.57309941520468,100.0
C249,Chest,184,test/C249/Low_Dose/00000146.dcm,130.0,262144,16.556556701660156,367,8.000675877043596,6.539509536784741,12.534059945504087,27.52043596730245,62.12534059945504,100.0,0,,,,,,,206,8.529488276509406,5.339805825242719,10.679611650485437,22.815533980582526,58.25242718446602,100.0,161,7.324058011451863,8.074534161490684,14.906832298136646,33.54037267080745,67.0807453416149,100.0
C249,Chest,185,test/C249/Low_Dose/00000267.dcm,130.0,262144,16.40194320678711,406,7.911812317195197,5.665024630541872,14.285714285714286,30.541871921182267,62.06896551724138,100.0,0,,,,,,,214,8.412876592618282,4.672897196261682,10.74766355140187,25.700934579439252,57.00934579439252,100.0,192,7.353333791097005,6.770833333333333,18.229166666666668,35.9375,67.70833333333333,100.0
C249,Chest,186,test/C249/Low_Dose/00000330.dcm,130.0,262144,16.228485107421875,401,7.425222344529302,5.7356608478802995,12.967581047381547,33.66583541147132,68.3291770573566,100.0,0,,,,,,,217,7.333147883964574,5.529953917050691,12.903225806451612,34.56221198156682,69.5852534562212,100.0,184,7.533810159434443,5.978260869565218,13.043478260869565,32.608695652173914,66.84782608695652,100.0
C249,Chest,187,test/C249/Low_Dose/00000080.dcm,130.0,262144,15.999214172363281,417,7.437407495878297,6.235011990407674,12.949640287769784,33.093525179856115,66.18705035971223,100.0,0,,,,,,,226,7.462952200290376,5.752212389380531,12.389380530973451,33.6283185840708,67.69911504424779,100.0,191,7.407181824689136,6.806282722513089,13.612565445026178,32.460732984293195,64.3979057591623,100.0
C249,Chest,188,test/C249/Low_Dose/00000169.dcm,130.0,262144,15.636198997497559,420,7.547235398065476,6.904761904761905,12.857142857142858,30.238095238095237,65.71428571428571,100.0,0,,,,,,,219,7.832642716359874,6.392694063926941,12.785388127853881,26.940639269406393,61.18721461187214,100.0,201,7.236269215446207,7.462686567164179,12.935323383084578,33.830845771144276,70.64676616915423,100.0
C249,Chest,189,test/C249/Low_Dose/00000073.dcm,130.0,262144,15.467270851135254,423,7.273936170212766,4.25531914893617,9.929078014184396,31.20567375886525,71.39479905437352,100.0,0,,,,,,,232,7.643577312601024,3.4482758620689653,7.758620689655173,25.862068965517242,67.67241379310344,100.0,191,6.824947976317081,5.2356020942408374,12.565445026178011,37.696335078534034,75.91623036649214,100.0
C249,Chest,190,test/C249/Low_Dose/00000315.dcm,130.0,262144,15.69168758392334,458,7.365690672762009,5.240174672489083,14.62882096069869,35.1528384279476,64.62882096069869,100.0,0,,,,,,,241,7.557507780082988,4.149377593360996,12.033195020746888,30.29045643153527,63.90041493775934,100.0,217,7.15265877016129,6.451612903225806,17.51152073732719,40.55299539170507,65.43778801843318,100.0
C249,Chest,191,test/C249/Low_Dose/00000348.dcm,130.0,262144,15.44240665435791,520,7.356660813551683,8.461538461538462,14.615384615384615,33.26923076923077,67.3076923076923,100.0,0,,,,,,,274,7.384483615847399,5.839416058394161,13.138686131386862,32.11678832116788,68.61313868613139,100.0,246,7.325671188230437,11.382113821138212,16.260162601626018,34.552845528455286,65.85365853658537,100.0
C249,Chest,192,test/C249/Low_Dose/00000329.dcm,130.0,262144,15.333785057067871,540,6.989451768663194,5.37037037037037,14.074074074074074,35.0,72.4074074074074,100.0,0,,,,,,,285,7.234560032894737,4.56140350877193,12.982456140350877,32.98245614035088,69.12280701754386,100.0,255,6.715507238051471,6.2745098039215685,15.294117647058824,37.254901960784316,76.07843137254902,100.0
C249,Chest,193,test/C249/Low_Dose/00000019.dcm,130.0,262144,15.611443519592285,624,6.974639110076121,7.371794871794871,14.583333333333334,36.217948717948715,71.31410256410257,100.0,0,,,,,,,313,6.768829248202875,8.30670926517572,15.654952076677317,38.977635782747605,72.52396166134186,100.0,311,7.181771723020498,6.430868167202572,13.504823151125402,33.440514469453376,70.09646302250803,100.0
C249,Chest,194,test/C249/Low_Dose/00000196.dcm,130.0,262144,15.243247985839844,615,7.123004795477642,6.178861788617886,12.520325203252032,34.47154471544715,69.91869918699187,100.0,0,,,,,,,327,7.33335946459289,7.339449541284404,11.314984709480122,31.192660550458715,68.80733944954129,100.0,288,6.884163750542535,4.861111111111111,13.88888888888889,38.19444444444444,71.18055555555556,100.0
C249,Chest,195,test/C249/Low_Dose/00000237.dcm,130.0,262144,14.928750991821289,521,6.819556179522553,5.3742802303262955,12.284069097888676,34.74088291746641,76.00767754318618,100.0,0,,,,,,,277,7.103386944381769,5.415162454873646,10.469314079422382,32.49097472924188,73.64620938628158,100.0,244,6.497337966668801,5.327868852459017,14.344262295081966,37.295081967213115,78.68852459016394,100.0
C249,Chest,196,test/C249/Low_Dose/00000134.dcm,130.0,262144,14.968255996704102,402,7.336468293299129,4.72636815920398,9.203980099502488,30.845771144278608,69.65174129353234,100.0,0,,,,,,,214,7.413018627701518,5.140186915887851,7.4766355140186915,31.30841121495327,68.69158878504673,100.0,188,7.249331210521942,4.25531914893617,11.170212765957446,30.319148936170212,70.74468085106383,100.0
C249,Chest,197,test/C249/Low_Dose/00000289.dcm,130.0,262144,14.876546859741211,487,7.15603744224846,6.570841889117043,12.936344969199178,32.238193018480494,70.02053388090349,100.0,0,,,,,,,276,7.260353420091712,6.884057971014493,11.231884057971014,32.2463768115942,68.1159420289855,100.0,211,7.0195862105672395,6.161137440758294,15.165876777251185,32.22748815165877,72.51184834123222,100.0
C249,Chest,198,test/C249/Low_Dose/00000198.dcm,130.0,262144,14.949151039123535,494,6.66364686788335,6.275303643724697,13.96761133603239,38.46153846153846,74.89878542510121,100.0,0,,,,,,,273,6.954378791781136,4.761904761904762,11.355311355311356,35.16483516483517,71.06227106227107,100.0,221,6.304507432480204,8.144796380090497,17.194570135746606,42.53393665158371,79.63800904977376,100.0
C249,Chest,199,test/C249/Low_Dose/00000327.dcm,130.0,262144,15.347493171691895,484,7.153511993155992,7.644628099173554,12.809917355371901,33.05785123966942,70.45454545454545,100.0,0,,,,,,,265,7.460817272258255,7.547169811320755,11.69811320754717,31.32075471698113,67.16981132075472,100.0,219,6.781659130636416,7.762557077625571,14.155251141552512,35.15981735159817,74.42922374429224,100.0
C249,Chest,200,test/C249/Low_Dose/00000124.dcm,130.0,262144,15.35580062866211,526,7.324724668785646,5.513307984790875,13.11787072243346,32.69961977186312,68.63117870722434,100.0,0,,,,,,,295,7.618592756885593,5.084745762711864,11.525423728813559,29.152542372881356,66.44067796610169,100.0,231,6.949439639136905,6.0606060606060606,15.151515151515152,37.22943722943723,71.42857142857143,100.0
C249,Chest,201,test/C249/Low_Dose/00000199.dcm,130.0,262144,15.236655235290527,551,6.915481262760889,6.896551724137931,13.97459165154265,34.84573502722323,74.59165154264973,100.0,0,,,,,,,285,7.120276093064693,5.964912280701754,12.631578947368421,32.63157894736842,72.63157894736842,100.0,266,6.696058230292528,7.894736842105263,15.413533834586467,37.21804511278196,76.69172932330827,100.0
C249,Chest,202,test/C249/Low_Dose/00000143.dcm,130.0,262144,15.308809280395508,456,6.948518451891448,7.894736842105263,14.692982456140351,34.86842105263158,72.14912280701755,100.0,0,,,,,,,274,7.080105301237454,8.394160583941606,13.138686131386862,34.306569343065696,70.8029197080292,100.0,182,6.750414502489698,7.142857142857143,17.032967032967033,35.714285714285715,74.17582417582418,100.0
C249,Chest,203,test/C249/Low_Dose/00000219.dcm,130.0,262144,15.085419654846191,460,7.258811353600543,6.304347826086956,13.478260869565217,32.82608695652174,67.3913043478261,100.0,0,,,,,,,256,7.405856132507324,6.25,12.5,32.8125,64.0625,100.0,204,7.0742839738434435,6.372549019607843,14.705882352941176,32.84313725490196,71.56862745098039,100.0
C249,Chest,204,test/C249/Low_Dose/00000094.dcm,130.0,262144,15.00229263305664,454,7.233609237334802,4.405286343612334,12.995594713656388,33.70044052863436,68.94273127753304,100.0,0,,,,,,,247,7.168161492598684,4.8582995951417,13.360323886639677,36.8421052631579,68.42105263157895,100.0,207,7.311703889266305,3.864734299516908,12.560386473429952,29.95169082125604,69.56521739130434,100.0
C249,Chest,205,test/C249/Low_Dose/00000064.dcm,130.0,262144,15.02108097076416,433,7.213060903218822,7.390300230946882,15.473441108545035,33.71824480369515,68.36027713625866,100.0,0,,,,,,,253,7.55780487663661,5.928853754940712,12.25296442687747,31.225296442687746,65.61264822134387,100.0,180,6.72850341796875,9.444444444444445,20.0,37.22222222222222,72.22222222222223,100.0
C249,Chest,206,test/C249/Low_Dose/00000343.dcm,130.0,262144,14.735811233520508,412,7.347259817771541,4.854368932038835,10.679611650485437,31.067961165048544,67.96116504854369,100.0,0,,,,,,,197,7.336653811072335,4.568527918781726,11.16751269035533,29.441624365482234,69.54314720812182,100.0,215,7.356977879723837,5.116279069767442,10.232558139534884,32.55813953488372,66.51162790697674,100.0
C249,Chest,207,test/C249/Low_Dose/00000132.dcm,130.0,262144,14.796263694763184,397,7.128406899401763,5.037783375314861,12.090680100755668,34.76070528967254,70.27707808564232,100.0,0,,,,,,,205,7.440070026676829,2.926829268292683,10.24390243902439,30.24390243902439,69.7560975609756,100.0,192,6.795641581217448,7.291666666666667,14.0625,39.583333333333336,70.83333333333333,100.0
C249,Chest,208,test/C249/Low_Dose/00000059.dcm,130.0,262144,14.851000785827637,389,7.214303377048521,4.370179948586118,11.568123393316196,34.70437017994858,67.09511568123393,100.0,0,,,,,,,199,7.696518481077261,3.0150753768844223,8.542713567839195,30.65326633165829,63.81909547738694,100.0,190,6.70924650493421,5.7894736842105265,14.736842105263158,38.94736842105263,70.52631578947368,100.0
C249,Chest,209,test/C249/Low_Dose/00000083.dcm,130.0,262144,14.70555305480957,395,6.92216426028481,6.329113924050633,11.645569620253164,34.43037974683544,72.9113924050633,100.0,0,,,,,,,219,7.060910298944064,6.392694063926941,9.58904109589041,30.136986301369863,73.51598173515981,100.0,176,6.749520735307173,6.25,14.204545454545455,39.77272727272727,72.1590909090909,100.0
C249,Chest,210,test/C249/Low_Dose/00000051.dcm,130.0,262144,14.425995826721191,326,7.040283203125,4.294478527607362,11.349693251533742,34.355828220858896,74.23312883435582,100.0,0,,,,,,,172,7.082875096520712,4.069767441860465,9.883720930232558,33.13953488372093,75.5813953488372,100.0,154,6.9927138291396105,4.545454545454546,12.987012987012987,35.714285714285715,72.72727272727273,100.0
C249,Chest,211,test/C249/Low_Dose/00000041.dcm,130.0,262144,14.688209533691406,356,7.342468947507022,7.865168539325842,13.764044943820224,31.46067415730337,67.69662921348315,100.0,0,,,,,,,187,7.47567863260361,6.951871657754011,11.764705882352942,29.946524064171122,68.98395721925134,100.0,169,7.195071248613166,8.875739644970414,15.976331360946746,33.13609467455621,66.27218934911242,100.0
C249,Chest,212,test/C249/Low_Dose/00000108.dcm,130.0,262144,14.442465782165527,348,6.862513048895474,8.333333333333334,14.367816091954023,36.49425287356322,73.5632183908046,100.0,0,,,,,,,197,7.026178815038071,7.106598984771574,13.705583756345177,32.994923857868024,71.57360406091371,100.0,151,6.648988837437914,9.933774834437086,15.2317880794702,41.05960264900662,76.15894039735099,100.0
C249,Chest,213,test/C249/Low_Dose/00000235.dcm,130.0,262144,14.306526184082031,382,7.002157640706806,6.282722513089006,13.350785340314136,33.769633507853406,73.82198952879581,100.0,0,,,,,,,186,7.384240591397849,5.913978494623656,12.365591397849462,27.956989247311828,70.43010752688173,100.0,196,6.639568095304528,6.63265306122449,14.285714285714286,39.285714285714285,77.04081632653062,100.0
C249,Chest,214,test/C249/Low_Dose/00000259.dcm,130.0,262144,14.734299659729004,358,6.994253147913757,7.82122905027933,14.525139664804469,32.960893854748605,73.18435754189944,100.0,0,,,,,,,218,6.779621649225917,8.715596330275229,15.137614678899082,36.23853211009175,73.39449541284404,100.0,140,7.328465053013393,6.428571428571429,13.571428571428571,27.857142857142858,72.85714285714286,100.0
C249,Chest,215,test/C249/Low_Dose/00000187.dcm,130.0,262144,14.286026954650879,371,6.6407381864892185,8.625336927223719,15.36388140161725,37.735849056603776,76.54986522911051,100.0,0,,,,,,,197,6.870615383090102,9.137055837563452,14.213197969543147,33.50253807106599,75.63451776649747,100.0,174,6.380474923670977,8.045977011494253,16.666666666666668,42.52873563218391,77.58620689655173,100.0
C249,Chest,216,test/C249/Low_Dose/00000197.dcm,130.0,262144,14.242304801940918,375,6.441797526041666,8.266666666666667,16.0,39.46666666666667,76.53333333333333,100.0,0,,,,,,,193,6.494555537564767,10.880829015544041,16.580310880829014,38.86010362694301,74.09326424870466,100.0,182,6.385850843492445,5.4945054945054945,15.384615384615385,40.10989010989011,79.12087912087912,100.0
C249,Chest,217,test/C249/Low_Dose/00000191.dcm,130.0,262144,14.183737754821777,338,6.577576044748521,7.6923076923076925,13.017751479289942,37.57396449704142,77.2189349112426,100.0,0,,,,,,,180,6.898149956597222,5.555555555555555,9.444444444444445,36.111111111111114,73.88888888888889,100.0,158,6.212366031695016,10.126582278481013,17.088607594936708,39.24050632911393,81.0126582278481,100.0
C249,Chest,218,test/C249/Low_Dose/00000290.dcm,130.0,262144,14.021333694458008,508,6.609373077632874,8.464566929133857,13.779527559055119,36.61417322834646,75.78740157480316,100.0,0,,,,,,,272,6.5467367733226105,6.985294117647059,11.764705882352942,37.86764705882353,77.20588235294117,100.0,236,6.6815645896782305,10.169491525423728,16.10169491525424,35.16949152542373,74.15254237288136,100.0
C249,Chest,219,test/C249/Low_Dose/00000216.dcm,130.0,262144,13.769217491149902,536,6.485396200151586,7.649253731343284,15.85820895522388,37.87313432835821,77.05223880597015,100.0,0,,,,,,,297,6.537065807817761,7.744107744107744,15.488215488215488,38.04713804713805,77.44107744107744,100.0,239,6.4211870137617675,7.531380753138075,16.317991631799163,37.65690376569037,76.56903765690376,100.0
C249,Chest,220,test/C249/Low_Dose/00000133.dcm,130.0,262144,13.735092163085938,506,6.39838732089921,7.509881422924901,15.41501976284585,38.537549407114625,76.6798418972332,100.0,0,,,,,,,300,6.425523274739583,7.666666666666667,15.0,36.333333333333336,77.33333333333333,100.0,206,6.358868348945692,7.281553398058253,16.019417475728154,41.74757281553398,75.72815533980582,100.0
C249,Chest,221,test/C249/Low_Dose/00000192.dcm,130.0,262144,13.131410598754883,449,6.166755659277562,8.68596881959911,15.590200445434299,41.42538975501114,79.73273942093542,100.0,0,,,,,,,222,6.2113031610712275,11.26126126126126,17.56756756756757,39.63963963963964,78.37837837837837,100.0,227,6.123189379990364,6.167400881057269,13.656387665198238,43.17180616740088,81.05726872246696,100.0
C249,Chest,222,test/C249/Low_Dose/00000346.dcm,130.0,262144,12.897486686706543,303,5.869553971998762,7.590759075907591,18.48184818481848,44.884488448844884,83.4983498349835,100.0,0,,,,,,,144,5.987327575683594,8.333333333333334,22.22222222222222,44.44444444444444,78.47222222222223,100.0,159,5.762891085642688,6.918238993710692,15.09433962264151,45.283018867924525,88.0503144654088,100.0
C249,Chest,223,test/C249/Low_Dose/00000102.dcm,130.0,262144,12.979585647583008,310,6.274512900075605,9.35483870967742,14.193548387096774,38.38709677419355,81.93548387096774,100.0,0,,,,,,,165,6.430348899147727,7.878787878787879,13.93939393939394,35.75757575757576,80.0,100.0,145,6.09718228044181,11.03448275862069,14.482758620689655,41.37931034482759,84.13793103448276,100.0
C249,Chest,224,test/C249/Low_Dose/00000295.dcm,130.0,262144,12.687161445617676,345,6.096407948369565,9.565217391304348,16.231884057971016,40.289855072463766,83.18840579710145,100.0,0,,,,,,,167,6.421854533121257,6.586826347305389,13.173652694610778,35.32934131736527,83.23353293413173,100.0,178,5.791072545426615,12.359550561797754,19.10112359550562,44.943820224719104,83.14606741573034,100.0
C249,Chest,225,test/C249/Low_Dose/00000278.dcm,130.0,262144,12.733831405639648,314,5.725547450363257,9.235668789808917,17.8343949044586,45.54140127388535,88.85350318471338,100.0,0,,,,,,,147,5.987035634566326,8.16326530612245,15.646258503401361,44.21768707482993,87.75510204081633,100.0,167,5.495375216364146,10.179640718562874,19.760479041916167,46.706586826347305,89.82035928143712,100.0
C249,Chest,226,test/C249/Low_Dose/00000206.dcm,130.0,262144,13.043569564819336,327,5.942408570455848,9.785932721712538,18.960244648318042,42.813455657492355,85.3211009174312,100.0,0,,,,,,,167,6.102548564979416,7.7844311377245505,18.562874251497007,40.119760479041915,86.22754491017965,100.0,160,5.775262451171875,11.875,19.375,45.625,84.375,100.0
C249,Chest,227,test/C249/Low_Dose/00000230.dcm,130.0,262144,13.081677436828613,322,6.264093813688858,8.695652173913043,16.770186335403725,38.19875776397515,80.12422360248448,100.0,0,,,,,,,175,6.811727120535714,5.714285714285714,12.571428571428571,30.285714285714285,77.14285714285714,100.0,147,5.612149400775936,12.244897959183673,21.768707482993197,47.61904761904762,83.6734693877551,100.0
C249,Chest,228,test/C249/Low_Dose/00000138.dcm,130.0,262144,13.328866004943848,329,6.258478877754559,6.990881458966565,15.19756838905775,39.209726443769,81.15501519756839,100.0,0,,,,,,,172,6.521335335664971,5.232558139534884,14.534883720930232,37.2093023255814,76.74418604651163,100.0,157,5.970508745521497,8.9171974522293,15.92356687898089,41.40127388535032,85.98726114649682,100.0
C249,Chest,229,test/C249/Low_Dose/00000246.dcm,130.0,262144,13.813241004943848,368,6.372528076171875,7.336956521739131,13.858695652173912,39.67391304347826,77.98913043478261,100.0,0,,,,,,,200,6.4559228515625,8.0,13.5,39.5,77.5,100.0,168,6.273248581659226,6.5476190476190474,14.285714285714286,39.88095238095238,78.57142857142857,100.0
C249,Chest,230,test/C249/Low_Dose/00000321.dcm,130.0,262144,13.872666358947754,385,6.617888215300325,8.311688311688311,14.285714285714286,37.922077922077925,75.32467532467533,100.0,0,,,,,,,222,6.683156056447072,7.657657657657658,14.414414414414415,36.93693693693694,75.22522522522523,100.0,163,6.528995818155675,9.202453987730062,14.110429447852761,39.263803680981596,75.4601226993865,100.0
C249,Chest,231,test/C249/Low_Dose/00000294.dcm,130.0,262144,14.19275188446045,416,6.82168461726262,5.769230769230769,13.221153846153847,35.57692307692308,74.51923076923077,100.0,0,,,,,,,204,7.115442014208027,6.372549019607843,13.235294117647058,34.31372549019608,71.07843137254902,100.0,212,6.539011829304245,5.188679245283019,13.20754716981132,36.79245283018868,77.83018867924528,100.0
C249,Chest,232,test/C249/Low_Dose/00000265.dcm,130.0,262144,14.878043174743652,430,7.214313453851744,5.813953488372093,12.55813953488372,32.093023255813954,68.37209302325581,100.0,0,,,,,,,247,7.406103713309717,5.2631578947368425,10.526315789473685,31.17408906882591,68.01619433198381,100.0,183,6.955449672344604,6.557377049180328,15.300546448087431,33.333333333333336,68.85245901639344,100.0
C249,Chest,233,test/C249/Low_Dose/00000178.dcm,130.0,262144,14.62275505065918,463,7.028017641401188,5.831533477321814,13.822894168466522,31.533477321814257,72.78617710583153,100.0,0,,,,,,,262,7.145021394918893,4.198473282442748,12.213740458015268,31.297709923664122,71.37404580152672,100.0,201,6.875504678754664,7.960199004975125,15.92039800995025,31.8407960199005,74.6268656716418,100.0
C249,Chest,234,test/C249/Low_Dose/00000140.dcm,130.0,262144,14.901893615722656,459,7.074722988153595,5.664488017429194,12.418300653594772,32.6797385620915,71.0239651416122,100.0,0,,,,,,,259,7.296732191873794,6.563706563706564,11.96911196911197,31.66023166023166,66.79536679536679,100.0,200,6.7872216796875,4.5,13.0,34.0,76.5,100.0
C249,Chest,235,test/C249/Low_Dose/00000097.dcm,130.0,262144,15.346789360046387,513,7.401791697124756,7.797270955165692,13.450292397660819,33.333333333333336,66.8615984405458,100.0,0,,,,,,,275,7.583140092329545,7.2727272727272725,13.090909090909092,32.36363636363637,65.45454545454545,100.0,238,7.192250997078519,8.403361344537815,13.865546218487395,34.45378151260504,68.4873949579832,100.0
C249,Chest,236,test/C249/Low_Dose/00000211.dcm,130.0,262144,15.204808235168457,517,7.232117761726306,6.576402321083172,13.152804642166345,31.528046421663444,70.79303675048357,100.0,0,,,,,,,297,7.480235295664984,5.05050505050505,11.11111111111111,29.966329966329965,69.02356902356902,100.0,220,6.897157981178977,8.636363636363637,15.909090909090908,33.63636363636363,73.18181818181819,100.0
C249,Chest,237,test/C249/Low_Dose/00000272.dcm,130.0,262144,15.480141639709473,547,7.570590115116545,6.2157221206581355,12.06581352833638,30.89579524680073,66.91042047531992,100.0,0,,,,,,,313,7.969233601238019,4.472843450479234,10.543130990415335,27.476038338658146,61.980830670926515,100.0,234,7.037362383981036,8.547008547008547,14.102564102564102,35.47008547008547,73.5042735042735,100.0
C249,Chest,238,test/C249/Low_Dose/00000316.dcm,130.0,262144,15.70775032043457,503,7.0435031413084,9.343936381709742,17.892644135188867,36.58051689860835,69.58250497017893,100.0,0,,,,,,,279,7.090256776433692,9.31899641577061,19.71326164874552,35.842293906810035,69.17562724014337,100.0,224,6.985269818987165,9.375,15.625,37.5,70.08928571428571,100.0
C249,Chest,239,test/C249/Low_Dose/00000322.dcm,130.0,262144,15.557413101196289,492,6.828863872745173,8.739837398373984,15.040650406504065,39.22764227642276,73.17073170731707,100.0,0,,,,,,,247,7.053586890340334,7.287449392712551,13.360323886639677,36.8421052631579,70.04048582995951,100.0,245,6.60230638153699,10.204081632653061,16.73469387755102,41.63265306122449,76.3265306122449,100.0
C249,Chest,240,test/C249/Low_Dose/00000247.dcm,130.0,262144,15.425178527832031,570,7.671586314418859,5.087719298245614,10.701754385964913,30.350877192982455,65.78947368421052,100.0,0,,,,,,,299,7.563827667746655,5.68561872909699,11.705685618729097,30.76923076923077,65.88628762541806,100.0,271,7.790478695802583,4.428044280442805,9.59409594095941,29.88929889298893,65.68265682656826,100.0
C249,Chest,241,test/C249/Low_Dose/00000062.dcm,130.0,262144,15.7489595413208,533,7.847667243198874,5.816135084427767,11.069418386491558,29.455909943714822,64.35272045028142,100.0,0,,,,,,,304,8.045825355931333,6.578947368421052,11.842105263157896,28.289473684210527,61.51315789473684,100.0,229,7.584610718306496,4.8034934497816595,10.043668122270743,31.004366812227076,68.12227074235808,100.0
C249,Chest,242,test/C249/Low_Dose/00000155.dcm,130.0,262144,15.816131591796875,463,7.503563503982181,5.831533477321814,13.174946004319654,33.909287257019436,66.73866090712743,100.0,0,,,,,,,262,7.87591692509542,5.343511450381679,11.068702290076336,28.625954198473284,63.74045801526717,100.0,201,7.018207910642102,6.467661691542289,15.92039800995025,40.79601990049751,70.64676616915423,100.0
C249,Chest,243,test/C249/Low_Dose/00000266.dcm,130.0,262144,16.107038497924805,474,7.6659945073510025,5.485232067510548,11.181434599156118,30.379746835443036,66.66666666666667,100.0,0,,,,,,,271,7.880980994868542,5.904059040590406,12.177121771217712,30.627306273062732,64.57564575645756,100.0,203,7.378992841748769,4.926108374384237,9.852216748768473,30.049261083743843,69.45812807881774,100.0
C249,Chest,244,test/C249/Low_Dose/00000276.dcm,130.0,262144,16.520586013793945,441,7.987405443948413,4.535147392290249,12.01814058956916,28.117913832199548,61.45124716553288,100.0,0,,,,,,,254,8.158896138348917,4.330708661417323,12.992125984251969,26.771653543307085,59.05511811023622,100.0,187,7.754472212357954,4.81283422459893,10.695187165775401,29.946524064171122,64.70588235294117,100.0
C249,Chest,245,test/C249/Low_Dose/00000336.dcm,130.0,262144,16.211166381835938,454,7.516134791437224,6.828193832599119,11.894273127753303,30.39647577092511,66.74008810572687,100.0,0,,,,,,,248,7.751769035093246,5.645161290322581,10.887096774193548,27.822580645161292,64.51612903225806,100.0,206,7.232459207182949,8.25242718446602,13.106796116504855,33.49514563106796,69.41747572815534,100.0
C249,Chest,246,test/C249/Low_Dose/00000255.dcm,130.0,262144,16.280733108520508,563,7.711123966196714,5.506216696269982,12.788632326820604,31.793960923623445,65.0088809946714,100.0,0,,,,,,,295,7.622601628707627,5.423728813559322,13.559322033898304,33.898305084745765,64.0677966101695,100.0,268,7.808564598880597,5.597014925373134,11.940298507462687,29.47761194029851,66.04477611940298,100.0
C249,Chest,247,test/C249/Low_Dose/00000238.dcm,130.0,262144,16.96613311767578,656,8.027226145674543,5.945121951219512,11.128048780487806,28.658536585365855,62.042682926829265,100.0,0,,,,,,,375,8.239248046875,5.6,11.2,27.2,58.4,100.0,281,7.744279637455516,6.405693950177936,11.03202846975089,30.604982206405694,66.90391459074733,100.0
C249,Chest,248,test/C249/Low_Dose/00000212.dcm,130.0,262144,17.017709732055664,644,8.24251125169837,5.279503105590062,11.490683229813664,27.795031055900623,59.78260869565217,100.0,0,,,,,,,349,8.5249317245702,5.157593123209169,9.455587392550143,26.64756446991404,57.02005730659026,100.0,295,7.908393471927966,5.423728813559322,13.898305084745763,29.152542372881356,63.05084745762712,100.0
C249,Chest,249,test/C249/Low_Dose/00000172.dcm,130.0,262144,17.60666847229004,639,8.509874131944445,4.851330203442879,10.954616588419405,28.63849765258216,58.37245696400626,100.0,0,,,,,,,386,8.728432136496114,4.1450777202072535,10.880829015544041,26.683937823834196,56.994818652849744,100.0,253,8.176421998517787,5.928853754940712,11.067193675889328,31.620553359683793,60.47430830039526,100.0
C249,Chest,250,test/C249/Low_Dose/00000087.dcm,130.0,262144,18.49266815185547,535,8.915438814252337,4.859813084112149,11.02803738317757,24.485981308411215,55.700934579439256,100.0,0,,,,,,,278,8.811022861398381,5.39568345323741,11.151079136690647,24.820143884892087,56.47482014388489,100.0,257,9.028384910019454,4.280155642023346,10.894941634241246,24.124513618677042,54.86381322957198,100.0
C249,Chest,251,test/C249/Low_Dose/00000115.dcm,130.0,262144,18.941762924194336,461,8.611637934686822,3.036876355748373,10.845986984815617,30.36876355748373,59.6529284164859,100.0,0,,,,,,,271,8.76572319678275,3.321033210332103,10.70110701107011,30.627306273062732,55.71955719557196,100.0,190,8.391863049958882,2.6315789473684212,11.052631578947368,30.0,65.26315789473684,100.0
C249,Chest,252,test/C249/Low_Dose/00000037.dcm,130.0,262144,19.113378524780273,431,9.13570423524507,5.568445475638051,11.600928074245939,25.05800464037123,54.292343387471,100.0,0,,,,,,,236,9.584218170683263,5.932203389830509,11.016949152542374,23.305084745762713,50.0,100.0,195,8.592887369791667,5.128205128205129,12.307692307692308,27.17948717948718,59.48717948717949,100.0
C249,Chest,253,test/C249/Low_Dose/00000078.dcm,130.0,262144,19.80730438232422,487,9.549969118968173,5.95482546201232,9.240246406570842,25.256673511293634,49.89733059548254,100.0,0,,,,,,,289,9.723762908196367,5.536332179930795,8.650519031141869,22.491349480968857,50.173010380622834,100.0,198,9.296302255958018,6.565656565656566,10.1010101010101,29.292929292929294,49.494949494949495,100.0
C249,Chest,254,test/C249/Low_Dose/00000205.dcm,130.0,262144,19.913471221923828,448,9.742790222167969,4.6875,10.9375,27.008928571428573,45.75892857142857,100.0,0,,,,,,,255,10.194937193627451,5.098039215686274,10.588235294117647,25.098039215686274,41.568627450980394,100.0,193,9.145393964540155,4.1450777202072535,11.398963730569948,29.533678756476682,51.295336787564764,100.0
C249,Chest,255,test/C249/Low_Dose/00000285.dcm,130.0,262144,20.1712589263916,478,10.109377043017782,5.648535564853557,10.460251046025105,23.84937238493724,44.56066945606695,100.0,0,,,,,,,257,10.55503993646644,4.280155642023346,8.949416342412452,19.455252918287936,40.46692607003891,100.0,221,9.591116374434389,7.239819004524887,12.217194570135746,28.959276018099548,49.321266968325794,100.0
C249,Chest,256,test/C249/Low_Dose/00000229.dcm,130.0,262144,20.8719539642334,561,10.431906089850713,3.9215686274509802,8.37789661319073,20.142602495543674,44.563279857397504,100.0,0,,,,,,,297,10.899962351378367,3.0303030303030303,5.05050505050505,15.824915824915825,42.42424242424242,100.0,264,9.905341870857008,4.924242424242424,12.121212121212121,25.0,46.96969696969697,100.0
C249,Chest,257,test/C249/Low_Dose/00000066.dcm,130.0,262144,20.946853637695312,559,10.41832862813059,4.293381037567084,9.30232558139535,19.499105545617173,44.364937388193205,100.0,0,,,,,,,302,11.11195868687914,2.3178807947019866,7.28476821192053,16.887417218543046,38.41059602649007,100.0,257,9.603245835359923,6.614785992217898,11.673151750972762,22.56809338521401,51.36186770428016,100.0
C249,Chest,258,test/C249/Low_Dose/00000310.dcm,130.0,262144,21.243860244750977,529,10.557637494092628,4.158790170132325,7.3724007561436675,20.415879017013232,42.72211720226843,100.0,0,,,,,,,291,11.35534290431701,3.7800687285223367,5.841924398625429,16.83848797250859,36.76975945017182,100.0,238,9.582291803440127,4.621848739495798,9.243697478991596,24.789915966386555,50.0,100.0
C249,Chest,259,test/C249/Low_Dose/00000345.dcm,130.0,262144,22.099594116210938,565,10.137152585730089,5.486725663716814,9.557522123893806,24.601769911504423,49.38053097345133,100.0,0,,,,,,,326,10.400650492475076,6.441717791411043,10.122699386503067,23.926380368098158,46.625766871165645,100.0,239,9.777736009414227,4.184100418410042,8.786610878661088,25.523012552301257,53.13807531380753,100.0
C249,Chest,260,test/C249/Low_Dose/00000311.dcm,130.0,262144,22.493131637573242,580,11.223269969019396,4.310344827586207,8.275862068965518,17.93103448275862,41.89655172413793,100.0,0,,,,,,,302,11.981076676324504,2.6490066225165565,6.291390728476821,14.23841059602649,35.76158940397351,100.0,278,10.400042856339928,6.115107913669065,10.431654676258994,21.942446043165468,48.56115107913669,100.0
C249,Chest,261,test/C249/Low_Dose/00000333.dcm,130.0,262144,22.644041061401367,527,11.24476140002372,4.174573055028463,6.641366223908919,18.785578747628083,41.935483870967744,100.0,0,,,,,,,309,11.831343073675162,2.588996763754045,5.17799352750809,17.15210355987055,35.59870550161812,100.0,218,10.413322238747133,6.422018348623853,8.715596330275229,21.10091743119266,50.91743119266055,100.0
C249,Chest,262,test/C249/Low_Dose/00000293.dcm,130.0,262144,23.569210052490234,537,11.801441384427374,3.35195530726257,5.772811918063315,15.64245810055866,37.80260707635009,96.64804469273743,0,,,,,,,316,12.180497181566455,2.848101265822785,5.379746835443038,14.240506329113924,35.12658227848101,95.88607594936708,221,11.259445259473981,4.072398190045249,6.334841628959276,17.647058823529413,41.6289592760181,97.73755656108597
C249,Chest,263,test/C249/Low_Dose/00000279.dcm,130.0,262144,23.408096313476562,574,11.215568515897212,3.484320557491289,7.317073170731708,20.557491289198605,41.289198606271775,96.68989547038328,0,,,,,,,323,11.3095703125,1.5479876160990713,4.643962848297214,18.26625386996904,41.48606811145511,97.83281733746131,251,11.094602060507968,5.9760956175298805,10.756972111553784,23.50597609561753,41.03585657370518,95.2191235059761
C249,Chest,264,test/C249/Low_Dose/00000254.dcm,130.0,262144,23.72235870361328,557,11.815271018009426,2.6929982046678638,4.847396768402154,17.0556552962298,38.06104129263914,95.87073608617594,0,,,,,,,341,12.176468566715542,2.0527859237536656,4.39882697947214,14.956011730205278,35.483870967741936,95.30791788856305,216,11.24504824037905,3.7037037037037037,5.555555555555555,20.37037037037037,42.129629629629626,96.75925925925925
C249,Chest,265,test/C249/Low_Dose/00000188.dcm,130.0,262144,24.152700424194336,634,11.513946051853312,3.7854889589905363,7.097791798107256,17.823343848580443,41.32492113564669,91.7981072555205,0,,,,,,,401,11.940865609413965,4.488778054862843,7.73067331670823,17.955112219451372,37.406483790523694,89.52618453865337,233,10.779204667381974,2.575107296137339,6.008583690987124,17.59656652360515,48.06866952789699,95.70815450643777
C249,Chest,266,test/C249/Low_Dose/00000210.dcm,130.0,262144,24.432119369506836,582,12.145081615120274,2.7491408934707904,5.326460481099656,18.213058419243985,37.45704467353952,91.92439862542955,0,,,,,,,333,12.55198509055931,3.003003003003003,4.504504504504505,17.41741741741742,34.53453453453454,91.89189189189189,249,11.600907536395582,2.4096385542168677,6.42570281124498,19.27710843373494,41.36546184738956,91.96787148594377
C249,Chest,267,test/C249/Low_Dose/00000157.dcm,130.0,262144,24.708864212036133,606,12.677598204156354,3.6303630363036303,6.435643564356436,16.501650165016503,33.4983498349835,85.64356435643565,0,,,,,,,376,12.754973715924201,3.9893617021276597,5.585106382978723,15.425531914893616,34.57446808510638,84.84042553191489,230,12.551106063179347,3.0434782608695654,7.826086956521739,18.26086956521739,31.73913043478261,86.95652173913044
C249,Chest,268,test/C249/Low_Dose/00000173.dcm,130.0,262144,25.337392807006836,676,12.985845622226332,1.9230769230769231,5.9171597633136095,14.201183431952662,31.952662721893493,85.20710059171597,0,,,,,,,382,13.492126145287958,1.3089005235602094,4.18848167539267,10.99476439790576,30.104712041884817,82.98429319371728,294,12.328027841996173,2.7210884353741496,8.16326530612245,18.367346938775512,34.35374149659864,88.0952380952381
C249,Chest,269,test/C249/Low_Dose/00000250.dcm,130.0,262144,25.51820945739746,693,12.699318801857864,2.7417027417027415,5.194805194805195,15.44011544011544,35.35353535353536,84.12698412698413,0,,,,,,,389,13.384156842464654,3.5989717223650386,5.912596401028278,14.138817480719794,30.334190231362467,81.74807197943444,304,11.822997243780838,1.644736842105263,4.276315789473684,17.105263157894736,41.776315789473685,87.17105263157895
C249,Chest,270,test/C249/Low_Dose/00000227.dcm,130.0,262144,25.93143081665039,730,13.053759096746575,3.287671232876712,6.438356164383562,16.164383561643834,32.87671232876713,83.42465753424658,0,,,,,,,407,13.095259232954545,4.176904176904177,7.616707616707616,15.233415233415233,31.44963144963145,82.30958230958231,323,13.001466355456657,2.1671826625387,4.953560371517028,17.3374613003096,34.6749226006192,84.82972136222911
C249,Chest,271,test/C249/Low_Dose/00000090.dcm,130.0,262144,26.530031204223633,754,13.515081026193634,2.6525198938992043,5.570291777188329,14.323607427055704,29.70822281167109,80.10610079575596,0,,,,,,,443,14.142650871190744,1.3544018058690745,3.160270880361174,10.609480812641083,26.636568848758465,79.45823927765237,311,12.621148701266078,4.501607717041801,9.003215434083602,19.614147909967844,34.08360128617363,81.02893890675242
C249,Chest,272,test/C249/Low_Dose/00000128.dcm,130.0,262144,26.785505294799805,828,13.265862064085145,4.106280193236715,6.642512077294686,14.492753623188406,32.971014492753625,80.79710144927536,0,,,,,,,499,13.651131364291082,3.006012024048096,4.408817635270541,12.82565130260521,30.260521042084168,80.36072144288578,329,12.681517441584347,5.775075987841945,10.030395136778116,17.02127659574468,37.08206686930091,81.45896656534954
C249,Chest,273,test/C249/Low_Dose/00000222.dcm,130.0,262144,26.89377784729004,837,13.300524566905615,2.270011947431302,5.376344086021505,16.009557945041816,33.333333333333336,79.45041816009558,0,,,,,,,511,13.451236851761253,1.761252446183953,4.6966731898238745,16.438356164383563,32.681017612524464,77.49510763209393,326,13.064285371932515,3.067484662576687,6.441717791411043,15.337423312883436,34.355828220858896,82.51533742331289
C249,Chest,274,test/C249/Low_Dose/00000099.dcm,130.0,262144,27.149791717529297,898,13.287990238724944,2.5612472160356345,5.679287305122495,15.144766146993318,33.073496659242764,78.84187082405346,0,,,,,,,540,13.872774703414352,2.962962962962963,5.555555555555555,12.777777777777779,29.25925925925926,77.22222222222223,358,12.405914477129889,1.9553072625698324,5.865921787709497,18.71508379888268,38.8268156424581,81.28491620111731
C249,Chest,275,test/C249/Low_Dose/00000117.dcm,130.0,262144,27.424654006958008,1150,13.939826766304348,2.347826086956522,5.043478260869565,14.26086956521739,30.608695652173914,74.8695652173913,0,,,,,,,646,14.603406782120743,1.7027863777089782,4.179566563467493,12.538699690402476,26.78018575851393,73.21981424148606,504,13.08928474547371,3.1746031746031744,6.150793650793651,16.46825396825397,35.51587301587302,76.98412698412699
C249,Chest,276,test/C249/Low_Dose/00000263.dcm,130.0,262144,27.771745681762695,1485,13.89771938131313,2.558922558922559,5.993265993265993,14.814814814814815,30.707070707070706,75.35353535353535,0,,,,,,,893,14.235145970394736,2.463605823068309,5.039193729003359,13.101903695408735,29.003359462486003,73.90817469204927,592,13.388731260557432,2.7027027027027026,7.4324324324324325,17.39864864864865,33.277027027027025,77.53378378378379
C249,Chest,277,test/C249/Low_Dose/00000218.dcm,130.0,262144,28.374006271362305,1574,14.282997141041932,2.1601016518424396,4.383735705209657,12.32528589580686,28.46251588310038,74.77763659466328,0,,,,,,,979,14.464671180732891,1.8386108273748722,4.49438202247191,11.338100102145045,27.681307456588357,74.36159346271705,595,13.984076286764706,2.689075630252101,4.201680672268908,13.949579831932773,29.747899159663866,75.46218487394958
C249,Chest,278,test/C249/Low_Dose/00000301.dcm,130.0,262144,28.447444915771484,1603,14.276652906659388,2.682470368059888,4.865876481597006,12.975670617592016,28.94572676232065,72.30193387398627,0,,,,,,,978,14.833559001150308,2.4539877300613497,4.192229038854806,11.042944785276074,25.869120654396728,69.93865030674847,625,13.40520625,3.04,5.92,16.0,33.76,76.0
C249,Chest,279,test/C249/Low_Dose/00000269.dcm,130.0,262144,28.70785140991211,1517,14.256022886453527,2.768622280817403,6.262359920896507,14.238628872775214,30.19116677653263,71.72050098879367,0,,,,,,,942,14.861363372478769,2.4416135881104033,5.626326963906582,12.526539278131635,27.070063694267517,69.00212314225053,575,13.264314707880434,3.3043478260869565,7.304347826086956,17.043478260869566,35.30434782608695,76.17391304347827
C249,Chest,280,test/C249/Low_Dose/00000258.dcm,130.0,262144,29.20520782470703,1233,14.86830583434712,2.59529602595296,5.27169505271695,13.70640713706407,28.710462287104622,68.45093268450933,0,,,,,,,734,15.454697611546322,2.4523160762942777,4.4959128065395095,12.125340599455042,25.068119891008173,66.7574931880109,499,14.005756630448397,2.80561122244489,6.412825651302605,16.03206412825651,34.06813627254509,70.94188376753507
C249,Chest,281,test/C249/Low_Dose/00000242.dcm,130.0,262144,28.97051429748535,934,15.427623544566382,2.0342612419700212,3.961456102783726,11.777301927194861,26.552462526766597,65.63169164882227,0,,,,,,,546,16.218005952380953,1.6483516483516483,2.7472527472527473,8.608058608058608,22.71062271062271,61.35531135531136,388,14.315384383054123,2.577319587628866,5.670103092783505,16.237113402061855,31.95876288659794,71.64948453608247
C249,Chest,282,test/C249/Low_Dose/00000018.dcm,130.0,262144,29.02543830871582,855,15.652025082236841,2.1052631578947367,3.625730994152047,11.695906432748538,23.859649122807017,64.7953216374269,0,,,,,,,522,16.081249251676244,2.2988505747126435,3.8314176245210727,11.302681992337165,22.22222222222222,61.877394636015325,333,14.979190127627628,1.8018018018018018,3.3033033033033035,12.312312312312311,26.426426426426428,69.36936936936937
C249,Chest,283,test/C249/Low_Dose/00000273.dcm,130.0,262144,29.355010986328125,932,15.746112610649142,2.03862660944206,4.07725321888412,11.587982832618026,24.248927038626608,63.62660944206009,0,,,,,,,587,16.252693449212096,2.0442930153321974,3.0664395229982966,9.880749574105621,21.29471890971039,61.83986371379898,345,14.884191009963768,2.028985507246377,5.797101449275362,14.492753623188406,29.27536231884058,66.66666666666667
C249,Chest,284,test/C249/Low_Dose/00000200.dcm,130.0,262144,29.30640983581543,880,16.065093439275568,1.4772727272727273,2.840909090909091,9.431818181818182,22.84090909090909,60.90909090909091,0,,,,,,,548,16.60881900091241,1.4598540145985401,2.5547445255474455,8.941605839416058,20.802919708029197,57.11678832116788,332,15.167618717055722,1.5060240963855422,3.3132530120481927,10.240963855421686,26.204819277108435,67.16867469879519
C249,Chest,285,test/C249/Low_Dose/00000331.dcm,130.0,262144,29.552579879760742,888,15.637523754222974,2.364864864864865,4.2792792792792795,11.036036036036036,22.86036036036036,64.97747747747748,0,,,,,,,558,16.237572454637096,1.6129032258064515,2.867383512544803,9.13978494623656,20.25089605734767,62.903225806451616,330,14.622895951704546,3.6363636363636362,6.666666666666667,14.242424242424242,27.272727272727273,68.48484848484848
C249,Chest,286,test/C249/Low_Dose/00000077.dcm,130.0,262144,29.714710235595703,1026,15.666986476608187,1.949317738791423,4.775828460038986,11.403508771929825,24.658869395711502,63.54775828460039,0,,,,,,,632,16.442651676226266,1.740506329113924,3.7974683544303796,9.651898734177216,20.88607594936709,59.96835443037975,394,14.422769769194163,2.284263959390863,6.345177664974619,14.213197969543147,30.710659898477157,69.28934010152284
C249,Chest,287,test/C249/Low_Dose/00000121.dcm,130.0,262144,29.990087509155273,982,15.6998323335667,2.3421588594704685,4.582484725050916,12.525458248472505,24.43991853360489,63.54378818737271,0,,,,,,,605,16.22858987603306,1.487603305785124,2.975206611570248,10.743801652892563,21.15702479338843,62.14876033057851,377,14.851298284151193,3.713527851458886,7.161803713527852,15.384615384615385,29.70822281167109,65.78249336870026
C249,Chest,288,test/C249/Low_Dose/00000006.dcm,130.0,262144,30.147315979003906,949,16.339134738869863,2.3182297154899896,4.214963119072708,8.74604847207587,22.0231822971549,61.53846153846154,0,,,,,,,603,16.981582970563846,1.492537313432836,2.8192371475953566,6.799336650082918,18.90547263681592,59.53565505804312,346,15.21949512283237,3.7572254335260116,6.6473988439306355,12.138728323699421,27.45664739884393,65.02890173410404
C249,Chest,289,test/C249/Low_Dose/00000249.dcm,130.0,262144,30.312116622924805,983,16.079305219989827,1.7293997965412005,4.476093591047813,10.579857578840285,24.313326551373347,59.81688708036623,0,,,,,,,600,16.731376953125,1.6666666666666667,4.5,9.833333333333334,22.0,54.833333333333336,383,15.0577841975359,1.8276762402088773,4.438642297650131,11.74934725848564,27.93733681462141,67.62402088772846
C249,Chest,290,test/C249/Low_Dose/00000337.dcm,130.0,262144,30.25782585144043,972,15.795713573816872,2.1604938271604937,4.2181069958847734,12.242798353909466,24.48559670781893,63.065843621399175,0,,,,,,,589,16.566853910229202,1.867572156196944,4.074702886247878,10.865874363327674,19.864176570458405,60.101867572156195,383,14.60980846116188,2.6109660574412534,4.438642297650131,14.360313315926893,31.592689295039165,67.62402088772846
C249,Chest,291,test/C249/Low_Dose/00000111.dcm,130.0,262144,30.351280212402344,892,16.095190758127803,1.4573991031390134,4.484304932735426,10.538116591928251,24.663677130044842,61.771300448430495,0,,,,,,,547,16.564174617230346,1.2797074954296161,4.021937842778794,9.323583180987203,22.6691042047532,60.146252285191956,345,15.351614866394927,1.7391304347826086,5.217391304347826,12.46376811594203,27.82608695652174,64.34782608695652
C249,Chest,292,test/C249/Low_Dose/00000070.dcm,130.0,262144,30.73222541809082,945,16.056712962962962,1.7989417989417988,4.550264550264551,10.899470899470899,25.502645502645503,59.89417989417989,0,,,,,,,579,16.634698159542314,1.2089810017271156,4.317789291882556,10.535405872193436,23.66148531951641,56.13126079447323,366,15.142357998206966,2.73224043715847,4.918032786885246,11.475409836065573,28.415300546448087,65.84699453551913
C249,Chest,293,test/C249/Low_Dose/00000232.dcm,130.0,262144,31.024486541748047,896,16.232432774135045,2.455357142857143,4.352678571428571,10.714285714285714,23.772321428571427,60.60267857142857,0,,,,,,,543,16.95553133632597,1.289134438305709,2.7624309392265194,8.103130755064457,21.17863720073665,56.353591160220994,353,15.120128253364022,4.2492917847025495,6.798866855524079,14.73087818696884,27.762039660056658,67.13881019830028
C249,Chest,294,test/C249/Low_Dose/00000067.dcm,130.0,262144,31.428247451782227,962,16.801043155535343,1.6632016632016633,4.573804573804574,10.187110187110187,22.14137214137214,56.75675675675676,0,,,,,,,602,17.65410221137874,0.9966777408637874,3.820598006644518,9.30232558139535,18.438538205980066,51.82724252491694,360,15.37453884548611,2.7777777777777777,5.833333333333333,11.666666666666666,28.333333333333332,65.0
C249,Chest,295,test/C249/Low_Dose/00000347.dcm,130.0,262144,31.751462936401367,1079,16.8154468836886,2.1316033364226135,3.799814643188137,10.10194624652456,22.798887859128822,55.885078776645045,0,,,,,,,692,17.38547970104769,2.023121387283237,3.3236994219653178,8.815028901734104,20.520231213872833,53.46820809248555,387,15.796160872900517,2.3255813953488373,4.651162790697675,12.4031007751938,26.873385012919897,60.20671834625323
C249,Chest,296,test/C249/Low_Dose/00000026.dcm,130.0,262144,31.890178680419922,971,16.949303231204944,1.956745623069001,3.810504634397528,10.298661174047373,22.451081359423274,55.61277033985582,0,,,,,,,609,17.455353935755337,1.9704433497536946,3.284072249589491,7.717569786535304,19.54022988505747,53.36617405582923,362,16.097958390883978,1.9337016574585635,4.696132596685083,14.640883977900552,27.34806629834254,59.392265193370164
C249,Chest,297,test/C249/Low_Dose/00000005.dcm,130.0,262144,31.90052032470703,957,16.513550442463426,1.9853709508881923,4.38871473354232,10.9717868338558,23.61546499477534,59.979101358411704,0,,,,,,,612,17.3819619970384,1.7973856209150327,3.4313725490196076,8.660130718954248,20.26143790849673,55.22875816993464,345,14.97306102807971,2.318840579710145,6.086956521739131,15.072463768115941,29.565217391304348,68.40579710144928
C249,Chest,298,test/C249/Low_Dose/00000136.dcm,130.0,262144,32.146636962890625,1035,17.195263435990338,2.4154589371980677,4.3478260869565215,10.434782608695652,21.545893719806763,53.52657004830918,0,,,,,,,653,17.63274071592649,1.9908116385911179,3.8284839203675345,9.03522205206738,21.133231240428792,50.382848392036756,382,16.44742540289594,3.141361256544503,5.2356020942408374,12.827225130890053,22.25130890052356,58.90052356020942
C249,Chest,299,test/C249/Low_Dose/00000326.dcm,130.0,262144,32.01899719238281,1039,16.574308980991336,2.3099133782483157,3.6573628488931664,10.587102983638113,23.965351299326276,58.61405197305101,0,,,,,,,676,16.82643768491124,2.0710059171597632,3.5502958579881656,10.207100591715976,22.781065088757398,57.248520710059175,363,16.10478004476584,2.7548209366391183,3.8567493112947657,11.294765840220386,26.170798898071624,61.15702479338843
C249,Chest,300,test/C249/Low_Dose/00000209.dcm,130.0,262144,32.1819953918457,1081,16.718247716234966,2.2201665124884364,3.700277520814061,9.898242368177613,22.94172062904718,58.649398704902865,0,,,,,,,701,17.328130572396578,1.5691868758915835,2.9957203994293864,8.559201141226819,20.684736091298145,54.63623395149786,380,15.593173057154605,3.4210526315789473,5.0,12.368421052631579,27.105263157894736,66.05263157894737
C249,Chest,301,test/C249/Low_Dose/00000303.dcm,130.0,262144,32.32091522216797,1127,16.637287183895296,2.129547471162378,3.992901508429459,11.26885536823425,23.691215616681454,59.09494232475599,0,,,,,,,706,17.228418798689802,1.9830028328611897,4.1076487252124645,10.19830028328612,21.246458923512748,56.09065155807365,421,15.645981016181711,2.375296912114014,3.8004750593824226,13.064133016627078,27.790973871733968,64.13301662707839
C249,Chest,302,test/C249/Low_Dose/00000332.dcm,130.0,262144,32.375972747802734,1116,16.791913432459676,2.867383512544803,5.017921146953405,10.57347670250896,23.74551971326165,57.61648745519713,0,,,,,,,690,17.3711475317029,2.318840579710145,4.3478260869565215,9.27536231884058,21.73913043478261,53.768115942028984,426,15.853715063820422,3.755868544600939,6.103286384976526,12.67605633802817,26.995305164319248,63.84976525821596
C249,Chest,303,test/C249/Low_Dose/00000095.dcm,130.0,262144,32.55697250366211,1097,16.82448047231085,1.8231540565177757,4.649042844120328,11.850501367365542,24.430264357338196,56.60893345487694,0,,,,,,,666,17.52685986768018,1.3513513513513513,3.3033033033033035,9.75975975975976,21.32132132132132,52.7027027027027,431,15.739130927349187,2.5522041763341066,6.728538283062645,15.081206496519721,29.234338747099766,62.64501160092807
C249,Chest,304,test/C249/Low_Dose/00000251.dcm,130.0,262144,32.8883171081543,1230,16.702901105182928,2.032520325203252,4.959349593495935,11.869918699186991,25.121951219512194,57.235772357723576,0,,,,,,,789,17.117996970057035,1.520912547528517,4.182509505703422,11.406844106463879,24.46134347275032,54.245880861850445,441,15.960244384212018,2.947845804988662,6.349206349206349,12.698412698412698,26.303854875283445,62.585034013605444
C249,Chest,305,test/C249/Low_Dose/00000270.dcm,130.0,262144,32.91407012939453,1123,17.104237394256455,1.7809439002671417,4.096170970614426,10.863757791629563,23.419412288512913,55.12021371326803,0,,,,,,,686,17.943484648323615,1.6034985422740524,3.061224489795918,8.16326530612245,19.24198250728863,51.89504373177842,437,15.786789813358123,2.059496567505721,5.720823798627002,15.102974828375286,29.977116704805493,60.183066361556065
C249,Chest,306,test/C249/Low_Dose/00000299.dcm,130.0,262144,32.942020416259766,1154,16.763025346620452,2.079722703639515,4.592720970537262,12.131715771230503,25.5632582322357,56.1525129982669,0,,,,,,,714,17.24622505252101,1.4005602240896358,3.5014005602240896,10.504201680672269,23.389355742296917,54.34173669467787,440,15.978926225142045,3.1818181818181817,6.363636363636363,14.772727272727273,29.09090909090909,59.09090909090909
C249,Chest,307,test/C249/Low_Dose/00000307.dcm,130.0,262144,33.25712966918945,1488,16.78652790028562,2.553763440860215,4.771505376344086,12.634408602150538,25.0,56.78763440860215,0,,,,,,,866,17.596273726183604,1.8475750577367205,4.041570438799076,10.969976905311778,21.478060046189377,52.42494226327945,622,15.65913258641479,3.536977491961415,5.787781350482315,14.95176848874598,29.90353697749196,62.861736334405144
C249,Chest,308,test/C249/Low_Dose/00000149.dcm,130.0,262144,33.501914978027344,1539,17.318123324805068,1.4944769330734242,3.7686809616634176,9.81156595191683,21.767381416504225,55.7504873294347,0,,,,,,,962,17.72168780860187,1.3513513513513513,3.7422037422037424,9.355509355509355,20.06237006237006,53.84615384615385,577,16.645284404787695,1.733102253032929,3.8128249566724435,10.571923743500866,24.61005199306759,58.925476603119584
C249,Chest,309,test/C249/Low_Dose/00000109.dcm,130.0,262144,33.763187408447266,1544,17.48784862775259,2.33160621761658,4.1450777202072535,10.038860103626943,22.797927461139896,54.145077720207254,0,,,,,,,952,18.40795282956933,1.8907563025210083,3.2563025210084033,8.088235294117647,19.642857142857142,49.36974789915966,592,16.008228198902028,3.0405405405405403,5.574324324324325,13.175675675675675,27.87162162162162,61.82432432432432
C249,Chest,310,test/C249/Low_Dose/00000055.dcm,130.0,262144,34.11598587036133,1558,17.924447408536587,1.4120667522464698,3.465982028241335,8.857509627727856,20.603337612323493,52.118100128369704,0,,,,,,,974,18.44808377181725,1.4373716632443532,3.080082135523614,8.624229979466119,18.993839835728952,49.07597535934291,584,17.051124050192637,1.36986301369863,4.109589041095891,9.246575342465754,23.28767123287671,57.19178082191781
C249,Chest,311,test/C249/Low_Dose/00000154.dcm,130.0,262144,34.15205001831055,1568,17.481668277662628,1.9770408163265305,3.826530612244898,11.224489795918368,22.767857142857142,53.57142857142857,0,,,,,,,981,18.05756442724261,1.4271151885830784,3.1600407747196737,9.683995922528032,19.979612640163097,50.9683995922528,587,16.519228465715504,2.8960817717206133,4.940374787052811,13.798977853492334,27.427597955706986,57.921635434412266
C249,Chest,312,test/C249/Low_Dose/00000101.dcm,130.0,262144,34.495750427246094,1381,17.777425778421435,1.9551049963794351,4.417089065894279,9.847936278059377,23.099203475742215,52.643012309920344,0,,,,,,,838,18.509311138872317,1.909307875894988,4.176610978520286,9.069212410501194,20.644391408114558,48.68735083532219,543,16.64792314111418,2.0257826887661143,4.788213627992634,11.049723756906078,26.887661141804788,58.74769797421731
C249,Chest,313,test/C249/Low_Dose/00000103.dcm,130.0,262144,34.62073516845703,1231,18.250785375203087,1.380991064175467,3.980503655564582,9.910641754671,20.06498781478473,49.30950446791227,0,,,,,,,778,19.001223841179307,1.4138817480719794,3.341902313624679,8.354755784061696,17.35218508997429,46.01542416452442,453,16.961952866307946,1.3245033112582782,5.077262693156733,12.582781456953642,24.724061810154524,54.966887417218544
C249,Chest,314,test/C249/Low_Dose/00000131.dcm,130.0,262144,34.62651062011719,1021,18.235645200783544,1.6650342801175317,3.9177277179236043,10.088148873653282,22.135161606268365,49.461312438785505,0,,,,,,,671,18.96508534370343,1.3412816691505216,3.278688524590164,8.49478390461997,19.374068554396423,44.85842026825633,350,16.83720703125,2.2857142857142856,5.142857142857143,13.142857142857142,27.428571428571427,58.285714285714285
C249,Chest,315,test/C249/Low_Dose/00000054.dcm,130.0,262144,34.35264587402344,962,17.75265763058732,2.182952182952183,5.093555093555094,10.914760914760915,22.86902286902287,52.28690228690229,0,,,,,,,631,18.325620914223453,2.3771790808240887,4.595879556259905,9.8256735340729,20.602218700475436,48.96988906497623,331,16.660392277190333,1.8126888217522659,6.042296072507553,12.990936555891238,27.190332326283986,58.610271903323266
C249,Chest,316,test/C249/Low_Dose/00000162.dcm,130.0,262144,34.18501281738281,897,18.446653776477145,1.7837235228539576,3.3444816053511706,8.807134894091416,19.39799331103679,49.83277591973244,0,,,,,,,561,19.36980733344474,1.7825311942959001,3.2085561497326203,7.308377896613191,16.39928698752228,44.563279857397504,336,16.905311221168155,1.7857142857142858,3.5714285714285716,11.30952380952381,24.404761904761905,58.63095238095238
C249,Chest,317,test/C249/Low_Dose/00000050.dcm,130.0,262144,34.1135139465332,917,17.741775362936206,1.8538713195201746,3.816793893129771,10.032715376226827,22.137404580152673,53.21701199563795,0,,,,,,,562,18.497207587299823,1.9572953736654803,3.380782918149466,8.362989323843417,19.21708185053381,49.11032028469751,355,16.54585167253521,1.6901408450704225,4.507042253521127,12.67605633802817,26.760563380281692,59.71830985915493
C249,Chest,318,test/C249/Low_Dose/00000268.dcm,130.0,262144,33.86658477783203,952,17.891605665703782,1.5756302521008403,3.2563025210084033,8.823529411764707,21.53361344537815,51.785714285714285,0,,,,,,,626,18.76031786641374,0.7987220447284346,2.236421725239617,7.0287539936102235,17.731629392971247,47.763578274760384,326,16.223465059432517,3.067484662576687,5.214723926380368,12.269938650306749,28.834355828220858,59.50920245398773
C249,Chest,319,test/C249/Low_Dose/00000240.dcm,130.0,262144,33.764400482177734,1034,17.327805775507738,2.3210831721470018,4.25531914893617,11.60541586073501,24.177949709864603,53.77176015473888,0,,,,,,,631,18.385065867670363,2.0602218700475436,2.8526148969889067,9.667194928684628,20.443740095087165,47.86053882725832,403,15.672391148418114,2.729528535980149,6.451612903225806,14.640198511166252,30.024813895781637,63.0272952853598
C249,Chest,320,test/C249/Low_Dose/00000181.dcm,130.0,262144,33.721282958984375,999,16.943963494744743,2.2022022022022023,4.904904904904905,11.411411411411411,25.525525525525527,55.65565565565566,0,,,,,,,609,17.612046515804597,1.9704433497536946,4.269293924466338,10.50903119868637,23.15270935960591,51.88834154351396,390,15.900731169871795,2.5641025641025643,5.897435897435898,12.820512820512821,29.23076923076923,61.53846153846154
C249,Chest,321,test/C249/Low_Dose/00000163.dcm,130.0,262144,33.51002502441406,991,16.598598322401614,1.8163471241170535,4.439959636730575,12.108980827447024,25.22704339051463,58.93037336024218,0,,,,,,,621,17.383435235507246,1.4492753623188406,3.7037037037037037,10.466988727858293,21.4170692431562,56.03864734299517,370,15.281346336570946,2.4324324324324325,5.675675675675675,14.864864864864865,31.62162162162162,63.78378378378378
C249,Chest,322,test/C249/Low_Dose/00000309.dcm,130.0,262144,33.66215896606445,1000,16.495556640625,3.0,5.2,13.0,26.2,58.9,0,,,,,,,604,16.95003362996689,2.6490066225165565,4.470198675496689,11.589403973509933,23.67549668874172,57.28476821192053,396,15.80236323192866,3.5353535353535355,6.313131313131313,15.151515151515152,30.050505050505052,61.36363636363637
C249,Chest,323,test/C249/Low_Dose/00000253.dcm,130.0,262144,33.728939056396484,960,16.85146993001302,2.1875,4.0625,10.520833333333334,25.208333333333332,57.708333333333336,0,,,,,,,569,17.718538897737258,1.5817223198594024,3.3391915641476273,8.611599297012303,22.144112478031634,53.251318101933215,391,15.589673913043478,3.0690537084398977,5.115089514066496,13.29923273657289,29.66751918158568,64.19437340153452
C249,Chest,324,test/C249/Low_Dose/00000203.dcm,130.0,262144,33.79436492919922,876,17.13013475670662,2.853881278538813,4.223744292237443,11.073059360730594,25.34246575342466,55.47945205479452,0,,,,,,,536,17.962566318796643,2.0522388059701493,2.611940298507463,8.395522388059701,22.01492537313433,51.865671641791046,340,15.817832318474265,4.117647058823529,6.764705882352941,15.294117647058824,30.58823529411765,61.1764705882353
C249,Chest,325,test/C249/Low_Dose/00000044.dcm,130.0,262144,33.910858154296875,908,16.53385595918227,3.193832599118943,6.057268722466961,12.995594713656388,27.09251101321586,57.158590308370044,0,,,,,,,525,16.991436011904764,3.4285714285714284,5.904761904761905,12.19047619047619,25.142857142857142,54.857142857142854,383,15.90662481641645,2.8720626631853787,6.266318537859008,14.099216710182768,29.765013054830288,60.31331592689295
C249,Chest,326,test/C249/Low_Dose/00000201.dcm,130.0,262144,33.930294036865234,935,17.133300259024065,1.9251336898395721,4.278074866310161,11.443850267379679,25.13368983957219,55.82887700534759,0,,,,,,,561,17.838284035204993,1.7825311942959001,4.278074866310161,10.695187165775401,22.281639928698752,52.04991087344028,374,16.075821983622994,2.1390374331550803,4.278074866310161,12.566844919786096,29.41176470588235,61.49732620320856
C249,Chest,327,test/C249/Low_Dose/00000113.dcm,130.0,262144,33.98233413696289,873,16.733470029710766,1.9473081328751431,4.238258877434135,12.256586483390608,25.42955326460481,58.190148911798396,0,,,,,,,541,17.643850724930683,1.6635859519408502,3.512014787430684,10.351201478743068,20.702402957486136,54.34380776340111,332,15.24998676346009,2.4096385542168677,5.421686746987952,15.36144578313253,33.13253012048193,64.4578313253012
C249,Chest,328,test/C249/Low_Dose/00000052.dcm,130.0,262144,34.178855895996094,774,16.912667050226098,2.7131782945736433,5.167958656330749,11.757105943152455,24.8062015503876,56.718346253229974,0,,,,,,,511,17.195729115704502,2.544031311154599,4.500978473581213,10.371819960861057,23.483365949119374,55.968688845401175,263,16.36268714353612,3.041825095057034,6.4638783269961975,14.448669201520913,27.376425855513308,58.17490494296578
C249,Chest,329,test/C249/Low_Dose/00000116.dcm,130.0,262144,34.18427658081055,825,17.486661931818183,1.9393939393939394,4.242424242424242,9.818181818181818,21.939393939393938,55.39393939393939,0,,,,,,,540,18.335080295138887,1.6666666666666667,3.888888888888889,8.518518518518519,19.444444444444443,49.81481481481482,285,15.879135827850877,2.456140350877193,4.912280701754386,12.280701754385966,26.666666666666668,65.96491228070175
C249,Chest,330,test/C249/Low_Dose/00000147.dcm,130.0,262144,34.332130432128906,878,17.912707769789293,1.8223234624145785,3.8724373576309796,8.997722095671982,22.32346241457859,52.391799544419136,0,,,,,,,575,18.154497282608695,1.391304347826087,3.130434782608696,8.695652173913043,20.695652173913043,50.43478260869565,303,17.45386789655528,2.6402640264026402,5.2805280528052805,9.570957095709572,25.41254125412541,56.1056105610561
C249,Chest,331,test/C249/Low_Dose/00000003.dcm,130.0,262144,34.52716827392578,886,17.96886793700621,1.9187358916478556,3.6117381489841986,9.932279909706546,21.557562076749434,51.693002257336346,0,,,,,,,548,18.64254070198449,1.6423357664233578,2.9197080291970803,8.394160583941606,18.978102189781023,49.08759124087591,338,16.876641087278106,2.366863905325444,4.733727810650888,12.42603550295858,25.7396449704142,55.917159763313606
C249,Chest,332,test/C249/Low_Dose/00000349.dcm,130.0,262144,34.30400085449219,836,17.530724338367225,1.4354066985645932,3.349282296650718,10.167464114832535,23.803827751196174,53.4688995215311,0,,,,,,,529,18.201459859404537,1.7013232514177694,3.213610586011342,8.506616257088847,20.226843100189036,49.9054820415879,307,16.374965009161237,0.9771986970684039,3.583061889250814,13.029315960912053,29.96742671009772,59.60912052117264
C249,Chest,333,test/C249/Low_Dose/00000225.dcm,130.0,262144,34.359519958496094,861,17.505545196355982,1.5098722415795587,3.948896631823461,10.917537746806039,24.738675958188153,54.12311265969802,0,,,,,,,538,18.034117971654275,1.486988847583643,4.275092936802974,10.594795539033457,23.04832713754647,51.11524163568773,323,16.625133030185758,1.5479876160990713,3.4055727554179565,11.455108359133128,27.554179566563466,59.13312693498452
C249,Chest,334,test/C249/Low_Dose/00000002.dcm,130.0,262144,34.261051177978516,858,17.669171811261656,1.048951048951049,2.6806526806526807,8.275058275058274,21.21212121212121,54.89510489510489,0,,,,,,,544,18.08740234375,0.36764705882352944,1.838235294117647,6.4338235294117645,19.301470588235293,52.94117647058823,314,16.94459562848328,2.229299363057325,4.140127388535032,11.464968152866241,24.522292993630572,58.28025477707006
C249,Chest,335,test/C249/Low_Dose/00000007.dcm,130.0,262144,34.237022399902344,802,17.500450533821695,2.6184538653366585,5.112219451371571,12.967581047381547,23.44139650872818,52.743142144638405,0,,,,,,,502,17.84703763072709,2.191235059760956,4.780876494023905,11.55378486055777,23.50597609561753,50.99601593625498,300,16.9204931640625,3.3333333333333335,5.666666666666667,15.333333333333334,23.333333333333332,55.666666666666664
C249,Chest,336,test/C249/Low_Dose/00000214.dcm,130.0,262144,34.42991638183594,745,17.809120700503357,2.2818791946308723,3.48993288590604,10.06711409395973,22.684563758389263,52.214765100671144,0,,,,,,,482,18.302150868775932,1.4522821576763485,3.112033195020747,9.336099585062241,21.16182572614108,50.0,263,16.905544498574145,3.802281368821293,4.182509505703422,11.406844106463879,25.475285171102662,56.27376425855513
C249,Chest,337,test/C249/Low_Dose/00000314.dcm,130.0,262144,34.8316650390625,745,18.247877778942954,1.0738255033557047,2.4161073825503356,9.664429530201343,23.48993288590604,49.395973154362416,0,,,,,,,466,18.722939159737123,1.0729613733905579,1.9313304721030042,7.939914163090129,21.888412017167383,46.99570815450644,279,17.454402581765233,1.075268817204301,3.225806451612903,12.544802867383513,26.164874551971327,53.40501792114696
C249,Chest,338,test/C249/Low_Dose/00000135.dcm,130.0,262144,34.8304328918457,767,17.86093851857888,2.0860495436766624,3.7809647979139505,10.169491525423728,22.946544980443285,52.93350717079531,0,,,,,,,496,18.762073147681452,1.0080645161290323,2.4193548387096775,7.661290322580645,18.951612903225808,49.395161290322584,271,16.21163118369465,4.059040590405904,6.273062730627307,14.760147601476016,30.25830258302583,59.40959409594096
C249,Chest,339,test/C249/Low_Dose/00000228.dcm,130.0,262144,34.84215545654297,835,17.686565540793413,1.9161676646706587,4.550898203592815,11.017964071856287,22.75449101796407,53.77245508982036,0,,,,,,,546,18.522718492445055,1.098901098901099,3.1135531135531136,8.058608058608058,19.78021978021978,50.366300366300365,289,16.106842357807093,3.4602076124567476,7.26643598615917,16.608996539792386,28.37370242214533,60.207612456747405
C249,Chest,340,test/C249/Low_Dose/00000350.dcm,130.0,262144,35.21662902832031,1032,17.34018441133721,1.6472868217054264,4.844961240310077,13.275193798449612,26.453488372093023,54.457364341085274,0,,,,,,,649,18.024608171224962,1.386748844375963,4.006163328197227,11.710323574730355,23.112480739599384,51.61787365177196,383,16.180419284432116,2.088772845953003,6.266318537859008,15.926892950391645,32.114882506527415,59.268929503916446
C249,Chest,341,test/C249/Low_Dose/00000118.dcm,130.0,262144,35.1383056640625,1223,17.29262699304988,2.8618152085036797,4.742436631234669,12.183156173344235,25.592804578904335,55.60098119378577,0,,,,,,,778,17.749791633194086,3.0848329048843186,4.4987146529562985,12.339331619537274,23.52185089974293,53.72750642673522,445,16.49336156952247,2.4719101123595504,5.168539325842697,11.910112359550562,29.213483146067414,58.87640449438202
C249,Chest,342,test/C249/Low_Dose/00000089.dcm,130.0,262144,35.2459831237793,1302,17.60350362423195,1.8433179723502304,4.45468509984639,10.98310291858679,23.04147465437788,55.83717357910906,0,,,,,,,794,18.5550195804471,1.0075566750629723,2.392947103274559,7.934508816120907,19.64735516372796,52.141057934508815,508,16.11628783218504,3.1496062992125986,7.677165354330708,15.748031496062993,28.346456692913385,61.61417322834646
C249,Chest,343,test/C249/Low_Dose/00000126.dcm,130.0,262144,35.381744384765625,1411,18.217547118621546,1.48830616583983,3.5435861091424523,9.922041105598867,21.757618710134658,51.736357193479805,0,,,,,,,848,18.89346140735554,1.5330188679245282,3.419811320754717,9.080188679245284,19.221698113207548,48.466981132075475,563,17.19947546625222,1.4209591474245116,3.730017761989343,11.190053285968029,25.57726465364121,56.6607460035524
C249,Chest,344,test/C249/Low_Dose/00000328.dcm,130.0,262144,35.60686492919922,1455,18.486026095360824,1.7869415807560138,3.5738831615120277,10.721649484536082,21.168384879725085,50.37800687285223,0,,,,,,,908,19.118628682544053,1.2114537444933922,3.0837004405286343,9.691629955947137,19.162995594713657,47.3568281938326,547,17.43593071583638,2.742230347349177,4.387568555758683,12.431444241316271,24.497257769652652,55.39305301645338
C249,Chest,345,test/C249/Low_Dose/00000186.dcm,130.0,262144,35.774269104003906,1496,18.71310734876337,2.1390374331550803,3.877005347593583,8.422459893048128,19.318181818181817,50.26737967914438,0,,,,,,,937,19.641392075773744,1.8143009605122733,2.9882604055496267,6.830309498399147,15.688367129135539,45.5709711846318,559,17.157109514758496,2.6833631484794274,5.366726296958855,11.091234347048301,25.402504472271914,58.13953488372093
C249,Chest,346,test/C249/Low_Dose/00000033.dcm,130.0,262144,36.21942138671875,1624,18.50845953278941,2.2167487684729066,4.187192118226601,10.036945812807883,21.182266009852217,51.23152709359606,0,,,,,,,1022,19.282824730919764,1.467710371819961,3.0332681017612524,8.414872798434443,18.003913894324853,46.96673189823875,602,17.193842789659467,3.488372093023256,6.146179401993355,12.790697674418604,26.578073089700997,58.47176079734219
C249,Chest,347,test/C249/Low_Dose/00000165.dcm,130.0,262144,35.83313751220703,1398,18.19290392525036,1.859799713876967,3.8626609442060085,10.228898426323319,22.46065808297568,53.36194563662375,0,,,,,,,890,18.907279231039325,2.0224719101123596,3.8202247191011236,8.98876404494382,20.1123595505618,49.7752808988764,508,16.94134281188484,1.5748031496062993,3.937007874015748,12.401574803149606,26.5748031496063,59.645669291338585
C249,Chest,348,test/C249/Low_Dose/00000061.dcm,130.0,262144,35.95756530761719,1268,18.113934345425868,2.2870662460567823,4.2586750788643535,9.858044164037855,23.34384858044164,51.65615141955836,0,,,,,,,791,18.997185129582807,2.1491782553729455,3.5398230088495577,8.470290771175726,20.733249051833123,46.017699115044245,477,16.64925334938417,2.5157232704402515,5.450733752620545,12.159329140461216,27.67295597484277,61.0062893081761
C249,Chest,349,test/C249/Low_Dose/00000176.dcm,130.0,262144,36.034950256347656,1147,18.620698697689626,1.6564952048823016,2.877070619006103,8.718395815170009,21.970357454228424,50.47951176983435,0,,,,,,,763,19.626946725507864,1.3106159895150722,1.9659239842726082,6.684141546526868,18.34862385321101,45.21625163826999,384,16.62130355834961,2.34375,4.6875,12.760416666666666,29.166666666666668,60.9375
C280,Chest,0,test/C280/Low_Dose/00000085.dcm,130.0,262144,17.502090454101562,969,7.365033821916924,6.191950464396285,12.590299277605778,32.92053663570692,67.69865841073272,100.0,0,,,,,,,639,7.415335546263694,6.572769953051643,13.302034428794991,32.394366197183096,66.82316118935837,100.0,330,7.2676313920454545,5.454545454545454,11.212121212121213,33.93939393939394,69.39393939393939,100.0
C280,Chest,1,test/C280/Low_Dose/00000046.dcm,130.0,262144,17.479610443115234,921,7.5120092799945715,6.297502714440825,12.160694896851249,29.85884907709012,67.31813246471226,100.0,0,,,,,,,628,7.5627775738953025,6.369426751592357,11.624203821656051,29.45859872611465,66.56050955414013,100.0,293,7.403194492587457,6.143344709897611,13.310580204778157,30.716723549488055,68.9419795221843,100.0
C280,Chest,2,test/C280/Low_Dose/00000106.dcm,130.0,262144,18.06886100769043,846,7.642362265440307,6.1465721040189125,13.120567375886525,31.678486997635932,63.2387706855792,100.0,0,,,,,,,528,7.88858124704072,6.0606060606060606,11.931818181818182,29.734848484848484,61.36363636363637,100.0,318,7.233545843160377,6.289308176100629,15.09433962264151,34.905660377358494,66.35220125786164,100.0
C280,Chest,3,test/C280/Low_Dose/00000319.dcm,130.0,262144,18.805051803588867,845,7.690549879807692,5.680473372781065,13.017751479289942,33.84615384615385,63.07692307692308,100.0,0,,,,,,,532,7.618590849682801,6.015037593984962,13.157894736842104,34.774436090225564,63.721804511278194,100.0,313,7.812858020916534,5.111821086261981,12.779552715654953,32.26837060702876,61.980830670926515,100.0
C280,Chest,4,test/C280/Low_Dose/00000369.dcm,130.0,262144,18.695039749145508,771,7.665441213724059,5.188067444876784,11.413748378728924,31.51750972762646,65.23994811932555,100.0,0,,,,,,,460,7.885237984035326,4.565217391304348,10.869565217391305,29.565217391304348,62.82608695652174,100.0,311,7.340339881430868,6.109324758842444,12.218649517684888,34.40514469453376,68.81028938906752,100.0
C280,Chest,5,test/C280/Low_Dose/00000309.dcm,130.0,262144,19.222564697265625,928,8.076115049164871,6.357758620689655,11.745689655172415,30.926724137931036,60.452586206896555,100.0,0,,,,,,,526,8.104777172944392,7.414448669201521,13.11787072243346,31.1787072243346,58.93536121673004,100.0,402,8.03861187227923,4.975124378109452,9.950248756218905,30.597014925373134,62.43781094527363,100.0
C280,Chest,6,test/C280/Low_Dose/00000308.dcm,130.0,262144,19.56049919128418,1012,8.101222826086957,6.620553359683795,12.648221343873518,29.051383399209485,60.869565217391305,100.0,0,,,,,,,552,8.547881637794385,5.797101449275362,9.601449275362318,25.0,57.971014492753625,100.0,460,7.565231190557065,7.608695652173913,16.304347826086957,33.91304347826087,64.34782608695652,100.0
C280,Chest,7,test/C280/Low_Dose/00000207.dcm,130.0,262144,19.795726776123047,1002,8.375998003992017,6.387225548902196,11.776447105788423,28.542914171656687,58.68263473053892,100.0,0,,,,,,,595,8.5388803177521,5.714285714285714,10.92436974789916,27.394957983193276,56.63865546218487,100.0,407,8.137875268734645,7.371007371007371,13.022113022113022,30.22113022113022,61.67076167076167,100.0
C280,Chest,8,test/C280/Low_Dose/00000299.dcm,130.0,262144,20.98289680480957,958,8.687006621868475,5.532359081419624,9.812108559498956,27.870563674321502,57.41127348643006,100.0,0,,,,,,,555,9.032453547297298,4.504504504504505,8.288288288288289,26.846846846846848,54.5945945945946,100.0,403,8.211267665361353,6.947890818858561,11.910669975186105,29.280397022332505,61.29032258064516,100.0
C280,Chest,9,test/C280/Low_Dose/00000111.dcm,130.0,262144,21.606311798095703,837,9.081237865890083,6.212664277180406,12.305854241338112,28.315412186379927,52.80764635603345,100.0,0,,,,,,,437,9.52535933924485,4.576659038901602,9.839816933638444,26.08695652173913,48.97025171624714,100.0,400,8.596035766601563,8.0,15.0,30.75,57.0,100.0
C280,Chest,10,test/C280/Low_Dose/00000157.dcm,130.0,262144,22.36444854736328,811,9.482025710927866,4.562268803945746,10.110974106041924,25.770653514180026,50.30826140567201,100.0,0,,,,,,,466,9.597539942663627,4.07725321888412,10.300429184549357,24.463519313304722,50.42918454935622,100.0,345,9.325997792119566,5.217391304347826,9.855072463768115,27.536231884057973,50.14492753623188,100.0
C280,Chest,11,test/C280/Low_Dose/00000041.dcm,130.0,262144,24.373390197753906,964,10.677424387318466,4.149377593360996,8.609958506224066,20.95435684647303,45.43568464730291,100.0,0,,,,,,,453,10.839114022833884,4.194260485651214,7.28476821192053,17.880794701986755,44.150110375275936,100.0,511,10.534086044520548,4.109589041095891,9.784735812133073,23.679060665362034,46.57534246575342,100.0
C280,Chest,12,test/C280/Low_Dose/00000294.dcm,130.0,262144,25.7260799407959,962,11.063182172557173,4.885654885654886,10.706860706860708,23.076923076923077,43.86694386694387,93.13929313929314,0,,,,,,,448,11.352277483258929,5.357142857142857,10.714285714285714,21.651785714285715,42.1875,91.96428571428571,514,10.811208049610896,4.474708171206226,10.700389105058365,24.31906614785992,45.3307392996109,94.16342412451363
C280,Chest,13,test/C280/Low_Dose/00000282.dcm,130.0,262144,26.88009262084961,1013,11.629402725505923,4.4422507403751235,8.094768015794669,19.2497532082922,41.46100691016782,88.64758144126357,0,,,,,,,492,12.18713974371189,4.878048780487805,7.317073170731708,17.479674796747968,37.60162601626016,86.58536585365853,521,11.10271150731766,4.030710172744722,8.829174664107486,20.92130518234165,45.10556621880998,90.59500959692899
C280,Chest,14,test/C280/Low_Dose/00000190.dcm,130.0,262144,28.16718292236328,1074,12.23691188023743,3.538175046554935,7.4487895716946,16.852886405959033,39.47858472998138,84.5437616387337,0,,,,,,,544,13.035903033088236,2.9411764705882355,5.330882352941177,13.051470588235293,36.029411764705884,80.88235294117646,530,11.41681437942217,4.150943396226415,9.622641509433961,20.754716981132077,43.0188679245283,88.30188679245283
C280,Chest,15,test/C280/Low_Dose/00000124.dcm,130.0,262144,28.877656936645508,1071,13.105859010270775,4.1083099906629315,6.442577030812325,17.366946778711483,35.3874883286648,78.89822595704949,0,,,,,,,560,13.951412527901786,3.2142857142857144,5.714285714285714,14.107142857142858,29.821428571428573,74.64285714285714,511,12.17922501834638,5.088062622309198,7.240704500978474,20.939334637964777,41.48727984344423,83.56164383561644
C280,Chest,16,test/C280/Low_Dose/00000181.dcm,130.0,262144,29.06558609008789,1031,12.642633062560622,3.588748787584869,7.9534432589718715,17.943743937924346,38.894277400581956,81.76527643064985,0,,,,,,,533,13.231003752345217,1.876172607879925,6.191369606003752,15.196998123827392,35.834896810506564,79.73733583489681,498,12.012911019076306,5.421686746987952,9.839357429718875,20.883534136546185,42.16867469879518,83.93574297188755
C280,Chest,17,test/C280/Low_Dose/00000273.dcm,130.0,262144,29.522005081176758,872,13.02464924383601,2.522935779816514,5.963302752293578,16.972477064220183,37.72935779816514,78.09633027522936,0,,,,,,,486,13.667562853652264,1.646090534979424,4.938271604938271,15.843621399176955,35.18518518518518,73.66255144032922,386,12.215180233970207,3.626943005181347,7.253886010362694,18.39378238341969,40.932642487046635,83.67875647668394
C280,Chest,18,test/C280/Low_Dose/00000159.dcm,130.0,262144,29.405227661132812,823,12.863062917679223,3.8882138517618468,6.439854191980559,17.739975698663425,37.30255164034022,79.82989064398542,0,,,,,,,452,13.815341105503318,2.6548672566371683,3.7610619469026547,12.389380530973451,31.63716814159292,76.76991150442478,371,11.702876252948114,5.390835579514825,9.703504043126685,24.258760107816713,44.20485175202156,83.55795148247978
C280,Chest,19,test/C280/Low_Dose/00000341.dcm,130.0,262144,29.43626594543457,816,13.177132400811887,2.696078431372549,5.392156862745098,14.950980392156863,35.661764705882355,79.5343137254902,0,,,,,,,421,13.963767443586699,2.375296912114014,5.225653206650831,13.064133016627078,31.35391923990499,76.48456057007125,395,12.338720085047468,3.037974683544304,5.569620253164557,16.962025316455698,40.25316455696203,82.78481012658227
C280,Chest,20,test/C280/Low_Dose/00000022.dcm,130.0,262144,29.34613800048828,686,13.480770544825074,2.623906705539359,6.85131195335277,16.3265306122449,33.09037900874635,76.96793002915452,0,,,,,,,391,14.193270710118286,3.0690537084398977,6.649616368286445,12.787723785166241,29.156010230179028,73.91304347826087,295,12.536406746557203,2.0338983050847457,7.11864406779661,21.016949152542374,38.30508474576271,81.01694915254237
C280,Chest,21,test/C280/Low_Dose/00000147.dcm,130.0,262144,28.818939208984375,688,13.07604128815407,3.7790697674418605,6.976744186046512,15.55232558139535,35.46511627906977,78.92441860465117,0,,,,,,,366,13.652031570184427,4.644808743169399,6.284153005464481,13.66120218579235,33.060109289617486,75.40983606557377,322,12.42134425951087,2.7950310559006213,7.763975155279503,17.70186335403727,38.19875776397515,82.9192546583851
C280,Chest,22,test/C280/Low_Dose/00000258.dcm,130.0,262144,27.943750381469727,621,12.696917301982689,2.898550724637681,6.763285024154589,18.19645732689211,35.265700483091784,83.09178743961353,0,,,,,,,344,13.277982490007268,2.616279069767442,5.813953488372093,18.6046511627907,32.55813953488372,78.48837209302326,277,11.975307423285198,3.2490974729241877,7.9422382671480145,17.689530685920577,38.628158844765345,88.8086642599278
C280,Chest,23,test/C280/Low_Dose/00000242.dcm,130.0,262144,27.823183059692383,687,12.187369223071325,3.63901018922853,7.27802037845706,19.068413391557495,39.5924308588064,83.98835516739447,0,,,,,,,388,12.669760792525773,2.8350515463917527,6.185567010309279,16.237113402061855,36.855670103092784,81.70103092783505,299,11.561389527591974,4.682274247491639,8.695652173913043,22.74247491638796,43.1438127090301,86.95652173913044
C280,Chest,24,test/C280/Low_Dose/00000088.dcm,130.0,262144,27.243444442749023,742,11.72623083726415,5.390835579514825,8.89487870619946,19.40700808625337,41.105121293800536,87.1967654986523,0,,,,,,,413,11.974294888771187,5.326876513317191,8.716707021791768,18.159806295399516,39.22518159806295,86.68280871670702,329,11.414829799107142,5.47112462006079,9.118541033434651,20.972644376899694,43.46504559270517,87.8419452887538
C280,Chest,25,test/C280/Low_Dose/00000216.dcm,130.0,262144,26.998064041137695,739,11.907407603179973,4.465493910690122,7.713125845737483,18.809201623815966,38.15967523680649,89.03924221921515,0,,,,,,,367,12.535832127043596,3.2697547683923704,4.9046321525885554,16.62125340599455,33.2425068119891,89.1008174386921,372,11.287429645497312,5.645161290322581,10.483870967741936,20.967741935483872,43.01075268817204,88.97849462365592
C280,Chest,26,test/C280/Low_Dose/00000126.dcm,130.0,262144,27.600202560424805,858,11.766521889568764,3.2634032634032635,7.925407925407925,20.512820512820515,40.675990675990676,88.22843822843822,0,,,,,,,452,12.331156232715708,3.3185840707964602,6.8584070796460175,18.141592920353983,36.72566371681416,86.94690265486726,406,11.13791660252463,3.2019704433497536,9.113300492610838,23.15270935960591,45.073891625615765,89.65517241379311
C280,Chest,27,test/C280/Low_Dose/00000043.dcm,130.0,262144,27.475160598754883,1035,11.359473128019324,5.797101449275362,9.468599033816425,22.318840579710145,44.44444444444444,88.21256038647343,0,,,,,,,556,11.472633416704136,5.9352517985611515,10.611510791366907,22.48201438848921,43.34532374100719,88.30935251798562,479,11.228123165122652,5.6367432150313155,8.1419624217119,22.129436325678498,45.72025052192067,88.10020876826722
C280,Chest,28,test/C280/Low_Dose/00000346.dcm,130.0,262144,27.73436737060547,1274,11.995669090953688,3.1397174254317113,7.535321821036106,19.152276295133436,40.2668759811617,86.26373626373626,0,,,,,,,684,12.511297571728802,2.046783625730994,6.432748538011696,16.666666666666668,36.8421052631579,85.38011695906432,590,11.397890459480932,4.406779661016949,8.813559322033898,22.033898305084747,44.23728813559322,87.28813559322033
C280,Chest,29,test/C280/Low_Dose/00000087.dcm,130.0,262144,28.502761840820312,1315,12.159828748811787,3.8783269961977185,7.756653992395437,20.60836501901141,39.77186311787072,83.11787072243347,0,,,,,,,679,12.5902694679676,3.3873343151693667,6.9219440353460975,19.293078055964653,37.4079528718704,82.03240058910163,636,11.700287441037736,4.40251572327044,8.647798742138365,22.0125786163522,42.295597484276726,84.27672955974843
C280,Chest,30,test/C280/Low_Dose/00000202.dcm,130.0,262144,30.088911056518555,1407,13.381385483297796,3.1982942430703623,7.249466950959488,17.626154939587774,35.46552949538024,75.9772565742715,0,,,,,,,773,14.38069514068564,2.4579560155239326,5.174644243208279,15.265200517464425,30.40103492884864,71.41009055627426,634,12.162982736100158,4.100946372239748,9.779179810725552,20.50473186119874,41.640378548895896,81.54574132492114
C280,Chest,31,test/C280/Low_Dose/00000183.dcm,130.0,262144,31.0087890625,1421,13.323198891625616,3.0260380014074597,6.263194933145672,17.17100633356791,36.734693877551024,76.073187895848,0,,,,,,,797,13.70466152368256,3.0112923462986196,6.524466750313676,17.189460476787954,35.006273525721454,74.27854454203262,624,12.835979755108173,3.0448717948717947,5.92948717948718,17.147435897435898,38.94230769230769,78.36538461538461
C280,Chest,32,test/C280/Low_Dose/00000115.dcm,130.0,262144,32.2807502746582,1390,14.632312275179856,3.1654676258992804,6.690647482014389,15.827338129496402,30.431654676258994,68.41726618705036,0,,,,,,,834,15.483424198141487,2.038369304556355,5.275779376498801,13.908872901678658,26.85851318944844,64.5083932853717,556,13.35564439073741,4.856115107913669,8.81294964028777,18.705035971223023,35.79136690647482,74.28057553956835
C280,Chest,33,test/C280/Low_Dose/00000019.dcm,130.0,262144,32.65623092651367,1420,14.60955655809859,3.5211267605633805,5.985915492957746,15.352112676056338,31.47887323943662,70.0,0,,,,,,,787,15.597311288913597,2.9224904701397714,4.701397712833545,13.087674714104192,27.19186785260483,65.0571791613723,633,13.381494989139021,4.265402843601896,7.5829383886255926,18.167456556082147,36.808846761453395,76.14533965244865
C280,Chest,34,test/C280/Low_Dose/00000170.dcm,130.0,262144,32.57588195800781,1339,14.764612700709485,2.912621359223301,6.3480209111277075,14.189693801344287,30.694548170276324,68.85735623599702,0,,,,,,,715,15.596802611451048,2.797202797202797,5.594405594405594,11.468531468531468,26.433566433566433,65.17482517482517,624,13.81106176131811,3.0448717948717947,7.211538461538462,17.307692307692307,35.57692307692308,73.07692307692308
C280,Chest,35,test/C280/Low_Dose/00000229.dcm,130.0,262144,33.430057525634766,1295,15.014340009652509,3.629343629343629,6.640926640926641,15.907335907335908,31.11969111969112,65.94594594594595,0,,,,,,,690,16.25577587182971,2.318840579710145,4.63768115942029,13.18840579710145,25.942028985507246,58.69565217391305,605,13.598489152892562,5.12396694214876,8.925619834710744,19.00826446280992,37.02479338842975,74.21487603305785
C280,Chest,36,test/C280/Low_Dose/00000149.dcm,130.0,262144,33.539424896240234,1298,14.870977886652541,3.62095531587057,6.856702619414484,16.024653312788907,31.741140215716488,65.0231124807396,0,,,,,,,780,15.636676181891026,2.8205128205128207,6.410256410256411,13.076923076923077,28.846153846153847,61.15384615384615,518,13.71799778293919,4.826254826254826,7.528957528957529,20.463320463320464,36.1003861003861,70.84942084942085
C280,Chest,37,test/C280/Low_Dose/00000314.dcm,130.0,262144,33.35517120361328,1200,14.946917317708333,3.8333333333333335,7.0,17.166666666666668,31.666666666666668,66.41666666666667,0,,,,,,,715,15.570111724213287,3.7762237762237763,7.1328671328671325,15.384615384615385,29.23076923076923,62.93706293706294,485,14.028183392396906,3.917525773195876,6.804123711340206,19.79381443298969,35.25773195876289,71.54639175257732
C280,Chest,38,test/C280/Low_Dose/00000196.dcm,130.0,262144,33.706298828125,1309,15.125960895721924,3.6669213139801373,6.264323911382735,16.195569136745608,31.016042780748663,65.77540106951872,0,,,,,,,765,15.78078533496732,3.1372549019607843,6.143790849673203,14.901960784313726,27.18954248366013,62.745098039215684,544,14.205114925608916,4.411764705882353,6.4338235294117645,18.014705882352942,36.39705882352941,70.03676470588235
C280,Chest,39,test/C280/Low_Dose/00000296.dcm,130.0,262144,33.44151306152344,1283,14.94370798421668,3.3515198752922837,6.936866718628215,15.276695245518317,31.332813717848794,66.40685892439595,0,,,,,,,783,15.739742975734355,2.9374201787994894,5.61941251596424,13.920817369093232,27.330779054916984,62.19667943805875,500,13.6971171875,4.0,9.0,17.4,37.6,73.0
C280,Chest,40,test/C280/Low_Dose/00000255.dcm,130.0,262144,33.032596588134766,1138,14.867002141915641,2.9876977152899826,6.063268892794376,15.817223198594025,30.492091388400702,67.75043936731107,0,,,,,,,640,15.777090454101563,2.34375,4.6875,13.28125,26.25,63.59375,498,13.69740975621235,3.8152610441767068,7.831325301204819,19.076305220883533,35.94377510040161,73.09236947791165
C280,Chest,41,test/C280/Low_Dose/00000306.dcm,130.0,262144,32.101593017578125,1035,14.15570652173913,3.285024154589372,6.763285024154589,17.971014492753625,34.29951690821256,69.7584541062802,0,,,,,,,593,14.794022712900507,2.69814502529511,5.059021922428331,14.839797639123104,31.534569983136592,68.29679595278246,442,13.299323034502262,4.072398190045249,9.049773755656108,22.171945701357465,38.009049773755656,71.71945701357465
C280,Chest,42,test/C280/Low_Dose/00000099.dcm,130.0,262144,31.793066024780273,940,14.109034242021277,2.5531914893617023,5.74468085106383,14.574468085106384,32.12765957446808,72.34042553191489,0,,,,,,,526,14.84247824085076,2.4714828897338403,4.3726235741444865,10.64638783269962,28.326996197718632,69.20152091254752,414,13.17717296950483,2.657004830917874,7.48792270531401,19.565217391304348,36.95652173913044,76.32850241545894
C280,Chest,43,test/C280/Low_Dose/00000114.dcm,130.0,262144,31.953290939331055,1131,13.856506617484527,3.3598585322723253,6.984969053934571,17.152961980548188,34.39434129089302,71.88328912466844,0,,,,,,,671,14.612902850223547,2.9806259314456036,6.408345752608048,15.648286140089418,30.849478390461996,67.95827123695976,460,12.753153659986413,3.9130434782608696,7.826086956521739,19.347826086956523,39.56521739130435,77.6086956521739
C280,Chest,44,test/C280/Low_Dose/00000167.dcm,130.0,262144,32.308067321777344,1120,14.537614222935268,3.125,6.607142857142857,15.089285714285714,32.67857142857143,67.76785714285714,0,,,,,,,677,15.536551133216395,1.7725258493353029,3.9881831610044314,11.964549483013293,27.76957163958641,62.77695716395864,443,13.011022150112867,5.191873589164786,10.609480812641083,19.864559819413092,40.18058690744921,75.39503386004515
C280,Chest,45,test/C280/Low_Dose/00000083.dcm,130.0,262144,32.839263916015625,1311,14.956287840865752,3.508771929824561,6.102212051868802,15.179252479023646,30.663615560640732,66.20900076277651,0,,,,,,,761,15.675668322930354,2.759526938239159,4.336399474375821,13.009198423127463,27.463863337713533,62.943495400788436,550,13.960928622159091,4.545454545454546,8.545454545454545,18.181818181818183,35.09090909090909,70.72727272727273
C280,Chest,46,test/C280/Low_Dose/00000007.dcm,130.0,262144,33.060455322265625,1444,15.083114666291552,2.700831024930748,5.8171745152354575,13.642659279778393,30.12465373961219,67.38227146814404,0,,,,,,,852,16.12430311032864,2.699530516431925,5.28169014084507,11.032863849765258,25.938967136150236,62.08920187793427,592,13.584646688925254,2.7027027027027026,6.587837837837838,17.39864864864865,36.148648648648646,75.0
C280,Chest,47,test/C280/Low_Dose/00000354.dcm,130.0,262144,33.8171272277832,1412,15.535031759029746,2.4787535410764874,4.674220963172805,14.23512747875354,29.24929178470255,64.66005665722379,0,,,,,,,844,16.263199792654028,2.132701421800948,3.909952606635071,11.848341232227488,25.23696682464455,61.37440758293839,568,14.453037315691022,2.992957746478873,5.809859154929577,17.781690140845072,35.2112676056338,69.54225352112677
C280,Chest,48,test/C280/Low_Dose/00000203.dcm,130.0,262144,34.24678039550781,1445,15.432493512110726,3.1833910034602075,5.259515570934256,14.740484429065743,30.173010380622838,64.84429065743944,0,,,,,,,815,16.114822181748465,3.312883435582822,5.398773006134969,13.61963190184049,26.87116564417178,61.34969325153374,630,14.549796937003968,3.015873015873016,5.079365079365079,16.19047619047619,34.44444444444444,69.36507936507937
C280,Chest,49,test/C280/Low_Dose/00000286.dcm,130.0,262144,34.63199996948242,1507,15.676567943347711,3.4505640345056405,6.1712010617120105,15.063039150630392,28.732581287325814,63.43729263437292,0,,,,,,,888,17.01508833051802,2.1396396396396398,4.2792792792792795,11.486486486486486,22.40990990990991,57.432432432432435,619,13.756365799172052,5.331179321486268,8.88529886914378,20.193861066235865,37.802907915993536,72.05169628432957
C280,Chest,50,test/C280/Low_Dose/00000171.dcm,130.0,262144,34.75458526611328,1399,16.055300381969264,2.8591851322373123,6.075768406004289,12.508934953538242,28.020014295925662,60.97212294496069,0,,,,,,,787,17.012350351413595,2.2871664548919948,5.336721728081321,10.292249047013977,24.269377382465056,55.27318932655654,612,14.82458416309232,3.5947712418300655,7.026143790849673,15.359477124183007,32.84313725490196,68.30065359477125
C280,Chest,51,test/C280/Low_Dose/00000012.dcm,130.0,262144,35.13228988647461,1334,16.66679453242129,2.623688155922039,5.322338830584708,11.244377811094452,25.187406296851574,59.44527736131934,0,,,,,,,772,17.397125718507123,1.4248704663212435,3.626943005181347,8.808290155440414,21.89119170984456,56.865284974093264,562,15.66356553047153,4.270462633451957,7.6512455516014235,14.590747330960854,29.715302491103202,62.98932384341637
C280,Chest,52,test/C280/Low_Dose/00000045.dcm,130.0,262144,35.41846466064453,1415,16.355241000441698,2.756183745583039,5.6537102473498235,13.92226148409894,27.420494699646643,61.27208480565371,0,,,,,,,811,17.409036394112206,1.8495684340320593,3.822441430332922,10.850801479654747,22.81134401972873,55.85696670776819,604,14.940293874172186,3.9735099337748343,8.112582781456954,18.04635761589404,33.609271523178805,68.54304635761589
C280,Chest,53,test/C280/Low_Dose/00000361.dcm,130.0,262144,35.36310958862305,1454,16.29502396406465,3.370013755158184,5.639614855570839,13.204951856946355,27.02888583218707,60.31636863823934,0,,,,,,,798,17.50342775885025,2.756892230576441,5.388471177944862,11.152882205513784,23.05764411027569,53.00751879699248,656,14.825046446265244,4.115853658536586,5.945121951219512,15.701219512195122,31.859756097560975,69.20731707317073
C280,Chest,54,test/C280/Low_Dose/00000285.dcm,130.0,262144,35.16868591308594,1538,16.02653989556242,3.1859557867360206,7.022106631989597,15.669700910273082,28.738621586475944,60.33810143042913,0,,,,,,,860,16.99471293604651,1.8604651162790697,4.883720930232558,12.209302325581396,24.069767441860463,55.81395348837209,678,14.798473797013274,4.867256637168142,9.734513274336283,20.058997050147493,34.660766961651916,66.07669616519173
C280,Chest,55,test/C280/Low_Dose/00000198.dcm,130.0,262144,35.164676666259766,1633,15.920613183175139,2.694427434170239,5.021432945499082,13.349663196570729,30.18983466013472,61.29822412737293,0,,,,,,,926,16.859015380332075,1.83585313174946,3.8876889848812093,11.44708423326134,26.025917926565874,56.587473002159825,707,14.691531946163366,3.818953323903819,6.506364922206506,15.841584158415841,35.64356435643565,67.46817538896747
C280,Chest,56,test/C280/Low_Dose/00000246.dcm,130.0,262144,34.5796012878418,1649,15.728596166237113,2.9108550636749544,5.942995755003032,13.159490600363856,29.108550636749545,62.401455427531836,0,,,,,,,897,16.625703299191752,2.3411371237458196,4.459308807134894,10.033444816053512,24.74916387959866,58.97435897435897,752,14.658507002160905,3.5904255319148937,7.712765957446808,16.888297872340427,34.308510638297875,66.48936170212765
C280,Chest,57,test/C280/Low_Dose/00000161.dcm,130.0,262144,34.27235412597656,1659,15.217617446503919,3.496081977094635,5.967450271247739,13.743218806509946,31.103074141048825,66.18444846292948,0,,,,,,,855,16.22556423611111,2.807017543859649,4.912280701754386,10.760233918128655,26.783625730994153,61.87134502923977,804,14.145732519045398,4.2288557213930345,7.08955223880597,16.915422885572138,35.69651741293532,70.77114427860697
C280,Chest,58,test/C280/Low_Dose/00000163.dcm,130.0,262144,34.0428352355957,1836,15.392331324891067,2.287581699346405,5.446623093681917,13.453159041394336,30.174291938997822,65.57734204793029,0,,,,,,,1025,16.15232088414634,1.853658536585366,4.780487804878049,11.804878048780488,28.0,61.46341463414634,811,14.431803184725647,2.8360049321824907,6.288532675709002,15.536374845869297,32.92231812577065,70.77681874229347
C280,Chest,59,test/C280/Low_Dose/00000173.dcm,130.0,262144,34.151119232177734,1670,15.453494573353293,2.5149700598802394,5.808383233532934,13.77245508982036,30.0,65.02994011976048,0,,,,,,,857,16.033392284130688,2.4504084014002334,5.017502917152859,11.90198366394399,27.07117852975496,62.66044340723454,813,14.842212484624847,2.5830258302583027,6.642066420664206,15.744157441574416,33.08733087330873,67.52767527675277
C280,Chest,60,test/C280/Low_Dose/00000244.dcm,130.0,262144,34.09687042236328,1703,15.781732833602467,2.4662360540223136,5.46095126247798,13.211978860833822,28.361714621256606,63.30005871990605,0,,,,,,,930,16.576585601478495,2.2580645161290325,4.731182795698925,11.397849462365592,24.193548387096776,59.46236559139785,773,14.82544292731242,2.7166882276843465,6.338939197930142,15.394566623544632,33.3764553686934,67.91720569210867
C280,Chest,61,test/C280/Low_Dose/00000195.dcm,130.0,262144,33.808475494384766,1741,15.435613063612866,2.4124066628374496,5.1694428489373925,14.53187823090178,29.23607122343481,64.38828259620908,0,,,,,,,926,16.364901120410366,1.7278617710583153,4.535637149028077,12.526997840172786,24.838012958963283,58.74730021598272,815,14.37975939417178,3.1901840490797544,5.889570552147239,16.809815950920246,34.23312883435583,70.79754601226993
C280,Chest,62,test/C280/Low_Dose/00000288.dcm,130.0,262144,34.026611328125,1497,15.574997651553106,2.6052104208416833,4.742818971275885,13.360053440213761,29.926519706078825,63.460253841015366,0,,,,,,,794,16.427845068482366,1.8891687657430731,3.27455919395466,11.209068010075567,26.574307304785894,59.57178841309824,703,14.61175320056899,3.413940256045519,6.401137980085348,15.789473684210526,33.712660028449505,67.8520625889047
C280,Chest,63,test/C280/Low_Dose/00000347.dcm,130.0,262144,34.34925079345703,1616,15.611494914139852,2.7846534653465347,6.25,14.232673267326733,28.465346534653467,63.304455445544555,0,,,,,,,844,16.482895114410546,3.080568720379147,5.687203791469194,11.492890995260664,22.748815165876778,59.47867298578199,772,14.658822963892487,2.461139896373057,6.865284974093265,17.2279792746114,34.715025906735754,67.48704663212435
C280,Chest,64,test/C280/Low_Dose/00000107.dcm,130.0,262144,34.51189041137695,1424,15.623712089624298,2.5280898876404496,5.547752808988764,14.185393258426966,29.49438202247191,64.32584269662921,0,,,,,,,749,16.471860918724968,1.8691588785046729,4.2723631508678235,11.348464619492656,26.16822429906542,59.41255006675567,675,14.682581018518519,3.259259259259259,6.962962962962963,17.333333333333332,33.18518518518518,69.77777777777777
C280,Chest,65,test/C280/Low_Dose/00000276.dcm,130.0,262144,35.01249313354492,1494,15.767440857178714,2.8112449799196786,5.4886211512717535,15.461847389558233,29.785809906291835,62.91834002677376,0,,,,,,,769,17.112355483988946,2.080624187256177,3.3810143042912872,11.443433029908972,23.927178153446032,57.34720416124838,725,14.340905172413793,3.586206896551724,7.724137931034483,19.724137931034484,36.0,68.82758620689656
C280,Chest,66,test/C280/Low_Dose/00000151.dcm,130.0,262144,35.40138244628906,1403,16.629724808446188,2.209550962223806,4.846756949394155,12.33071988595866,26.799714896650034,58.161083392729864,0,,,,,,,759,17.796582931900527,1.7127799736495388,3.2938076416337285,8.959156785243742,22.266139657444004,52.569169960474305,644,15.254500679347826,2.7950310559006213,6.6770186335403725,16.304347826086957,32.142857142857146,64.75155279503106
C280,Chest,67,test/C280/Low_Dose/00000104.dcm,130.0,262144,35.60231018066406,1298,16.60609471302003,3.00462249614792,5.1617873651771955,14.175654853620955,27.19568567026194,59.32203389830509,0,,,,,,,703,17.86039740398293,1.9914651493598863,3.840682788051209,10.668563300142248,20.76813655761024,54.76529160739687,595,15.12411863182773,4.201680672268908,6.722689075630252,18.319327731092436,34.78991596638655,64.70588235294117
C280,Chest,68,test/C280/Low_Dose/00000143.dcm,130.0,262144,35.59161376953125,1480,15.737782411317568,3.581081081081081,6.216216216216216,14.45945945945946,30.743243243243242,62.770270270270274,0,,,,,,,787,16.924737680670265,2.9224904701397714,4.5743329097839895,11.30876747141042,25.2858958068615,57.68742058449809,693,14.38982317595599,4.329004329004329,8.080808080808081,18.037518037518037,36.94083694083694,68.54256854256855
C280,Chest,69,test/C280/Low_Dose/00000150.dcm,130.0,262144,35.797725677490234,1437,16.496115496694504,2.2268615170494086,5.288796102992345,13.500347947112038,26.7223382045929,59.707724425887264,0,,,,,,,804,17.280547943874378,1.7412935323383085,4.477611940298507,12.064676616915422,23.880597014925375,55.223880597014926,633,15.499774758096367,2.843601895734597,6.3191153238546605,15.323854660347552,30.33175355450237,65.40284360189574
C280,Chest,70,test/C280/Low_Dose/00000113.dcm,130.0,262144,35.860198974609375,1493,16.35368699765573,2.813127930341594,5.492297387809779,12.726054922973878,28.332217012726055,60.68318821165439,0,,,,,,,861,17.223130353513355,1.3937282229965158,2.7874564459930316,9.988385598141695,24.15795586527294,57.60743321718932,632,15.16920490506329,4.746835443037975,9.177215189873417,16.455696202531644,34.01898734177215,64.87341772151899
C280,Chest,71,test/C280/Low_Dose/00000189.dcm,130.0,262144,36.011375427246094,1396,16.46800988314828,2.4355300859598854,4.871060171919771,13.968481375358166,27.936962750716333,59.383954154727796,0,,,,,,,814,17.211328604883292,2.457002457002457,4.2997542997543,11.793611793611793,24.57002457002457,56.26535626535627,582,15.428385416666666,2.4054982817869415,5.670103092783505,17.010309278350515,32.64604810996563,63.74570446735395
C280,Chest,72,test/C280/Low_Dose/00000076.dcm,130.0,262144,35.72229766845703,1383,16.83161181534707,1.9522776572668112,4.483007953723789,12.72595806218366,26.174981923355027,57.628344179320315,0,,,,,,,793,17.655492640684113,1.7654476670870114,3.7831021437578816,11.097099621689786,23.95964691046658,53.46784363177806,590,15.72425847457627,2.2033898305084745,5.423728813559322,14.915254237288135,29.152542372881356,63.220338983050844
C280,Chest,73,test/C280/Low_Dose/00000350.dcm,130.0,262144,35.27089309692383,1335,16.200658356741574,3.146067415730337,5.393258426966292,14.831460674157304,29.43820224719101,60.149812734082396,0,,,,,,,780,17.007798727964744,2.6923076923076925,4.358974358974359,12.820512820512821,26.153846153846153,56.15384615384615,555,15.066300675675675,3.7837837837837838,6.846846846846847,17.65765765765766,34.054054054054056,65.76576576576576
C280,Chest,74,test/C280/Low_Dose/00000168.dcm,130.0,262144,34.92311477661133,1274,16.210928301609105,2.511773940345369,5.259026687598116,13.186813186813186,28.2574568288854,59.968602825745684,0,,,,,,,722,16.928148264369806,2.4930747922437675,4.986149584487535,11.634349030470915,24.79224376731302,56.094182825484765,552,15.272828917572463,2.536231884057971,5.615942028985507,15.217391304347826,32.789855072463766,65.03623188405797
C280,Chest,75,test/C280/Low_Dose/00000293.dcm,130.0,262144,34.52671432495117,1142,15.733892704684763,3.2399299474605954,5.166374781085814,13.485113835376533,29.334500875656744,62.87215411558669,0,,,,,,,686,16.377946770225947,2.3323615160349855,3.935860058309038,10.787172011661808,26.53061224489796,60.64139941690962,456,14.764986807839913,4.605263157894737,7.017543859649122,17.54385964912281,33.55263157894737,66.2280701754386
C280,Chest,76,test/C280/Low_Dose/00000026.dcm,130.0,262144,34.171363830566406,1159,15.683310639559965,3.106125970664366,5.349439171699741,13.718723037100949,28.472821397756686,62.81276962899051,0,,,,,,,669,16.447843679932735,2.8400597907324365,4.783258594917788,10.612855007473842,25.411061285500747,59.342301943198805,490,14.639490991709184,3.4693877551020407,6.122448979591836,17.959183673469386,32.6530612244898,67.55102040816327
C280,Chest,77,test/C280/Low_Dose/00000224.dcm,130.0,262144,33.66963195800781,1244,15.6700945789791,3.2958199356913185,6.028938906752412,14.14790996784566,29.260450160771704,62.942122186495176,0,,,,,,,700,16.677234933035713,2.857142857142857,4.857142857142857,10.714285714285714,23.571428571428573,58.857142857142854,544,14.374141917509192,3.860294117647059,7.536764705882353,18.566176470588236,36.580882352941174,68.19852941176471
C280,Chest,78,test/C280/Low_Dose/00000030.dcm,130.0,262144,33.35185241699219,1256,15.356359785529458,2.388535031847134,5.334394904458598,13.455414012738853,29.06050955414013,65.36624203821655,0,,,,,,,757,16.237667189564068,2.3778071334214004,4.227212681638045,11.492734478203435,25.09907529722589,60.23778071334214,499,14.019387407627756,2.404809619238477,7.014028056112225,16.432865731462925,35.07014028056112,73.14629258517034
C280,Chest,79,test/C280/Low_Dose/00000020.dcm,130.0,262144,32.989044189453125,1384,14.98576081557081,2.384393063583815,5.563583815028902,13.800578034682081,29.91329479768786,67.05202312138728,0,,,,,,,806,15.528494785204714,1.7369727047146402,4.962779156327543,12.40694789081886,27.419354838709676,64.51612903225806,578,14.22893632407007,3.28719723183391,6.401384083044983,15.7439446366782,33.391003460207614,70.58823529411765
C280,Chest,80,test/C280/Low_Dose/00000353.dcm,130.0,262144,33.00897216796875,1436,15.169598167653204,2.715877437325905,5.5013927576601676,13.649025069637883,28.41225626740947,65.94707520891365,0,,,,,,,878,15.612195686218678,2.733485193621868,5.466970387243736,12.642369020501139,25.854214123006834,65.03416856492028,558,14.473183908770162,2.6881720430107525,5.555555555555555,15.232974910394265,32.437275985663085,67.38351254480287
C280,Chest,81,test/C280/Low_Dose/00000131.dcm,130.0,262144,33.326175689697266,1636,14.771563168551344,3.3618581907090466,6.17359413202934,15.158924205378973,30.623471882640587,68.8875305623472,0,,,,,,,903,15.422768289728682,3.433001107419712,5.426356589147287,13.399778516057586,27.79623477297896,66.22369878183832,733,13.96932821026603,3.2742155525238745,7.094133697135061,17.32605729877217,34.106412005457024,72.16916780354707
C280,Chest,82,test/C280/Low_Dose/00000013.dcm,130.0,262144,33.62471389770508,1688,15.012975322126778,2.843601895734597,5.8649289099526065,14.691943127962086,31.22037914691943,65.93601895734596,0,,,,,,,963,15.20823598130841,2.803738317757009,5.815160955347872,13.91484942886812,30.11422637590862,65.83592938733126,725,14.753615301724137,2.896551724137931,5.931034482758621,15.724137931034482,32.689655172413794,66.06896551724138
C280,Chest,83,test/C280/Low_Dose/00000025.dcm,130.0,262144,34.00759506225586,1685,15.186146142433234,2.492581602373887,5.400593471810089,14.718100890207715,29.673590504451038,66.23145400593472,0,,,,,,,989,15.785183897876642,2.62891809908999,4.853387259858443,12.94236602628918,25.88473205257836,64.00404448938322,696,14.334927262931034,2.2988505747126435,6.17816091954023,17.24137931034483,35.05747126436781,69.39655172413794
C280,Chest,84,test/C280/Low_Dose/00000033.dcm,130.0,262144,34.58647918701172,1617,15.653029819882498,2.350030921459493,4.452690166975882,13.41991341991342,28.509585652442794,64.19294990723562,0,,,,,,,901,16.22428855091565,1.3318534961154274,3.218645948945616,10.876803551609322,25.971143174250834,60.821309655937846,716,14.9341706856669,3.631284916201117,6.005586592178771,16.620111731843576,31.70391061452514,68.43575418994413
C280,Chest,85,test/C280/Low_Dose/00000092.dcm,130.0,262144,34.7001838684082,1593,15.531051377118644,2.824858757062147,5.963590709353421,14.312617702448211,29.817953546767107,64.5323289391086,0,,,,,,,877,16.304782149729192,2.0524515393386547,5.24515393386545,12.314709236031927,26.225769669327253,61.23147092360319,716,14.583337879713687,3.7709497206703912,6.843575418994414,16.75977653631285,34.21787709497207,68.57541899441341
C280,Chest,86,test/C280/Low_Dose/00000349.dcm,130.0,262144,35.085994720458984,1593,15.954782642812305,2.1343377275580666,4.959196484620214,12.115505335844318,28.060263653483993,62.837413684871315,0,,,,,,,874,16.73153023097826,1.2585812356979404,3.5469107551487413,10.297482837528603,24.82837528604119,58.924485125858126,719,15.010587350052155,3.198887343532684,6.675938803894297,14.325452016689846,31.98887343532684,67.59388038942977
C280,Chest,87,test/C280/Low_Dose/00000018.dcm,130.0,262144,35.17641067504883,1612,16.014384305210918,2.543424317617866,5.024813895781637,12.841191066997519,27.915632754342433,61.72456575682382,0,,,,,,,929,16.286340949609794,2.583423035522067,4.951560818083961,12.701829924650161,26.695371367061355,60.279870828848225,683,15.644475487280381,2.4890190336749636,5.124450951683748,13.030746705710103,29.575402635431917,63.6896046852123
C280,Chest,88,test/C280/Low_Dose/00000334.dcm,130.0,262144,34.9413948059082,1452,15.329537383780991,3.236914600550964,6.198347107438017,15.289256198347108,30.853994490358126,64.80716253443526,0,,,,,,,835,15.946395490269461,2.9940119760479043,5.508982035928144,13.77245508982036,28.143712574850298,62.275449101796404,617,14.494730994226094,3.565640194489465,7.13128038897893,17.3419773095624,34.52188006482982,68.23338735818477
C280,Chest,89,test/C280/Low_Dose/00000326.dcm,130.0,262144,34.84427261352539,1374,15.384910616812228,3.420669577874818,6.04075691411936,13.973799126637555,30.49490538573508,65.3566229985444,0,,,,,,,776,16.064517306298324,3.6082474226804124,6.314432989690721,13.144329896907216,28.608247422680414,60.30927835051546,598,14.503012972930602,3.177257525083612,5.68561872909699,15.050167224080267,32.94314381270903,71.90635451505017
C280,Chest,90,test/C280/Low_Dose/00000335.dcm,130.0,262144,34.43830871582031,1282,14.751081683892355,3.5881435257410295,7.02028081123245,17.316692667706707,34.55538221528861,67.70670826833073,0,,,,,,,728,15.337093814388735,3.021978021978022,6.730769230769231,16.208791208791208,32.005494505494504,64.83516483516483,554,13.981012557818142,4.332129963898917,7.40072202166065,18.772563176895307,37.90613718411552,71.48014440433214
C280,Chest,91,test/C280/Low_Dose/00000292.dcm,130.0,262144,33.73208236694336,1289,14.745069457913111,3.1031807602792862,6.12878200155159,14.972847168347556,31.65244375484872,68.65787432117921,0,,,,,,,703,15.576303842905405,2.275960170697013,4.836415362731152,12.660028449502134,27.738264580369844,64.58036984352773,586,13.74787272690913,4.09556313993174,7.679180887372014,17.747440273037544,36.3481228668942,73.54948805460751
C280,Chest,92,test/C280/Low_Dose/00000329.dcm,130.0,262144,33.66838836669922,1213,14.880886747732893,3.1327287716405605,6.183017312448475,15.828524319868096,33.14097279472382,66.36438582028029,0,,,,,,,710,15.531130336707747,2.3943661971830985,4.929577464788732,13.661971830985916,30.845070422535212,62.67605633802817,503,13.963045943091451,4.174950298210735,7.952286282306163,18.88667992047714,36.381709741550694,71.57057654075547
C280,Chest,93,test/C280/Low_Dose/00000121.dcm,130.0,262144,33.419185638427734,1060,14.338676481426887,3.1132075471698113,6.226415094339623,15.471698113207546,33.490566037735846,71.0377358490566,0,,,,,,,608,14.969227037931743,2.6315789473684212,5.427631578947368,14.30921052631579,29.769736842105264,68.42105263157895,452,13.490502281526549,3.7610619469026547,7.300884955752212,17.035398230088497,38.49557522123894,74.5575221238938
C280,Chest,94,test/C280/Low_Dose/00000231.dcm,130.0,262144,33.71288299560547,980,14.715104830994898,2.5510204081632653,5.0,14.89795918367347,31.3265306122449,68.36734693877551,0,,,,,,,561,15.177339224041889,2.8520499108734403,5.704099821746881,14.973262032085561,28.520499108734402,65.41889483065954,419,14.096220539976134,2.1479713603818618,4.05727923627685,14.797136038186158,35.08353221957041,72.31503579952268
C280,Chest,95,test/C280/Low_Dose/00000343.dcm,130.0,262144,33.94459533691406,1005,15.51933690920398,1.9900497512437811,4.776119402985074,12.63681592039801,28.855721393034827,65.17412935323384,0,,,,,,,610,15.98482005635246,1.9672131147540983,4.426229508196721,11.639344262295081,26.885245901639344,63.114754098360656,395,14.800489517405063,2.0253164556962027,5.3164556962025316,14.177215189873417,31.89873417721519,68.35443037974683
C280,Chest,96,test/C280/Low_Dose/00000302.dcm,130.0,262144,33.95640182495117,964,15.192565158195022,3.112033195020747,6.327800829875518,14.315352697095436,30.70539419087137,65.45643153526972,0,,,,,,,571,15.90351357267951,2.4518388791593697,5.604203152364273,13.309982486865149,27.84588441330998,60.94570928196147,393,14.159608331345419,4.071246819338422,7.379134860050891,15.776081424936386,34.86005089058524,72.01017811704834
C280,Chest,97,test/C280/Low_Dose/00000271.dcm,130.0,262144,33.888729095458984,948,15.165717917655591,2.6371308016877637,6.751054852320675,15.189873417721518,30.27426160337553,65.40084388185655,0,,,,,,,553,15.386799983047016,2.3508137432188065,5.605786618444847,14.466546112115733,29.65641952983725,64.7377938517179,395,14.856200553797468,3.037974683544304,8.354430379746836,16.20253164556962,31.139240506329113,66.32911392405063
C280,Chest,98,test/C280/Low_Dose/00000021.dcm,130.0,262144,34.307281494140625,870,15.305830190373563,4.482758620689655,7.586206896551724,14.482758620689655,30.45977011494253,64.48275862068965,0,,,,,,,523,15.801976278680689,4.2065009560229445,7.265774378585086,14.149139579349905,28.107074569789674,60.61185468451243,347,14.558035111221182,4.899135446685879,8.069164265129682,14.985590778097983,34.00576368876081,70.31700288184437
C280,Chest,99,test/C280/Low_Dose/00000365.dcm,130.0,262144,34.7061882019043,898,15.410477058393653,3.4521158129175946,6.347438752783964,14.25389755011136,30.066815144766146,65.92427616926503,0,,,,,,,553,15.735219117314648,3.2549728752260396,5.424954792043399,11.934900542495479,28.209764918625677,64.91862567811935,345,14.889951313405797,3.7681159420289854,7.826086956521739,17.971014492753625,33.04347826086956,67.53623188405797
C280,Chest,100,test/C280/Low_Dose/00000260.dcm,130.0,262144,34.59089279174805,1010,15.845890702351484,2.277227722772277,4.851485148514851,12.871287128712872,29.00990099009901,62.67326732673267,0,,,,,,,598,16.39702981291806,1.839464882943144,3.8461538461538463,11.538461538461538,26.755852842809364,60.869565217391305,412,15.045936362257281,2.912621359223301,6.310679611650485,14.805825242718447,32.28155339805825,65.29126213592232
C280,Chest,101,test/C280/Low_Dose/00000127.dcm,130.0,262144,35.07958221435547,1135,15.792108342511014,2.3788546255506606,4.845814977973569,13.30396475770925,28.898678414096917,63.78854625550661,0,,,,,,,615,16.63766037855691,2.2764227642276422,3.902439024390244,11.21951219512195,24.227642276422763,59.83739837398374,520,14.792080453725962,2.5,5.961538461538462,15.76923076923077,34.42307692307692,68.46153846153847
C280,Chest,102,test/C280/Low_Dose/00000162.dcm,130.0,262144,35.09080123901367,1376,15.703357785247093,2.3255813953488373,5.59593023255814,14.098837209302326,28.70639534883721,63.299418604651166,0,,,,,,,783,15.845767979725416,2.0434227330779056,5.108556832694764,13.026819923371647,27.330779054916984,62.83524904214559,593,15.515318692032041,2.69814502529511,6.239460370994941,15.51433389544688,30.522765598650928,63.91231028667791
C280,Chest,103,test/C280/Low_Dose/00000052.dcm,130.0,262144,34.933414459228516,1333,15.900720297261815,2.250562640660165,5.401350337584396,14.778694673668417,29.107276819204802,62.2655663915979,0,,,,,,,744,16.667042065692204,1.478494623655914,3.763440860215054,12.634408602150538,26.344086021505376,58.333333333333336,589,14.932734905560272,3.225806451612903,7.470288624787776,17.487266553480474,32.597623089983024,67.23259762308999
C280,Chest,104,test/C280/Low_Dose/00000191.dcm,130.0,262144,34.90535354614258,1254,15.903278259569378,2.4720893141945774,5.582137161084529,12.91866028708134,27.99043062200957,63.1578947368421,0,,,,,,,687,16.813622975800584,2.183406113537118,4.512372634643377,10.480349344978166,25.76419213973799,57.64192139737991,567,14.800267994929452,2.821869488536155,6.878306878306878,15.873015873015873,30.687830687830687,69.84126984126983
C280,Chest,105,test/C280/Low_Dose/00000268.dcm,130.0,262144,34.893157958984375,1353,16.052536608462674,1.4781966001478197,4.138950480413895,12.638580931263858,26.829268292682926,62.01034737620103,0,,,,,,,779,16.740605443677794,0.8985879332477535,3.465982028241335,10.269576379974326,24.133504492939664,58.40821566110398,574,15.118725500871081,2.264808362369338,5.052264808362369,15.853658536585366,30.48780487804878,66.89895470383276
C280,Chest,106,test/C280/Low_Dose/00000305.dcm,130.0,262144,34.15906524658203,1329,15.284215693190369,3.0850263355906695,6.094808126410835,14.747930775018812,30.69977426636569,63.50639578630549,0,,,,,,,723,16.004805822095435,1.6597510373443984,4.564315352697095,13.001383125864454,27.800829875518673,60.44260027662517,606,14.424498504537954,4.785478547854786,7.920792079207921,16.831683168316832,34.15841584158416,67.16171617161716
C280,Chest,107,test/C280/Low_Dose/00000223.dcm,130.0,262144,33.88212585449219,1309,15.217926375095493,2.826585179526356,5.729564553093965,14.66768525592055,29.946524064171122,65.39343009931245,0,,,,,,,685,15.523029767335766,2.7737226277372264,5.547445255474453,13.86861313868613,28.467153284671532,63.64963503649635,624,14.882998735476763,2.8846153846153846,5.92948717948718,15.544871794871796,31.57051282051282,67.3076923076923
C280,Chest,108,test/C280/Low_Dose/00000324.dcm,130.0,262144,33.202491760253906,1325,14.440280070754717,3.547169811320755,5.433962264150943,14.79245283018868,32.679245283018865,71.47169811320755,0,,,,,,,707,15.070190947666195,3.1117397454031117,4.243281471004243,12.446958981612447,29.13719943422914,69.87270155586987,618,13.719653873381876,4.0453074433656955,6.796116504854369,17.475728155339805,36.73139158576052,73.30097087378641
C280,Chest,109,test/C280/Low_Dose/00000059.dcm,130.0,262144,31.92674446105957,1254,14.202380507376395,3.4290271132376398,6.698564593301436,15.629984051036683,32.057416267942585,70.89314194577352,0,,,,,,,693,14.703584393037518,3.463203463203463,5.627705627705628,14.285714285714286,29.292929292929294,68.25396825396825,561,13.583248036430481,3.3868092691622103,8.02139037433155,17.29055258467023,35.47237076648841,74.15329768270945
C280,Chest,110,test/C280/Low_Dose/00000005.dcm,130.0,262144,32.39226150512695,1395,14.43189684139785,3.010752688172043,6.164874551971326,15.483870967741936,31.32616487455197,69.60573476702508,0,,,,,,,817,14.864550661719706,2.570379436964504,6.24235006119951,14.932680538555692,30.11015911872705,66.34026927784578,578,13.820341222426471,3.633217993079585,6.055363321799308,16.262975778546714,33.04498269896194,74.22145328719724
C280,Chest,111,test/C280/Low_Dose/00000077.dcm,130.0,262144,32.093421936035156,1372,14.022331393494898,2.623906705539359,5.685131195335277,15.962099125364432,33.16326530612245,72.59475218658892,0,,,,,,,767,14.34587501018579,1.8252933507170794,4.69361147327249,14.471968709256846,32.07301173402868,71.70795306388527,605,13.612154571280993,3.6363636363636362,6.9421487603305785,17.85123966942149,34.54545454545455,73.71900826446281
C280,Chest,112,test/C280/Low_Dose/00000315.dcm,130.0,262144,31.745277404785156,1280,13.839997863769531,3.515625,7.34375,16.09375,35.078125,73.359375,0,,,,,,,726,14.229516399793388,3.168044077134986,6.6115702479338845,14.18732782369146,33.05785123966942,71.48760330578513,554,13.329545775045126,3.9711191335740073,8.303249097472925,18.592057761732853,37.72563176895307,75.81227436823104
C280,Chest,113,test/C280/Low_Dose/00000174.dcm,130.0,262144,32.59599685668945,1351,14.058433278589934,3.7009622501850483,6.069578090303479,16.21021465581051,33.90081421169504,71.79866765358993,0,,,,,,,752,14.462337412732714,3.5904255319148937,6.25,15.292553191489361,32.579787234042556,69.14893617021276,599,13.551360014085976,3.8397328881469117,5.843071786310517,17.362270450751254,35.559265442404005,75.12520868113522
C280,Chest,114,test/C280/Low_Dose/00000073.dcm,130.0,262144,32.58608627319336,1320,14.00728574810606,3.1818181818181817,7.045454545454546,16.59090909090909,34.54545454545455,70.9090909090909,0,,,,,,,699,14.503699481402004,2.432045779685265,5.7224606580829755,14.878397711015737,31.90271816881259,68.95565092989986,621,13.448520531400966,4.025764895330113,8.53462157809984,18.51851851851852,37.52012882447665,73.10789049919485
C280,Chest,115,test/C280/Low_Dose/00000279.dcm,130.0,262144,32.67295455932617,1356,14.63547716168879,2.5811209439528024,6.12094395280236,14.896755162241888,30.678466076696164,68.28908554572271,0,,,,,,,764,15.266702542130236,1.8324607329842932,4.450261780104712,12.696335078534032,28.272251308900522,65.70680628272251,592,13.82085521801098,3.5472972972972974,8.277027027027026,17.736486486486488,33.78378378378378,71.62162162162163
C280,Chest,116,test/C280/Low_Dose/00000006.dcm,130.0,262144,33.96992111206055,1497,14.823788201402806,2.6052104208416833,5.477621910487642,15.430861723446894,29.792919171676687,68.33667334669339,0,,,,,,,855,15.49620454130117,2.1052631578947367,4.56140350877193,13.450292397660819,26.31578947368421,64.91228070175438,642,13.928278937889408,3.2710280373831777,6.697819314641745,18.068535825545172,34.42367601246106,72.89719626168224
C280,Chest,117,test/C280/Low_Dose/00000105.dcm,130.0,262144,34.548213958740234,1520,15.586599249588815,3.026315789473684,5.855263157894737,13.157894736842104,28.223684210526315,65.0657894736842,0,,,,,,,849,16.345930874558302,2.3557126030624262,4.358068315665489,10.247349823321555,23.557126030624264,62.77974087161366,671,14.625836845659464,3.874813710879285,7.74962742175857,16.84053651266766,34.12816691505216,67.95827123695976
C280,Chest,118,test/C280/Low_Dose/00000123.dcm,130.0,262144,35.11759567260742,1434,15.930981411262204,2.6499302649930265,4.741980474198048,12.831241283124129,28.312412831241282,61.64574616457462,0,,,,,,,840,16.43611886160714,2.142857142857143,3.6904761904761907,11.785714285714286,26.19047619047619,60.11904761904762,594,15.216642334806398,3.367003367003367,6.228956228956229,14.30976430976431,31.31313131313131,63.804713804713806
C280,Chest,119,test/C280/Low_Dose/00000199.dcm,130.0,262144,35.345123291015625,1326,15.890189008295627,3.092006033182504,6.259426847662142,13.951734539969834,28.28054298642534,62.06636500754148,0,,,,,,,771,16.284400079036963,3.11284046692607,6.355382619974059,13.618677042801556,26.588845654993516,59.92217898832685,555,15.34255349099099,3.063063063063063,6.126126126126126,14.414414414414415,30.63063063063063,65.04504504504504
C280,Chest,120,test/C280/Low_Dose/00000211.dcm,130.0,262144,35.53678894042969,1277,16.139794501272515,2.505873140172279,5.246671887235709,13.390759592795614,28.11276429130775,61.237274862960064,0,,,,,,,758,16.557823322064642,2.638522427440633,4.485488126649076,12.796833773087071,26.517150395778366,58.31134564643799,519,15.529261124157033,2.3121387283236996,6.358381502890174,14.258188824662813,30.443159922928707,65.51059730250482
C280,Chest,121,test/C280/Low_Dose/00000210.dcm,130.0,262144,35.2651481628418,1250,15.89614375,2.56,5.2,13.68,27.92,61.6,0,,,,,,,745,16.147518613674496,2.1476510067114094,4.697986577181208,12.21476510067114,26.308724832214764,61.34228187919463,505,15.525304571472772,3.1683168316831685,5.9405940594059405,15.841584158415841,30.297029702970296,61.98019801980198
C280,Chest,122,test/C280/Low_Dose/00000141.dcm,130.0,262144,35.49648666381836,1199,15.281098506567973,3.085904920767306,6.839032527105922,14.595496246872393,30.77564637197665,64.97080900750626,0,,,,,,,709,15.872694265691115,2.6798307475317347,6.205923836389281,14.386459802538788,28.49083215796897,61.354019746121295,490,14.425092673788265,3.673469387755102,7.755102040816326,14.89795918367347,34.08163265306123,70.20408163265306
C280,Chest,123,test/C280/Low_Dose/00000164.dcm,130.0,262144,35.43802261352539,1117,15.964981885071621,2.4171888988361685,4.923903312444047,13.24977618621307,28.37958818263205,62.578334825425245,0,,,,,,,619,17.022552440932955,1.7770597738287561,3.5541195476575123,10.177705977382876,24.07108239095315,57.51211631663974,498,14.65045141503514,3.21285140562249,6.626506024096385,17.068273092369477,33.734939759036145,68.87550200803213
C280,Chest,124,test/C280/Low_Dose/00000247.dcm,130.0,262144,34.379425048828125,1098,15.355739127959927,2.914389799635701,5.737704918032787,15.300546448087431,29.59927140255009,64.66302367941712,0,,,,,,,649,15.787449441448382,2.6194144838212634,5.084745762711864,14.021571648690292,27.73497688751926,61.78736517719569,449,14.731728058880845,3.34075723830735,6.6815144766147,17.14922048997773,32.29398663697105,68.8195991091314
C280,Chest,125,test/C280/Low_Dose/00000096.dcm,130.0,262144,33.73129653930664,1091,14.698025571436755,3.0247479376718607,5.682859761686526,15.032080659945004,31.989000916590285,67.73602199816682,0,,,,,,,646,15.339931428986068,2.9411764705882355,5.108359133126935,13.157894736842104,29.41176470588235,64.08668730650155,445,13.766180214185393,3.146067415730337,6.51685393258427,17.752808988764045,35.73033707865169,73.03370786516854
C280,Chest,126,test/C280/Low_Dose/00000051.dcm,130.0,262144,32.960845947265625,1076,14.28925944615474,3.8104089219330857,7.156133828996283,15.427509293680297,32.24907063197026,69.51672862453532,0,,,,,,,613,14.553105564335237,2.6101141924959217,5.5464926590538335,13.866231647634583,31.64763458401305,69.16802610114192,463,13.939934024028078,5.399568034557236,9.287257019438444,17.49460043196544,33.04535637149028,69.97840172786177
C280,Chest,127,test/C280/Low_Dose/00000320.dcm,130.0,262144,31.892841339111328,1158,13.865696513385148,3.1088082901554404,5.4404145077720205,15.3713298791019,33.67875647668394,74.17962003454231,0,,,,,,,634,14.366492815950316,2.8391167192429023,4.2586750788643535,14.037854889589905,30.441640378548897,71.45110410094637,524,13.259770284172232,3.435114503816794,6.870229007633588,16.984732824427482,37.595419847328245,77.48091603053435
C280,Chest,128,test/C280/Low_Dose/00000212.dcm,130.0,262144,31.70992088317871,1325,13.620002948113207,2.943396226415094,6.188679245283019,16.754716981132077,35.471698113207545,74.56603773584905,0,,,,,,,742,14.1962890625,3.0997304582210243,6.334231805929919,14.690026954177897,32.34501347708895,72.50673854447439,583,12.88654956850343,2.7444253859348198,6.003430531732419,19.382504288164665,39.451114922813034,77.18696397941682
C280,Chest,129,test/C280/Low_Dose/00000325.dcm,130.0,262144,31.23873519897461,1359,13.344273132818248,3.0169242089771893,6.990434142752023,16.556291390728475,35.09933774834437,75.71743929359823,0,,,,,,,740,13.60182643581081,3.7837837837837838,7.297297297297297,15.945945945945946,34.054054054054056,74.72972972972973,619,13.036374192245557,2.10016155088853,6.623586429725363,17.2859450726979,36.34894991922456,76.89822294022618
C280,Chest,130,test/C280/Low_Dose/00000110.dcm,130.0,262144,30.364147186279297,1216,13.017524317691201,4.1118421052631575,7.401315789473684,18.42105263157895,36.348684210526315,77.8782894736842,0,,,,,,,709,13.15388366096615,4.090267983074753,7.3342736248236955,17.63046544428773,35.26093088857546,77.0098730606488,507,12.826836399778106,4.1420118343195265,7.495069033530572,19.526627218934912,37.8698224852071,79.09270216962524
C280,Chest,131,test/C280/Low_Dose/00000002.dcm,130.0,262144,30.812545776367188,1294,13.16206711263524,3.4775888717156107,6.6460587326120555,17.77434312210201,35.7032457496136,77.97527047913447,0,,,,,,,741,13.547396887651821,3.508771929824561,6.207827260458839,15.654520917678813,32.79352226720648,76.11336032388664,553,12.645739150090415,3.4358047016274864,7.233273056057866,20.61482820976492,39.602169981916816,80.47016274864376
C280,Chest,132,test/C280/Low_Dose/00000049.dcm,130.0,262144,31.028087615966797,1313,13.036115705921553,2.9702970297029703,6.854531607006854,19.954303122619955,38.53769992383854,75.55217060167556,0,,,,,,,749,13.352728116655541,2.1361815754339117,5.473965287049399,18.82510013351135,36.048064085447265,74.89986648865154,564,12.615649933510639,4.078014184397163,8.687943262411348,21.45390070921986,41.843971631205676,76.41843971631205
C280,Chest,133,test/C280/Low_Dose/00000031.dcm,130.0,262144,30.995031356811523,1324,13.173682083175981,3.5498489425981874,6.495468277945619,18.051359516616316,35.725075528700906,76.43504531722054,0,,,,,,,761,13.515311884034166,2.759526938239159,5.650459921156373,18.659658344283837,33.77135348226018,74.63863337713535,563,12.71190365508437,4.618117229129663,7.63765541740675,17.2291296625222,38.36589698046181,78.86323268206039
C280,Chest,134,test/C280/Low_Dose/00000250.dcm,130.0,262144,31.9802303314209,1309,13.726380466959512,2.750190985485103,6.646294881588999,15.355233002291826,33.07868601986249,75.47746371275782,0,,,,,,,726,13.86853800792011,2.6170798898071626,6.336088154269972,15.702479338842975,32.78236914600551,73.4159779614325,583,13.549349907536449,2.9159519725557463,7.0325900514579756,14.922813036020584,33.44768439108062,78.04459691252144
C280,Chest,135,test/C280/Low_Dose/00000264.dcm,130.0,262144,32.38771057128906,1427,13.62091445120883,3.9243167484232657,7.918710581639804,17.589348283111423,34.968465311843026,74.70217238962859,0,,,,,,,735,14.05244605654762,3.945578231292517,7.346938775510204,15.510204081632653,32.6530612244898,72.78911564625851,692,13.16256943190029,3.901734104046243,8.526011560693641,19.797687861271676,37.42774566473989,76.73410404624278
C280,Chest,136,test/C280/Low_Dose/00000135.dcm,130.0,262144,33.049739837646484,1457,14.298507742793412,3.8435140700068633,6.382978723404255,15.71722717913521,32.73850377487989,70.55593685655457,0,,,,,,,782,14.843522718190536,3.70843989769821,5.370843989769821,13.554987212276215,29.28388746803069,69.0537084398977,675,13.667096354166667,4.0,7.555555555555555,18.22222222222222,36.74074074074074,72.29629629629629
C280,Chest,137,test/C280/Low_Dose/00000075.dcm,130.0,262144,33.63304901123047,1282,14.30690266673167,3.0421216848673946,5.850234009360374,15.912636505460219,32.68330733229329,70.82683307332293,0,,,,,,,687,14.623551503366084,2.4745269286754,5.385735080058224,16.302765647743815,31.295487627365357,67.54002911208151,595,13.94129300157563,3.697478991596639,6.38655462184874,15.46218487394958,34.285714285714285,74.6218487394958
C280,Chest,138,test/C280/Low_Dose/00000093.dcm,130.0,262144,33.79833221435547,1184,14.82281494140625,3.800675675675676,7.179054054054054,15.70945945945946,29.64527027027027,67.98986486486487,0,,,,,,,646,15.389923568111454,3.0959752321981426,6.191950464396285,13.467492260061919,26.625386996904023,65.17027863777089,538,14.141863854844331,4.646840148698884,8.364312267657992,18.401486988847584,33.27137546468401,71.37546468401487
C280,Chest,139,test/C280/Low_Dose/00000240.dcm,130.0,262144,33.76388931274414,1121,14.3864408521967,3.2114183764495987,6.512042818911686,15.075825156110616,33.719892952720784,70.3835860838537,0,,,,,,,653,14.866541443338438,2.756508422664625,5.359877488514548,13.016845329249618,31.240428790199083,68.60643185298622,468,13.716558994391026,3.8461538461538463,8.11965811965812,17.94871794871795,37.17948717948718,72.86324786324786
C280,Chest,140,test/C280/Low_Dose/00000363.dcm,130.0,262144,33.623592376708984,1126,14.523283123334814,2.753108348134991,6.127886323268206,17.2291296625222,33.30373001776199,67.49555950266429,0,,,,,,,632,15.149245636372626,2.848101265822785,6.170886075949367,15.031645569620252,30.22151898734177,64.55696202531645,494,13.722453623165485,2.6315789473684212,6.0728744939271255,20.040485829959515,37.24696356275304,71.25506072874494
C280,Chest,141,test/C280/Low_Dose/00000277.dcm,130.0,262144,33.44342041015625,1174,14.233709540034072,3.4071550255536627,5.9625212947189095,17.035775127768314,34.49744463373084,69.33560477001704,0,,,,,,,661,15.026625732791226,2.8744326777609683,4.992435703479576,14.372163388804841,30.408472012102873,65.9606656580938,513,13.212039702119883,4.093567251461988,7.212475633528265,20.46783625730994,39.76608187134503,73.6842105263158
C280,Chest,142,test/C280/Low_Dose/00000095.dcm,130.0,262144,32.524539947509766,1158,14.212138385146805,3.0224525043177892,6.822107081174439,17.443868739205527,33.24697754749568,70.37996545768567,0,,,,,,,694,14.586897176693084,2.4495677233429394,5.9077809798270895,16.138328530259365,30.69164265129683,69.02017291066282,464,13.65161343278556,3.8793103448275863,8.189655172413794,19.396551724137932,37.06896551724138,72.41379310344827
C280,Chest,143,test/C280/Low_Dose/00000082.dcm,130.0,262144,32.726173400878906,1079,14.036530134962929,3.0583873957367933,6.302131603336423,17.88693234476367,33.920296570898984,71.17701575532901,0,,,,,,,614,14.532506489210098,1.791530944625407,4.723127035830619,15.960912052117264,30.293159609120522,70.52117263843648,465,13.381628024193548,4.731182795698925,8.387096774193548,20.43010752688172,38.70967741935484,72.04301075268818
C280,Chest,144,test/C280/Low_Dose/00000048.dcm,130.0,262144,32.04880905151367,1079,14.161148198563485,2.873030583873957,6.116774791473587,17.979610750695088,33.64226135310473,70.15755329008341,0,,,,,,,622,14.526687474879422,3.536977491961415,5.627009646302251,16.720257234726688,30.868167202572348,69.61414790996784,457,13.663628709655361,1.9693654266958425,6.783369803063457,19.693654266958426,37.41794310722101,70.89715536105032
C280,Chest,145,test/C280/Low_Dose/00000256.dcm,130.0,262144,31.632286071777344,1039,13.72957207952358,2.9836381135707413,6.159769008662175,16.458132820019248,32.14629451395572,75.45717035611165,0,,,,,,,601,14.171280288061563,2.995008319467554,5.657237936772047,15.640599001663894,30.282861896838604,72.54575707154743,438,13.123483875570777,2.9680365296803655,6.8493150684931505,17.579908675799086,34.70319634703196,79.45205479452055
C280,Chest,146,test/C280/Low_Dose/00000134.dcm,130.0,262144,31.883892059326172,1040,13.44991924579327,3.076923076923077,6.538461538461538,17.01923076923077,35.86538461538461,75.48076923076923,0,,,,,,,587,13.784641350351363,3.577512776831346,6.6439522998296425,15.843270868824531,33.3901192504259,74.61669505962521,453,13.016183343681016,2.4282560706401766,6.401766004415011,18.543046357615893,39.0728476821192,76.60044150110376
C280,Chest,147,test/C280/Low_Dose/00000027.dcm,130.0,262144,31.762104034423828,1012,13.554659515501482,3.952569169960474,6.719367588932807,18.181818181818183,36.36363636363637,73.81422924901186,0,,,,,,,588,13.979754597151361,2.891156462585034,4.931972789115647,16.156462585034014,34.35374149659864,72.10884353741497,424,12.965140864534199,5.4245283018867925,9.19811320754717,20.99056603773585,39.15094339622642,76.17924528301887
C280,Chest,148,test/C280/Low_Dose/00000303.dcm,130.0,262144,31.541261672973633,1159,13.264758816867989,3.019844693701467,6.384814495254529,17.25625539257981,35.893011216566,76.53149266609145,0,,,,,,,626,13.517425244608626,2.8753993610223643,6.8690095846645365,17.0926517571885,35.78274760383387,74.92012779552715,533,12.968006126876173,3.189493433395872,5.816135084427767,17.4484052532833,36.02251407129456,78.42401500938087
C280,Chest,149,test/C280/Low_Dose/00000084.dcm,130.0,262144,31.77267837524414,1281,13.400032323380172,3.278688524590164,7.02576112412178,17.64246682279469,35.441061670569866,75.40983606557377,0,,,,,,,762,13.916456487860893,2.2309711286089238,6.036745406824147,15.748031496062993,32.67716535433071,73.35958005249344,519,12.641815126746147,4.8169556840077075,8.477842003853565,20.423892100192678,39.4990366088632,78.42003853564547
C280,Chest,150,test/C280/Low_Dose/00000321.dcm,130.0,262144,31.251766204833984,1256,13.383454729796975,2.786624203821656,6.767515923566879,17.356687898089174,34.87261146496815,75.63694267515923,0,,,,,,,707,13.724022332478784,2.828854314002829,5.374823196605375,15.841584158415841,32.67326732673267,75.81329561527582,549,12.944874025216302,2.73224043715847,8.561020036429872,19.30783242258652,37.704918032786885,75.40983606557377
C280,Chest,151,test/C280/Low_Dose/00000133.dcm,130.0,262144,31.061058044433594,1198,13.579484688021703,3.005008347245409,6.010016694490818,16.110183639398997,33.806343906510854,74.70784641068447,0,,,,,,,689,13.732603297351234,2.9027576197387517,5.805515239477503,15.820029027576197,34.25253991291727,73.58490566037736,509,13.372219962549115,3.143418467583497,6.286836935166994,16.50294695481336,33.20235756385069,76.2278978388998
C280,Chest,152,test/C280/Low_Dose/00000081.dcm,130.0,262144,31.35820198059082,1146,13.342812636343805,2.443280977312391,6.282722513089006,16.05584642233857,34.20593368237347,78.79581151832461,0,,,,,,,651,13.866434451804915,2.9185867895545314,6.451612903225806,14.592933947772657,30.87557603686636,76.80491551459293,495,12.654171598800506,1.8181818181818181,6.0606060606060606,17.97979797979798,38.58585858585859,81.41414141414141
C280,Chest,153,test/C280/Low_Dose/00000089.dcm,130.0,262144,31.768680572509766,1236,13.26343326506877,2.831715210355987,6.553398058252427,16.585760517799354,37.055016181229774,76.2135922330097,0,,,,,,,746,13.782276306970509,2.4128686327077746,5.7640750670241285,15.14745308310992,32.975871313672926,73.86058981233244,490,12.473524194834184,3.4693877551020407,7.755102040816326,18.775510204081634,43.265306122448976,79.79591836734694
C280,Chest,154,test/C280/Low_Dose/00000054.dcm,130.0,262144,31.324966430664062,1490,13.258330274748323,3.557046979865772,6.912751677852349,18.053691275167786,36.1744966442953,76.1744966442953,0,,,,,,,820,13.762516673018293,3.5365853658536586,6.463414634146342,16.341463414634145,32.5609756097561,73.53658536585365,670,12.641266324626866,3.582089552238806,7.462686567164179,20.149253731343283,40.59701492537314,79.40298507462687
C280,Chest,155,test/C280/Low_Dose/00000266.dcm,130.0,262144,32.00159454345703,1446,13.560457728215768,2.835408022130014,6.36237897648686,18.04979253112033,34.64730290456431,74.68879668049793,0,,,,,,,814,13.796243953470515,3.0712530712530715,5.282555282555283,17.076167076167078,33.78378378378378,73.71007371007371,632,13.256771039359178,2.5316455696202533,7.753164556962025,19.303797468354432,35.75949367088607,75.9493670886076
C280,Chest,156,test/C280/Low_Dose/00000097.dcm,130.0,262144,32.034793853759766,1381,13.520761676321506,2.4619840695148443,6.299782766111513,17.378711078928312,34.54018826937002,76.24909485879797,0,,,,,,,792,13.909921973642676,2.272727272727273,6.0606060606060606,16.28787878787879,33.08080808080808,75.5050505050505,589,12.997474864707131,2.7164685908319184,6.621392190152801,18.845500848896435,36.502546689303905,77.24957555178268
C280,Chest,157,test/C280/Low_Dose/00000290.dcm,130.0,262144,31.633024215698242,1222,13.423223966857611,3.2733224222585924,7.283142389525368,16.612111292962357,34.779050736497545,76.43207855973813,0,,,,,,,676,14.04381240754438,2.366863905325444,6.3609467455621305,14.201183431952662,31.06508875739645,73.96449704142012,546,12.654878162202381,4.395604395604396,8.424908424908425,19.5970695970696,39.37728937728938,79.48717948717949
C280,Chest,158,test/C280/Low_Dose/00000331.dcm,130.0,262144,32.298851013183594,1201,13.808379085137386,2.4146544546211492,5.911740216486262,16.319733555370526,34.388009991673606,73.18900915903414,0,,,,,,,693,13.854117345328282,2.4531024531024532,6.0606060606060606,16.305916305916305,33.04473304473304,72.15007215007215,508,13.745982252706693,2.3622047244094486,5.708661417322834,16.338582677165356,36.22047244094488,74.60629921259843
C280,Chest,159,test/C280/Low_Dose/00000060.dcm,130.0,262144,31.767009735107422,1091,13.790440965857012,2.1998166819431715,4.857928505957837,15.032080659945004,32.630614115490374,75.61869844179651,0,,,,,,,609,13.933957756055008,2.2988505747126435,5.41871921182266,14.12151067323481,31.527093596059114,75.69786535303777,482,13.60910958571058,2.074688796680498,4.149377593360996,16.182572614107883,34.024896265560166,75.51867219917013
C280,Chest,160,test/C280/Low_Dose/00000101.dcm,130.0,262144,31.905010223388672,1159,13.126796403149267,3.7963761863675582,7.420189818809319,19.327006039689387,36.2381363244176,76.61777394305436,0,,,,,,,681,13.57769766428047,3.671071953010279,7.195301027900147,18.502202643171806,33.480176211453745,74.44933920704845,478,12.484403602248953,3.9748953974895396,7.7405857740585775,20.502092050209207,40.1673640167364,79.7071129707113
C280,Chest,161,test/C280/Low_Dose/00000137.dcm,130.0,262144,32.20469665527344,1132,13.905228577738516,2.65017667844523,7.15547703180212,15.547703180212014,33.56890459363957,73.32155477031802,0,,,,,,,616,14.404070172991071,2.435064935064935,5.681818181818182,12.824675324675324,30.51948051948052,72.24025974025975,516,13.309711308442346,2.9069767441860463,8.914728682170542,18.7984496124031,37.2093023255814,74.6124031007752
C280,Chest,162,test/C280/Low_Dose/00000340.dcm,130.0,262144,32.72785568237305,1068,13.612910009948502,2.902621722846442,6.367041198501872,15.823970037453183,35.86142322097378,74.43820224719101,0,,,,,,,585,13.872905815972222,3.58974358974359,6.3247863247863245,15.213675213675213,34.87179487179487,73.5042735042735,483,13.298009268245341,2.070393374741201,6.418219461697722,16.563146997929607,37.060041407867494,75.56935817805383
C280,Chest,163,test/C280/Low_Dose/00000362.dcm,130.0,262144,32.47377395629883,1081,13.359289178133672,4.162812210915819,7.955596669750231,18.68640148011101,36.2627197039778,74.37557816836262,0,,,,,,,619,13.987001779584006,3.877221324717286,6.623586429725363,15.993537964458804,33.2794830371567,72.21324717285945,462,12.51826404389881,4.545454545454546,9.74025974025974,22.294372294372295,40.25974025974026,77.27272727272727
C280,Chest,164,test/C280/Low_Dose/00000352.dcm,130.0,262144,32.80183029174805,957,13.76067789968652,3.134796238244514,7.210031347962382,18.286311389759664,34.69174503657262,72.83176593521421,0,,,,,,,510,14.166752833946079,3.1372549019607843,5.490196078431373,17.84313725490196,34.509803921568626,70.3921568627451,447,13.297370927712528,3.131991051454139,9.172259507829978,18.79194630872483,34.899328859060404,75.6152125279642
C280,Chest,165,test/C280/Low_Dose/00000332.dcm,130.0,262144,33.12909698486328,1038,14.372132406069364,3.371868978805395,6.74373795761079,16.570327552986512,34.68208092485549,69.17148362235068,0,,,,,,,597,14.81769033971943,2.1775544388609713,4.690117252931323,14.74036850921273,32.49581239530988,68.50921273031825,441,13.768962142148526,4.988662131519274,9.523809523809524,19.047619047619047,37.641723356009074,70.06802721088435
C280,Chest,166,test/C280/Low_Dose/00000008.dcm,130.0,262144,33.28456115722656,1004,14.08104107009462,2.7888446215139444,7.171314741035856,18.127490039840637,32.96812749003984,70.5179282868526,0,,,,,,,566,14.660646256625443,2.1201413427561837,5.477031802120141,16.25441696113074,29.681978798586574,68.02120141342756,438,13.332054660744863,3.65296803652968,9.360730593607306,20.54794520547945,37.21461187214612,73.74429223744292
C280,Chest,167,test/C280/Low_Dose/00000184.dcm,130.0,262144,33.6951904296875,1082,14.429747068507394,3.6044362292051755,7.393715341959335,17.097966728280962,32.1626617375231,68.94639556377079,0,,,,,,,611,14.912663985781506,3.109656301145663,6.382978723404255,16.0392798690671,30.114566284779052,66.77577741407529,471,13.803287967754777,4.246284501061571,8.704883227176222,18.471337579617835,34.819532908704886,71.76220806794055
C280,Chest,168,test/C280/Low_Dose/00000295.dcm,130.0,262144,33.952049255371094,1064,14.64741871769267,3.1954887218045114,6.203007518796992,16.2593984962406,31.10902255639098,68.796992481203,0,,,,,,,595,15.086751575630252,2.857142857142857,5.2100840336134455,14.789915966386555,28.403361344537814,67.05882352941177,469,14.090055095615671,3.624733475479744,7.462686567164179,18.12366737739872,34.54157782515991,71.00213219616205
C280,Chest,169,test/C280/Low_Dose/00000330.dcm,130.0,262144,33.828792572021484,1109,14.309396838367899,2.885482416591524,6.402164111812444,16.952209197475202,33.81424706943192,69.702434625789,0,,,,,,,612,15.304891748366012,2.1241830065359477,5.392156862745098,13.562091503267974,29.901960784313726,64.86928104575163,497,13.083557988556338,3.8229376257545273,7.645875251509055,21.12676056338028,38.6317907444668,75.65392354124748
C280,Chest,170,test/C280/Low_Dose/00000158.dcm,130.0,262144,34.79419708251953,1295,14.764861848455599,3.861003861003861,7.104247104247104,16.216216216216218,30.424710424710426,68.95752895752896,0,,,,,,,674,14.956616862945104,2.8189910979228485,6.824925816023739,15.875370919881306,29.673590504451038,67.35905044510386,621,14.556744414251208,4.99194847020934,7.407407407407407,16.586151368760063,31.239935587761675,70.69243156199678
C280,Chest,171,test/C280/Low_Dose/00000248.dcm,130.0,262144,34.5587043762207,1280,14.8885498046875,2.890625,6.09375,15.859375,31.875,66.71875,0,,,,,,,684,15.369745979532164,3.0701754385964914,6.140350877192983,15.350877192982455,29.53216374269006,64.76608187134502,596,14.336304530201343,2.684563758389262,6.040268456375839,16.44295302013423,34.56375838926174,68.95973154362416
C280,Chest,172,test/C280/Low_Dose/00000232.dcm,130.0,262144,34.42403793334961,1234,15.037329378545381,3.646677471636953,6.158833063209076,14.748784440842787,31.52350081037277,66.0453808752026,0,,,,,,,656,15.688137147484756,2.1341463414634148,4.725609756097561,12.652439024390244,28.201219512195124,63.41463414634146,578,14.298696339749135,5.3633217993079585,7.7854671280276815,17.1280276816609,35.294117647058826,69.03114186851211
C280,Chest,173,test/C280/Low_Dose/00000154.dcm,130.0,262144,34.86603927612305,1299,14.708973850076982,3.695150115473441,6.774441878367975,16.243264049268667,34.18013856812933,67.74441878367975,0,,,,,,,762,15.07501845472441,3.937007874015748,7.086614173228346,15.354330708661417,32.41469816272966,65.87926509186352,537,14.18956041957635,3.35195530726257,6.33147113594041,17.50465549348231,36.6852886405959,70.39106145251397
C280,Chest,174,test/C280/Low_Dose/00000069.dcm,130.0,262144,34.65359115600586,1297,15.384887601195066,3.2382420971472627,5.782575173477255,14.340786430223593,30.763299922898998,63.99383191981496,0,,,,,,,718,15.89753710393454,2.6462395543175488,5.2924791086350975,13.09192200557103,27.99442896935933,61.559888579387184,579,14.749163428324698,3.9723661485319517,6.390328151986183,15.889464594127807,34.196891191709845,67.01208981001727
C280,Chest,175,test/C280/Low_Dose/00000040.dcm,130.0,262144,34.24397659301758,1219,14.97778340340443,2.9532403609516,6.234618539786711,15.258408531583266,30.92698933552092,65.95570139458573,0,,,,,,,671,15.76779934333085,2.682563338301043,5.514157973174367,12.667660208643815,27.12369597615499,63.189269746646794,548,14.010448149520986,3.2846715328467155,7.116788321167883,18.43065693430657,35.583941605839414,69.34306569343066
C280,Chest,176,test/C280/Low_Dose/00000192.dcm,130.0,262144,34.545658111572266,1159,15.504986451143226,2.6747195858498705,5.608283002588438,13.63244176013805,30.11216566005177,63.7618636755824,0,,,,,,,640,15.951675415039062,2.8125,6.40625,13.28125,27.8125,60.15625,519,14.95415236632948,2.504816955684008,4.624277456647399,14.065510597302504,32.947976878612714,68.20809248554913
C280,Chest,177,test/C280/Low_Dose/00000010.dcm,130.0,262144,34.48771667480469,1369,15.26258617147553,3.579254930606282,7.304601899196494,14.974433893352812,29.29145361577794,64.86486486486487,0,,,,,,,797,15.848078977807402,2.258469259723965,6.148055207026349,13.42534504391468,25.846925972396487,62.60978670012547,572,14.44678588013549,5.419580419580419,8.916083916083917,17.132867132867133,34.09090909090909,68.00699300699301
C280,Chest,178,test/C280/Low_Dose/00000067.dcm,130.0,262144,34.053016662597656,1580,14.848190268987342,2.911392405063291,5.822784810126582,15.126582278481013,33.037974683544306,66.70886075949367,0,,,,,,,926,15.129463080453563,3.023758099352052,5.50755939524838,13.606911447084233,31.101511879049674,65.98272138228941,654,14.449936986334098,2.7522935779816513,6.269113149847095,17.2782874617737,35.77981651376147,67.73700305810398
C280,Chest,179,test/C280/Low_Dose/00000053.dcm,130.0,262144,34.10231018066406,1505,14.970486399501661,3.7209302325581395,6.312292358803987,15.548172757475083,29.700996677740864,67.30897009966777,0,,,,,,,848,15.721115400206369,3.5377358490566038,6.367924528301887,13.679245283018869,27.47641509433962,62.264150943396224,657,14.00163800894216,3.95738203957382,6.2404870624048705,17.960426179604262,32.57229832572298,73.82039573820396
C280,Chest,180,test/C280/Low_Dose/00000251.dcm,130.0,262144,33.823307037353516,1542,14.40218922260052,3.437094682230869,6.42023346303502,16.147859922178988,33.20363164721142,69.71465629053178,0,,,,,,,854,15.12003942842506,2.810304449648712,5.269320843091335,13.934426229508198,29.7423887587822,66.04215456674473,688,13.511138206304507,4.215116279069767,7.848837209302325,18.8953488372093,37.5,74.27325581395348
C280,Chest,181,test/C280/Low_Dose/00000342.dcm,130.0,262144,33.83272933959961,1498,14.38736805323765,2.803738317757009,5.941255006675568,16.22162883845127,33.44459279038718,69.826435246996,0,,,,,,,836,14.695050837320574,2.272727272727273,5.502392344497608,15.789473684210526,30.741626794258373,69.49760765550239,662,13.99881396336858,3.474320241691843,6.495468277945619,16.76737160120846,36.858006042296076,70.24169184290031
C280,Chest,182,test/C280/Low_Dose/00000226.dcm,130.0,262144,34.21841049194336,1401,15.086210742326909,2.9264810849393292,5.8529621698786585,14.917915774446824,29.1220556745182,67.16630977872948,0,,,,,,,780,15.57886493389423,2.948717948717949,5.512820512820513,12.307692307692308,26.025641025641026,65.64102564102564,621,14.467413320249598,2.898550724637681,6.280193236714976,18.19645732689211,33.011272141706925,69.08212560386474
C280,Chest,183,test/C280/Low_Dose/00000227.dcm,130.0,262144,34.56361389160156,1385,14.490421931407942,3.2490974729241877,6.353790613718411,17.184115523465703,33.068592057761734,69.74729241877256,0,,,,,,,724,15.335868708995166,2.2099447513812156,4.834254143646409,14.502762430939226,29.14364640883978,66.16022099447514,661,13.564396983736762,4.387291981845689,8.018154311649017,20.12102874432678,37.367624810892586,73.67624810892588
C280,Chest,184,test/C280/Low_Dose/00000155.dcm,130.0,262144,34.50337219238281,1447,14.995186700932965,3.1098825155494128,5.736005528680027,14.996544574982723,30.545957152729788,66.82791983413959,0,,,,,,,794,15.534963151369647,2.770780856423174,4.91183879093199,12.090680100755668,28.08564231738035,64.73551637279597,653,14.338858214490811,3.5222052067381315,6.738131699846861,18.529862174578867,33.537519142419605,69.37212863705973
C280,Chest,185,test/C280/Low_Dose/00000112.dcm,130.0,262144,34.95132064819336,1465,15.673570819112628,2.04778156996587,4.6416382252559725,12.218430034129693,27.098976109215016,65.11945392491468,0,,,,,,,801,16.17187378082085,1.9975031210986267,4.119850187265918,11.235955056179776,24.469413233458177,63.920099875156055,664,15.072453878012048,2.108433734939759,5.271084337349397,13.403614457831326,30.271084337349397,66.56626506024097
C280,Chest,186,test/C280/Low_Dose/00000072.dcm,130.0,262144,35.27497863769531,1536,15.654065450032553,2.6041666666666665,5.338541666666667,14.518229166666666,29.296875,63.802083333333336,0,,,,,,,880,16.455781693892046,2.0454545454545454,4.431818181818182,12.159090909090908,26.477272727272727,58.75,656,14.578592439977134,3.3536585365853657,6.554878048780488,17.682926829268293,33.079268292682926,70.57926829268293
C280,Chest,187,test/C280/Low_Dose/00000138.dcm,130.0,262144,35.17288589477539,1477,15.695796483581585,2.775897088693297,5.416384563303994,13.270142180094787,28.16519972918077,62.76235612728504,0,,,,,,,829,16.127506785283472,2.5331724969843186,4.704463208685163,12.424607961399277,26.537997587454765,60.43425814234017,648,15.143497419945987,3.0864197530864197,6.327160493827161,14.351851851851851,30.246913580246915,65.74074074074075
C280,Chest,188,test/C280/Low_Dose/00000336.dcm,130.0,262144,35.853782653808594,1439,15.821813650972897,2.710215427380125,5.90687977762335,15.079916608756081,28.908964558721333,62.404447533009034,0,,,,,,,798,16.66072897086466,1.8796992481203008,5.012531328320802,13.157894736842104,25.68922305764411,58.64661654135338,641,14.777422971918877,3.7441497659906395,7.02028081123245,17.472698907956318,32.917316692667704,67.08268330733229
C280,Chest,189,test/C280/Low_Dose/00000056.dcm,130.0,262144,35.68291473388672,1451,16.244870186509303,2.687801516195727,4.962095106822881,12.543073742246726,26.80909717436251,59.33838731909028,0,,,,,,,858,16.874232863490676,2.2144522144522143,4.312354312354312,11.771561771561771,24.009324009324008,56.41025641025641,593,15.334257746627319,3.372681281618887,5.902192242833053,13.659359190556492,30.860033726812816,63.57504215851602
C280,Chest,190,test/C280/Low_Dose/00000234.dcm,130.0,262144,35.236793518066406,1226,16.092609349510603,2.2838499184339316,5.301794453507341,12.561174551386623,26.427406199021206,60.68515497553018,0,,,,,,,697,17.072911529322095,2.0086083213773316,4.017216642754663,9.32568149210904,23.242467718794835,54.80631276901004,529,14.80097877776465,2.6465028355387523,6.994328922495274,16.8241965973535,30.623818525519848,68.43100189035917
C280,Chest,191,test/C280/Low_Dose/00000254.dcm,130.0,262144,35.63880157470703,1291,16.459736275174283,3.1758326878388847,5.499612703330751,13.710302091402014,26.336173508907823,58.7141750580945,0,,,,,,,754,16.85499989638594,2.519893899204244,4.5092838196286475,12.59946949602122,24.40318302387268,56.49867374005305,537,15.904746057378958,4.0968342644320295,6.890130353817504,15.270018621973929,29.050279329608937,61.82495344506518
C280,Chest,192,test/C280/Low_Dose/00000177.dcm,130.0,262144,35.74851989746094,1334,16.245030804910044,2.923538230884558,5.547226386806597,13.118440779610195,27.211394302848575,60.044977511244376,0,,,,,,,808,16.78639266514542,2.103960396039604,5.074257425742574,12.747524752475247,25.61881188118812,56.55940594059406,526,15.413433118464829,4.182509505703422,6.273764258555133,13.688212927756654,29.657794676806084,65.39923954372624
C280,Chest,193,test/C280/Low_Dose/00000172.dcm,130.0,262144,35.70893478393555,1405,16.438862322064058,2.419928825622776,5.409252669039146,12.811387900355871,26.90391459074733,60.0,0,,,,,,,799,17.404566988031913,2.127659574468085,4.881101376720901,10.262828535669588,22.528160200250312,54.81852315394243,606,15.165599860767326,2.8052805280528053,6.105610561056106,16.17161716171617,32.67326732673267,66.83168316831683
C280,Chest,194,test/C280/Low_Dose/00000337.dcm,130.0,262144,35.80347442626953,1417,16.079089846506704,3.10515172900494,5.9280169371912494,14.043754410726887,27.3817925194072,61.609033168666194,0,,,,,,,828,16.658212560386474,3.260869565217391,5.555555555555555,12.560386473429952,25.36231884057971,57.85024154589372,589,15.264975063667233,2.8862478777589136,6.451612903225806,16.129032258064516,30.220713073005093,66.893039049236
C280,Chest,195,test/C280/Low_Dose/00000317.dcm,130.0,262144,35.84397506713867,1538,15.918880546976593,2.990897269180754,5.591677503250975,14.304291287386215,29.51885565669701,62.48374512353706,0,,,,,,,880,16.815080122514203,2.159090909090909,4.431818181818182,12.5,25.90909090909091,57.95454545454545,658,14.720317249240122,4.103343465045593,7.142857142857143,16.717325227963524,34.346504559270514,68.54103343465046
C280,Chest,196,test/C280/Low_Dose/00000348.dcm,130.0,262144,35.763267517089844,1510,16.7747568294702,2.781456953642384,5.231788079470198,12.781456953642385,25.496688741721854,57.35099337748344,0,,,,,,,902,17.198289824695124,3.2150776053215075,5.321507760532151,11.862527716186253,23.946784922394677,54.1019955654102,608,16.14642333984375,2.138157894736842,5.098684210526316,14.144736842105264,27.79605263157895,62.171052631578945
C280,Chest,197,test/C280/Low_Dose/00000160.dcm,130.0,262144,35.723140716552734,1487,16.25392989240081,2.824478816408877,5.648957632817754,13.180901143241426,27.639542703429726,62.004034969737724,0,,,,,,,870,17.079745869252875,2.0689655172413794,4.597701149425287,11.379310344827585,23.908045977011493,57.93103448275862,617,15.089490794671798,3.8897893030794166,7.13128038897893,15.721231766612641,32.90113452188007,67.74716369529983
C280,Chest,198,test/C280/Low_Dose/00000345.dcm,130.0,262144,35.551185607910156,1413,16.144926574663835,2.9723991507430996,5.732484076433121,14.366595895258316,29.016277423920737,61.00495399858457,0,,,,,,,836,16.464028390400717,2.751196172248804,5.023923444976076,13.75598086124402,27.51196172248804,60.28708133971292,577,15.682591800259965,3.292894280762565,6.759098786828423,15.251299826689774,31.19584055459272,62.045060658578855
C280,Chest,199,test/C280/Low_Dose/00000028.dcm,130.0,262144,35.47524642944336,1221,16.522298576986078,1.638001638001638,4.586404586404586,12.366912366912366,26.617526617526618,58.64045864045864,0,,,,,,,736,17.14386517068614,1.358695652173913,4.076086956521739,11.005434782608695,25.0,54.483695652173914,485,15.579056258054123,2.0618556701030926,5.360824742268041,14.43298969072165,29.072164948453608,64.94845360824742
C280,Chest,200,test/C280/Low_Dose/00000238.dcm,130.0,262144,35.34383010864258,1170,16.166900373931625,2.735042735042735,4.615384615384615,12.478632478632479,27.692307692307693,61.111111111111114,0,,,,,,,676,16.811029377773668,2.366863905325444,3.9940828402366866,10.798816568047338,25.443786982248522,57.544378698224854,494,15.285459696039979,3.2388663967611335,5.465587044534413,14.777327935222672,30.76923076923077,65.9919028340081
C280,Chest,201,test/C280/Low_Dose/00000228.dcm,130.0,262144,35.45539474487305,1267,16.138912354479086,3.472770323599053,7.261247040252565,15.785319652722968,28.808208366219414,59.35280189423836,0,,,,,,,712,16.837745237886235,2.668539325842697,5.758426966292135,13.764044943820224,26.264044943820224,55.61797752808989,555,15.242391610360361,4.504504504504505,9.18918918918919,18.37837837837838,32.072072072072075,64.14414414414415
C280,Chest,202,test/C280/Low_Dose/00000156.dcm,130.0,262144,35.285438537597656,1520,16.130599814967105,3.223684210526316,5.855263157894737,13.355263157894736,27.82894736842105,60.6578947368421,0,,,,,,,896,16.557946341378347,2.6785714285714284,5.357142857142857,11.941964285714286,26.227678571428573,58.705357142857146,624,15.516970903445513,4.006410256410256,6.57051282051282,15.384615384615385,30.128205128205128,63.46153846153846
C280,Chest,203,test/C280/Low_Dose/00000014.dcm,130.0,262144,35.62607955932617,1508,16.550864141246684,2.7851458885941645,5.636604774535809,12.931034482758621,25.59681697612732,58.753315649867375,0,,,,,,,827,17.107439587741837,2.418379685610641,4.836759371221282,12.575574365175333,23.337363966142686,55.62273276904474,681,15.874962715675478,3.2305433186490453,6.607929515418502,13.362701908957415,28.340675477239355,62.55506607929515
C280,Chest,204,test/C280/Low_Dose/00000066.dcm,130.0,262144,35.79939270019531,1339,15.787528005974607,2.3898431665421955,5.1530993278566095,15.30993278566094,30.321135175504107,63.10679611650485,0,,,,,,,790,16.275630439082278,2.6582278481012658,5.063291139240507,14.683544303797468,28.227848101265824,60.88607594936709,549,15.085158384562842,2.0036429872495445,5.2823315118397085,16.21129326047359,33.333333333333336,66.3023679417122
C280,Chest,205,test/C280/Low_Dose/00000291.dcm,130.0,262144,35.54664611816406,1408,16.1102988503196,3.835227272727273,6.3210227272727275,13.636363636363637,28.053977272727273,61.93181818181818,0,,,,,,,767,16.63315245070078,2.9986962190352022,4.823989569752282,11.994784876140809,25.29335071707953,61.016949152542374,641,15.484667511700469,4.83619344773791,8.112324492979718,15.600624024960998,31.357254290171607,63.026521060842434
C280,Chest,206,test/C280/Low_Dose/00000200.dcm,130.0,262144,35.32247543334961,1292,15.167560589202786,2.0123839009287927,5.2631578947368425,14.78328173374613,32.5077399380805,66.09907120743034,0,,,,,,,737,15.720328135600408,2.306648575305292,5.563093622795115,14.51831750339213,31.34328358208955,62.1438263229308,555,14.433520727759008,1.6216216216216217,4.864864864864865,15.135135135135135,34.054054054054056,71.35135135135135
C280,Chest,207,test/C280/Low_Dose/00000130.dcm,130.0,262144,35.0732536315918,1209,15.781078758271299,2.5641025641025643,5.955334987593052,14.805624483043838,30.272952853598014,62.03473945409429,0,,,,,,,678,16.565648621865783,1.4749262536873156,3.8348082595870205,12.389380530973451,27.5811209439528,58.70206489675516,531,14.779309748705273,3.9548022598870056,8.662900188323917,17.890772128060263,33.709981167608284,66.29001883239171
C280,Chest,208,test/C280/Low_Dose/00000036.dcm,130.0,262144,35.2246208190918,1275,16.082604166666666,3.0588235294117645,5.882352941176471,14.03921568627451,28.235294117647058,60.627450980392155,0,,,,,,,692,16.670312782243496,2.601156069364162,5.635838150289017,13.15028901734104,24.710982658959537,58.38150289017341,583,15.38501688464837,3.6020583190394513,6.174957118353345,15.09433962264151,32.41852487135506,63.293310463121784
C280,Chest,209,test/C280/Low_Dose/00000078.dcm,130.0,262144,35.386104583740234,1231,16.30067811992283,2.843216896831844,5.036555645816409,12.022745735174654,27.376116978066612,60.032493907392364,0,,,,,,,701,17.116346068116975,2.5677603423680457,4.70756062767475,10.699001426533524,23.25249643366619,56.34807417974322,530,15.22183999115566,3.207547169811321,5.471698113207547,13.773584905660377,32.83018867924528,64.90566037735849
C280,Chest,210,test/C280/Low_Dose/00000001.dcm,130.0,262144,35.550960540771484,1444,15.90526802718144,2.6315789473684212,5.332409972299169,14.473684210526315,28.185595567867036,62.53462603878116,0,,,,,,,827,16.686082980652962,2.176541717049577,4.594921402660217,12.333736396614269,24.546553808948005,59.6130592503023,617,14.858697579011345,3.2414910858995136,6.3209076175040515,17.3419773095624,33.06320907617504,66.45056726094003
C280,Chest,211,test/C280/Low_Dose/00000311.dcm,130.0,262144,35.7215576171875,1438,16.225477279641865,2.0166898470097356,4.659248956884562,12.656467315716272,26.842837273991655,61.543810848400554,0,,,,,,,828,17.153471278683575,1.570048309178744,3.140096618357488,10.507246376811594,23.309178743961354,56.28019323671498,610,14.965841124487705,2.622950819672131,6.721311475409836,15.573770491803279,31.639344262295083,68.68852459016394
C280,Chest,212,test/C280/Low_Dose/00000310.dcm,130.0,262144,35.7929573059082,1557,16.56592957209377,3.0186255619781632,5.073859987154785,12.26718047527296,25.497752087347465,59.858702633269104,0,,,,,,,920,17.208986497961956,2.5,4.565217391304348,10.108695652173912,22.934782608695652,57.5,637,15.637184801805338,3.767660910518053,5.808477237048666,15.384615384615385,29.199372056514914,63.265306122448976
C280,Chest,213,test/C280/Low_Dose/00000188.dcm,130.0,262144,36.03939437866211,1534,16.898717609191657,1.7601043024771839,3.5853976531942635,11.734028683181226,27.705345501955673,57.75749674054759,0,,,,,,,896,17.36620875767299,1.1160714285714286,3.013392857142857,11.941964285714286,26.674107142857142,55.245535714285715,638,16.242175254702193,2.664576802507837,4.38871473354232,11.442006269592477,29.153605015673982,61.28526645768025
C280,Chest,214,test/C280/Low_Dose/00000269.dcm,130.0,262144,36.65666198730469,1433,17.35080469295185,1.8143754361479414,4.047452896022331,11.933007676203768,25.40125610607118,56.175854849965106,0,,,,,,,873,18.129696001575027,1.9473081328751431,4.238258877434135,10.882016036655212,22.79495990836197,51.77548682703322,560,16.136570521763392,1.6071428571428572,3.75,13.571428571428571,29.464285714285715,63.035714285714285
C280,Chest,215,test/C280/Low_Dose/00000038.dcm,130.0,262144,37.046260833740234,1297,17.390896058211258,2.158828064764842,4.471858134155744,13.415574402467232,25.597532767925983,55.1272166538165,0,,,,,,,800,18.07348876953125,2.25,4.5,12.125,24.0,50.75,497,16.29215429294517,2.0120724346076457,4.426559356136821,15.492957746478874,28.169014084507044,62.17303822937626
C280,Chest,216,test/C280/Low_Dose/00000278.dcm,130.0,262144,37.48122787475586,1314,18.16919651350837,1.82648401826484,3.5768645357686455,11.035007610350076,22.22222222222222,52.8158295281583,0,,,,,,,819,18.833826980311354,1.098901098901099,2.686202686202686,10.256410256410257,20.024420024420024,48.717948717948715,495,17.069535195707072,3.0303030303030303,5.05050505050505,12.323232323232324,25.858585858585858,59.5959595959596
C280,Chest,217,test/C280/Low_Dose/00000322.dcm,130.0,262144,37.94239044189453,1375,17.923613636363637,1.6,4.4363636363636365,11.636363636363637,23.563636363636363,54.763636363636365,0,,,,,,,819,18.76863100007631,1.098901098901099,4.029304029304029,9.401709401709402,20.024420024420024,51.404151404151406,556,16.67888657823741,2.338129496402878,5.0359712230215825,14.928057553956835,28.776978417266186,59.71223021582734
C280,Chest,218,test/C280/Low_Dose/00000182.dcm,130.0,262144,38.404212951660156,1491,18.09155977531858,2.5486250838363516,4.82897384305835,12.474849094567404,24.48021462105969,52.313883299798796,0,,,,,,,894,19.085435018176735,2.0134228187919465,4.026845637583893,11.6331096196868,21.364653243847876,46.75615212527964,597,16.603245720791456,3.3500837520938025,6.030150753768845,13.73534338358459,29.14572864321608,60.63651591289782
C280,Chest,219,test/C280/Low_Dose/00000338.dcm,130.0,262144,38.832523345947266,1590,17.88182488207547,2.452830188679245,4.8427672955974845,11.635220125786164,25.28301886792453,54.465408805031444,0,,,,,,,939,18.440141606762513,2.6624068157614484,5.005324813631523,11.182108626198083,23.003194888178914,51.54419595314164,651,17.07651089669739,2.150537634408602,4.608294930875576,12.288786482334869,28.571428571428573,58.678955453149
C280,Chest,220,test/C280/Low_Dose/00000327.dcm,130.0,262144,39.59953308105469,1692,18.448918624408982,2.2458628841607564,3.7825059101654848,11.347517730496454,23.87706855791962,51.832151300236404,0,,,,,,,1000,19.29628125,2.0,3.3,9.3,21.5,48.0,692,17.22440333724711,2.601156069364162,4.479768786127168,14.306358381502891,27.3121387283237,57.369942196531795
C280,Chest,221,test/C280/Low_Dose/00000239.dcm,130.0,262144,40.193695068359375,1655,18.45555962046828,2.7794561933534743,4.954682779456193,11.359516616314199,24.048338368580062,53.353474320241695,0,,,,,,,1018,19.030918083865423,2.6522593320235757,4.322200392927308,9.921414538310412,22.298624754420434,50.68762278978389,637,17.536069956828886,2.9827315541601256,5.965463108320251,13.657770800627944,26.84458398744113,57.6138147566719
C280,Chest,222,test/C280/Low_Dose/00000139.dcm,130.0,262144,40.753353118896484,1524,19.095164862204726,2.1653543307086616,4.0682414698162725,11.67979002624672,23.4251968503937,50.196850393700785,0,,,,,,,925,19.77107052364865,2.27027027027027,3.5675675675675675,10.91891891891892,22.16216216216216,46.37837837837838,599,18.05140403276294,2.003338898163606,4.841402337228715,12.854757929883139,25.375626043405678,56.09348914858097
C280,Chest,223,test/C280/Low_Dose/00000086.dcm,130.0,262144,41.33064651489258,1546,19.56620916882277,2.0051746442432083,4.204398447606727,11.254851228978008,20.95730918499353,47.347994825355755,0,,,,,,,938,20.605602012260128,1.7057569296375266,3.7313432835820897,8.742004264392325,17.91044776119403,43.28358208955224,608,17.96267378957648,2.4671052631578947,4.934210526315789,15.131578947368421,25.657894736842106,53.61842105263158
C280,Chest,224,test/C280/Low_Dose/00000004.dcm,130.0,262144,41.74128723144531,1388,19.551313152917867,2.377521613832853,4.827089337175792,11.023054755043228,22.118155619596543,47.190201729106626,0,,,,,,,846,19.999482860520093,2.600472813238771,5.08274231678487,10.874704491725769,19.976359338061467,45.0354609929078,542,18.85177510954797,2.029520295202952,4.428044280442805,11.254612546125461,25.461254612546124,50.55350553505535
C280,Chest,225,test/C280/Low_Dose/00000217.dcm,130.0,262144,42.10273361206055,1348,20.042119691209198,2.4480712166172105,3.7091988130563798,10.534124629080118,20.623145400593472,46.66172106824926,0,,,,,,,842,21.29861471941805,2.019002375296912,3.32541567695962,8.194774346793348,16.5083135391924,41.33016627078385,506,17.951274163166996,3.1620553359683794,4.3478260869565215,14.42687747035573,27.470355731225297,55.533596837944664
C280,Chest,226,test/C280/Low_Dose/00000313.dcm,130.0,262144,42.20000076293945,1567,19.565406628908743,2.2335673261008298,4.594767070835992,10.59349074664965,21.88895979578813,47.98978940650925,0,,,,,,,982,20.36082890465886,2.1384928716904277,4.582484725050916,9.368635437881874,19.65376782077393,44.19551934826884,585,18.230184962606838,2.393162393162393,4.615384615384615,12.649572649572649,25.641025641025642,54.35897435897436
C280,Chest,227,test/C280/Low_Dose/00000265.dcm,130.0,262144,42.92589569091797,1764,20.28452735260771,2.494331065759637,4.591836734693878,9.580498866213151,20.918367346938776,45.74829931972789,0,,,,,,,1076,20.948129646840147,2.0446096654275094,3.2527881040892193,8.085501858736059,18.95910780669145,43.58736059479554,688,19.246684229651162,3.197674418604651,6.686046511627907,11.918604651162791,23.982558139534884,49.127906976744185
C280,Chest,228,test/C280/Low_Dose/00000148.dcm,130.0,262144,43.20512390136719,1862,19.633070539070893,2.255639097744361,4.35016111707841,11.117078410311493,22.986036519871107,49.462943071965626,0,,,,,,,1059,20.793046211048157,1.7941454202077431,3.9660056657223794,9.537299338999055,19.546742209631727,44.287063267233236,803,18.103289422478205,2.86425902864259,4.85678704856787,13.20049813200498,27.521793275217934,56.28891656288916
C280,Chest,229,test/C280/Low_Dose/00000042.dcm,130.0,262144,43.35289764404297,1838,19.60278028087595,2.2850924918389555,4.134929270946682,11.099020674646354,23.23177366702938,48.91186071817192,0,,,,,,,1113,20.186787539308177,1.9766397124887691,3.9532794249775383,10.512129380053908,21.47349505840072,46.3611859838275,725,18.706225754310346,2.7586206896551726,4.413793103448276,12.0,25.93103448275862,52.827586206896555
C280,Chest,230,test/C280/Low_Dose/00000270.dcm,130.0,262144,43.32432556152344,1515,20.46198690181518,2.6402640264026402,4.356435643564357,9.636963696369637,19.933993399339933,44.75247524752475,0,,,,,,,899,21.223549169215794,2.558398220244716,3.781979977753059,8.231368186874304,17.130144605116797,41.37931034482759,616,19.350551060267858,2.75974025974026,5.194805194805195,11.688311688311689,24.025974025974026,49.675324675324674
C280,Chest,231,test/C280/Low_Dose/00000071.dcm,130.0,262144,43.44190216064453,1411,20.630323684443656,1.700921332388377,3.6853295535081503,9.496810772501771,20.340184266477674,44.43656980864635,0,,,,,,,880,21.158220880681817,1.5909090909090908,3.522727272727273,8.636363636363637,18.863636363636363,42.61363636363637,531,19.755462129237287,1.8832391713747645,3.9548022598870056,10.922787193973635,22.78719397363465,47.45762711864407
C280,Chest,232,test/C280/Low_Dose/00000065.dcm,130.0,262144,43.410648345947266,1417,19.731240627205363,2.328863796753705,4.0225829216654905,11.573747353563867,22.72406492589979,47.84756527875794,0,,,,,,,841,20.537520436979786,2.0214030915576693,3.8049940546967895,10.107015457788346,20.808561236623067,43.28180737217598,576,18.55401611328125,2.7777777777777777,4.340277777777778,13.715277777777779,25.520833333333332,54.513888888888886
C280,Chest,233,test/C280/Low_Dose/00000333.dcm,130.0,262144,43.658790588378906,1634,20.26058799342105,1.8359853121175032,3.2435740514075886,9.4859241126071,21.175030599755203,45.28763769889841,0,,,,,,,970,20.75914143041237,2.1649484536082473,3.402061855670103,9.072164948453608,20.0,42.577319587628864,664,19.532279508659638,1.355421686746988,3.0120481927710845,10.090361445783133,22.89156626506024,49.24698795180723
C280,Chest,234,test/C280/Low_Dose/00000175.dcm,130.0,262144,43.56873321533203,1845,20.28190845189702,1.6260162601626016,3.794037940379404,9.97289972899729,21.788617886178862,46.233062330623305,0,,,,,,,1048,20.99365234375,1.8129770992366412,3.7213740458015265,9.732824427480915,21.564885496183205,42.843511450381676,797,19.3460119000941,1.3801756587202008,3.889585947302384,10.288582183186952,22.082810539523212,50.6900878293601
C280,Chest,235,test/C280/Low_Dose/00000272.dcm,130.0,262144,43.05570602416992,1854,19.905398799892126,2.157497303128371,4.4228694714131604,9.81661272923409,20.87378640776699,46.87162891046386,0,,,,,,,1101,20.47428651509991,1.5440508628519527,3.2697547683923704,8.265213442325159,18.619436875567665,44.50499545867393,753,19.07359624003984,3.054448871181939,6.108897742363878,12.084993359893758,24.169986719787516,50.332005312084995
C280,Chest,236,test/C280/Low_Dose/00000128.dcm,130.0,262144,43.74707794189453,1893,20.22431325937665,2.588483888008452,4.754358161648177,12.466983623877443,21.922873745377707,45.06075013206551,0,,,,,,,1120,20.647938755580356,3.0357142857142856,5.178571428571429,11.696428571428571,20.446428571428573,43.482142857142854,773,19.610519586837,1.9404915912031049,4.139715394566624,13.583441138421733,24.0620957309185,47.347994825355755
C280,Chest,237,test/C280/Low_Dose/00000180.dcm,130.0,262144,43.86933898925781,1947,20.945256323831536,1.6435541859270673,3.389830508474576,9.553158705701078,21.00667693888033,42.93785310734463,0,,,,,,,1230,21.745811102642275,1.1382113821138211,2.926829268292683,8.048780487804878,18.211382113821138,40.24390243902439,717,19.571923760024408,2.510460251046025,4.184100418410042,12.133891213389122,25.80195258019526,47.559274755927476
C280,Chest,238,test/C280/Low_Dose/00000023.dcm,130.0,262144,43.385562896728516,1862,20.076601940118152,2.0408163265306123,4.135338345864661,9.935553168635876,20.622986036519872,46.40171858216971,0,,,,,,,1140,21.025234717653507,2.017543859649123,3.5964912280701755,8.421052631578947,17.54385964912281,42.54385964912281,722,18.578760712430746,2.0775623268698062,4.986149584487535,12.326869806094184,25.484764542936286,52.49307479224377
C280,Chest,239,test/C280/Low_Dose/00000304.dcm,130.0,262144,43.78456115722656,1754,20.85548211231471,2.394526795895097,4.161915621436716,9.52109464082098,19.61231470923603,43.443557582668184,0,,,,,,,1061,21.574719456880302,1.885014137606032,3.393025447690858,7.822808671065033,17.15362865221489,39.67954759660697,693,19.754314912518037,3.1746031746031744,5.339105339105339,12.121212121212121,23.376623376623378,49.20634920634921
C280,Chest,240,test/C280/Low_Dose/00000047.dcm,130.0,262144,43.813255310058594,1664,21.335862379807693,1.3822115384615385,3.0048076923076925,8.413461538461538,17.548076923076923,41.10576923076923,0,,,,,,,993,22.038214769008057,1.2084592145015105,2.5176233635448138,7.552870090634441,15.407854984894259,37.865055387714,671,20.296467492548434,1.639344262295082,3.7257824143070044,9.687034277198212,20.715350223546945,45.90163934426229
C280,Chest,241,test/C280/Low_Dose/00000339.dcm,130.0,262144,43.42009353637695,1715,20.953703534985422,1.5160349854227406,2.9154518950437316,7.521865889212828,18.134110787172013,43.731778425655975,0,,,,,,,1054,21.88789729601518,1.1385199240986716,1.7077798861480076,6.1669829222011385,15.844402277039848,40.03795066413662,661,19.46407697853631,2.118003025718608,4.841149773071105,9.68229954614221,21.78517397881997,49.62178517397882
C280,Chest,242,test/C280/Low_Dose/00000201.dcm,130.0,262144,43.60084533691406,1632,21.327624751072303,1.5931372549019607,3.676470588235294,9.129901960784315,17.830882352941178,40.80882352941177,0,,,,,,,1010,21.849752475247524,1.188118811881188,3.1683168316831685,8.01980198019802,16.336633663366335,38.21782178217822,622,20.479796774517684,2.2508038585209005,4.501607717041801,10.932475884244372,20.257234726688104,45.01607717041801
C280,Chest,243,test/C280/Low_Dose/00000241.dcm,130.0,262144,42.944000244140625,1555,21.00709781953376,1.4790996784565917,3.279742765273312,7.652733118971061,17.234726688102892,41.67202572347267,0,,,,,,,978,21.739112027096116,1.4314928425357873,3.067484662576687,6.441717791411043,15.439672801635991,37.73006134969325,577,19.766351075064993,1.559792027729636,3.6395147313691507,9.705372616984402,20.27729636048527,48.353552859618716
C280,Chest,244,test/C280/Low_Dose/00000176.dcm,130.0,262144,41.61515808105469,1624,19.980533693811577,2.1551724137931036,3.8177339901477834,9.17487684729064,19.519704433497537,43.59605911330049,0,,,,,,,1015,20.648268165024632,1.7733990147783252,3.1527093596059115,8.571428571428571,18.226600985221676,40.09852216748769,609,18.867641304905582,2.7914614121510675,4.926108374384237,10.180623973727421,21.67487684729064,49.42528735632184
C280,Chest,245,test/C280/Low_Dose/00000367.dcm,130.0,262144,40.98596954345703,1656,18.86784679762983,2.0531400966183573,4.28743961352657,11.352657004830919,22.886473429951693,49.57729468599034,0,,,,,,,1000,19.576537109375,1.8,4.1,9.6,21.1,45.9,656,17.787529177782012,2.4390243902439024,4.573170731707317,14.024390243902438,25.609756097560975,55.18292682926829
C280,Chest,246,test/C280/Low_Dose/00000316.dcm,130.0,262144,39.55731201171875,1520,18.471921258223684,1.8421052631578947,4.0131578947368425,10.0,21.907894736842106,50.328947368421055,0,,,,,,,948,18.750008241033754,1.6877637130801688,3.586497890295359,8.755274261603375,19.936708860759495,49.26160337552743,572,18.011037546437937,2.097902097902098,4.72027972027972,12.062937062937063,25.174825174825173,52.0979020979021
C280,Chest,247,test/C280/Low_Dose/00000129.dcm,130.0,262144,37.39866256713867,1502,17.21927924226032,1.6644474034620507,4.26098535286285,11.784287616511318,24.766977363515313,54.92676431424767,0,,,,,,,940,17.300307513297874,1.2765957446808511,3.5106382978723403,10.638297872340425,24.893617021276597,54.255319148936174,562,17.08375152913701,2.3131672597864767,5.516014234875445,13.701067615658364,24.555160142348754,56.04982206405694
C280,Chest,248,test/C280/Low_Dose/00000103.dcm,130.0,262144,36.3436393737793,1465,16.9027090443686,1.9112627986348123,3.8907849829351537,10.98976109215017,23.27645051194539,58.839590443686006,0,,,,,,,906,17.489992929083886,1.2141280353200883,2.759381898454746,9.050772626931566,21.192052980132452,55.4083885209713,559,15.95086615328712,3.041144901610018,5.724508050089446,14.132379248658319,26.65474060822898,64.40071556350627
C280,Chest,249,test/C280/Low_Dose/00000209.dcm,130.0,262144,35.09319305419922,1389,16.265774050575953,1.7998560115190785,3.8156947444204463,10.007199424046076,23.8300935925126,60.90712742980561,0,,,,,,,859,16.55243992833236,1.8626309662398137,3.7252619324796274,8.847497089639115,21.536670547147846,59.60419091967404,530,15.801158977004716,1.6981132075471699,3.9622641509433962,11.88679245283019,27.547169811320753,63.0188679245283
C280,Chest,250,test/C280/Low_Dose/00000017.dcm,130.0,262144,33.27779769897461,1299,15.180645267994612,2.8483448806774443,4.387990762124711,11.778290993071593,26.63587374903772,66.97459584295612,0,,,,,,,829,15.373890323431846,2.7744270205066344,3.7394451145958985,11.459589867310012,25.211097708082026,65.86248492159228,470,14.839793882978723,2.978723404255319,5.531914893617022,12.340425531914894,29.148936170212767,68.93617021276596
C280,Chest,251,test/C280/Low_Dose/00000312.dcm,130.0,262144,32.65559005737305,1200,14.753893229166666,2.9166666666666665,5.583333333333333,13.75,28.75,68.83333333333333,0,,,,,,,708,14.847701767743644,3.248587570621469,5.649717514124294,13.983050847457626,27.54237288135593,67.93785310734464,492,14.618899461699694,2.4390243902439024,5.487804878048781,13.414634146341463,30.48780487804878,70.1219512195122
C280,Chest,252,test/C280/Low_Dose/00000145.dcm,130.0,262144,31.719337463378906,1285,14.310103052042802,1.7898832684824904,6.381322957198444,13.540856031128405,30.19455252918288,72.76264591439688,0,,,,,,,779,14.416464417522464,1.797175866495507,6.546854942233633,12.965340179717586,29.396662387676507,72.14377406931965,506,14.14635699728261,1.7786561264822134,6.126482213438735,14.42687747035573,31.42292490118577,73.71541501976284
C280,Chest,253,test/C280/Low_Dose/00000368.dcm,130.0,262144,31.1712646484375,1407,13.757086498312011,2.6297085998578535,5.970149253731344,14.925373134328359,32.12508884150675,76.11940298507463,0,,,,,,,819,14.006766779227716,2.442002442002442,6.349206349206349,14.163614163614163,30.89133089133089,74.60317460317461,588,13.409317535607993,2.891156462585034,5.442176870748299,15.986394557823129,33.843537414965986,78.2312925170068
C280,Chest,254,test/C280/Low_Dose/00000068.dcm,130.0,262144,32.546138763427734,1730,14.452718569364162,2.1965317919075145,4.913294797687861,14.104046242774567,29.36416184971098,70.63583815028902,0,,,,,,,1058,14.88103382709121,1.890359168241966,4.725897920604915,13.137996219281664,26.748582230623818,68.62003780718337,672,13.778379894438244,2.6785714285714284,5.208333333333333,15.625,33.482142857142854,73.80952380952381
C280,Chest,255,test/C280/Low_Dose/00000015.dcm,130.0,262144,32.033042907714844,1638,14.164110195360195,2.31990231990232,5.067155067155067,13.797313797313798,30.525030525030527,73.80952380952381,0,,,,,,,996,14.46482610128012,2.0080321285140563,4.819277108433735,12.550200803212851,28.714859437751002,72.99196787148594,642,13.69757593457944,2.803738317757009,5.451713395638629,15.73208722741433,33.333333333333336,75.0778816199377
C280,Chest,256,test/C280/Low_Dose/00000280.dcm,130.0,262144,31.08162498474121,1706,13.586023364229192,2.87221570926143,5.978898007033997,15.357561547479484,32.00468933177022,76.96365767878078,0,,,,,,,1023,13.869881399682306,2.8347996089931575,6.158357771260997,15.347018572825025,30.009775171065495,75.95307917888563,683,13.160859718155198,2.9282576866764276,5.710102489019033,15.373352855051245,34.99267935578331,78.47730600292826
C280,Chest,257,test/C280/Low_Dose/00000261.dcm,130.0,262144,32.186214447021484,1549,13.964805923176243,3.6797934151065204,6.84312459651388,16.139444803098772,32.14977404777276,74.04777275661718,0,,,,,,,950,14.132833059210526,3.5789473684210527,6.105263157894737,15.368421052631579,31.473684210526315,74.0,599,13.698317182282972,3.8397328881469117,8.013355592654424,17.362270450751254,33.2220367278798,74.12353923205342
C280,Chest,258,test/C280/Low_Dose/00000220.dcm,130.0,262144,32.299530029296875,1602,14.23663779650437,3.1210986267166043,5.867665418227216,14.66916354556804,31.273408239700373,71.0362047440699,0,,,,,,,937,14.32533705476254,3.2017075773746,5.656350053361793,13.767342582710778,29.989327641408753,70.86446104589115,665,14.111657072368422,3.007518796992481,6.165413533834586,15.93984962406015,33.08270676691729,71.2781954887218
C280,Chest,259,test/C280/Low_Dose/00000356.dcm,130.0,262144,30.788719177246094,1737,13.427435278137594,3.223949337938975,6.160046056419113,14.91076568796776,33.103051237766266,77.77777777777777,0,,,,,,,1011,13.96748462227992,2.077151335311573,4.549950544015826,12.660731948565777,29.179030662710186,76.4589515331355,726,12.675383092286502,4.820936639118457,8.402203856749312,18.044077134986225,38.56749311294766,79.61432506887053
C280,Chest,260,test/C280/Low_Dose/00000323.dcm,130.0,262144,31.82232093811035,1897,13.864469392461782,3.004744333157617,6.1149182920400635,15.023721665788086,32.73589878755931,74.2751713231418,0,,,,,,,1127,14.175013517635316,2.839396628216504,5.678793256433008,14.551907719609583,31.32209405501331,72.22715173025732,770,13.40994825487013,3.2467532467532467,6.753246753246753,15.714285714285714,34.8051948051948,77.27272727272727
C280,Chest,261,test/C280/Low_Dose/00000328.dcm,130.0,262144,31.445545196533203,1895,13.685418040897098,2.7440633245382586,5.224274406332454,14.67018469656992,32.24274406332454,77.0976253298153,0,,,,,,,1150,13.93534816576087,2.260869565217391,4.521739130434782,13.652173913043478,30.434782608695652,76.95652173913044,745,13.299615929110738,3.48993288590604,6.308724832214765,16.241610738255034,35.033557046979865,77.31543624161074
C280,Chest,262,test/C280/Low_Dose/00000281.dcm,130.0,262144,30.099925994873047,2122,12.94486977939444,3.1102733270499527,6.644674835061263,16.729500471253534,36.098020735155515,80.91423185673892,0,,,,,,,1288,13.147054541925465,2.717391304347826,5.978260869565218,15.605590062111801,34.70496894409938,79.8913043478261,834,12.632622808003598,3.7170263788968825,7.6738609112709835,18.465227817745802,38.249400479616305,82.49400479616307
C280,Chest,263,test/C280/Low_Dose/00000064.dcm,130.0,262144,30.921161651611328,2282,13.519841079645047,2.4539877300613497,5.25854513584575,16.082383873794917,32.99737072743208,76.6432953549518,0,,,,,,,1402,13.829455409682597,2.425106990014265,5.1355206847360915,15.691868758915835,31.24108416547789,74.75035663338089,880,13.026570268110795,2.5,5.454545454545454,16.704545454545453,35.79545454545455,79.6590909090909
C280,Chest,264,test/C280/Low_Dose/00000214.dcm,130.0,262144,30.620563507080078,2268,13.108136642967372,3.0864197530864197,6.481481481481482,15.873015873015873,35.09700176366843,79.62962962962963,0,,,,,,,1383,13.515245108007953,2.819956616052061,5.133767172812726,13.955169920462762,33.40563991323211,78.38033261026753,885,12.47194231108757,3.5028248587570623,8.587570621468927,18.870056497175142,37.740112994350284,81.5819209039548
C280,Chest,265,test/C280/Low_Dose/00000070.dcm,130.0,262144,30.01811981201172,2174,12.926722774839007,3.219871205151794,5.887764489420423,15.77736890524379,35.09659613615455,82.33670653173873,0,,,,,,,1364,13.090207455095308,2.8592375366568916,5.7917888563049855,15.029325513196481,34.23753665689149,82.11143695014663,810,12.651423852237654,3.8271604938271606,6.049382716049383,17.037037037037038,36.54320987654321,82.71604938271605
C280,Chest,266,test/C280/Low_Dose/00000204.dcm,130.0,262144,31.64337921142578,2232,14.001002814180108,1.971326164874552,4.525089605734767,12.992831541218639,31.227598566308245,75.67204301075269,0,,,,,,,1343,14.247751652084885,1.8615040953090096,4.095309009679822,11.69024571854058,30.007446016381238,74.75800446760982,889,13.62824275871766,2.137232845894263,5.174353205849269,14.960629921259843,33.07086614173228,77.05286839145107
C280,Chest,267,test/C280/Low_Dose/00000119.dcm,130.0,262144,32.90283966064453,2179,14.796610579681046,1.698026617714548,4.772831574116568,12.804038549793484,28.59109683340982,68.33409821018816,0,,,,,,,1386,15.055476641414142,1.5873015873015872,4.184704184704184,12.40981240981241,27.128427128427127,66.95526695526695,793,14.344166239754099,1.8915510718789408,5.800756620428752,13.493064312736443,31.147540983606557,70.74401008827239
C280,Chest,268,test/C280/Low_Dose/00000029.dcm,130.0,262144,32.42106246948242,1981,14.524825687783947,2.8773346794548207,5.199394245330641,13.98283695103483,29.2781423523473,70.7218576476527,0,,,,,,,1229,14.875753280105776,3.0105777054515865,5.044751830756713,11.960943856794142,26.851098454027664,69.56875508543531,752,13.951301737034575,2.6595744680851063,5.452127659574468,17.28723404255319,33.244680851063826,72.6063829787234
C280,Chest,269,test/C280/Low_Dose/00000197.dcm,130.0,262144,34.06774139404297,1799,15.454118390425236,2.056698165647582,4.558087826570317,11.673151750972762,26.347971095052806,66.48137854363536,0,,,,,,,1066,15.874133369488742,2.0637898686679175,3.8461538461538463,9.943714821763603,24.484052532833022,64.9155722326454,733,14.843290362806957,2.0463847203274215,5.593451568894952,14.188267394270122,29.058663028649384,68.75852660300137
C280,Chest,270,test/C280/Low_Dose/00000122.dcm,130.0,262144,34.61115646362305,1863,15.563512731481481,2.0397208803005906,4.455179817498658,12.882447665056361,27.3215244229737,63.28502415458937,0,,,,,,,1168,15.803876484910102,2.1404109589041096,4.4520547945205475,12.32876712328767,26.113013698630137,62.5,695,15.159564691996403,1.870503597122302,4.460431654676259,13.81294964028777,29.35251798561151,64.60431654676259
C280,Chest,271,test/C280/Low_Dose/00000050.dcm,130.0,262144,34.69108581542969,1751,16.05346944603084,1.8275271273557967,4.111936036550542,10.793832095945174,25.41404911479155,62.07881210736722,0,,,,,,,1090,16.45775336869266,1.651376146788991,3.669724770642202,9.44954128440367,23.6697247706422,60.27522935779817,661,15.386800007091528,2.118003025718608,4.841149773071105,13.010590015128592,28.290468986384266,65.05295007564297
C280,Chest,272,test/C280/Low_Dose/00000094.dcm,130.0,262144,36.49282455444336,1940,17.139318218427835,1.443298969072165,3.556701030927835,10.257731958762887,23.4020618556701,56.03092783505155,0,,,,,,,1242,17.691656287741544,0.7246376811594203,2.657004830917874,8.373590982286634,20.853462157809982,53.22061191626409,698,16.15650463377507,2.7220630372492836,5.157593123209169,13.61031518624642,27.936962750716333,61.03151862464183
C280,Chest,273,test/C280/Low_Dose/00000034.dcm,130.0,262144,37.34438705444336,1872,17.40212882278312,1.6559829059829059,3.3119658119658117,9.668803418803419,22.32905982905983,55.44871794871795,0,,,,,,,1171,17.831364085183605,1.1955593509820666,2.6473099914602902,8.368915456874467,20.239111870196414,52.51921434671221,701,16.68510665567047,2.425106990014265,4.422253922967189,11.840228245363766,25.82025677603424,60.342368045649074
C280,Chest,274,test/C280/Low_Dose/00000140.dcm,130.0,262144,37.4688835144043,1854,17.56571833704153,2.481121898597627,5.339805825242719,10.949298813376483,22.815533980582526,53.72168284789644,0,,,,,,,1134,18.483606839726633,2.1164021164021163,4.409171075837743,8.994708994708995,19.488536155202823,48.236331569664905,720,16.1200439453125,3.0555555555555554,6.805555555555555,14.027777777777779,28.055555555555557,62.361111111111114
C280,Chest,275,test/C280/Low_Dose/00000213.dcm,130.0,262144,39.00437545776367,1903,18.614847444823962,1.8392012611665791,3.3105622700998425,9.721492380451918,21.965317919075144,49.23804519180242,0,,,,,,,1195,19.145438349895397,1.6736401673640167,2.928870292887029,9.205020920502092,20.167364016736403,46.44351464435147,708,17.71928793697034,2.1186440677966103,3.9548022598870056,10.59322033898305,25.0,53.954802259887
C280,Chest,276,test/C280/Low_Dose/00000221.dcm,130.0,262144,39.25334548950195,1899,18.209359778172722,1.8430753027909426,3.738809899947341,10.531858873091101,22.643496577145868,52.39599789362823,0,,,,,,,1112,19.267362086892987,1.169064748201439,2.5179856115107913,8.183453237410072,18.255395683453237,47.75179856115108,787,16.71444667249047,2.7954256670902162,5.463786531130877,13.850063532401524,28.843710292249046,58.95806861499365
C280,Chest,277,test/C280/Low_Dose/00000283.dcm,130.0,262144,38.1824836730957,1786,17.932923388507838,2.1836506159014557,4.031354983202688,10.582306830907054,21.724524076147816,52.40761478163494,0,,,,,,,1047,18.636114344555875,1.9102196752626552,4.202483285577841,9.551098376313275,18.433619866284623,48.80611270296084,739,16.93665690544655,2.571041948579161,3.7889039242219216,12.043301759133964,26.38700947225981,57.51014884979702
C280,Chest,278,test/C280/Low_Dose/00000237.dcm,130.0,262144,38.51176834106445,1609,18.33637206727781,1.4916096954630205,3.7290242386575514,9.695463020509633,21.6283405842138,50.52827843380982,0,,,,,,,1002,18.83141919286427,1.2974051896207586,3.3932135728542914,8.48303393213573,19.261477045908183,47.70459081836327,607,17.519175697590608,1.812191103789127,4.283360790774299,11.696869851729819,25.53542009884679,55.18945634266886
C280,Chest,279,test/C280/Low_Dose/00000262.dcm,130.0,262144,38.292789459228516,1523,18.13776905162508,1.4445173998686802,3.414313854235062,9.192383453709784,20.945502298095864,52.002626395272486,0,,,,,,,948,18.36732965783228,1.4767932489451476,3.481012658227848,8.544303797468354,19.936708860759495,51.79324894514768,575,17.759295176630435,1.391304347826087,3.3043478260869565,10.26086956521739,22.608695652173914,52.34782608695652
C280,Chest,280,test/C280/Low_Dose/00000117.dcm,130.0,262144,37.6994743347168,1679,17.72087877829065,1.4889815366289458,3.7522334723049435,10.065515187611673,21.858248957712924,53.78201310303752,0,,,,,,,1054,18.2100480313093,1.4231499051233396,3.3206831119544593,8.064516129032258,20.01897533206831,51.138519924098674,625,16.895946875,1.6,4.48,13.44,24.96,58.24
C280,Chest,281,test/C280/Low_Dose/00000359.dcm,130.0,262144,38.022361755371094,2069,17.15889318511358,2.5616239729337846,4.929917834702755,12.22812953117448,24.794586756887384,55.920734654422425,0,,,,,,,1229,17.83265580502441,2.2782750203417415,4.393816110659072,10.740439381611067,22.701383238405207,51.993490642799024,840,16.173114304315476,2.9761904761904763,5.714285714285714,14.404761904761905,27.857142857142858,61.666666666666664
C280,Chest,282,test/C280/Low_Dose/00000132.dcm,130.0,262144,38.051727294921875,1997,17.397396876564848,2.3535302954431647,4.206309464196295,10.966449674511768,24.236354531797698,55.28292438657987,0,,,,,,,1222,17.852105922667757,1.8821603927986907,3.355155482815057,9.492635024549918,21.60392798690671,53.43698854337152,775,16.680423387096774,3.096774193548387,5.548387096774194,13.290322580645162,28.387096774193548,58.193548387096776
C280,Chest,283,test/C280/Low_Dose/00000218.dcm,130.0,262144,37.15156555175781,2022,16.411151165306627,2.8189910979228485,5.687438180019782,12.31454005934718,26.706231454005934,59.297725024727995,0,,,,,,,1230,16.73894181910569,2.6016260162601625,5.365853658536586,11.138211382113822,23.739837398373982,57.96747967479675,792,15.902083579940026,3.1565656565656566,6.186868686868687,14.141414141414142,31.31313131313131,61.36363636363637
C280,Chest,284,test/C280/Low_Dose/00000194.dcm,130.0,262144,37.98917007446289,1882,17.621633401965994,2.4973432518597236,4.622741764080765,10.680127523910734,22.848034006376196,53.77258235919235,0,,,,,,,1182,18.22839169574873,2.7918781725888326,4.822335025380711,10.067681895093063,20.38917089678511,49.66159052453469,700,16.597078683035715,2.0,4.285714285714286,11.714285714285714,27.0,60.714285714285715
C280,Chest,285,test/C280/Low_Dose/00000219.dcm,130.0,262144,37.81221389770508,1617,17.892115510977117,1.2987012987012987,3.2776747062461347,9.771181199752629,21.335807050092765,53.49412492269635,0,,,,,,,1010,18.05017984220297,1.188118811881188,3.1683168316831685,10.0,21.18811881188119,52.17821782178218,607,17.629108963138385,1.4827018121911038,3.459637561779242,9.390444810543658,21.581548599670512,55.683690280065896
C280,Chest,286,test/C280/Low_Dose/00000098.dcm,130.0,262144,37.33934783935547,1508,17.339895557029177,2.055702917771883,4.973474801061008,11.73740053050398,24.137931034482758,53.84615384615385,0,,,,,,,972,17.60257121270576,2.05761316872428,4.732510288065844,11.728395061728396,22.736625514403293,51.440329218106996,536,16.86355271979944,2.0522388059701493,5.41044776119403,11.753731343283581,26.67910447761194,58.208955223880594
C280,Chest,287,test/C280/Low_Dose/00000318.dcm,130.0,262144,38.559608459472656,1810,17.996258848411603,1.4364640883977902,3.5359116022099446,10.552486187845304,22.044198895027623,52.70718232044199,0,,,,,,,1139,18.690514568700614,1.404741000877963,2.7216856892010535,8.165057067603161,17.91044776119403,50.658472344161545,671,16.81778158764903,1.4903129657228018,4.918032786885246,14.605067064083457,29.061102831594635,56.18479880774963
C280,Chest,288,test/C280/Low_Dose/00000058.dcm,130.0,262144,38.934326171875,1849,17.91494980394808,2.217414818820984,4.3266630611141155,11.519740400216333,22.06598161168199,53.00162249864792,0,,,,,,,1114,18.214279202199283,2.244165170556553,4.129263913824057,11.220825852782765,20.825852782764812,51.70556552962298,735,17.46127232142857,2.17687074829932,4.625850340136054,11.97278911564626,23.94557823129252,54.965986394557824
C280,Chest,289,test/C280/Low_Dose/00000233.dcm,130.0,262144,38.56794357299805,1827,18.06443281335523,2.5177887246852766,4.378762999452655,10.454296661193213,22.27695675971538,52.271483305966065,0,,,,,,,1094,18.963752927902195,1.9195612431444242,3.7477148080438756,9.049360146252285,19.012797074954296,48.08043875685558,733,16.722201941933832,3.4106412005457027,5.320600272851296,12.551159618008185,27.14870395634379,58.52660300136426
C280,Chest,290,test/C280/Low_Dose/00000109.dcm,130.0,262144,39.82426834106445,2055,18.472220954987833,1.9951338199513382,3.6009732360097324,9.781021897810218,21.313868613138688,51.6301703163017,0,,,,,,,1237,19.037242004345188,0.9700889248181084,2.7485852869846403,8.730800323362974,18.593371059013744,49.15117219078415,818,17.617782033160147,3.545232273838631,4.88997555012225,11.36919315403423,25.4278728606357,55.37897310513448
C280,Chest,291,test/C280/Low_Dose/00000079.dcm,130.0,262144,39.86000061035156,2158,18.65389140697405,1.7608897126969416,3.5217794253938832,9.777571825764596,20.6209453197405,51.43651529193698,0,,,,,,,1288,19.140723566090838,1.7857142857142858,3.260869565217391,8.540372670807454,19.25465838509317,48.059006211180126,870,17.933153735632185,1.7241379310344827,3.9080459770114944,11.60919540229885,22.64367816091954,56.4367816091954
C280,Chest,292,test/C280/Low_Dose/00000165.dcm,130.0,262144,38.72050476074219,1939,17.88575377127385,1.5471892728210417,3.300670448684889,9.592573491490459,22.537390407426507,53.27488396080454,0,,,,,,,1145,18.53126364628821,1.48471615720524,2.7074235807860263,8.12227074235808,19.563318777292576,50.917030567685586,794,16.954888716152393,1.63727959697733,4.156171284634761,11.712846347607053,26.826196473551637,56.67506297229219
C280,Chest,293,test/C280/Low_Dose/00000118.dcm,130.0,262144,39.15502166748047,1975,18.030023734177217,2.0759493670886076,4.10126582278481,10.227848101265822,23.29113924050633,52.35443037974684,0,,,,,,,1145,18.70899802128821,1.834061135371179,3.3187772925764194,8.646288209606986,20.69868995633188,49.519650655021834,830,17.093371140813254,2.4096385542168677,5.180722891566265,12.409638554216867,26.867469879518072,56.265060240963855
C280,Chest,294,test/C280/Low_Dose/00000298.dcm,130.0,262144,39.116092681884766,2004,18.205536193238522,1.996007984031936,4.241516966067865,10.878243512974052,22.704590818363272,51.39720558882235,0,,,,,,,1235,18.565389359817814,1.7813765182186234,3.7246963562753037,9.149797570850202,20.40485829959514,50.121457489878544,769,17.627618559005203,2.340702210663199,5.071521456436931,13.65409622886866,26.397919375812744,53.44603381014304
C280,Chest,295,test/C280/Low_Dose/00000187.dcm,130.0,262144,38.066707611083984,1914,17.014097399098745,2.4555903866248694,4.702194357366771,12.068965517241379,25.757575757575758,56.21734587251829,0,,,,,,,1139,17.517475238696225,1.9315188762071993,4.1264266900790165,11.237928007023704,23.17822651448639,54.08252853380158,775,16.274296875,3.225806451612903,5.548387096774194,13.290322580645162,29.548387096774192,59.354838709677416
C280,Chest,296,test/C280/Low_Dose/00000037.dcm,130.0,262144,39.203853607177734,1961,18.04107438806731,2.1927587965323814,4.946455889852117,12.085670576236614,23.25344212136665,52.83018867924528,0,,,,,,,1147,18.77062956353531,1.6564952048823016,4.3591979075850045,10.11333914559721,20.83696599825632,48.99738448125545,814,17.013064822635137,2.9484029484029484,5.773955773955774,14.864864864864865,26.65847665847666,58.23095823095823
C280,Chest,297,test/C280/Low_Dose/00000222.dcm,130.0,262144,39.392425537109375,2056,17.95809140928988,1.8482490272373542,3.6478599221789882,11.332684824902724,22.56809338521401,53.599221789883266,0,,,,,,,1259,18.60729311457506,1.4297061159650517,3.0182684670373314,10.007942811755361,20.095313741064338,50.43685464654488,797,16.932566950282308,2.5094102885821834,4.642409033877039,13.42534504391468,26.47427854454203,58.59473023839398
C280,Chest,298,test/C280/Low_Dose/00000153.dcm,130.0,262144,38.55928039550781,1923,17.70163197152886,1.8200728029121165,3.952158086323453,11.336453458138326,23.608944357774313,53.30213208528341,0,,,,,,,1148,18.30492568597561,1.3937282229965158,3.3101045296167246,10.017421602787456,21.428571428571427,50.43554006968641,775,16.807977570564518,2.4516129032258065,4.903225806451613,13.290322580645162,26.838709677419356,57.54838709677419
C280,Chest,299,test/C280/Low_Dose/00000186.dcm,130.0,262144,39.979488372802734,1994,18.580483638415245,1.9057171514543632,3.961885656970913,9.979939819458375,20.812437311935806,50.45135406218656,0,,,,,,,1254,18.742330791467303,1.7543859649122806,3.508771929824561,9.01116427432217,19.218500797448165,49.760765550239235,740,18.306219647381756,2.1621621621621623,4.72972972972973,11.621621621621621,23.513513513513512,51.62162162162162
C280,Chest,300,test/C280/Low_Dose/00000366.dcm,130.0,262144,40.36286163330078,2083,19.03284963094095,2.0643302928468557,4.080652904464714,10.177628420547288,20.739318290926548,48.34373499759962,0,,,,,,,1252,19.58462865664936,1.6773162939297124,3.0351437699680512,8.78594249201278,19.249201277955272,44.88817891373802,831,18.20152795013538,2.647412755716005,5.6558363417569195,12.274368231046932,22.984356197352586,53.54993983152828
C280,Chest,301,test/C280/Low_Dose/00000249.dcm,130.0,262144,39.96978759765625,2273,18.824969753629563,2.023757149142103,4.179498460184778,9.722833260008798,20.89749230092389,49.09810822701276,0,,,,,,,1350,19.134372106481482,1.9259259259259258,3.7777777777777777,8.148148148148149,19.77777777777778,47.7037037037037,923,18.372433217091007,2.1668472372697725,4.7670639219935,12.026002166847237,22.535211267605632,51.13759479956663
C280,Chest,302,test/C280/Low_Dose/00000062.dcm,130.0,262144,41.162235260009766,2187,19.373488940329217,1.417466849565615,3.3379058070416097,9.419295839048926,20.89620484682213,47.23365340649291,0,,,,,,,1310,19.788560054866412,0.9923664122137404,2.900763358778626,8.396946564885496,19.31297709923664,45.343511450381676,877,18.753483110034207,2.0524515393386547,3.990877993158495,10.946408209806158,23.261117445838085,50.05701254275941
C280,Chest,303,test/C280/Low_Dose/00000142.dcm,130.0,262144,41.77208709716797,2140,20.19740070093458,1.8691588785046729,3.7383177570093458,9.018691588785046,18.83177570093458,44.48598130841121,0,,,,,,,1282,20.47728463826053,2.0280811232449296,4.056162246489859,8.970358814352574,17.550702028081123,43.36973478939158,858,19.779210372960375,1.6317016317016317,3.2634032634032635,9.090909090909092,20.745920745920746,46.15384615384615
C280,Chest,304,test/C280/Low_Dose/00000364.dcm,130.0,262144,41.34275436401367,2070,19.52487167874396,1.3526570048309179,3.3333333333333335,9.227053140096618,20.241545893719806,46.95652173913044,0,,,,,,,1221,20.177041743447994,0.9009009009009009,2.538902538902539,8.271908271908272,19.246519246519245,43.32514332514332,849,18.58694281875736,2.0023557126030624,4.47585394581861,10.60070671378092,21.672555948174324,52.179034157832746
C280,Chest,305,test/C280/Low_Dose/00000011.dcm,130.0,262144,42.478580474853516,1921,20.257208566501824,1.717855283706403,3.435710567412806,8.849557522123893,18.636127017178552,43.883394065590835,0,,,,,,,1210,20.808556624483472,1.7355371900826446,3.3057851239669422,8.181818181818182,17.355371900826448,41.32231404958678,711,19.318907403744724,1.6877637130801688,3.6568213783403656,9.985935302390999,20.81575246132208,48.24191279887482
C280,Chest,306,test/C280/Low_Dose/00000208.dcm,130.0,262144,42.77431106567383,2017,20.047804598413485,2.032721864154685,3.966286564204264,9.32077342588002,20.2776400594943,45.959345562716905,0,,,,,,,1251,20.74095255045963,1.9184652278177459,3.677058353317346,8.233413269384492,18.864908073541166,42.765787370103915,766,18.91578614556136,2.2193211488250655,4.438642297650131,11.096605744125327,22.58485639686684,51.174934725848566
C280,Chest,307,test/C280/Low_Dose/00000263.dcm,130.0,262144,42.671173095703125,2101,20.269302564255117,1.951451689671585,3.8077106139933363,9.424083769633508,19.03855306996668,44.88338886244645,0,,,,,,,1314,20.899183671042618,1.5220700152207,2.9680365296803655,8.37138508371385,16.97108066971081,41.55251141552512,787,19.217633219504446,2.6683608640406606,5.209656925031767,11.181702668360865,22.490470139771283,50.444726810673444
C280,Chest,308,test/C280/Low_Dose/00000169.dcm,130.0,262144,43.85859298706055,1857,21.577132135164245,1.7770597738287561,3.3387183629509964,8.939149165320408,18.578352180936996,38.6645126548196,0,,,,,,,1172,22.23780796715017,1.3651877133105803,2.901023890784983,7.593856655290103,16.638225255972696,35.83617747440273,685,20.44674954379562,2.4817518248175183,4.087591240875913,11.24087591240876,21.8978102189781,43.503649635036496
C280,Chest,309,test/C280/Low_Dose/00000259.dcm,130.0,262144,44.26091384887695,1729,22.02559508747831,1.2724117987275883,3.1810294968189705,7.634470792365529,16.020821283979178,38.4037015615963,0,,,,,,,1085,22.569727462557605,1.2903225806451613,3.133640552995392,7.465437788018433,14.746543778801843,35.483870967741936,644,21.10885032511646,1.2422360248447204,3.260869565217391,7.919254658385094,18.167701863354036,43.32298136645963
C280,Chest,310,test/C280/Low_Dose/00000225.dcm,130.0,262144,43.859554290771484,1908,21.612945492662472,1.519916142557652,3.19706498951782,7.4423480083857445,16.50943396226415,39.727463312368975,0,,,,,,,1201,22.23286746721482,1.1656952539550374,2.5811823480432974,6.7443796835970025,14.571190674437968,37.88509575353872,707,20.55986728695191,2.1216407355021216,4.243281471004243,8.628005657708629,19.801980198019802,42.857142857142854
C280,Chest,311,test/C280/Low_Dose/00000063.dcm,130.0,262144,44.555728912353516,1993,21.50635819116909,1.7561465127947817,3.2112393376818864,8.429503261414952,17.661816357250377,41.846462619167085,0,,,,,,,1274,22.466027276295133,1.098901098901099,2.3547880690737832,6.593406593406593,14.835164835164836,37.59811616954474,719,19.80591125912726,2.920723226703755,4.728789986091794,11.68289290681502,22.67037552155772,49.37413073713491
C280,Chest,312,test/C280/Low_Dose/00000257.dcm,130.0,262144,44.89081954956055,2336,21.54320285744863,1.5410958904109588,3.7243150684931505,8.39041095890411,18.75,41.86643835616438,0,,,,,,,1431,22.01431882206499,1.3277428371767994,3.424178895877009,7.896575821104123,17.40041928721174,40.041928721174,905,20.798267006215468,1.8784530386740332,4.198895027624309,9.171270718232044,20.883977900552487,44.751381215469614
C280,Chest,313,test/C280/Low_Dose/00000358.dcm,130.0,262144,43.93256378173828,2264,20.47133288703622,1.9434628975265018,3.666077738515901,9.982332155477032,20.273851590106005,44.47879858657244,0,,,,,,,1384,20.99929862490968,1.6618497109826589,2.96242774566474,8.526011560693641,18.641618497109828,42.34104046242775,880,19.64098233309659,2.3863636363636362,4.7727272727272725,12.272727272727273,22.84090909090909,47.84090909090909
C280,Chest,314,test/C280/Low_Dose/00000108.dcm,130.0,262144,44.099544525146484,1818,20.32175639438944,1.9251925192519252,4.070407040704071,9.79097909790979,20.737073707370737,45.87458745874587,0,,,,,,,1101,21.26520989441417,1.6348773841961852,3.6330608537693005,8.265213442325159,18.07447774750227,41.59854677565849,717,18.873015548727338,2.370990237099024,4.741980474198048,12.133891213389122,24.825662482566248,52.440725244072524
C280,Chest,315,test/C280/Low_Dose/00000144.dcm,130.0,262144,43.544891357421875,1358,21.092564893225333,1.6936671575846833,3.0191458026509572,8.173784977908689,17.746686303387335,41.31075110456554,0,,,,,,,846,21.69123771793735,1.5366430260047281,2.600472813238771,7.328605200945627,16.430260047281322,38.297872340425535,512,20.103351593017578,1.953125,3.7109375,9.5703125,19.921875,46.2890625
C280,Chest,316,test/C280/Low_Dose/00000351.dcm,130.0,262144,42.306968688964844,1303,19.720093054489638,1.6116653875671527,3.3768227168073675,9.746738296239448,21.10514198004605,46.201074443591715,0,,,,,,,832,20.49028836763822,1.4423076923076923,2.764423076923077,8.653846153846153,19.35096153846154,42.90865384615385,471,18.35957611796709,1.910828025477707,4.45859872611465,11.67728237791932,24.203821656050955,52.016985138004245
C280,Chest,317,test/C280/Low_Dose/00000245.dcm,130.0,262144,42.71072006225586,1359,20.541666666666668,1.9867549668874172,4.047093451066961,8.977189109639442,19.573215599705666,41.79543782192789,0,,,,,,,837,21.02720840800478,1.7921146953405018,3.225806451612903,8.363201911589009,17.921146953405017,40.02389486260454,522,19.76312934027778,2.2988505747126435,5.363984674329502,9.96168582375479,22.22222222222222,44.6360153256705
C280,Chest,318,test/C280/Low_Dose/00000080.dcm,130.0,262144,42.633419036865234,1392,20.077657765355603,2.2988505747126435,3.5201149425287355,9.267241379310345,20.25862068965517,45.54597701149425,0,,,,,,,861,21.206244102061557,1.6260162601626016,2.671312427409988,7.4332171893147505,15.563298490127758,40.882694541231125,531,18.24769008945386,3.389830508474576,4.8964218455743875,12.24105461393597,27.871939736346516,53.10734463276836
C280,Chest,319,test/C280/Low_Dose/00000074.dcm,130.0,262144,41.46466827392578,1362,18.76124839390602,1.7621145374449338,3.5976505139500734,10.719530102790015,22.09985315712188,51.541850220264315,0,,,,,,,820,19.618209317835365,0.8536585365853658,1.5853658536585367,8.658536585365853,19.26829268292683,47.926829268292686,542,17.464739247001845,3.1365313653136533,6.642066420664206,13.837638376383763,26.383763837638377,57.011070110701105
C280,Chest,320,test/C280/Low_Dose/00000344.dcm,130.0,262144,41.92497253417969,1369,19.780094389152666,2.191380569758948,3.8714390065741418,10.153396639883127,20.818115412710007,46.31117604090577,0,,,,,,,850,20.79582950367647,1.8823529411764706,3.5294117647058822,8.705882352941176,17.294117647058822,41.529411764705884,519,18.11655715618979,2.697495183044316,4.431599229287091,12.524084778420038,26.589595375722542,54.14258188824663
C280,Chest,321,test/C280/Low_Dose/00000243.dcm,130.0,262144,41.97780227661133,1354,18.974727658788773,2.363367799113737,5.2437223042836045,10.930576070901035,22.451994091580502,50.369276218611525,0,,,,,,,826,19.672915405569007,2.179176755447942,4.842615012106537,9.806295399515738,19.249394673123486,46.973365617433416,528,17.88248328006629,2.6515151515151514,5.871212121212121,12.68939393939394,27.46212121212121,55.68181818181818
C280,Chest,322,test/C280/Low_Dose/00000125.dcm,130.0,262144,41.33087921142578,1433,19.16902640875785,1.7445917655268668,3.6985345429169576,9.979064898813677,22.12142358688067,48.91835310537334,0,,,,,,,839,19.90359617103695,1.430274135876043,3.575685339690107,9.177592371871276,20.143027413587603,45.29201430274136,594,18.131477535774412,2.1885521885521886,3.872053872053872,11.11111111111111,24.915824915824917,54.04040404040404
C280,Chest,323,test/C280/Low_Dose/00000267.dcm,130.0,262144,42.26130676269531,1473,19.456028831466394,2.3761031907671417,4.684317718940937,9.572301425661914,21.92803801765105,48.06517311608961,0,,,,,,,899,19.844975319799776,2.7808676307007785,4.89432703003337,10.011123470522802,21.690767519466075,45.717463848720804,574,18.846860028310104,1.7421602787456445,4.355400696864112,8.885017421602788,22.299651567944252,51.742160278745644
C280,Chest,324,test/C280/Low_Dose/00000236.dcm,130.0,262144,42.03636169433594,1442,19.365513392857142,2.0110957004160888,4.0221914008321775,11.16504854368932,21.428571428571427,47.43411927877947,0,,,,,,,862,19.54949880365429,1.740139211136891,3.480278422273782,10.904872389791183,20.417633410672853,46.8677494199536,580,19.092078057650863,2.413793103448276,4.827586206896552,11.551724137931034,22.93103448275862,48.275862068965516
C280,Chest,325,test/C280/Low_Dose/00000055.dcm,130.0,262144,41.47883987426758,1357,19.077016741893882,2.3581429624170966,4.937361827560796,11.643330876934414,21.296978629329402,47.899778924097276,0,,,,,,,796,19.870129455873116,2.0100502512562812,3.8944723618090453,10.301507537688442,17.964824120603016,43.84422110552764,561,17.951673211898395,2.8520499108734403,6.4171122994652405,13.547237076648841,26.02495543672014,53.6541889483066
C280,Chest,326,test/C280/Low_Dose/00000116.dcm,130.0,262144,42.51473617553711,1278,19.4559492370892,2.112676056338028,4.147104851330203,10.25039123630673,23.317683881064163,47.26134585289515,0,,,,,,,773,19.82950962160414,1.423027166882277,3.2341526520051747,9.573091849935317,22.76843467011643,45.92496765847348,505,18.884142945544554,3.1683168316831685,5.544554455445544,11.287128712871286,24.15841584158416,49.306930693069305
C280,Chest,327,test/C280/Low_Dose/00000206.dcm,130.0,262144,42.629615783691406,1306,19.76218235547473,2.2970903522205206,3.6753445635528332,9.264931087289433,20.673813169984687,46.63093415007657,0,,,,,,,790,20.028912430775318,2.278481012658228,3.5443037974683542,8.987341772151899,19.49367088607595,46.32911392405063,516,19.353816542514537,2.3255813953488373,3.875968992248062,9.689922480620154,22.48062015503876,47.093023255813954
C280,Chest,328,test/C280/Low_Dose/00000120.dcm,130.0,262144,42.144187927246094,1160,19.742362607758622,1.8103448275862069,3.5344827586206895,9.310344827586206,20.17241379310345,47.06896551724138,0,,,,,,,691,20.464476302460202,2.170767004341534,3.183791606367583,7.380607814761215,17.076700434153402,43.849493487698986,469,18.67843400186567,1.279317697228145,4.051172707889126,12.153518123667377,24.733475479744136,51.81236673773987
C280,Chest,329,test/C280/Low_Dose/00000284.dcm,130.0,262144,42.96788024902344,1129,20.132798660318866,2.3029229406554474,3.4543844109831707,10.628875110717448,20.106288751107176,44.72984942426927,0,,,,,,,698,20.68392673262894,2.5787965616045847,3.8681948424068766,10.02865329512894,18.05157593123209,41.977077363896846,431,19.240247969837586,1.8561484918793503,2.7842227378190256,11.600928074245939,23.4338747099768,49.187935034802784
C280,Chest,330,test/C280/Low_Dose/00000044.dcm,130.0,262144,42.534053802490234,1225,19.61075573979592,1.7959183673469388,3.673469387755102,10.285714285714286,21.142857142857142,47.3469387755102,0,,,,,,,778,20.359823114154885,1.5424164524421593,3.5989717223650386,8.740359897172237,18.894601542416453,43.31619537275064,447,18.30701311696029,2.237136465324385,3.8031319910514543,12.975391498881432,25.05592841163311,54.36241610738255
C280,Chest,331,test/C280/Low_Dose/00000009.dcm,130.0,262144,41.364322662353516,1319,18.819210813115998,1.5163002274450341,3.4874905231235784,10.386656557998483,22.289613343442003,50.49279757391964,0,,,,,,,814,19.275823719671376,1.2285012285012284,3.0712530712530715,9.213759213759214,21.744471744471745,48.157248157248155,505,18.083203125,1.9801980198019802,4.158415841584159,12.277227722772277,23.168316831683168,54.257425742574256
C280,Chest,332,test/C280/Low_Dose/00000205.dcm,130.0,262144,41.48960494995117,1364,19.1326993791239,1.3196480938416422,3.1524926686217007,9.310850439882698,21.334310850439884,49.193548387096776,0,,,,,,,823,19.33293068423451,1.2150668286755772,3.280680437424058,8.99149453219927,20.65613608748481,48.60267314702308,541,18.828092508086876,1.478743068391867,2.957486136783734,9.796672828096119,22.36598890942699,50.09242144177449
C280,Chest,333,test/C280/Low_Dose/00000091.dcm,130.0,262144,41.091426849365234,1396,18.403849167263612,1.5759312320916905,3.5816618911174785,10.816618911174785,22.564469914040114,51.21776504297994,0,,,,,,,880,18.39647549715909,2.159090909090909,4.545454545454546,10.795454545454545,21.818181818181817,51.47727272727273,516,18.416424418604652,0.5813953488372093,1.937984496124031,10.852713178294573,23.837209302325583,50.775193798449614
C280,Chest,334,test/C280/Low_Dose/00000185.dcm,130.0,262144,39.987892150878906,1401,18.191222229657388,2.569593147751606,4.6395431834403995,11.13490364025696,22.840827980014275,52.890792291220556,0,,,,,,,886,18.794165755502256,2.0316027088036117,3.950338600451467,8.465011286681715,20.428893905191874,51.01580135440181,515,17.153925212378642,3.495145631067961,5.825242718446602,15.728155339805825,26.990291262135923,56.116504854368934
C280,Chest,335,test/C280/Low_Dose/00000215.dcm,130.0,262144,40.82854461669922,1532,18.199333489719322,2.480417754569191,5.026109660574413,12.402088772845953,23.433420365535248,52.15404699738903,0,,,,,,,915,19.03063524590164,2.2950819672131146,4.1530054644808745,10.819672131147541,19.89071038251366,48.30601092896175,617,16.966524640397083,2.755267423014587,6.3209076175040515,14.748784440842787,28.687196110210696,57.86061588330632
C280,Chest,336,test/C280/Low_Dose/00000300.dcm,130.0,262144,40.95742416381836,1637,18.25132316165241,2.3824068417837507,4.825901038485034,11.850946854001222,24.312767257177764,51.8020769700672,0,,,,,,,956,18.819013140690377,1.9874476987447698,4.2887029288702925,10.460251046025105,22.280334728033473,49.89539748953975,681,17.454386930983848,2.9368575624082234,5.580029368575624,13.80323054331865,27.165932452276063,54.478707782672544
C280,Chest,337,test/C280/Low_Dose/00000100.dcm,130.0,262144,40.21487808227539,1458,18.573749892832648,2.1262002743484225,3.429355281207133,9.876543209876543,22.359396433470508,51.09739368998628,0,,,,,,,872,19.048404798595183,1.261467889908257,2.7522935779816513,8.371559633027523,20.298165137614678,49.08256880733945,586,17.86743580684727,3.4129692832764507,4.436860068259386,12.1160409556314,25.426621160409557,54.09556313993174
C280,Chest,338,test/C280/Low_Dose/00000275.dcm,130.0,262144,41.329097747802734,1525,18.95640112704918,2.6885245901639343,4.065573770491803,11.278688524590164,23.34426229508197,48.65573770491803,0,,,,,,,944,19.348117634401483,2.330508474576271,3.8135593220338984,11.016949152542374,22.5635593220339,46.50423728813559,581,18.319947759789155,3.270223752151463,4.475043029259897,11.703958691910499,24.612736660929432,52.151462994836486
C280,Chest,339,test/C280/Low_Dose/00000357.dcm,130.0,262144,42.22080993652344,1438,19.448641505128652,2.0166898470097356,3.755215577190542,9.388038942976356,21.905424200278166,48.12239221140473,0,,,,,,,873,20.1047237435567,1.3745704467353952,2.86368843069874,7.674684994272623,19.243986254295532,45.36082474226804,565,18.43490735619469,3.0088495575221237,5.132743362831858,12.035398230088495,26.01769911504425,52.389380530973455
C280,Chest,340,test/C280/Low_Dose/00000179.dcm,130.0,262144,41.92946243286133,1398,19.712841727020745,1.9313304721030042,3.4334763948497855,9.656652360515022,20.74391988555079,46.9241773962804,0,,,,,,,842,20.241832597238716,1.3064133016627077,2.8503562945368173,7.600950118764845,17.93349168646081,45.13064133016627,556,18.91174052945144,2.8776978417266186,4.316546762589928,12.76978417266187,25.0,49.64028776978417
C280,Chest,341,test/C280/Low_Dose/00000274.dcm,130.0,262144,43.54828643798828,1325,21.66263708726415,0.8301886792452831,3.0943396226415096,7.471698113207547,16.452830188679247,39.24528301886792,0,,,,,,,840,22.422909691220237,0.8333333333333334,3.0952380952380953,5.9523809523809526,14.285714285714286,35.595238095238095,485,20.345876288659795,0.8247422680412371,3.0927835051546393,10.103092783505154,20.20618556701031,45.56701030927835
C280,Chest,342,test/C280/Low_Dose/00000355.dcm,130.0,262144,43.83854675292969,1175,21.082137632978725,2.2127659574468086,4.0,9.191489361702128,19.659574468085108,42.212765957446805,0,,,,,,,729,22.0006577396262,2.1947873799725652,3.978052126200274,7.956104252400548,17.146776406035666,38.27160493827161,446,19.58078755605381,2.242152466367713,4.0358744394618835,11.210762331838565,23.766816143497756,48.65470852017937
C280,Chest,343,test/C280/Low_Dose/00000178.dcm,130.0,262144,43.16115951538086,1307,20.781623589326703,1.6832440703902065,3.5195103289977046,9.257842387146136,19.357306809487376,41.31599081866871,0,,,,,,,765,22.060539215686273,1.3071895424836601,2.7450980392156863,6.5359477124183005,15.42483660130719,35.947712418300654,542,18.976515653828415,2.2140221402214024,4.612546125461255,13.099630996309964,24.907749077490774,48.8929889298893
C280,Chest,344,test/C280/Low_Dose/00000035.dcm,130.0,262144,44.30339431762695,1506,21.227561109727755,1.9920318725099602,4.249667994687915,9.56175298804781,18.92430278884462,40.43824701195219,0,,,,,,,890,22.226742450842696,1.9101123595505618,3.595505617977528,7.865168539325842,15.842696629213483,36.40449438202247,616,19.783938717532468,2.1103896103896105,5.194805194805195,12.012987012987013,23.376623376623378,46.26623376623377
C280,Chest,345,test/C280/Low_Dose/00000301.dcm,130.0,262144,43.779117584228516,1597,20.629075023481526,2.1916092673763305,3.6944270507201002,9.39261114589856,19.348778960551034,43.393863494051345,0,,,,,,,957,21.141625032654126,1.7763845350052248,3.4482758620689653,8.25496342737722,17.659352142110762,40.229885057471265,640,19.862652587890626,2.8125,4.0625,11.09375,21.875,48.125
C280,Chest,346,test/C280/Low_Dose/00000102.dcm,130.0,262144,42.50434494018555,1510,19.406482822847682,1.7880794701986755,4.437086092715232,10.728476821192054,22.185430463576157,48.01324503311258,0,,,,,,,944,20.217425847457626,1.4830508474576272,3.8135593220338984,8.36864406779661,18.85593220338983,43.96186440677966,566,18.053950764686395,2.2968197879858656,5.477031802120141,14.664310954063604,27.738515901060072,54.77031802120141
C280,Chest,347,test/C280/Low_Dose/00000061.dcm,130.0,262144,42.67821502685547,1496,19.57232568098262,2.072192513368984,3.877005347593583,10.093582887700535,22.393048128342247,47.794117647058826,0,,,,,,,898,20.035597769348552,1.8930957683741647,3.6748329621380846,9.35412026726058,20.378619153674833,46.43652561247216,598,18.8766395798495,2.3411371237458196,4.1806020066889635,11.20401337792642,25.418060200668897,49.83277591973244
C280,Chest,348,test/C280/Low_Dose/00000230.dcm,130.0,262144,41.77718734741211,1195,19.370464500523013,1.9246861924686192,3.6820083682008367,10.292887029288703,20.418410041841003,49.62343096234309,0,,,,,,,769,19.70013562662549,2.080624187256177,3.6410923276983094,10.143042912873861,19.63589076723017,47.98439531859558,426,18.77535623899648,1.6431924882629108,3.755868544600939,10.56338028169014,21.830985915492956,52.582159624413144
C280,Chest,349,test/C280/Low_Dose/00000003.dcm,130.0,262144,39.74038314819336,1039,18.731340982916265,1.7324350336862369,3.368623676612127,9.33589990375361,20.500481231953803,48.796920115495666,0,,,,,,,633,18.88477333876382,1.8957345971563981,3.1595576619273302,8.530805687203792,19.90521327014218,47.867298578199055,406,18.492122556188423,1.477832512315271,3.6945812807881775,10.591133004926109,21.428571428571427,50.24630541871921
C280,Chest,350,test/C280/Low_Dose/00000090.dcm,130.0,262144,39.63472366333008,1040,18.06708984375,2.6923076923076925,4.519230769230769,10.865384615384615,23.557692307692307,51.15384615384615,0,,,,,,,626,18.989831893969647,2.7156549520766773,4.313099041533547,9.584664536741213,21.405750798722046,46.96485623003195,414,16.671830181914252,2.657004830917874,4.830917874396135,12.801932367149758,26.81159420289855,57.48792270531401
C280,Chest,351,test/C280/Low_Dose/00000146.dcm,130.0,262144,39.12592315673828,983,18.07565925419634,1.9328585961342828,3.560528992878942,9.664292980671414,21.261444557477112,52.5940996948118,0,,,,,,,594,18.181525541877104,1.8518518518518519,3.1986531986531985,9.764309764309765,20.53872053872054,52.18855218855219,389,17.914002249357328,2.056555269922879,4.113110539845758,9.511568123393316,22.36503856041131,53.2133676092545
C280,Chest,352,test/C280/Low_Dose/00000016.dcm,130.0,262144,37.26359176635742,1019,16.795165296859665,2.551521099116781,5.888125613346418,11.97252208047105,25.417075564278704,58.194308145240434,0,,,,,,,633,17.555816795023695,1.5797788309636651,5.213270142180095,9.95260663507109,21.958925750394943,54.02843601895734,386,15.547775663860104,4.1450777202072535,6.994818652849741,15.284974093264248,31.088082901554404,65.02590673575129
C280,Chest,353,test/C280/Low_Dose/00000032.dcm,130.0,262144,37.72837829589844,1085,16.6407222062212,2.3963133640552994,5.161290322580645,13.179723502304148,26.820276497695854,58.986175115207374,0,,,,,,,631,17.211281076664026,2.535657686212361,5.3882725832012675,12.519809825673534,24.247226624405705,55.94294770206022,454,15.847720780561675,2.202643171806167,4.845814977973569,14.09691629955947,30.39647577092511,63.215859030837
C280,Chest,354,test/C280/Low_Dose/00000193.dcm,130.0,262144,37.715484619140625,1002,16.754917898577844,1.8962075848303392,3.8922155688622753,12.974051896207586,27.14570858283433,58.383233532934135,0,,,,,,,582,17.72957944050687,1.5463917525773196,3.4364261168384878,11.34020618556701,24.22680412371134,52.233676975945016,420,15.404313151041666,2.380952380952381,4.523809523809524,15.238095238095237,31.19047619047619,66.9047619047619
C280,Chest,355,test/C280/Low_Dose/00000253.dcm,130.0,262144,36.859954833984375,892,16.362987843329595,2.57847533632287,5.044843049327354,13.340807174887892,25.7847533632287,60.31390134529148,0,,,,,,,523,16.6337199749044,2.1032504780114722,3.8240917782026767,12.237093690248566,26.195028680688335,58.69980879541109,369,15.979267234078591,3.252032520325203,6.775067750677507,14.905149051490515,25.203252032520325,62.60162601626016
C280,Chest,356,test/C280/Low_Dose/00000360.dcm,130.0,262144,37.55998611450195,878,16.503867320970958,2.164009111617312,4.555808656036446,12.300683371298405,27.220956719817767,59.22551252847381,0,,,,,,,524,16.88807736462309,2.2900763358778624,3.816793893129771,11.641221374045802,24.427480916030536,58.01526717557252,354,15.935149629237289,1.9774011299435028,5.649717514124294,13.27683615819209,31.35593220338983,61.016949152542374
C280,Chest,357,test/C280/Low_Dose/00000039.dcm,130.0,262144,38.00564956665039,938,17.347777018923242,2.6652452025586353,4.477611940298507,12.260127931769723,25.266524520255864,54.79744136460555,0,,,,,,,571,17.75567808669002,2.4518388791593697,5.253940455341506,11.908931698774081,24.16812609457093,52.01401050788091,367,16.713143413658038,2.997275204359673,3.2697547683923704,12.806539509536785,26.975476839237057,59.12806539509537
C280,Chest,358,test/C280/Low_Dose/00000136.dcm,130.0,262144,37.24394989013672,727,16.732827544704264,2.751031636863824,4.814305364511692,13.067400275103164,26.13480055020633,56.533700137551584,0,,,,,,,444,17.11655075485642,2.4774774774774775,4.72972972972973,12.162162162162161,24.54954954954955,54.27927927927928,283,16.130800712234983,3.1802120141342756,4.946996466431095,14.487632508833922,28.62190812720848,60.07067137809187
C280,Chest,359,test/C280/Low_Dose/00000252.dcm,130.0,262144,38.14027404785156,747,18.022349815930387,2.2757697456492636,3.8821954484605086,10.441767068273093,21.686746987951807,53.01204819277108,0,,,,,,,501,18.490129116766468,2.395209580838323,4.191616766467066,10.778443113772456,20.758483033932137,49.10179640718563,246,17.069679322281505,2.032520325203252,3.252032520325203,9.75609756097561,23.577235772357724,60.97560975609756
C280,Chest,360,test/C280/Low_Dose/00000152.dcm,130.0,262144,38.18278503417969,867,17.48158610870819,1.7301038062283738,4.036908881199539,11.8800461361015,24.22145328719723,54.67128027681661,0,,,,,,,536,18.08159033931903,1.8656716417910448,2.985074626865672,10.447761194029852,21.828358208955223,52.05223880597015,331,16.5099780494713,1.5105740181268883,5.740181268882175,14.19939577039275,28.09667673716012,58.91238670694864
C280,Chest,361,test/C280/Low_Dose/00000287.dcm,130.0,262144,37.064537048339844,780,16.49572065304487,1.9230769230769231,4.743589743589744,11.923076923076923,25.641025641025642,59.23076923076923,0,,,,,,,481,17.14040573024948,1.0395010395010396,3.3264033264033266,9.563409563409563,23.076923076923077,56.13305613305613,299,15.458616939276755,3.3444816053511706,7.023411371237458,15.719063545150501,29.765886287625417,64.21404682274247
C280,Chest,362,test/C280/Low_Dose/00000057.dcm,130.0,262144,37.668434143066406,774,17.039211381621445,2.1963824289405687,4.263565891472868,12.015503875968992,24.289405684754524,57.622739018087856,0,,,,,,,467,17.23933832139989,2.1413276231263385,4.710920770877944,11.777301927194861,23.768736616702355,56.53104925053533,307,16.73478534710912,2.2801302931596092,3.583061889250814,12.37785016286645,25.0814332247557,59.28338762214984
C280,Chest,363,test/C280/Low_Dose/00000235.dcm,130.0,262144,37.01201248168945,827,16.55080132444075,2.418379685610641,5.078597339782346,11.729141475211609,24.9093107617896,61.305925030229744,0,,,,,,,528,16.904783306699812,2.0833333333333335,4.545454545454546,10.984848484848484,23.484848484848484,60.60606060606061,299,15.925707762855351,3.0100334448160537,6.0200668896321075,13.043478260869565,27.4247491638796,62.541806020066886
C280,Chest,364,test/C280/Low_Dose/00000024.dcm,130.0,262144,35.45525360107422,813,15.636937365467405,2.091020910209102,4.551045510455104,14.637146371463714,27.183271832718326,64.32964329643296,0,,,,,,,533,15.691578476782365,2.25140712945591,5.065666041275797,14.446529080675422,27.579737335834896,63.60225140712946,280,15.53292236328125,1.7857142857142858,3.5714285714285716,15.0,26.428571428571427,65.71428571428571
C280,Chest,365,test/C280/Low_Dose/00000307.dcm,130.0,262144,35.12173080444336,852,15.62779902068662,3.051643192488263,6.103286384976526,13.732394366197184,27.464788732394368,63.38028169014085,0,,,,,,,546,15.974194425366301,2.197802197802198,5.311355311355311,12.820512820512821,25.641025641025642,61.72161172161172,306,15.009720945669935,4.57516339869281,7.516339869281046,15.359477124183007,30.718954248366014,66.33986928104575
C280,Chest,366,test/C280/Low_Dose/00000166.dcm,130.0,262144,33.897769927978516,811,14.800373044466708,1.8495684340320593,5.302096177558569,14.05672009864365,27.620221948212084,69.79038224414303,0,,,,,,,505,14.891926438737624,2.376237623762376,5.742574257425742,14.851485148514852,27.128712871287128,69.9009900990099,306,14.649280024509803,0.9803921568627451,4.57516339869281,12.745098039215685,28.431372549019606,69.6078431372549
C280,Chest,367,test/C280/Low_Dose/00000297.dcm,130.0,262144,30.765655517578125,853,13.70173972376905,3.28253223915592,5.509964830011723,14.88862837045721,30.246189917936693,77.6084407971864,0,,,,,,,514,14.099588475802529,3.307392996108949,5.642023346303502,13.424124513618677,28.01556420233463,76.07003891050584,339,13.098510382098082,3.2448377581120944,5.3097345132743365,17.10914454277286,33.6283185840708,79.9410029498525
C280,Chest,368,test/C280/Low_Dose/00000289.dcm,130.0,262144,29.801467895507812,987,12.855508327001013,3.5460992907801416,5.47112462006079,16.0081053698075,34.2451874366768,82.37082066869301,0,,,,,,,642,12.92732215001947,2.803738317757009,4.672897196261682,15.73208722741433,33.021806853582554,82.86604361370716,345,12.721875,4.927536231884058,6.956521739130435,16.52173913043478,36.52173913043478,81.44927536231884
L006,Abdomen,0,test/L006/Low_Dose/00000213.dcm,130.0,262144,2.5373733043670654,123,1.202371736852134,43.90243902439025,79.67479674796748,100.0,100.0,100.0,0,,,,,,,76,1.196342066714638,46.05263157894737,76.3157894736842,100.0,100.0,100.0,47,1.2121218417553192,40.42553191489362,85.1063829787234,100.0,100.0,100.0
L006,Abdomen,1,test/L006/Low_Dose/00000207.dcm,130.0,262144,2.7930150032043457,136,1.3522132424747242,34.55882352941177,76.47058823529412,100.0,100.0,100.0,0,,,,,,,73,1.474656196489726,24.65753424657534,72.6027397260274,100.0,100.0,100.0,63,1.2103348989335319,46.03174603174603,80.95238095238095,100.0,100.0,100.0
L006,Abdomen,2,test/L006/Low_Dose/00000036.dcm,130.0,262144,2.8354082107543945,129,1.3747880329457365,38.75968992248062,72.09302325581395,100.0,100.0,100.0,0,,,,,,,67,1.3821748192630596,38.80597014925373,68.65671641791045,100.0,100.0,100.0,62,1.3668055380544355,38.70967741935484,75.80645161290323,100.0,100.0,100.0
L006,Abdomen,3,test/L006/Low_Dose/00000111.dcm,130.0,262144,2.8605003356933594,137,1.2740416143932483,39.416058394160586,78.10218978102189,100.0,100.0,100.0,0,,,,,,,66,1.287784460819129,37.878787878787875,75.75757575757575,100.0,100.0,100.0,71,1.2612665740536972,40.84507042253521,80.28169014084507,100.0,100.0,100.0
L006,Abdomen,4,test/L006/Low_Dose/00000138.dcm,130.0,262144,2.345914125442505,101,1.2318163579053218,38.613861386138616,84.15841584158416,100.0,100.0,100.0,0,,,,,,,53,1.2714613428655661,33.9622641509434,84.90566037735849,100.0,100.0,100.0,48,1.1880416870117188,43.75,83.33333333333333,100.0,100.0,100.0
L006,Abdomen,5,test/L006/Low_Dose/00000023.dcm,130.0,262144,2.1854891777038574,128,1.0040874481201172,53.90625,95.3125,100.0,100.0,100.0,0,,,,,,,60,0.9326253255208333,61.666666666666664,96.66666666666667,100.0,100.0,100.0,68,1.0671422621783089,47.05882352941177,94.11764705882354,100.0,100.0,100.0
L006,Abdomen,6,test/L006/Low_Dose/00000182.dcm,130.0,262144,2.2279789447784424,140,1.0791756766183036,47.142857142857146,92.14285714285714,100.0,100.0,100.0,0,,,,,,,65,1.0110802283653846,50.76923076923077,90.76923076923077,100.0,100.0,100.0,75,1.1381917317708334,44.0,93.33333333333333,100.0,100.0,100.0
L006,Abdomen,7,test/L006/Low_Dose/00000170.dcm,130.0,262144,2.3581624031066895,107,1.1596211941442758,43.925233644859816,83.17757009345794,100.0,100.0,100.0,0,,,,,,,56,1.1036551339285714,46.42857142857143,85.71428571428571,100.0,100.0,100.0,51,1.2210741230085784,41.1764705882353,80.3921568627451,100.0,100.0,100.0
L006,Abdomen,8,test/L006/Low_Dose/00000167.dcm,130.0,262144,2.0564401149749756,96,0.9580370585123698,52.083333333333336,98.95833333333333,100.0,100.0,100.0,0,,,,,,,44,1.0008350719105115,50.0,97.72727272727273,100.0,100.0,100.0,52,0.9218233548677884,53.84615384615385,100.0,100.0,100.0,100.0
L006,Abdomen,9,test/L006/Low_Dose/00000136.dcm,130.0,262144,2.0602595806121826,147,1.0085648517219388,51.02040816326531,99.31972789115646,100.0,100.0,100.0,0,,,,,,,72,1.053376939561632,47.22222222222222,100.0,100.0,100.0,100.0,75,0.9655452473958334,54.666666666666664,98.66666666666667,100.0,100.0,100.0
L006,Abdomen,10,test/L006/Low_Dose/00000165.dcm,130.0,262144,2.367774248123169,183,1.1965672227202868,41.53005464480874,83.60655737704919,100.0,100.0,100.0,0,,,,,,,88,1.2058382901278408,42.04545454545455,79.54545454545455,100.0,100.0,100.0,95,1.1879792865953946,41.05263157894737,87.36842105263158,100.0,100.0,100.0
L006,Abdomen,11,test/L006/Low_Dose/00000050.dcm,130.0,262144,2.4099111557006836,154,1.154684487875406,41.55844155844156,83.76623376623377,100.0,100.0,100.0,0,,,,,,,72,1.1850043402777777,36.111111111111114,84.72222222222223,100.0,100.0,100.0,82,1.1280621784489329,46.34146341463415,82.92682926829268,100.0,100.0,100.0
L006,Abdomen,12,test/L006/Low_Dose/00000059.dcm,130.0,262144,2.443495750427246,142,1.2188187720070423,39.436619718309856,85.21126760563381,100.0,100.0,100.0,0,,,,,,,85,1.305954159007353,35.294117647058826,81.17647058823529,100.0,100.0,100.0,57,1.088880037006579,45.6140350877193,91.2280701754386,100.0,100.0,100.0
L006,Abdomen,13,test/L006/Low_Dose/00000124.dcm,130.0,262144,2.3776769638061523,135,1.2201199001736112,40.74074074074074,86.66666666666667,100.0,100.0,100.0,0,,,,,,,69,1.2607811084692029,39.130434782608695,84.05797101449275,100.0,100.0,100.0,66,1.1776104551373106,42.42424242424242,89.39393939393939,100.0,100.0,100.0
L006,Abdomen,14,test/L006/Low_Dose/00000188.dcm,130.0,262144,2.173640012741089,88,1.0461509011008523,51.13636363636363,97.72727272727273,100.0,100.0,100.0,0,,,,,,,53,1.0926674896816038,50.943396226415096,96.22641509433963,100.0,100.0,100.0,35,0.9757114955357142,51.42857142857143,100.0,100.0,100.0,100.0
L006,Abdomen,15,test/L006/Low_Dose/00000162.dcm,130.0,262144,2.2528738975524902,109,1.1012287664850917,43.11926605504587,89.90825688073394,100.0,100.0,100.0,0,,,,,,,58,1.1006196120689655,41.37931034482759,91.37931034482759,100.0,100.0,100.0,51,1.1019215303308822,45.09803921568628,88.23529411764706,100.0,100.0,100.0
L006,Abdomen,16,test/L006/Low_Dose/00000022.dcm,130.0,262144,2.330735206604004,70,1.182421875,44.285714285714285,82.85714285714286,100.0,100.0,100.0,0,,,,,,,34,1.2900713752297794,41.1764705882353,79.41176470588235,100.0,100.0,100.0,36,1.0807529025607638,47.22222222222222,86.11111111111111,100.0,100.0,100.0
L006,Abdomen,17,test/L006/Low_Dose/00000106.dcm,130.0,262144,2.343595027923584,85,1.1868422564338235,41.1764705882353,87.05882352941177,100.0,100.0,100.0,0,,,,,,,41,1.167703768102134,43.90243902439025,80.48780487804878,100.0,100.0,100.0,44,1.2046758478338069,38.63636363636363,93.18181818181819,100.0,100.0,100.0
L006,Abdomen,18,test/L006/Low_Dose/00000105.dcm,130.0,262144,2.4390065670013428,83,1.3343652932040662,33.734939759036145,75.90361445783132,100.0,100.0,100.0,0,,,,,,,44,1.4149641557173296,27.272727272727273,77.27272727272727,100.0,100.0,100.0,39,1.2434332431891026,41.02564102564103,74.35897435897436,100.0,100.0,100.0
L006,Abdomen,19,test/L006/Low_Dose/00000005.dcm,130.0,262144,2.4526429176330566,88,1.2503689852627842,38.63636363636363,84.0909090909091,100.0,100.0,100.0,0,,,,,,,52,1.1889578012319713,38.46153846153846,90.38461538461539,100.0,100.0,100.0,36,1.3390740288628473,38.888888888888886,75.0,100.0,100.0,100.0
L006,Abdomen,20,test/L006/Low_Dose/00000127.dcm,130.0,262144,2.591881513595581,96,1.2850405375162761,40.625,76.04166666666667,100.0,100.0,100.0,0,,,,,,,52,1.3317049466646635,44.23076923076923,73.07692307692308,100.0,100.0,100.0,44,1.2298916903409092,36.36363636363637,79.54545454545455,100.0,100.0,100.0
L006,Abdomen,21,test/L006/Low_Dose/00000130.dcm,130.0,262144,2.7877564430236816,108,1.4548057273582176,32.407407407407405,75.0,100.0,100.0,100.0,0,,,,,,,64,1.5807418823242188,23.4375,73.4375,100.0,100.0,100.0,44,1.2716258655894885,45.45454545454545,77.27272727272727,100.0,100.0,100.0
L006,Abdomen,22,test/L006/Low_Dose/00000143.dcm,130.0,262144,2.8808047771453857,105,1.382768322172619,39.04761904761905,70.47619047619048,100.0,100.0,100.0,0,,,,,,,52,1.5444852388822115,28.846153846153847,65.38461538461539,100.0,100.0,100.0,53,1.224102668042453,49.056603773584904,75.47169811320755,100.0,100.0,100.0
L006,Abdomen,23,test/L006/Low_Dose/00000126.dcm,130.0,262144,3.0460402965545654,141,1.3952593431405143,38.297872340425535,69.50354609929079,100.0,100.0,100.0,0,,,,,,,79,1.3745364418512658,40.50632911392405,69.62025316455696,100.0,100.0,100.0,62,1.421664330267137,35.483870967741936,69.35483870967742,100.0,100.0,100.0
L006,Abdomen,24,test/L006/Low_Dose/00000087.dcm,130.0,262144,3.198621988296509,99,1.4939495048137625,34.343434343434346,63.63636363636363,100.0,100.0,100.0,0,,,,,,,58,1.5369641534213363,32.758620689655174,60.3448275862069,100.0,100.0,100.0,41,1.4330995141006098,36.58536585365854,68.29268292682927,100.0,100.0,100.0
L006,Abdomen,25,test/L006/Low_Dose/00000093.dcm,130.0,262144,3.421198606491089,115,1.8561831266983695,25.217391304347824,51.30434782608695,100.0,100.0,100.0,0,,,,,,,63,1.8021356491815477,22.22222222222222,60.317460317460316,100.0,100.0,100.0,52,1.9216637244591346,28.846153846153847,40.38461538461539,100.0,100.0,100.0
L006,Abdomen,26,test/L006/Low_Dose/00000133.dcm,130.0,262144,3.4882731437683105,152,1.6438711065995066,34.21052631578947,59.21052631578947,100.0,100.0,100.0,0,,,,,,,85,1.7324563419117647,28.235294117647058,57.64705882352941,100.0,100.0,100.0,67,1.5314868528451493,41.791044776119406,61.19402985074627,100.0,100.0,100.0
L006,Abdomen,27,test/L006/Low_Dose/00000002.dcm,130.0,262144,3.696512460708618,129,1.9156853727592054,24.8062015503876,50.3875968992248,100.0,100.0,100.0,0,,,,,,,63,2.058231414310516,25.396825396825395,46.03174603174603,100.0,100.0,100.0,66,1.7796186967329546,24.242424242424242,54.54545454545455,100.0,100.0,100.0
L006,Abdomen,28,test/L006/Low_Dose/00000010.dcm,130.0,262144,3.5281617641448975,125,1.7120390625,28.0,55.2,100.0,100.0,100.0,0,,,,,,,62,1.6845309349798387,27.419354838709676,56.45161290322581,100.0,100.0,100.0,63,1.7391105530753967,28.571428571428573,53.96825396825397,100.0,100.0,100.0
L006,Abdomen,29,test/L006/Low_Dose/00000153.dcm,130.0,262144,3.643625497817993,118,1.7265118097854872,33.898305084745765,57.6271186440678,100.0,100.0,100.0,0,,,,,,,57,1.5617761444627194,38.59649122807018,63.1578947368421,100.0,100.0,100.0,61,1.8804451363985655,29.508196721311474,52.459016393442624,100.0,100.0,100.0
L006,Abdomen,30,test/L006/Low_Dose/00000201.dcm,130.0,262144,3.7736358642578125,117,1.7288088024172008,35.042735042735046,55.55555555555556,100.0,100.0,100.0,0,,,,,,,69,1.7563618093297102,30.434782608695652,53.6231884057971,100.0,100.0,100.0,48,1.6892013549804688,41.666666666666664,58.333333333333336,100.0,100.0,100.0
L006,Abdomen,31,test/L006/Low_Dose/00000114.dcm,130.0,262144,3.6521360874176025,123,2.009668365726626,23.577235772357724,47.96747967479675,100.0,100.0,100.0,0,,,,,,,71,2.19036435409331,19.718309859154928,39.436619718309856,100.0,100.0,100.0,52,1.7629488431490385,28.846153846153847,59.61538461538461,100.0,100.0,100.0
L006,Abdomen,32,test/L006/Low_Dose/00000040.dcm,130.0,262144,3.5691261291503906,120,1.749504597981771,27.5,62.5,100.0,100.0,100.0,0,,,,,,,68,1.895181094898897,20.58823529411765,58.8235294117647,100.0,100.0,100.0,52,1.5590045635516827,36.53846153846154,67.3076923076923,100.0,100.0,100.0
L006,Abdomen,33,test/L006/Low_Dose/00000096.dcm,130.0,262144,3.6099488735198975,152,1.780596281352796,26.973684210526315,57.89473684210526,100.0,100.0,100.0,0,,,,,,,87,1.9234759451329022,22.988505747126435,48.275862068965516,100.0,100.0,100.0,65,1.5893573467548077,32.30769230769231,70.76923076923077,100.0,100.0,100.0
L006,Abdomen,34,test/L006/Low_Dose/00000108.dcm,130.0,262144,3.5563416481018066,160,1.6658103942871094,28.125,60.625,100.0,100.0,100.0,0,,,,,,,86,1.6983770326126453,26.74418604651163,60.46511627906977,100.0,100.0,100.0,74,1.6279626794763513,29.72972972972973,60.810810810810814,100.0,100.0,100.0
L006,Abdomen,35,test/L006/Low_Dose/00000149.dcm,130.0,262144,3.5926742553710938,181,1.725284471037638,29.281767955801104,58.56353591160221,100.0,100.0,100.0,0,,,,,,,90,1.79176025390625,28.88888888888889,53.333333333333336,100.0,100.0,100.0,91,1.6595391912774726,29.67032967032967,63.73626373626374,100.0,100.0,100.0
L006,Abdomen,36,test/L006/Low_Dose/00000082.dcm,130.0,262144,3.621774911880493,139,1.9478469958408273,23.02158273381295,48.201438848920866,100.0,100.0,100.0,0,,,,,,,74,1.917411185599662,24.324324324324323,47.2972972972973,100.0,100.0,100.0,65,1.9824969951923077,21.53846153846154,49.23076923076923,100.0,100.0,100.0
L006,Abdomen,37,test/L006/Low_Dose/00000179.dcm,130.0,262144,3.7173404693603516,152,1.722783138877467,31.57894736842105,57.23684210526316,100.0,100.0,100.0,0,,,,,,,90,1.761911349826389,31.11111111111111,53.333333333333336,100.0,100.0,100.0,62,1.665984122983871,32.25806451612903,62.903225806451616,100.0,100.0,100.0
L006,Abdomen,38,test/L006/Low_Dose/00000068.dcm,130.0,262144,3.729835271835327,142,1.8144488267495598,26.056338028169016,58.45070422535211,100.0,100.0,100.0,0,,,,,,,76,1.8574636358963816,23.68421052631579,56.578947368421055,100.0,100.0,100.0,66,1.7649166222774622,28.78787878787879,60.60606060606061,100.0,100.0,100.0
L006,Abdomen,39,test/L006/Low_Dose/00000053.dcm,130.0,262144,3.7963578701019287,157,1.754337772442277,33.75796178343949,60.50955414012739,100.0,100.0,100.0,0,,,,,,,88,1.710359053178267,35.22727272727273,62.5,100.0,100.0,100.0,69,1.8104265738224639,31.884057971014492,57.971014492753625,100.0,100.0,100.0
L006,Abdomen,40,test/L006/Low_Dose/00000115.dcm,130.0,262144,3.90504789352417,196,2.0018098792251275,22.448979591836736,51.53061224489796,100.0,100.0,100.0,0,,,,,,,101,2.150559831373762,16.831683168316832,42.57425742574257,100.0,100.0,100.0,95,1.8436651932565788,28.42105263157895,61.05263157894737,100.0,100.0,100.0
L006,Abdomen,41,test/L006/Low_Dose/00000134.dcm,130.0,262144,3.8529105186462402,172,1.8361915765806687,24.41860465116279,56.395348837209305,100.0,100.0,100.0,0,,,,,,,77,1.9407990690949675,23.376623376623378,53.246753246753244,100.0,100.0,100.0,95,1.751404451069079,25.263157894736842,58.94736842105263,100.0,100.0,100.0
L006,Abdomen,42,test/L006/Low_Dose/00000035.dcm,130.0,262144,3.8028814792633057,207,1.8517299781099035,26.570048309178745,53.14009661835749,100.0,100.0,100.0,0,,,,,,,91,1.943709488753434,24.175824175824175,48.35164835164835,100.0,100.0,100.0,116,1.7795736378636853,28.448275862068964,56.89655172413793,100.0,100.0,100.0
L006,Abdomen,43,test/L006/Low_Dose/00000052.dcm,130.0,262144,3.856109857559204,196,2.0452320332429847,20.918367346938776,44.89795918367347,100.0,100.0,100.0,0,,,,,,,90,2.122173394097222,20.0,38.888888888888886,100.0,100.0,100.0,106,1.979904462706368,21.69811320754717,50.0,100.0,100.0,100.0
L006,Abdomen,44,test/L006/Low_Dose/00000060.dcm,130.0,262144,3.781449556350708,162,1.852983639564043,27.77777777777778,54.32098765432099,100.0,100.0,100.0,0,,,,,,,96,1.9105847676595051,30.208333333333332,50.0,100.0,100.0,100.0,66,1.7692001805160984,24.242424242424242,60.60606060606061,100.0,100.0,100.0
L006,Abdomen,45,test/L006/Low_Dose/00000139.dcm,130.0,262144,3.756226062774658,166,1.7659331172345631,30.120481927710845,57.2289156626506,100.0,100.0,100.0,0,,,,,,,95,1.943347810444079,23.157894736842106,52.63157894736842,100.0,100.0,100.0,71,1.5285472601232395,39.436619718309856,63.38028169014085,100.0,100.0,100.0
L006,Abdomen,46,test/L006/Low_Dose/00000018.dcm,130.0,262144,3.765695333480835,144,1.88401370578342,29.166666666666668,52.083333333333336,100.0,100.0,100.0,0,,,,,,,75,1.8950602213541667,25.333333333333332,52.0,100.0,100.0,100.0,69,1.8720066236413044,33.333333333333336,52.17391304347826,100.0,100.0,100.0
L006,Abdomen,47,test/L006/Low_Dose/00000171.dcm,130.0,262144,3.944287061691284,131,2.0239844868201335,28.244274809160306,45.80152671755725,100.0,100.0,100.0,0,,,,,,,78,2.13228509364984,25.641025641025642,37.17948717948718,100.0,100.0,100.0,53,1.8645986880896226,32.075471698113205,58.490566037735846,100.0,100.0,100.0
L006,Abdomen,48,test/L006/Low_Dose/00000186.dcm,130.0,262144,3.891350746154785,210,1.8424961635044643,27.61904761904762,56.19047619047619,100.0,100.0,100.0,0,,,,,,,100,1.958134765625,23.0,51.0,100.0,100.0,100.0,110,1.7373701615767045,31.818181818181817,60.90909090909091,100.0,100.0,100.0
L006,Abdomen,49,test/L006/Low_Dose/00000174.dcm,130.0,262144,3.8130176067352295,226,1.9364305344303097,26.548672566371682,49.557522123893804,100.0,100.0,100.0,0,,,,,,,120,1.9799906412760417,22.5,50.0,100.0,100.0,100.0,106,1.8871172059257075,31.132075471698112,49.056603773584904,100.0,100.0,100.0
L006,Abdomen,50,test/L006/Low_Dose/00000062.dcm,130.0,262144,3.871915817260742,206,1.9174016563637744,23.300970873786408,51.45631067961165,100.0,100.0,100.0,0,,,,,,,95,1.895055509868421,21.05263157894737,52.63157894736842,100.0,100.0,100.0,111,1.936526736697635,25.225225225225227,50.450450450450454,100.0,100.0,100.0
L006,Abdomen,51,test/L006/Low_Dose/00000080.dcm,130.0,262144,3.923818349838257,247,1.866794601625759,26.720647773279353,53.84615384615385,100.0,100.0,100.0,0,,,,,,,115,1.8948454483695651,26.08695652173913,51.30434782608695,100.0,100.0,100.0,132,1.8423563639322917,27.272727272727273,56.06060606060606,100.0,100.0,100.0
L006,Abdomen,52,test/L006/Low_Dose/00000057.dcm,130.0,262144,3.809086561203003,264,1.9067220976858428,26.515151515151516,53.03030303030303,100.0,100.0,100.0,0,,,,,,,124,1.9473355200982863,23.387096774193548,50.806451612903224,100.0,100.0,100.0,140,1.8707502092633927,29.285714285714285,55.0,100.0,100.0,100.0
L006,Abdomen,53,test/L006/Low_Dose/00000204.dcm,130.0,262144,3.6226491928100586,252,1.7521309020027283,30.555555555555557,57.53968253968254,100.0,100.0,100.0,0,,,,,,,116,1.792010077114763,36.206896551724135,53.44827586206897,100.0,100.0,100.0,136,1.7181163114659928,25.735294117647058,61.029411764705884,100.0,100.0,100.0
L006,Abdomen,54,test/L006/Low_Dose/00000118.dcm,130.0,262144,3.5957260131835938,210,1.7147199358258929,31.428571428571427,59.04761904761905,100.0,100.0,100.0,0,,,,,,,110,1.8703258167613637,28.181818181818183,50.0,100.0,100.0,100.0,100,1.543553466796875,35.0,69.0,100.0,100.0,100.0
L006,Abdomen,55,test/L006/Low_Dose/00000019.dcm,130.0,262144,3.798635959625244,220,1.8988425514914773,25.454545454545453,52.72727272727273,100.0,100.0,100.0,0,,,,,,,108,1.9832164623119213,17.59259259259259,50.925925925925924,100.0,100.0,100.0,112,1.8174819946289062,33.035714285714285,54.464285714285715,100.0,100.0,100.0
L006,Abdomen,56,test/L006/Low_Dose/00000092.dcm,130.0,262144,3.787461280822754,198,1.9528722281407829,25.252525252525253,48.484848484848484,100.0,100.0,100.0,0,,,,,,,104,1.9654728816105769,25.96153846153846,45.19230769230769,100.0,100.0,100.0,94,1.9389310796210106,24.46808510638298,52.12765957446808,100.0,100.0,100.0
L006,Abdomen,57,test/L006/Low_Dose/00000074.dcm,130.0,262144,3.803558826446533,217,1.894093034454205,26.72811059907834,50.69124423963134,100.0,100.0,100.0,0,,,,,,,132,1.9489894057765151,25.0,48.484848484848484,100.0,100.0,100.0,85,1.8088421989889707,29.41176470588235,54.11764705882353,100.0,100.0,100.0
L006,Abdomen,58,test/L006/Low_Dose/00000012.dcm,130.0,262144,3.8951222896575928,306,1.8766830544066584,29.41176470588235,52.61437908496732,100.0,100.0,100.0,0,,,,,,,154,1.8533047762784092,28.571428571428573,53.896103896103895,100.0,100.0,100.0,152,1.9003689414576481,30.263157894736842,51.31578947368421,100.0,100.0,100.0
L006,Abdomen,59,test/L006/Low_Dose/00000145.dcm,130.0,262144,3.8860116004943848,326,1.9879068011886503,25.153374233128833,50.0,100.0,100.0,100.0,0,,,,,,,167,2.1327752210422903,19.760479041916167,44.91017964071856,100.0,100.0,100.0,159,1.835749404235456,30.81761006289308,55.34591194968554,100.0,100.0,100.0
L006,Abdomen,60,test/L006/Low_Dose/00000129.dcm,130.0,262144,4.003138542175293,341,2.0223220422470676,23.167155425219942,50.146627565982406,100.0,100.0,100.0,0,,,,,,,179,2.0627004953736034,22.3463687150838,49.16201117318436,100.0,100.0,100.0,162,1.9777063440393519,24.074074074074073,51.23456790123457,100.0,100.0,100.0
L006,Abdomen,61,test/L006/Low_Dose/00000163.dcm,130.0,262144,4.046234607696533,324,1.8901250391830633,29.012345679012345,55.55555555555556,100.0,100.0,100.0,0,,,,,,,160,1.9603713989257812,28.125,51.875,100.0,100.0,100.0,164,1.8215920052877286,29.878048780487806,59.146341463414636,100.0,100.0,100.0
L006,Abdomen,62,test/L006/Low_Dose/00000156.dcm,130.0,262144,4.081623077392578,338,2.05241908688517,23.37278106508876,46.44970414201183,100.0,100.0,100.0,0,,,,,,,182,2.1376798860319366,18.681318681318682,45.05494505494506,100.0,100.0,100.0,156,1.9529481545472755,28.846153846153847,48.07692307692308,100.0,100.0,100.0
L006,Abdomen,63,test/L006/Low_Dose/00000083.dcm,130.0,262144,4.1204400062561035,362,1.9393229616281078,25.69060773480663,53.03867403314917,100.0,100.0,100.0,0,,,,,,,212,1.9374464502874411,22.641509433962263,55.18867924528302,100.0,100.0,100.0,150,1.94197509765625,30.0,50.0,100.0,100.0,100.0
L006,Abdomen,64,test/L006/Low_Dose/00000102.dcm,130.0,262144,3.9911656379699707,294,2.0465665025775936,22.108843537414966,48.97959183673469,100.0,100.0,100.0,0,,,,,,,182,2.0921724759615383,21.428571428571427,45.604395604395606,100.0,100.0,100.0,112,1.972456795828683,23.214285714285715,54.464285714285715,100.0,100.0,100.0
L006,Abdomen,65,test/L006/Low_Dose/00000205.dcm,130.0,262144,4.149782180786133,406,1.9570336553263548,27.0935960591133,53.44827586206897,100.0,100.0,100.0,0,,,,,,,241,2.018236089049533,25.311203319502074,50.62240663900415,100.0,100.0,100.0,165,1.8676410097064393,29.696969696969695,57.57575757575758,100.0,100.0,100.0
L006,Abdomen,66,test/L006/Low_Dose/00000069.dcm,130.0,262144,4.391654014587402,463,2.230376472225972,19.65442764578834,44.49244060475162,100.0,100.0,100.0,0,,,,,,,287,2.3276303387685107,16.72473867595819,40.069686411149824,100.0,100.0,100.0,176,2.0717863603071733,24.431818181818183,51.70454545454545,100.0,100.0,100.0
L006,Abdomen,67,test/L006/Low_Dose/00000094.dcm,130.0,262144,4.56057071685791,565,2.2467008607577434,23.36283185840708,43.008849557522126,100.0,100.0,100.0,0,,,,,,,338,2.343893017289201,22.189349112426036,39.64497041420118,100.0,100.0,100.0,227,2.1019830241602424,25.110132158590307,48.01762114537445,100.0,100.0,100.0
L006,Abdomen,68,test/L006/Low_Dose/00000064.dcm,130.0,262144,4.689268112182617,488,2.2964872766713627,21.92622950819672,45.28688524590164,100.0,100.0,100.0,0,,,,,,,314,2.4419928872661227,18.78980891719745,41.71974522292994,100.0,100.0,100.0,174,2.0339081862877153,27.586206896551722,51.724137931034484,100.0,100.0,100.0
L006,Abdomen,69,test/L006/Low_Dose/00000084.dcm,130.0,262144,4.812102317810059,518,2.4231136130550195,20.656370656370655,42.084942084942085,100.0,100.0,100.0,0,,,,,,,296,2.4741565601245776,20.945945945945947,40.87837837837838,100.0,100.0,100.0,222,2.355056350295608,20.27027027027027,43.693693693693696,100.0,100.0,100.0
L006,Abdomen,70,test/L006/Low_Dose/00000178.dcm,130.0,262144,4.8416218757629395,559,2.4848807510621644,18.962432915921287,40.07155635062612,100.0,100.0,100.0,0,,,,,,,339,2.606184247672382,14.15929203539823,35.9882005899705,100.0,100.0,100.0,220,2.2979630903764203,26.363636363636363,46.36363636363637,100.0,100.0,100.0
L006,Abdomen,71,test/L006/Low_Dose/00000042.dcm,130.0,262144,4.732048034667969,525,2.3780643136160715,20.952380952380953,43.61904761904762,100.0,100.0,100.0,0,,,,,,,321,2.567537206727025,16.1993769470405,38.006230529595015,100.0,100.0,100.0,204,2.079923143573836,28.431372549019606,52.450980392156865,100.0,100.0,100.0
L006,Abdomen,72,test/L006/Low_Dose/00000148.dcm,130.0,262144,4.675889492034912,509,2.2760839555961443,24.361493123772103,45.18664047151277,100.0,100.0,100.0,0,,,,,,,309,2.3335581165301376,22.006472491909385,45.30744336569579,100.0,100.0,100.0,200,2.187286376953125,28.0,45.0,100.0,100.0,100.0
L006,Abdomen,73,test/L006/Low_Dose/00000034.dcm,130.0,262144,4.696691989898682,580,2.403253594760237,21.03448275862069,42.241379310344826,100.0,100.0,100.0,0,,,,,,,338,2.4798414241632765,20.118343195266274,39.94082840236686,100.0,100.0,100.0,242,2.296283816503099,22.31404958677686,45.45454545454545,100.0,100.0,100.0
L006,Abdomen,74,test/L006/Low_Dose/00000048.dcm,130.0,262144,4.756758689880371,531,2.354239081258828,23.163841807909606,42.3728813559322,100.0,100.0,100.0,0,,,,,,,319,2.383634465615204,22.25705329153605,41.692789968652036,100.0,100.0,100.0,212,2.3100073472508846,24.528301886792452,43.39622641509434,100.0,100.0,100.0
L006,Abdomen,75,test/L006/Low_Dose/00000209.dcm,130.0,262144,4.949159145355225,536,2.5066478216826025,18.470149253731343,41.791044776119406,100.0,100.0,100.0,0,,,,,,,308,2.53726830420556,16.883116883116884,41.883116883116884,100.0,100.0,100.0,228,2.4652833102042213,20.614035087719298,41.666666666666664,100.0,100.0,100.0
L006,Abdomen,76,test/L006/Low_Dose/00000206.dcm,130.0,262144,4.829554080963135,504,2.482754904126364,21.03174603174603,42.06349206349206,100.0,100.0,100.0,0,,,,,,,283,2.5669527626711575,19.434628975265017,39.92932862190813,100.0,100.0,100.0,221,2.3749359268947963,23.076923076923077,44.796380090497735,100.0,100.0,100.0
L006,Abdomen,77,test/L006/Low_Dose/00000184.dcm,130.0,262144,4.988086223602295,447,2.5247671652160233,19.463087248322147,39.59731543624161,100.0,100.0,100.0,0,,,,,,,272,2.641921548282399,17.279411764705884,36.76470588235294,100.0,100.0,100.0,175,2.34267578125,22.857142857142858,44.0,100.0,100.0,100.0
L006,Abdomen,78,test/L006/Low_Dose/00000049.dcm,130.0,262144,4.196571350097656,326,2.153387713286043,22.392638036809817,44.785276073619634,100.0,100.0,100.0,0,,,,,,,225,2.2320453559027778,22.22222222222222,42.22222222222222,100.0,100.0,100.0,101,1.978160291615099,22.77227722772277,50.495049504950494,100.0,100.0,100.0
L006,Abdomen,79,test/L006/Low_Dose/00000037.dcm,130.0,262144,3.7353312969207764,293,1.9731703618280716,22.866894197952217,49.829351535836174,100.0,100.0,100.0,0,,,,,,,192,2.0801308949788413,21.875,45.833333333333336,100.0,100.0,100.0,101,1.7698394473236385,24.752475247524753,57.42574257425743,100.0,100.0,100.0
L006,Abdomen,80,test/L006/Low_Dose/00000169.dcm,130.0,262144,3.5388166904449463,445,1.9371167815133428,20.89887640449438,49.662921348314605,100.0,100.0,100.0,0,,,,,,,298,1.9837593232225252,19.798657718120804,47.651006711409394,100.0,100.0,100.0,147,1.8425625132865646,23.12925170068027,53.74149659863946,100.0,100.0,100.0
L006,Abdomen,81,test/L006/Low_Dose/00000214.dcm,130.0,262144,3.4486031532287598,694,1.88006591796875,24.063400576368878,51.29682997118156,100.0,100.0,100.0,0,,,,,,,410,1.987158203125,20.0,47.31707317073171,100.0,100.0,100.0,284,1.725460858412192,29.929577464788732,57.04225352112676,100.0,100.0,100.0
L006,Abdomen,82,test/L006/Low_Dose/00000161.dcm,130.0,262144,3.554802894592285,1127,1.910138919698314,23.070097604259097,50.13309671694765,100.0,100.0,100.0,0,,,,,,,703,1.930635064289207,22.332859174964437,49.786628733997155,100.0,100.0,100.0,424,1.876156213148585,24.29245283018868,50.70754716981132,100.0,100.0,100.0
L006,Abdomen,83,test/L006/Low_Dose/00000061.dcm,130.0,262144,3.546290159225464,1011,1.9202380986878709,23.93669634025717,50.64292779426311,100.0,100.0,100.0,0,,,,,,,651,1.9722403483822966,22.427035330261138,49.155145929339476,100.0,100.0,100.0,360,1.826200697157118,26.666666666666668,53.333333333333336,100.0,100.0,100.0
L006,Abdomen,84,test/L006/Low_Dose/00000187.dcm,130.0,262144,3.035828113555908,713,1.6457134316378856,29.032258064516128,59.467040673211784,100.0,100.0,100.0,0,,,,,,,456,1.7146825957716556,26.973684210526315,55.70175438596491,100.0,100.0,100.0,257,1.5233401287390564,32.68482490272373,66.147859922179,100.0,100.0,100.0
L006,Abdomen,85,test/L006/Low_Dose/00000101.dcm,130.0,262144,2.561037540435791,535,1.348005804614486,34.57943925233645,73.64485981308411,100.0,100.0,100.0,0,,,,,,,318,1.3951558047120676,31.132075471698112,72.64150943396227,100.0,100.0,100.0,217,1.278910412766417,39.63133640552996,75.11520737327189,100.0,100.0,100.0
L006,Abdomen,86,test/L006/Low_Dose/00000007.dcm,130.0,262144,2.234710931777954,485,1.1724105992268041,40.824742268041234,87.42268041237114,100.0,100.0,100.0,0,,,,,,,283,1.20417273423697,38.16254416961131,88.33922261484099,100.0,100.0,100.0,202,1.127912162554146,44.554455445544555,86.13861386138613,100.0,100.0,100.0
L006,Abdomen,87,test/L006/Low_Dose/00000132.dcm,130.0,262144,2.0717313289642334,459,1.073261601732707,44.880174291939,98.47494553376906,100.0,100.0,100.0,0,,,,,,,272,1.1035124834846048,43.01470588235294,97.42647058823529,100.0,100.0,100.0,187,1.029260319184492,47.593582887700535,100.0,100.0,100.0,100.0
L006,Abdomen,88,test/L006/Low_Dose/00000158.dcm,130.0,262144,1.8550482988357544,428,0.9376123731381425,53.271028037383175,100.0,100.0,100.0,100.0,0,,,,,,,242,0.9088154942536157,54.95867768595041,100.0,100.0,100.0,100.0,186,0.9750792800739247,51.075268817204304,100.0,100.0,100.0,100.0
L006,Abdomen,89,test/L006/Low_Dose/00000123.dcm,130.0,262144,1.8937915563583374,470,0.97911376953125,49.787234042553195,100.0,100.0,100.0,100.0,0,,,,,,,260,1.035699932391827,44.23076923076923,100.0,100.0,100.0,100.0,210,0.9090547107514881,56.666666666666664,100.0,100.0,100.0,100.0
L006,Abdomen,90,test/L006/Low_Dose/00000119.dcm,130.0,262144,1.5005278587341309,242,0.7977814477337294,62.396694214876035,100.0,100.0,100.0,100.0,0,,,,,,,152,0.8056913677014803,61.18421052631579,100.0,100.0,100.0,100.0,90,0.7844224717881945,64.44444444444444,100.0,100.0,100.0,100.0
L006,Abdomen,91,test/L006/Low_Dose/00000172.dcm,130.0,262144,1.4031705856323242,305,0.7204837986680328,73.11475409836065,100.0,100.0,100.0,100.0,0,,,,,,,188,0.758142998877992,70.2127659574468,100.0,100.0,100.0,100.0,117,0.6599715795272436,77.77777777777777,100.0,100.0,100.0,100.0
L006,Abdomen,92,test/L006/Low_Dose/00000029.dcm,130.0,262144,1.285278081893921,294,0.6614649766156463,79.25170068027211,100.0,100.0,100.0,100.0,0,,,,,,,164,0.6842926769721799,76.21951219512195,100.0,100.0,100.0,100.0,130,0.6326669546274039,83.07692307692308,100.0,100.0,100.0,100.0
L006,Abdomen,93,test/L006/Low_Dose/00000150.dcm,130.0,262144,1.281930685043335,253,0.6074180150691699,80.23715415019763,100.0,100.0,100.0,100.0,0,,,,,,,152,0.6133711965460527,79.60526315789474,100.0,100.0,100.0,100.0,101,0.5984587716584159,81.18811881188118,100.0,100.0,100.0,100.0
L006,Abdomen,94,test/L006/Low_Dose/00000135.dcm,130.0,262144,1.0819180011749268,209,0.5382377953050239,93.30143540669856,100.0,100.0,100.0,100.0,0,,,,,,,107,0.5447404807973131,90.65420560747664,100.0,100.0,100.0,100.0,102,0.5314163507199755,96.07843137254902,100.0,100.0,100.0,100.0
L006,Abdomen,95,test/L006/Low_Dose/00000196.dcm,130.0,262144,0.991417646408081,237,0.5096487053335971,100.0,100.0,100.0,100.0,100.0,0,,,,,,,134,0.5109726635377798,100.0,100.0,100.0,100.0,100.0,103,0.5079262742718447,100.0,100.0,100.0,100.0,100.0
L006,Abdomen,96,test/L006/Low_Dose/00000208.dcm,130.0,262144,0.8394834995269775,209,0.41483580666866027,100.0,100.0,100.0,100.0,100.0,0,,,,,,,112,0.4379021780831473,100.0,100.0,100.0,100.0,100.0,97,0.38820247060244845,100.0,100.0,100.0,100.0,100.0
L006,Abdomen,97,test/L006/Low_Dose/00000078.dcm,130.0,262144,0.7443471550941467,173,0.3649845895050578,100.0,100.0,100.0,100.0,100.0,0,,,,,,,96,0.3605092366536458,100.0,100.0,100.0,100.0,100.0,77,0.37056425020292205,100.0,100.0,100.0,100.0,100.0
L006,Abdomen,98,test/L006/Low_Dose/00000137.dcm,130.0,262144,0.4962494969367981,119,0.23999741498161764,100.0,100.0,100.0,100.0,100.0,0,,,,,,,72,0.2497897677951389,100.0,100.0,100.0,100.0,100.0,47,0.22499636386303193,100.0,100.0,100.0,100.0,100.0
L006,Abdomen,99,test/L006/Low_Dose/00000122.dcm,130.0,262144,0.32780590653419495,74,0.14033467060810811,100.0,100.0,100.0,100.0,100.0,0,,,,,,,36,0.1468268500434028,100.0,100.0,100.0,100.0,100.0,38,0.13418418482730263,100.0,100.0,100.0,100.0,100.0
L006,Abdomen,100,test/L006/Low_Dose/00000168.dcm,130.0,262144,0.4970528781414032,102,0.22546865425857843,100.0,100.0,100.0,100.0,100.0,0,,,,,,,57,0.23561069421600878,100.0,100.0,100.0,100.0,100.0,45,0.2126220703125,100.0,100.0,100.0,100.0,100.0
L006,Abdomen,101,test/L006/Low_Dose/00000100.dcm,130.0,262144,0.47098860144615173,107,0.22053542092581777,100.0,100.0,100.0,100.0,100.0,0,,,,,,,61,0.23541159707991804,100.0,100.0,100.0,100.0,100.0,46,0.20080831776494565,100.0,100.0,100.0,100.0,100.0
L006,Abdomen,102,test/L006/Low_Dose/00000176.dcm,130.0,262144,0.31869664788246155,77,0.16483931107954544,100.0,100.0,100.0,100.0,100.0,0,,,,,,,37,0.16011336043074326,100.0,100.0,100.0,100.0,100.0,40,0.1692108154296875,100.0,100.0,100.0,100.0,100.0
L006,Abdomen,103,test/L006/Low_Dose/00000033.dcm,130.0,262144,0.3339477479457855,82,0.17438786204268292,100.0,100.0,100.0,100.0,100.0,0,,,,,,,44,0.1764554110440341,100.0,100.0,100.0,100.0,100.0,38,0.17199385793585525,100.0,100.0,100.0,100.0,100.0
L006,Abdomen,104,test/L006/Low_Dose/00000212.dcm,130.0,262144,0.4828769564628601,129,0.24746775072674418,100.0,100.0,100.0,100.0,100.0,0,,,,,,,67,0.2303995160914179,100.0,100.0,100.0,100.0,100.0,62,0.26591245589717744,100.0,100.0,100.0,100.0,100.0
L006,Abdomen,105,test/L006/Low_Dose/00000175.dcm,130.0,262144,0.5099422335624695,124,0.23755571919102822,100.0,100.0,100.0,100.0,100.0,0,,,,,,,69,0.24444314707880435,100.0,100.0,100.0,100.0,100.0,55,0.2289151278409091,100.0,100.0,100.0,100.0,100.0
L006,Abdomen,106,test/L006/Low_Dose/00000065.dcm,130.0,262144,0.4891781508922577,110,0.22680442116477273,100.0,100.0,100.0,100.0,100.0,0,,,,,,,64,0.2138233184814453,100.0,100.0,100.0,100.0,100.0,46,0.24486508576766305,100.0,100.0,100.0,100.0,100.0
L006,Abdomen,107,test/L006/Low_Dose/00000180.dcm,130.0,262144,0.5016246438026428,114,0.24039820620888158,100.0,100.0,100.0,100.0,100.0,0,,,,,,,76,0.2298375179893092,100.0,100.0,100.0,100.0,100.0,38,0.2615195826480263,100.0,100.0,100.0,100.0,100.0
L006,Abdomen,108,test/L006/Low_Dose/00000025.dcm,130.0,262144,0.3275321125984192,65,0.1525860126201923,100.0,100.0,100.0,100.0,100.0,0,,,,,,,33,0.16591944839015152,100.0,100.0,100.0,100.0,100.0,32,0.13883590698242188,100.0,100.0,100.0,100.0,100.0
L006,Abdomen,109,test/L006/Low_Dose/00000197.dcm,130.0,262144,0.24254196882247925,43,0.13410701308139536,100.0,100.0,100.0,100.0,100.0,0,,,,,,,26,0.14057335486778846,100.0,100.0,100.0,100.0,100.0,17,0.12421731387867647,100.0,100.0,100.0,100.0,100.0
L006,Abdomen,110,test/L006/Low_Dose/00000015.dcm,130.0,262144,0.20098285377025604,30,0.09979654947916666,100.0,100.0,100.0,100.0,100.0,0,,,,,,,18,0.10112847222222222,100.0,100.0,100.0,100.0,100.0,12,0.09779866536458333,100.0,100.0,100.0,100.0,100.0
L006,Abdomen,111,test/L006/Low_Dose/00000039.dcm,130.0,262144,0.2915271520614624,39,0.11776342147435898,100.0,100.0,100.0,100.0,100.0,0,,,,,,,21,0.09638323102678571,100.0,100.0,100.0,100.0,100.0,18,0.1427069769965278,100.0,100.0,100.0,100.0,100.0
L006,Abdomen,112,test/L006/Low_Dose/00000189.dcm,130.0,262144,0.5263057351112366,70,0.26632603236607144,100.0,100.0,100.0,100.0,100.0,0,,,,,,,42,0.2616664341517857,100.0,100.0,100.0,100.0,100.0,28,0.2733154296875,100.0,100.0,100.0,100.0,100.0
L006,Abdomen,113,test/L006/Low_Dose/00000063.dcm,130.0,262144,0.3920690715312958,67,0.19423755247201493,100.0,100.0,100.0,100.0,100.0,0,,,,,,,47,0.18707405252659576,100.0,100.0,100.0,100.0,100.0,20,0.21107177734375,100.0,100.0,100.0,100.0,100.0
L006,Abdomen,114,test/L006/Low_Dose/00000160.dcm,130.0,262144,0.25321057438850403,57,0.1045007538377193,100.0,100.0,100.0,100.0,100.0,0,,,,,,,25,0.11724609375,100.0,100.0,100.0,100.0,100.0,32,0.09454345703125,100.0,100.0,100.0,100.0,100.0
L006,Abdomen,115,test/L006/Low_Dose/00000098.dcm,130.0,262144,0.4256608784198761,55,0.1921963778409091,100.0,100.0,100.0,100.0,100.0,0,,,,,,,32,0.18590927124023438,100.0,100.0,100.0,100.0,100.0,23,0.20094365658967392,100.0,100.0,100.0,100.0,100.0
L006,Abdomen,116,test/L006/Low_Dose/00000177.dcm,130.0,262144,0.4501042664051056,46,0.2171073581861413,100.0,100.0,100.0,100.0,100.0,0,,,,,,,22,0.2099886807528409,100.0,100.0,100.0,100.0,100.0,24,0.2236328125,100.0,100.0,100.0,100.0,100.0
L006,Abdomen,117,test/L006/Low_Dose/00000056.dcm,130.0,262144,0.2678951621055603,29,0.11871127424568965,100.0,100.0,100.0,100.0,100.0,0,,,,,,,11,0.14399857954545456,100.0,100.0,100.0,100.0,100.0,18,0.10325792100694445,100.0,100.0,100.0,100.0,100.0
L006,Abdomen,118,test/L006/Low_Dose/00000041.dcm,130.0,262144,0.22342230379581451,32,0.12906646728515625,100.0,100.0,100.0,100.0,100.0,0,,,,,,,14,0.11050851004464286,100.0,100.0,100.0,100.0,100.0,18,0.1435004340277778,100.0,100.0,100.0,100.0,100.0
L006,Abdomen,119,test/L006/Low_Dose/00000107.dcm,130.0,262144,0.21678641438484192,30,0.09689534505208333,100.0,100.0,100.0,100.0,100.0,0,,,,,,,10,0.10152587890625,100.0,100.0,100.0,100.0,100.0,20,0.094580078125,100.0,100.0,100.0,100.0,100.0
L006,Abdomen,120,test/L006/Low_Dose/00000112.dcm,130.0,262144,0.2735264301300049,32,0.1204833984375,100.0,100.0,100.0,100.0,100.0,0,,,,,,,17,0.11541389016544118,100.0,100.0,100.0,100.0,100.0,15,0.12622884114583333,100.0,100.0,100.0,100.0,100.0
L006,Abdomen,121,test/L006/Low_Dose/00000045.dcm,130.0,262144,0.4537273645401001,75,0.22745768229166666,100.0,100.0,100.0,100.0,100.0,0,,,,,,,42,0.20509556361607142,100.0,100.0,100.0,100.0,100.0,33,0.2559185606060606,100.0,100.0,100.0,100.0,100.0
L006,Abdomen,122,test/L006/Low_Dose/00000185.dcm,130.0,262144,0.5977466702461243,80,0.29847564697265627,100.0,100.0,100.0,100.0,100.0,0,,,,,,,46,0.28795059867527173,100.0,100.0,100.0,100.0,100.0,34,0.31271541819852944,100.0,100.0,100.0,100.0,100.0
L006,Abdomen,123,test/L006/Low_Dose/00000086.dcm,130.0,262144,0.672191858291626,76,0.3178036338404605,100.0,100.0,100.0,100.0,100.0,0,,,,,,,41,0.3414306640625,100.0,100.0,100.0,100.0,100.0,35,0.29012625558035715,100.0,100.0,100.0,100.0,100.0
L006,Abdomen,124,test/L006/Low_Dose/00000028.dcm,130.0,262144,0.9344460964202881,74,0.46342839421452703,100.0,100.0,100.0,100.0,100.0,0,,,,,,,45,0.4263671875,100.0,100.0,100.0,100.0,100.0,29,0.5209371632543104,100.0,100.0,100.0,100.0,100.0
L006,Abdomen,125,test/L006/Low_Dose/00000046.dcm,130.0,262144,0.5589316487312317,48,0.30391693115234375,100.0,100.0,100.0,100.0,100.0,0,,,,,,,25,0.3007373046875,100.0,100.0,100.0,100.0,100.0,23,0.307373046875,100.0,100.0,100.0,100.0,100.0
L006,Abdomen,126,test/L006/Low_Dose/00000104.dcm,130.0,262144,0.4354628026485443,38,0.18395674856085525,100.0,100.0,100.0,100.0,100.0,0,,,,,,,24,0.21892801920572916,100.0,100.0,100.0,100.0,100.0,14,0.12400599888392858,100.0,100.0,100.0,100.0,100.0
L006,Abdomen,127,test/L006/Low_Dose/00000095.dcm,130.0,262144,0.6762849688529968,52,0.3536376953125,100.0,100.0,100.0,100.0,100.0,0,,,,,,,30,0.36202799479166664,100.0,100.0,100.0,100.0,100.0,22,0.3421963778409091,100.0,100.0,100.0,100.0,100.0
L006,Abdomen,128,test/L006/Low_Dose/00000113.dcm,130.0,262144,0.7161988019943237,43,0.3966405114462209,100.0,100.0,100.0,100.0,100.0,0,,,,,,,29,0.40375387257543105,100.0,100.0,100.0,100.0,100.0,14,0.3819056919642857,100.0,100.0,100.0,100.0,100.0
L006,Abdomen,129,test/L006/Low_Dose/00000090.dcm,130.0,262144,0.8612813949584961,64,0.4225196838378906,100.0,100.0,100.0,100.0,100.0,0,,,,,,,38,0.44028513055098684,100.0,100.0,100.0,100.0,100.0,26,0.39655480018028844,100.0,100.0,100.0,100.0,100.0
L006,Abdomen,130,test/L006/Low_Dose/00000051.dcm,130.0,262144,1.0285098552703857,109,0.4664351437069954,98.1651376146789,100.0,100.0,100.0,100.0,0,,,,,,,54,0.4422743055555556,96.29629629629629,100.0,100.0,100.0,100.0,55,0.49015669389204547,100.0,100.0,100.0,100.0,100.0
L006,Abdomen,131,test/L006/Low_Dose/00000006.dcm,130.0,262144,0.9999079704284668,52,0.5408372145432693,98.07692307692308,100.0,100.0,100.0,100.0,0,,,,,,,24,0.4920552571614583,100.0,100.0,100.0,100.0,100.0,28,0.5826503208705357,96.42857142857143,100.0,100.0,100.0,100.0
L006,Abdomen,132,test/L006/Low_Dose/00000014.dcm,130.0,262144,0.830978512763977,52,0.42543851412259615,100.0,100.0,100.0,100.0,100.0,0,,,,,,,28,0.40728759765625,100.0,100.0,100.0,100.0,100.0,24,0.4466145833333333,100.0,100.0,100.0,100.0,100.0
L006,Abdomen,133,test/L006/Low_Dose/00000190.dcm,130.0,262144,0.6509713530540466,46,0.29146675441576086,100.0,100.0,100.0,100.0,100.0,0,,,,,,,23,0.25602921195652173,100.0,100.0,100.0,100.0,100.0,23,0.326904296875,100.0,100.0,100.0,100.0,100.0
L006,Abdomen,134,test/L006/Low_Dose/00000066.dcm,130.0,262144,0.8838884830474854,47,0.47178357712765956,100.0,100.0,100.0,100.0,100.0,0,,,,,,,28,0.452667236328125,100.0,100.0,100.0,100.0,100.0,19,0.4999550267269737,100.0,100.0,100.0,100.0,100.0
L006,Abdomen,135,test/L006/Low_Dose/00000103.dcm,130.0,262144,0.87493497133255,23,0.4427596382472826,100.0,100.0,100.0,100.0,100.0,0,,,,,,,10,0.51055908203125,100.0,100.0,100.0,100.0,100.0,13,0.3906062199519231,100.0,100.0,100.0,100.0,100.0
L006,Abdomen,136,test/L006/Low_Dose/00000131.dcm,130.0,262144,0.8961578607559204,35,0.43056640625,100.0,100.0,100.0,100.0,100.0,0,,,,,,,19,0.4849725020559211,100.0,100.0,100.0,100.0,100.0,16,0.36595916748046875,100.0,100.0,100.0,100.0,100.0
L006,Abdomen,137,test/L006/Low_Dose/00000152.dcm,130.0,262144,0.7921643257141113,39,0.422607421875,100.0,100.0,100.0,100.0,100.0,0,,,,,,,21,0.4298211960565476,100.0,100.0,100.0,100.0,100.0,18,0.4141913519965278,100.0,100.0,100.0,100.0,100.0
L006,Abdomen,138,test/L006/Low_Dose/00000128.dcm,130.0,262144,0.7907277941703796,40,0.394329833984375,100.0,100.0,100.0,100.0,100.0,0,,,,,,,18,0.3909030490451389,100.0,100.0,100.0,100.0,100.0,22,0.3971335671164773,100.0,100.0,100.0,100.0,100.0
L006,Abdomen,139,test/L006/Low_Dose/00000154.dcm,130.0,262144,0.9861013889312744,48,0.5698979695638021,100.0,100.0,100.0,100.0,100.0,0,,,,,,,30,0.5907267252604167,100.0,100.0,100.0,100.0,100.0,18,0.5351833767361112,100.0,100.0,100.0,100.0,100.0
L006,Abdomen,140,test/L006/Low_Dose/00000020.dcm,130.0,262144,1.4239277839660645,66,0.7097833806818182,69.6969696969697,100.0,100.0,100.0,100.0,0,,,,,,,26,0.6538179837740384,76.92307692307692,100.0,100.0,100.0,100.0,40,0.746160888671875,65.0,100.0,100.0,100.0,100.0
L006,Abdomen,141,test/L006/Low_Dose/00000008.dcm,130.0,262144,1.3838804960250854,96,0.6580301920572916,71.875,100.0,100.0,100.0,100.0,0,,,,,,,48,0.7060292561848959,66.66666666666667,100.0,100.0,100.0,100.0,48,0.6100311279296875,77.08333333333333,100.0,100.0,100.0,100.0
L006,Abdomen,142,test/L006/Low_Dose/00000121.dcm,130.0,262144,1.460642695426941,101,0.7298451036509901,71.2871287128713,100.0,100.0,100.0,100.0,0,,,,,,,63,0.7139834449404762,71.42857142857143,100.0,100.0,100.0,100.0,38,0.7561420641447368,71.05263157894737,100.0,100.0,100.0,100.0
L006,Abdomen,143,test/L006/Low_Dose/00000200.dcm,130.0,262144,1.6423429250717163,122,0.7719086193647541,64.75409836065573,100.0,100.0,100.0,100.0,0,,,,,,,67,0.7442973122667911,65.67164179104478,100.0,100.0,100.0,100.0,55,0.8055442116477273,63.63636363636363,100.0,100.0,100.0,100.0
L006,Abdomen,144,test/L006/Low_Dose/00000211.dcm,130.0,262144,1.6124001741409302,106,0.8148987968012972,59.43396226415094,100.0,100.0,100.0,100.0,0,,,,,,,47,0.8457810422207447,57.4468085106383,100.0,100.0,100.0,100.0,59,0.7902976860434322,61.016949152542374,100.0,100.0,100.0,100.0
L006,Abdomen,145,test/L006/Low_Dose/00000191.dcm,130.0,262144,1.5736379623413086,85,0.7912813074448529,58.8235294117647,100.0,100.0,100.0,100.0,0,,,,,,,48,0.8281834920247396,56.25,100.0,100.0,100.0,100.0,37,0.743408203125,62.16216216216216,100.0,100.0,100.0,100.0
L006,Abdomen,146,test/L006/Low_Dose/00000097.dcm,130.0,262144,1.475819706916809,91,0.7486303979223901,69.23076923076923,100.0,100.0,100.0,100.0,0,,,,,,,51,0.7276036879595589,70.58823529411765,100.0,100.0,100.0,100.0,40,0.775439453125,67.5,100.0,100.0,100.0,100.0
L006,Abdomen,147,test/L006/Low_Dose/00000027.dcm,130.0,262144,1.680623173713684,122,0.8448526351178278,57.377049180327866,100.0,100.0,100.0,100.0,0,,,,,,,54,0.9409586588541666,51.851851851851855,100.0,100.0,100.0,100.0,68,0.7685331456801471,61.76470588235294,100.0,100.0,100.0,100.0
L006,Abdomen,148,test/L006/Low_Dose/00000055.dcm,130.0,262144,1.6379371881484985,121,0.7759989588713843,63.63636363636363,100.0,100.0,100.0,100.0,0,,,,,,,69,0.7928095278532609,63.768115942028984,100.0,100.0,100.0,100.0,52,0.753692626953125,63.46153846153846,100.0,100.0,100.0,100.0
L006,Abdomen,149,test/L006/Low_Dose/00000067.dcm,130.0,262144,1.6952241659164429,147,0.872306979432398,59.183673469387756,100.0,100.0,100.0,100.0,0,,,,,,,84,0.9067281087239584,53.57142857142857,100.0,100.0,100.0,100.0,63,0.8264121403769841,66.66666666666667,100.0,100.0,100.0,100.0
L006,Abdomen,150,test/L006/Low_Dose/00000110.dcm,130.0,262144,1.7629624605178833,133,0.8838404605263158,55.6390977443609,100.0,100.0,100.0,100.0,0,,,,,,,70,0.8513323102678572,61.42857142857143,100.0,100.0,100.0,100.0,63,0.9199606274801587,49.20634920634921,100.0,100.0,100.0,100.0
L006,Abdomen,151,test/L006/Low_Dose/00000194.dcm,130.0,262144,1.5713986158370972,121,0.7680149551265496,62.8099173553719,100.0,100.0,100.0,100.0,0,,,,,,,61,0.7813440541752049,60.65573770491803,100.0,100.0,100.0,100.0,60,0.7544637044270833,65.0,100.0,100.0,100.0,100.0
L006,Abdomen,152,test/L006/Low_Dose/00000144.dcm,130.0,262144,1.4078102111816406,109,0.6977091098050459,68.80733944954129,100.0,100.0,100.0,100.0,0,,,,,,,54,0.6820317021122685,68.51851851851852,100.0,100.0,100.0,100.0,55,0.7131014737215909,69.0909090909091,100.0,100.0,100.0,100.0
L006,Abdomen,153,test/L006/Low_Dose/00000116.dcm,130.0,262144,1.5380362272262573,104,0.7859860933743991,67.3076923076923,100.0,100.0,100.0,100.0,0,,,,,,,62,0.8396763955393145,59.67741935483871,100.0,100.0,100.0,100.0,42,0.7067289806547619,78.57142857142857,100.0,100.0,100.0,100.0
L006,Abdomen,154,test/L006/Low_Dose/00000203.dcm,130.0,262144,1.3902837038040161,112,0.6580636160714286,77.67857142857143,100.0,100.0,100.0,100.0,0,,,,,,,51,0.6662047143075981,74.50980392156863,100.0,100.0,100.0,100.0,61,0.6512571241034836,80.32786885245902,100.0,100.0,100.0,100.0
L006,Abdomen,155,test/L006/Low_Dose/00000073.dcm,130.0,262144,1.4430603981018066,105,0.7029064360119047,73.33333333333333,100.0,100.0,100.0,100.0,0,,,,,,,43,0.7635157385537791,72.09302325581395,100.0,100.0,100.0,100.0,62,0.6608709519909274,74.19354838709677,100.0,100.0,100.0,100.0
L006,Abdomen,156,test/L006/Low_Dose/00000155.dcm,130.0,262144,1.727548599243164,171,0.8784172548885234,57.30994152046784,100.0,100.0,100.0,100.0,0,,,,,,,88,0.9177911931818182,52.27272727272727,100.0,100.0,100.0,100.0,83,0.8366713926016566,62.65060240963855,100.0,100.0,100.0,100.0
L006,Abdomen,157,test/L006/Low_Dose/00000181.dcm,130.0,262144,1.6362415552139282,145,0.8697307718211207,55.172413793103445,100.0,100.0,100.0,100.0,0,,,,,,,70,0.8982753208705357,50.0,100.0,100.0,100.0,100.0,75,0.8430891927083334,60.0,100.0,100.0,100.0,100.0
L006,Abdomen,158,test/L006/Low_Dose/00000009.dcm,130.0,262144,1.5604735612869263,123,0.7097951997586383,65.85365853658537,100.0,100.0,100.0,100.0,0,,,,,,,60,0.682977294921875,68.33333333333333,100.0,100.0,100.0,100.0,63,0.7353360615079365,63.492063492063494,100.0,100.0,100.0,100.0
L006,Abdomen,159,test/L006/Low_Dose/00000071.dcm,130.0,262144,1.784806728363037,138,0.8811256298120471,56.52173913043478,100.0,100.0,100.0,100.0,0,,,,,,,80,0.8921630859375,55.0,100.0,100.0,100.0,100.0,58,0.8659015523976293,58.62068965517241,100.0,100.0,100.0,100.0
L006,Abdomen,160,test/L006/Low_Dose/00000215.dcm,130.0,262144,2.1379473209381104,171,0.9711871230811403,53.21637426900585,97.07602339181287,100.0,100.0,100.0,0,,,,,,,101,0.9511054010674505,56.43564356435643,96.03960396039604,100.0,100.0,100.0,70,1.0001621791294644,48.57142857142857,98.57142857142857,100.0,100.0,100.0
L006,Abdomen,161,test/L006/Low_Dose/00000001.dcm,130.0,262144,2.4305384159088135,207,1.1881799375377415,41.06280193236715,86.47342995169082,100.0,100.0,100.0,0,,,,,,,102,1.154879700903799,45.09803921568628,85.29411764705883,100.0,100.0,100.0,105,1.2205287388392858,37.142857142857146,87.61904761904762,100.0,100.0,100.0
L006,Abdomen,162,test/L006/Low_Dose/00000147.dcm,130.0,262144,2.354837417602539,188,1.198476588472407,41.48936170212766,86.17021276595744,100.0,100.0,100.0,0,,,,,,,93,1.2231195921538978,38.70967741935484,87.09677419354838,100.0,100.0,100.0,95,1.174352384868421,44.21052631578947,85.26315789473684,100.0,100.0,100.0
L006,Abdomen,163,test/L006/Low_Dose/00000076.dcm,130.0,262144,2.0506091117858887,182,0.9997592129550137,50.0,100.0,100.0,100.0,100.0,0,,,,,,,87,0.9633704876077587,47.12643678160919,100.0,100.0,100.0,100.0,95,1.0330836245888158,52.63157894736842,100.0,100.0,100.0,100.0
L006,Abdomen,164,test/L006/Low_Dose/00000120.dcm,130.0,262144,2.05757737159729,173,1.000985735413656,47.97687861271676,100.0,100.0,100.0,100.0,0,,,,,,,80,1.0344833374023437,43.75,100.0,100.0,100.0,100.0,93,0.9721705939180108,51.61290322580645,100.0,100.0,100.0,100.0
L006,Abdomen,165,test/L006/Low_Dose/00000202.dcm,130.0,262144,2.1467206478118896,194,1.0237105851320876,50.51546391752577,97.42268041237114,100.0,100.0,100.0,0,,,,,,,80,1.0603546142578124,50.0,96.25,100.0,100.0,100.0,114,0.9979954769736842,50.87719298245614,98.24561403508773,100.0,100.0,100.0
L006,Abdomen,166,test/L006/Low_Dose/00000031.dcm,130.0,262144,2.00101375579834,156,0.9355179224258814,50.64102564102564,100.0,100.0,100.0,100.0,0,,,,,,,88,0.9722872647372159,45.45454545454545,100.0,100.0,100.0,100.0,68,0.8879340676700368,57.35294117647059,100.0,100.0,100.0,100.0
L006,Abdomen,167,test/L006/Low_Dose/00000142.dcm,130.0,262144,2.0457534790039062,137,0.883837177805657,59.85401459854015,100.0,100.0,100.0,100.0,0,,,,,,,63,0.767822265625,66.66666666666667,100.0,100.0,100.0,100.0,74,0.9826066300675675,54.054054054054056,100.0,100.0,100.0,100.0
L006,Abdomen,168,test/L006/Low_Dose/00000089.dcm,130.0,262144,1.9942857027053833,123,1.0754444153328253,45.52845528455285,100.0,100.0,100.0,100.0,0,,,,,,,71,1.035127021897007,47.88732394366197,100.0,100.0,100.0,100.0,52,1.1304931640625,42.30769230769231,100.0,100.0,100.0,100.0
L006,Abdomen,169,test/L006/Low_Dose/00000198.dcm,130.0,262144,1.9178316593170166,155,1.0046276461693548,49.67741935483871,100.0,100.0,100.0,100.0,0,,,,,,,80,0.9108230590820312,61.25,100.0,100.0,100.0,100.0,75,1.1046858723958333,37.333333333333336,100.0,100.0,100.0,100.0
L006,Abdomen,170,test/L006/Low_Dose/00000077.dcm,130.0,262144,1.7486250400543213,100,0.9137109375,49.0,100.0,100.0,100.0,100.0,0,,,,,,,52,0.9232623760516827,50.0,100.0,100.0,100.0,100.0,48,0.9033635457356771,47.916666666666664,100.0,100.0,100.0,100.0
L006,Abdomen,171,test/L006/Low_Dose/00000164.dcm,130.0,262144,1.5858861207962036,85,0.6561207490808824,77.6470588235294,100.0,100.0,100.0,100.0,0,,,,,,,42,0.7072666713169643,73.80952380952381,100.0,100.0,100.0,100.0,43,0.6061642668968024,81.3953488372093,100.0,100.0,100.0,100.0
L006,Abdomen,172,test/L006/Low_Dose/00000038.dcm,130.0,262144,1.293785572052002,78,0.6453575721153846,79.48717948717949,100.0,100.0,100.0,100.0,0,,,,,,,36,0.5936821831597222,80.55555555555556,100.0,100.0,100.0,100.0,42,0.6896507626488095,78.57142857142857,100.0,100.0,100.0,100.0
L006,Abdomen,173,test/L006/Low_Dose/00000013.dcm,130.0,262144,1.1532721519470215,79,0.49188309681566456,91.13924050632912,100.0,100.0,100.0,100.0,0,,,,,,,39,0.4786564753605769,89.74358974358974,100.0,100.0,100.0,100.0,40,0.504779052734375,92.5,100.0,100.0,100.0,100.0
L006,Abdomen,174,test/L006/Low_Dose/00000030.dcm,130.0,262144,0.9680911898612976,68,0.5182854147518382,100.0,100.0,100.0,100.0,100.0,0,,,,,,,32,0.5178565979003906,100.0,100.0,100.0,100.0,100.0,36,0.5186665852864584,100.0,100.0,100.0,100.0,100.0
L006,Abdomen,175,test/L006/Low_Dose/00000195.dcm,130.0,262144,0.846841037273407,72,0.3909250895182292,100.0,100.0,100.0,100.0,100.0,0,,,,,,,35,0.37698451450892856,100.0,100.0,100.0,100.0,100.0,37,0.40411211993243246,100.0,100.0,100.0,100.0,100.0
L006,Abdomen,176,test/L006/Low_Dose/00000070.dcm,130.0,262144,0.8899607062339783,71,0.4237937389964789,100.0,100.0,100.0,100.0,100.0,0,,,,,,,41,0.3837324933307927,100.0,100.0,100.0,100.0,100.0,30,0.47854410807291664,100.0,100.0,100.0,100.0,100.0
L006,Abdomen,177,test/L006/Low_Dose/00000004.dcm,130.0,262144,0.7813693881034851,41,0.3614204220655488,100.0,100.0,100.0,100.0,100.0,0,,,,,,,19,0.36935264185855265,100.0,100.0,100.0,100.0,100.0,22,0.35456986860795453,100.0,100.0,100.0,100.0,100.0
L006,Abdomen,178,test/L006/Low_Dose/00000043.dcm,130.0,262144,0.5705127716064453,44,0.29027210582386365,100.0,100.0,100.0,100.0,100.0,0,,,,,,,16,0.29430389404296875,100.0,100.0,100.0,100.0,100.0,28,0.28796822684151785,100.0,100.0,100.0,100.0,100.0
L006,Abdomen,179,test/L006/Low_Dose/00000047.dcm,130.0,262144,0.5297849178314209,32,0.3046455383300781,100.0,100.0,100.0,100.0,100.0,0,,,,,,,15,0.2598958333333333,100.0,100.0,100.0,100.0,100.0,17,0.3441305721507353,100.0,100.0,100.0,100.0,100.0
L006,Abdomen,180,test/L006/Low_Dose/00000193.dcm,130.0,262144,0.3936830759048462,40,0.1986175537109375,100.0,100.0,100.0,100.0,100.0,0,,,,,,,22,0.21286843039772727,100.0,100.0,100.0,100.0,100.0,18,0.18119981553819445,100.0,100.0,100.0,100.0,100.0
L006,Abdomen,181,test/L006/Low_Dose/00000091.dcm,130.0,262144,0.12286359071731567,13,0.060396634615384616,100.0,100.0,100.0,100.0,100.0,0,,,,,,,3,0.0784912109375,100.0,100.0,100.0,100.0,100.0,10,0.05496826171875,100.0,100.0,100.0,100.0,100.0
L006,Abdomen,182,test/L006/Low_Dose/00000085.dcm,130.0,262144,-0.02104872837662697,0,,,,,,,4,0.0089111328125,100.0,100.0,100.0,100.0,100.0,2,0.01123046875,100.0,100.0,100.0,100.0,100.0,2,0.006591796875,100.0,100.0,100.0,100.0,100.0
L006,Abdomen,183,test/L006/Low_Dose/00000199.dcm,130.0,262144,-0.03585609793663025,0,,,,,,,3,0.018717447916666668,100.0,100.0,100.0,100.0,100.0,2,0.02081298828125,100.0,100.0,100.0,100.0,100.0,1,0.0145263671875,100.0,100.0,100.0,100.0,100.0
L006,Abdomen,184,test/L006/Low_Dose/00000032.dcm,130.0,262144,-0.2854507267475128,0,,,,,,,17,0.13877240349264705,100.0,100.0,100.0,100.0,100.0,12,0.16151936848958334,100.0,100.0,100.0,100.0,100.0,5,0.0841796875,100.0,100.0,100.0,100.0,100.0
L006,Abdomen,185,test/L006/Low_Dose/00000099.dcm,130.0,262144,-0.4728013575077057,0,,,,,,,17,0.23603372012867646,100.0,100.0,100.0,100.0,100.0,10,0.2612548828125,100.0,100.0,100.0,100.0,100.0,7,0.20000348772321427,100.0,100.0,100.0,100.0,100.0
L006,Abdomen,186,test/L006/Low_Dose/00000183.dcm,130.0,262144,-0.5276769995689392,0,,,,,,,22,0.2744362571022727,100.0,100.0,100.0,100.0,100.0,8,0.3458099365234375,100.0,100.0,100.0,100.0,100.0,14,0.23365129743303573,100.0,100.0,100.0,100.0,100.0
L006,Abdomen,187,test/L006/Low_Dose/00000159.dcm,130.0,262144,-0.5458877682685852,0,,,,,,,19,0.3113049958881579,100.0,100.0,100.0,100.0,100.0,14,0.3351353236607143,100.0,100.0,100.0,100.0,100.0,5,0.244580078125,100.0,100.0,100.0,100.0,100.0
L006,Abdomen,188,test/L006/Low_Dose/00000088.dcm,130.0,262144,-0.5425860285758972,0,,,,,,,22,0.2670842950994318,100.0,100.0,100.0,100.0,100.0,14,0.249755859375,100.0,100.0,100.0,100.0,100.0,8,0.2974090576171875,100.0,100.0,100.0,100.0,100.0
L006,Abdomen,189,test/L006/Low_Dose/00000166.dcm,130.0,262144,-0.5411351323127747,0,,,,,,,30,0.26260579427083336,100.0,100.0,100.0,100.0,100.0,13,0.24843186598557693,100.0,100.0,100.0,100.0,100.0,17,0.27344468060661764,100.0,100.0,100.0,100.0,100.0
L006,Abdomen,190,test/L006/Low_Dose/00000210.dcm,130.0,262144,-0.3484441936016083,0,,,,,,,18,0.1329006618923611,100.0,100.0,100.0,100.0,100.0,8,0.1426849365234375,100.0,100.0,100.0,100.0,100.0,10,0.1250732421875,100.0,100.0,100.0,100.0,100.0
L006,Abdomen,191,test/L006/Low_Dose/00000140.dcm,130.0,262144,-0.04521425813436508,0,,,,,,,1,0.0074462890625,100.0,100.0,100.0,100.0,100.0,1,0.0074462890625,100.0,100.0,100.0,100.0,100.0,0,,,,,,
L006,Abdomen,192,test/L006/Low_Dose/00000024.dcm,130.0,262144,-0.0716211125254631,0,,,,,,,2,0.0234375,100.0,100.0,100.0,100.0,100.0,2,0.0234375,100.0,100.0,100.0,100.0,100.0,0,,,,,,
L006,Abdomen,193,test/L006/Low_Dose/00000109.dcm,130.0,262144,-0.306285560131073,0,,,,,,,12,0.13751220703125,100.0,100.0,100.0,100.0,100.0,4,0.0653076171875,100.0,100.0,100.0,100.0,100.0,8,0.173614501953125,100.0,100.0,100.0,100.0,100.0
L006,Abdomen,194,test/L006/Low_Dose/00000021.dcm,130.0,262144,-0.5670645833015442,0,,,,,,,28,0.26248604910714285,100.0,100.0,100.0,100.0,100.0,15,0.25343424479166665,100.0,100.0,100.0,100.0,100.0,13,0.2729304387019231,100.0,100.0,100.0,100.0,100.0
L006,Abdomen,195,test/L006/Low_Dose/00000081.dcm,130.0,262144,-0.6225570440292358,0,,,,,,,29,0.3106773639547414,100.0,100.0,100.0,100.0,100.0,18,0.2710706922743056,100.0,100.0,100.0,100.0,100.0,11,0.37548828125,100.0,100.0,100.0,100.0,100.0
L006,Abdomen,196,test/L006/Low_Dose/00000016.dcm,130.0,262144,-0.5508677363395691,0,,,,,,,22,0.27024702592329547,100.0,100.0,100.0,100.0,100.0,11,0.2965642755681818,100.0,100.0,100.0,100.0,100.0,11,0.2439297762784091,100.0,100.0,100.0,100.0,100.0
L006,Abdomen,197,test/L006/Low_Dose/00000146.dcm,130.0,262144,-0.34131914377212524,0,,,,,,,13,0.2056603064903846,100.0,100.0,100.0,100.0,100.0,7,0.22272600446428573,100.0,100.0,100.0,100.0,100.0,6,0.18575032552083334,100.0,100.0,100.0,100.0,100.0
L006,Abdomen,198,test/L006/Low_Dose/00000054.dcm,130.0,262144,-0.22446976602077484,0,,,,,,,8,0.091552734375,100.0,100.0,100.0,100.0,100.0,3,0.092529296875,100.0,100.0,100.0,100.0,100.0,5,0.090966796875,100.0,100.0,100.0,100.0,100.0
L006,Abdomen,199,test/L006/Low_Dose/00000192.dcm,130.0,262144,-0.2452915608882904,0,,,,,,,11,0.06675026633522728,100.0,100.0,100.0,100.0,100.0,3,0.045939127604166664,100.0,100.0,100.0,100.0,100.0,8,0.074554443359375,100.0,100.0,100.0,100.0,100.0
L006,Abdomen,200,test/L006/Low_Dose/00000173.dcm,130.0,262144,-0.1953432410955429,0,,,,,,,7,0.10297502790178571,100.0,100.0,100.0,100.0,100.0,2,0.06329345703125,100.0,100.0,100.0,100.0,100.0,5,0.11884765625,100.0,100.0,100.0,100.0,100.0
L006,Abdomen,201,test/L006/Low_Dose/00000125.dcm,130.0,262144,-0.2020196169614792,0,,,,,,,7,0.10731724330357142,100.0,100.0,100.0,100.0,100.0,4,0.086883544921875,100.0,100.0,100.0,100.0,100.0,3,0.13456217447916666,100.0,100.0,100.0,100.0,100.0
L006,Abdomen,202,test/L006/Low_Dose/00000151.dcm,130.0,262144,-0.2943791151046753,0,,,,,,,12,0.14008585611979166,100.0,100.0,100.0,100.0,100.0,6,0.11606852213541667,100.0,100.0,100.0,100.0,100.0,6,0.16410319010416666,100.0,100.0,100.0,100.0,100.0
L006,Abdomen,203,test/L006/Low_Dose/00000141.dcm,130.0,262144,-0.35838302969932556,0,,,,,,,13,0.20488093449519232,100.0,100.0,100.0,100.0,100.0,8,0.2290496826171875,100.0,100.0,100.0,100.0,100.0,5,0.1662109375,100.0,100.0,100.0,100.0,100.0
L006,Abdomen,204,test/L006/Low_Dose/00000011.dcm,130.0,262144,-0.3571891486644745,0,,,,,,,6,0.241455078125,100.0,100.0,100.0,100.0,100.0,4,0.283599853515625,100.0,100.0,100.0,100.0,100.0,2,0.15716552734375,100.0,100.0,100.0,100.0,100.0
L006,Abdomen,205,test/L006/Low_Dose/00000058.dcm,130.0,262144,-0.3611122965812683,0,,,,,,,13,0.17283278245192307,100.0,100.0,100.0,100.0,100.0,5,0.1182861328125,100.0,100.0,100.0,100.0,100.0,8,0.2069244384765625,100.0,100.0,100.0,100.0,100.0
L006,Abdomen,206,test/L006/Low_Dose/00000026.dcm,130.0,262144,-0.5485634803771973,0,,,,,,,9,0.2940809461805556,100.0,100.0,100.0,100.0,100.0,2,0.1568603515625,100.0,100.0,100.0,100.0,100.0,7,0.33328683035714285,100.0,100.0,100.0,100.0,100.0
L006,Abdomen,207,test/L006/Low_Dose/00000017.dcm,130.0,262144,-0.6884656548500061,0,,,,,,,19,0.3123586554276316,100.0,100.0,100.0,100.0,100.0,8,0.2073516845703125,100.0,100.0,100.0,100.0,100.0,11,0.3887273615056818,100.0,100.0,100.0,100.0,100.0
L006,Abdomen,208,test/L006/Low_Dose/00000003.dcm,130.0,262144,-0.640853226184845,0,,,,,,,8,0.2994384765625,100.0,100.0,100.0,100.0,100.0,3,0.4147135416666667,100.0,100.0,100.0,100.0,100.0,5,0.2302734375,100.0,100.0,100.0,100.0,100.0
L006,Abdomen,209,test/L006/Low_Dose/00000157.dcm,130.0,262144,-0.3583318591117859,0,,,,,,,2,0.124267578125,100.0,100.0,100.0,100.0,100.0,0,,,,,,,2,0.124267578125,100.0,100.0,100.0,100.0,100.0
L006,Abdomen,210,test/L006/Low_Dose/00000079.dcm,130.0,262144,-0.17916473746299744,0,,,,,,,1,0.1640625,100.0,100.0,100.0,100.0,100.0,0,,,,,,,1,0.1640625,100.0,100.0,100.0,100.0,100.0
L006,Abdomen,211,test/L006/Low_Dose/00000075.dcm,130.0,262144,-0.027965577319264412,0,,,,,,,0,,,,,,,0,,,,,,,0,,,,,,
L006,Abdomen,212,test/L006/Low_Dose/00000072.dcm,130.0,262144,0.3090946078300476,1,0.202880859375,100.0,100.0,100.0,100.0,100.0,0,,,,,,,1,0.202880859375,100.0,100.0,100.0,100.0,100.0,0,,,,,,
L006,Abdomen,213,test/L006/Low_Dose/00000117.dcm,130.0,262144,0.8252204656600952,10,0.4525634765625,100.0,100.0,100.0,100.0,100.0,0,,,,,,,7,0.45821707589285715,100.0,100.0,100.0,100.0,100.0,3,0.4393717447916667,100.0,100.0,100.0,100.0,100.0
L006,Abdomen,214,test/L006/Low_Dose/00000044.dcm,130.0,262144,1.2323822975158691,4,0.4449462890625,75.0,100.0,100.0,100.0,100.0,0,,,,,,,3,0.568115234375,66.66666666666667,100.0,100.0,100.0,100.0,1,0.075439453125,100.0,100.0,100.0,100.0,100.0
L107,Abdomen,0,test/L107/Low_Dose/00000131.dcm,130.0,262144,3.7159390449523926,252,1.8984617203000993,22.61904761904762,52.38095238095238,100.0,100.0,100.0,0,,,,,,,148,1.894614554740287,25.0,50.67567567567568,100.0,100.0,100.0,104,1.903936532827524,19.23076923076923,54.80769230769231,100.0,100.0,100.0
L107,Abdomen,1,test/L107/Low_Dose/00000115.dcm,130.0,262144,3.5908281803131104,223,1.732037599845852,31.838565022421523,56.053811659192824,100.0,100.0,100.0,0,,,,,,,100,1.7539990234375,33.0,52.0,100.0,100.0,100.0,123,1.7141827839176829,30.89430894308943,59.34959349593496,100.0,100.0,100.0
L107,Abdomen,2,test/L107/Low_Dose/00000159.dcm,130.0,262144,3.754202365875244,226,1.7551739447939712,33.1858407079646,59.73451327433628,100.0,100.0,100.0,0,,,,,,,122,1.8575439453125,31.9672131147541,54.09836065573771,100.0,100.0,100.0,104,1.6350860595703125,34.61538461538461,66.34615384615384,100.0,100.0,100.0
L107,Abdomen,3,test/L107/Low_Dose/00000035.dcm,130.0,262144,3.4448609352111816,216,1.7205041956018519,27.77777777777778,58.7962962962963,100.0,100.0,100.0,0,,,,,,,129,1.6168827973594961,31.782945736434108,61.24031007751938,100.0,100.0,100.0,87,1.8741497171336208,21.839080459770116,55.172413793103445,100.0,100.0,100.0
L107,Abdomen,4,test/L107/Low_Dose/00000143.dcm,130.0,262144,2.940823554992676,155,1.579559129284274,30.322580645161292,61.29032258064516,100.0,100.0,100.0,0,,,,,,,74,1.6166645771748311,28.37837837837838,58.108108108108105,100.0,100.0,100.0,81,1.5456603250385803,32.098765432098766,64.19753086419753,100.0,100.0,100.0
L107,Abdomen,5,test/L107/Low_Dose/00000126.dcm,130.0,262144,2.4136204719543457,113,1.1285378785259956,44.24778761061947,85.84070796460178,100.0,100.0,100.0,0,,,,,,,58,1.1503569504310345,37.93103448275862,89.65517241379311,100.0,100.0,100.0,55,1.1055286754261364,50.90909090909091,81.81818181818181,100.0,100.0,100.0
L107,Abdomen,6,test/L107/Low_Dose/00000026.dcm,130.0,262144,2.294005870819092,134,1.0598016995102613,52.23880597014925,93.28358208955224,100.0,100.0,100.0,0,,,,,,,66,1.077411073626894,53.03030303030303,90.9090909090909,100.0,100.0,100.0,68,1.0427102481617647,51.470588235294116,95.58823529411765,100.0,100.0,100.0
L107,Abdomen,7,test/L107/Low_Dose/00000187.dcm,130.0,262144,2.7229950428009033,175,1.2550523158482143,41.142857142857146,80.57142857142857,100.0,100.0,100.0,0,,,,,,,83,1.266467726374247,42.16867469879518,80.72289156626506,100.0,100.0,100.0,92,1.2447536302649456,40.21739130434783,80.43478260869566,100.0,100.0,100.0
L107,Abdomen,8,test/L107/Low_Dose/00000173.dcm,130.0,262144,3.566871404647827,245,1.7286152742346939,29.387755102040817,58.36734693877551,100.0,100.0,100.0,0,,,,,,,121,1.8575822814436984,23.96694214876033,51.239669421487605,100.0,100.0,100.0,124,1.6027684365549395,34.67741935483871,65.3225806451613,100.0,100.0,100.0
L107,Abdomen,9,test/L107/Low_Dose/00000042.dcm,130.0,262144,3.0757434368133545,240,1.5531219482421874,32.916666666666664,64.16666666666667,100.0,100.0,100.0,0,,,,,,,112,1.5864061628069197,32.142857142857146,62.5,100.0,100.0,100.0,128,1.5239982604980469,33.59375,65.625,100.0,100.0,100.0
L107,Abdomen,10,test/L107/Low_Dose/00000184.dcm,130.0,262144,2.982923746109009,236,1.450203071206303,31.779661016949152,73.30508474576271,100.0,100.0,100.0,0,,,,,,,114,1.4534269634046053,29.82456140350877,73.6842105263158,100.0,100.0,100.0,122,1.4471905817751025,33.60655737704918,72.95081967213115,100.0,100.0,100.0
L107,Abdomen,11,test/L107/Low_Dose/00000028.dcm,130.0,262144,3.1593031883239746,237,1.4949662735693565,32.91139240506329,72.15189873417721,100.0,100.0,100.0,0,,,,,,,112,1.481064932686942,33.92857142857143,72.32142857142857,100.0,100.0,100.0,125,1.507421875,32.0,72.0,100.0,100.0,100.0
L107,Abdomen,12,test/L107/Low_Dose/00000033.dcm,130.0,262144,3.1094002723693848,246,1.6319530456046747,28.86178861788618,57.72357723577236,100.0,100.0,100.0,0,,,,,,,134,1.7633411919892723,22.388059701492537,50.74626865671642,100.0,100.0,100.0,112,1.4747565133231026,36.607142857142854,66.07142857142857,100.0,100.0,100.0
L107,Abdomen,13,test/L107/Low_Dose/00000070.dcm,130.0,262144,3.5691192150115967,287,1.748427121896777,28.222996515679444,56.09756097560975,100.0,100.0,100.0,0,,,,,,,146,1.8273164932041952,26.027397260273972,52.73972602739726,100.0,100.0,100.0,141,1.6667402551529256,30.49645390070922,59.57446808510638,100.0,100.0,100.0
L107,Abdomen,14,test/L107/Low_Dose/00000003.dcm,130.0,262144,3.701498508453369,254,1.6888528658649113,31.496062992125985,63.77952755905512,100.0,100.0,100.0,0,,,,,,,134,1.6786772315181904,32.83582089552239,64.17910447761194,100.0,100.0,100.0,120,1.7002156575520833,30.0,63.333333333333336,100.0,100.0,100.0
L107,Abdomen,15,test/L107/Low_Dose/00000029.dcm,130.0,262144,4.0278120040893555,273,1.837964850904304,27.106227106227106,55.67765567765568,100.0,100.0,100.0,0,,,,,,,133,1.782252261513158,29.32330827067669,59.3984962406015,100.0,100.0,100.0,140,1.8908918108258927,25.0,52.142857142857146,100.0,100.0,100.0
L107,Abdomen,16,test/L107/Low_Dose/00000139.dcm,130.0,262144,4.226046085357666,282,1.9776775820035462,25.177304964539008,48.58156028368794,100.0,100.0,100.0,0,,,,,,,156,2.1303609212239585,22.435897435897434,42.94871794871795,100.0,100.0,100.0,126,1.7886410667782737,28.571428571428573,55.55555555555556,100.0,100.0,100.0
L107,Abdomen,17,test/L107/Low_Dose/00000194.dcm,130.0,262144,4.335608005523682,292,1.9441135354238013,26.36986301369863,54.10958904109589,100.0,100.0,100.0,0,,,,,,,154,1.9300029804180194,26.623376623376622,54.54545454545455,100.0,100.0,100.0,138,1.9598600968070652,26.08695652173913,53.6231884057971,100.0,100.0,100.0
L107,Abdomen,18,test/L107/Low_Dose/00000182.dcm,130.0,262144,4.274697780609131,239,1.9669128162591527,24.686192468619247,52.71966527196653,100.0,100.0,100.0,0,,,,,,,135,2.0913501880787035,19.25925925925926,50.370370370370374,100.0,100.0,100.0,104,1.805383535531851,31.73076923076923,55.76923076923077,100.0,100.0,100.0
L107,Abdomen,19,test/L107/Low_Dose/00000179.dcm,130.0,262144,4.606163501739502,293,2.2518493860654862,22.866894197952217,45.051194539249146,100.0,100.0,100.0,0,,,,,,,152,2.3473269813939144,17.763157894736842,41.44736842105263,100.0,100.0,100.0,141,2.1489231840093086,28.368794326241133,48.93617021276596,100.0,100.0,100.0
L107,Abdomen,20,test/L107/Low_Dose/00000091.dcm,130.0,262144,4.889137268066406,310,2.338221396169355,20.967741935483872,42.58064516129032,100.0,100.0,100.0,0,,,,,,,160,2.4095138549804687,20.625,39.375,100.0,100.0,100.0,150,2.2621761067708333,21.333333333333332,46.0,100.0,100.0,100.0
L107,Abdomen,21,test/L107/Low_Dose/00000130.dcm,130.0,262144,5.046372890472412,259,2.255279187530164,23.55212355212355,45.55984555984556,100.0,100.0,100.0,0,,,,,,,134,2.5047607421875,17.16417910447761,38.059701492537314,100.0,100.0,100.0,125,1.9878349609375,30.4,53.6,100.0,100.0,100.0
L107,Abdomen,22,test/L107/Low_Dose/00000022.dcm,130.0,262144,5.0134758949279785,196,2.418834452726403,20.918367346938776,41.326530612244895,100.0,100.0,100.0,0,,,,,,,94,2.4916680518617023,17.02127659574468,39.361702127659576,100.0,100.0,100.0,102,2.3517132927389706,24.50980392156863,43.13725490196079,100.0,100.0,100.0
L107,Abdomen,23,test/L107/Low_Dose/00000004.dcm,130.0,262144,5.152888298034668,253,2.450827376173419,22.92490118577075,41.10671936758893,100.0,100.0,100.0,0,,,,,,,122,2.5701353979892416,19.672131147540984,38.52459016393443,100.0,100.0,100.0,131,2.3397160886808206,25.954198473282442,43.51145038167939,100.0,100.0,100.0
L107,Abdomen,24,test/L107/Low_Dose/00000077.dcm,130.0,262144,5.086784362792969,206,2.492381864381068,20.388349514563107,36.89320388349515,100.0,100.0,100.0,0,,,,,,,118,2.4964961682335804,19.491525423728813,37.28813559322034,100.0,100.0,100.0,88,2.4868649569424717,21.59090909090909,36.36363636363637,100.0,100.0,100.0
L107,Abdomen,25,test/L107/Low_Dose/00000157.dcm,130.0,262144,5.3494086265563965,240,2.6719126383463543,19.583333333333332,35.0,98.33333333333333,100.0,100.0,0,,,,,,,124,2.858282273815524,16.93548387096774,30.64516129032258,96.7741935483871,100.0,100.0,116,2.4726899245689653,22.413793103448278,39.6551724137931,100.0,100.0,100.0
L107,Abdomen,26,test/L107/Low_Dose/00000123.dcm,130.0,262144,5.452021598815918,255,2.6106823491115194,18.431372549019606,36.86274509803921,95.29411764705883,100.0,100.0,0,,,,,,,139,2.662652104878597,20.14388489208633,35.97122302158273,94.96402877697842,100.0,100.0,116,2.5484082452182113,16.379310344827587,37.93103448275862,95.6896551724138,100.0,100.0
L107,Abdomen,27,test/L107/Low_Dose/00000002.dcm,130.0,262144,5.627405166625977,213,2.90464130813527,12.206572769953052,33.80281690140845,91.07981220657277,100.0,100.0,0,,,,,,,104,3.069806612454928,10.576923076923077,27.884615384615383,92.3076923076923,100.0,100.0,109,2.747052393922018,13.761467889908257,39.44954128440367,89.90825688073394,100.0,100.0
L107,Abdomen,28,test/L107/Low_Dose/00000037.dcm,130.0,262144,5.4286789894104,168,2.6704806373232888,20.238095238095237,36.30952380952381,93.45238095238095,100.0,100.0,0,,,,,,,91,3.001869956215659,15.384615384615385,29.67032967032967,92.3076923076923,100.0,100.0,77,2.2788387149959415,25.974025974025974,44.15584415584416,94.8051948051948,100.0,100.0
L107,Abdomen,29,test/L107/Low_Dose/00000014.dcm,130.0,262144,5.629859447479248,219,2.529372681221461,20.54794520547945,39.269406392694066,96.34703196347031,100.0,100.0,0,,,,,,,112,2.5719430106026784,21.428571428571427,36.607142857142854,97.32142857142857,100.0,100.0,107,2.4848130841121496,19.626168224299064,42.05607476635514,95.32710280373831,100.0,100.0
L107,Abdomen,30,test/L107/Low_Dose/00000008.dcm,130.0,262144,5.75637149810791,232,2.71655431287042,15.948275862068966,36.63793103448276,93.53448275862068,100.0,100.0,0,,,,,,,132,2.9473220362807764,12.878787878787879,33.333333333333336,91.66666666666667,100.0,100.0,100,2.41194091796875,20.0,41.0,96.0,100.0,100.0
L107,Abdomen,31,test/L107/Low_Dose/00000178.dcm,130.0,262144,5.932217597961426,293,2.7707369547248293,21.160409556313994,38.225255972696246,88.73720136518772,100.0,100.0,0,,,,,,,164,3.0379861971227133,17.073170731707318,31.70731707317073,84.7560975609756,100.0,100.0,129,2.430978227955426,26.356589147286822,46.51162790697674,93.7984496124031,100.0,100.0
L107,Abdomen,32,test/L107/Low_Dose/00000083.dcm,130.0,262144,6.003016471862793,239,2.8930444438088387,14.644351464435147,35.14644351464435,84.51882845188284,100.0,100.0,0,,,,,,,143,3.04178048513986,11.188811188811188,29.37062937062937,82.51748251748252,100.0,100.0,96,2.671489715576172,19.791666666666668,43.75,87.5,100.0,100.0
L107,Abdomen,33,test/L107/Low_Dose/00000121.dcm,130.0,262144,6.51565408706665,295,3.1829502946239407,12.88135593220339,29.152542372881356,81.69491525423729,100.0,100.0,0,,,,,,,154,3.4369562322443183,11.03896103896104,22.07792207792208,77.27272727272727,100.0,100.0,141,2.9055253698470747,14.893617021276595,36.87943262411348,86.52482269503547,100.0,100.0
L107,Abdomen,34,test/L107/Low_Dose/00000013.dcm,130.0,262144,6.825895309448242,279,3.051924948196685,18.63799283154122,36.200716845878134,80.28673835125448,100.0,100.0,0,,,,,,,148,3.073378279402449,18.243243243243242,35.13513513513514,81.75675675675676,100.0,100.0,131,3.0276875969107824,19.083969465648856,37.404580152671755,78.62595419847328,100.0,100.0
L107,Abdomen,35,test/L107/Low_Dose/00000069.dcm,130.0,262144,6.59283447265625,339,3.156004058927913,17.699115044247787,31.563421828908556,79.64601769911505,100.0,100.0,0,,,,,,,200,3.3316326904296876,17.5,30.0,75.5,100.0,100.0,139,2.903300992018885,17.985611510791365,33.81294964028777,85.61151079136691,100.0,100.0
L107,Abdomen,36,test/L107/Low_Dose/00000122.dcm,130.0,262144,6.271617889404297,328,2.8970039181592986,18.29268292682927,35.670731707317074,84.7560975609756,100.0,100.0,0,,,,,,,195,3.118366887019231,14.871794871794872,29.23076923076923,80.0,100.0,100.0,133,2.5724491893796992,23.30827067669173,45.11278195488722,91.72932330827068,100.0,100.0
L107,Abdomen,37,test/L107/Low_Dose/00000140.dcm,130.0,262144,6.267991065979004,279,3.0100255166330645,16.845878136200717,32.61648745519713,84.22939068100358,100.0,100.0,0,,,,,,,155,3.173153981854839,15.483870967741936,30.967741935483872,81.29032258064517,100.0,100.0,124,2.806114935105847,18.548387096774192,34.67741935483871,87.90322580645162,100.0,100.0
L107,Abdomen,38,test/L107/Low_Dose/00000141.dcm,130.0,262144,6.636646747589111,337,3.140686216269473,15.43026706231454,30.26706231454006,78.33827893175074,100.0,100.0,0,,,,,,,175,3.4871533203125,9.142857142857142,21.142857142857142,73.14285714285714,100.0,100.0,162,2.7664161964699074,22.22222222222222,40.123456790123456,83.95061728395062,100.0,100.0
L107,Abdomen,39,test/L107/Low_Dose/00000185.dcm,130.0,262144,6.830789566040039,348,3.3195955123024423,14.080459770114942,29.022988505747126,75.0,100.0,100.0,0,,,,,,,198,3.4661002110953283,11.11111111111111,26.262626262626263,73.23232323232324,100.0,100.0,150,3.1262093098958332,18.0,32.666666666666664,77.33333333333333,100.0,100.0
L107,Abdomen,40,test/L107/Low_Dose/00000125.dcm,130.0,262144,7.2747297286987305,382,3.4161891437949934,13.350785340314136,28.534031413612567,74.86910994764398,100.0,100.0,0,,,,,,,205,3.4634926400533534,12.682926829268293,28.78048780487805,72.6829268292683,100.0,100.0,177,3.3614026085805087,14.124293785310735,28.24858757062147,77.40112994350282,100.0,100.0
L107,Abdomen,41,test/L107/Low_Dose/00000145.dcm,130.0,262144,7.094631671905518,490,3.310328892299107,15.510204081632653,31.224489795918366,74.48979591836735,100.0,100.0,0,,,,,,,270,3.439892578125,14.814814814814815,28.14814814814815,74.44444444444444,100.0,100.0,220,3.151318914240057,16.363636363636363,35.0,74.54545454545455,100.0,100.0
L107,Abdomen,42,test/L107/Low_Dose/00000127.dcm,130.0,262144,7.126686096191406,451,3.51031886606153,12.195121951219512,27.716186252771617,71.61862527716187,100.0,100.0,0,,,,,,,229,3.666498042610535,9.170305676855895,25.76419213973799,68.99563318777292,100.0,100.0,222,3.3492151208826013,15.315315315315315,29.72972972972973,74.32432432432432,100.0,100.0
L107,Abdomen,43,test/L107/Low_Dose/00000191.dcm,130.0,262144,7.235099792480469,502,3.380080021710035,13.944223107569721,28.884462151394423,74.5019920318725,100.0,100.0,0,,,,,,,292,3.4659691379494864,12.32876712328767,26.027397260273972,72.6027397260274,100.0,100.0,210,3.2606532505580357,16.19047619047619,32.857142857142854,77.14285714285714,100.0,100.0
L107,Abdomen,44,test/L107/Low_Dose/00000198.dcm,130.0,262144,7.369401454925537,508,3.4006837859867125,14.763779527559056,29.52755905511811,74.60629921259843,100.0,100.0,0,,,,,,,295,3.433683957891949,14.23728813559322,29.83050847457627,72.88135593220339,100.0,100.0,213,3.3549793225498825,15.492957746478874,29.107981220657276,76.99530516431925,100.0,100.0
L107,Abdomen,45,test/L107/Low_Dose/00000071.dcm,130.0,262144,6.979679584503174,467,3.2072129178098234,16.916488222698074,33.40471092077088,76.23126338329764,100.0,100.0,0,,,,,,,272,3.3347580853630516,13.970588235294118,33.455882352941174,72.79411764705883,100.0,100.0,195,3.029303761017628,21.025641025641026,33.333333333333336,81.02564102564102,100.0,100.0
L107,Abdomen,46,test/L107/Low_Dose/00000180.dcm,130.0,262144,6.698288917541504,451,3.330666281960227,14.855875831485587,30.82039911308204,73.61419068736141,100.0,100.0,0,,,,,,,250,3.54318701171875,13.2,27.6,67.6,100.0,100.0,201,3.066337016091418,16.915422885572138,34.82587064676617,81.09452736318408,100.0,100.0
L107,Abdomen,47,test/L107/Low_Dose/00000054.dcm,130.0,262144,6.796301364898682,556,3.2104360456946943,16.007194244604317,30.755395683453237,78.59712230215827,100.0,100.0,0,,,,,,,289,3.477334204017085,12.456747404844291,23.875432525951556,75.4325259515571,100.0,100.0,267,2.921546278821395,19.850187265917604,38.20224719101124,82.02247191011236,100.0,100.0
L107,Abdomen,48,test/L107/Low_Dose/00000018.dcm,130.0,262144,7.055026054382324,524,3.3957386744841362,13.358778625954198,28.244274809160306,74.61832061068702,100.0,100.0,0,,,,,,,274,3.690714369725137,9.124087591240876,22.62773722627737,70.07299270072993,100.0,100.0,250,3.0724453125,18.0,34.4,79.6,100.0,100.0
L107,Abdomen,49,test/L107/Low_Dose/00000174.dcm,130.0,262144,7.368587970733643,654,3.43292143002198,14.984709480122325,29.66360856269113,71.86544342507645,100.0,100.0,0,,,,,,,379,3.6322221177234497,12.928759894459104,26.385224274406333,69.65699208443272,100.0,100.0,275,3.158248845880682,17.818181818181817,34.18181818181818,74.9090909090909,100.0,100.0
L107,Abdomen,50,test/L107/Low_Dose/00000094.dcm,130.0,262144,7.647350788116455,891,3.7391739662247474,11.11111111111111,25.028058361391693,66.10549943883277,100.0,100.0,0,,,,,,,474,3.9873773116099684,7.594936708860759,20.253164556962027,62.447257383966246,100.0,100.0,417,3.457043252117056,15.107913669064748,30.455635491606714,70.26378896882494,100.0,100.0
L107,Abdomen,51,test/L107/Low_Dose/00000032.dcm,130.0,262144,7.266953945159912,834,3.5225683710843825,13.66906474820144,25.899280575539567,71.82254196642685,100.0,100.0,0,,,,,,,452,3.875173112987417,9.955752212389381,20.575221238938052,65.48672566371681,100.0,100.0,382,3.1053501948012108,18.06282722513089,32.19895287958115,79.31937172774869,100.0,100.0
L107,Abdomen,52,test/L107/Low_Dose/00000169.dcm,130.0,262144,7.173868179321289,813,3.4751703278751536,13.161131611316113,27.30627306273063,72.07872078720787,100.0,100.0,0,,,,,,,467,3.7049740907722164,9.850107066381156,23.768736616702355,67.23768736616702,100.0,100.0,346,3.1650013124322616,17.63005780346821,32.08092485549133,78.61271676300578,100.0,100.0
L107,Abdomen,53,test/L107/Low_Dose/00000058.dcm,130.0,262144,7.146248817443848,898,3.300202707405345,13.474387527839644,30.734966592427618,76.16926503340757,100.0,100.0,0,,,,,,,484,3.5691994911383005,11.983471074380166,26.446280991735538,70.86776859504133,100.0,100.0,414,2.9857236705540457,15.217391304347826,35.7487922705314,82.3671497584541,100.0,100.0
L107,Abdomen,54,test/L107/Low_Dose/00000136.dcm,130.0,262144,7.699712753295898,981,3.5967513618119265,14.678899082568808,28.032619775739043,69.41896024464832,100.0,100.0,0,,,,,,,561,3.812984799743761,11.764705882352942,22.816399286987522,66.66666666666667,100.0,100.0,420,3.3079246884300595,18.571428571428573,35.0,73.0952380952381,100.0,100.0
L107,Abdomen,55,test/L107/Low_Dose/00000200.dcm,130.0,262144,7.600268840789795,843,3.56998495190169,14.472123368920522,30.130486358244365,68.20877817319098,100.0,100.0,0,,,,,,,455,3.7638604803399724,11.428571428571429,27.47252747252747,65.05494505494505,100.0,100.0,388,3.3426309172640143,18.04123711340206,33.24742268041237,71.90721649484536,100.0,100.0
L107,Abdomen,56,test/L107/Low_Dose/00000101.dcm,130.0,262144,7.368127822875977,761,3.415354103359067,14.98028909329829,30.09198423127464,73.06176084099869,100.0,100.0,0,,,,,,,369,3.5767498068047088,13.008130081300813,27.642276422764226,70.46070460704607,100.0,100.0,392,3.263428357182717,16.836734693877553,32.39795918367347,75.51020408163265,100.0,100.0
L107,Abdomen,57,test/L107/Low_Dose/00000201.dcm,130.0,262144,7.163186073303223,730,3.4138441111943494,13.835616438356164,28.493150684931507,73.6986301369863,100.0,100.0,0,,,,,,,400,3.5324371337890623,13.75,26.5,71.0,100.0,100.0,330,3.2700949928977274,13.93939393939394,30.90909090909091,76.96969696969697,100.0,100.0
L107,Abdomen,58,test/L107/Low_Dose/00000088.dcm,130.0,262144,6.780978202819824,734,3.2579492054453336,14.986376021798366,30.92643051771117,76.43051771117166,100.0,100.0,0,,,,,,,406,3.369575989070197,15.024630541871922,27.586206896551722,73.89162561576354,100.0,100.0,328,3.119777028153582,14.939024390243903,35.0609756097561,79.57317073170732,100.0,100.0
L107,Abdomen,59,test/L107/Low_Dose/00000153.dcm,130.0,262144,6.433313846588135,730,2.9436824432791098,19.041095890410958,35.06849315068493,85.34246575342466,100.0,100.0,0,,,,,,,395,3.0635213731210444,17.974683544303797,31.645569620253166,82.78481012658227,100.0,100.0,335,2.802379824510261,20.29850746268657,39.1044776119403,88.35820895522389,100.0,100.0
L107,Abdomen,60,test/L107/Low_Dose/00000051.dcm,130.0,262144,6.072084903717041,819,2.895863441029457,16.117216117216117,35.16483516483517,86.44688644688645,100.0,100.0,0,,,,,,,451,2.9603165924681263,13.747228381374724,33.03769401330377,84.92239467849224,100.0,100.0,368,2.8168733016304346,19.02173913043478,37.77173913043478,88.31521739130434,100.0,100.0
L107,Abdomen,61,test/L107/Low_Dose/00000040.dcm,130.0,262144,5.79576301574707,860,2.839094578942587,16.86046511627907,35.69767441860465,89.06976744186046,100.0,100.0,0,,,,,,,475,3.0072108861019737,14.526315789473685,32.0,87.57894736842105,100.0,100.0,385,2.6316783558238637,19.74025974025974,40.25974025974026,90.9090909090909,100.0,100.0
L107,Abdomen,62,test/L107/Low_Dose/00000147.dcm,130.0,262144,5.342088222503662,724,2.6437834850332353,18.646408839779006,36.46408839779006,97.92817679558011,100.0,100.0,0,,,,,,,404,2.719139778968131,16.831683168316832,34.9009900990099,97.27722772277228,100.0,100.0,320,2.54864616394043,20.9375,38.4375,98.75,100.0,100.0
L107,Abdomen,63,test/L107/Low_Dose/00000106.dcm,130.0,262144,5.761116027832031,821,2.79892209386419,17.174177831912303,34.22655298416565,90.86479902557856,100.0,100.0,0,,,,,,,453,2.9779376099441226,14.56953642384106,28.91832229580574,89.1832229580574,100.0,100.0,368,2.578557885211447,20.380434782608695,40.76086956521739,92.93478260869566,100.0,100.0
L107,Abdomen,64,test/L107/Low_Dose/00000158.dcm,130.0,262144,5.924256801605225,812,2.9786397999730605,13.669950738916256,31.527093596059114,87.5615763546798,100.0,100.0,0,,,,,,,469,3.1033472252298773,11.727078891257996,28.997867803837952,86.56716417910448,100.0,100.0,343,2.808121483805576,16.3265306122449,34.98542274052478,88.92128279883381,100.0,100.0
L107,Abdomen,65,test/L107/Low_Dose/00000196.dcm,130.0,262144,5.960972309112549,1003,2.9050402503427217,16.0518444666002,32.701894317048854,88.23529411764706,100.0,100.0,0,,,,,,,586,3.069041177274424,13.481228668941979,30.034129692832764,85.49488054607508,100.0,100.0,417,2.674574012664868,19.664268585131893,36.45083932853717,92.0863309352518,100.0,100.0
L107,Abdomen,66,test/L107/Low_Dose/00000176.dcm,130.0,262144,5.6306328773498535,989,2.9463413959807885,15.06572295247725,29.01921132457027,89.98988877654196,100.0,100.0,0,,,,,,,600,3.0128194173177083,14.166666666666666,27.666666666666668,88.83333333333333,100.0,100.0,389,2.843804602144923,16.452442159383033,31.105398457583547,91.77377892030849,100.0,100.0
L107,Abdomen,67,test/L107/Low_Dose/00000156.dcm,130.0,262144,5.454267501831055,1076,2.6989206080099906,18.773234200743495,37.0817843866171,94.88847583643123,100.0,100.0,0,,,,,,,606,2.886040715887995,15.511551155115512,32.17821782178218,94.71947194719472,100.0,100.0,470,2.4576548474900264,22.97872340425532,43.40425531914894,95.1063829787234,100.0,100.0
L107,Abdomen,68,test/L107/Low_Dose/00000150.dcm,130.0,262144,5.506681442260742,918,2.7741114132284856,17.10239651416122,34.85838779956427,93.57298474945534,100.0,100.0,0,,,,,,,514,2.891071957836819,14.980544747081712,32.68482490272373,92.80155642023347,100.0,100.0,404,2.625304873627011,19.801980198019802,37.62376237623762,94.55445544554455,100.0,100.0
L107,Abdomen,69,test/L107/Low_Dose/00000082.dcm,130.0,262144,5.532354831695557,856,2.6731960974007007,18.10747663551402,35.39719626168224,94.39252336448598,100.0,100.0,0,,,,,,,506,2.788267595494689,16.40316205533597,33.201581027667984,93.47826086956522,100.0,100.0,350,2.5068359375,20.571428571428573,38.57142857142857,95.71428571428571,100.0,100.0
L107,Abdomen,70,test/L107/Low_Dose/00000043.dcm,130.0,262144,5.740591049194336,1010,2.8043988822710397,16.73267326732673,34.554455445544555,90.5940594059406,100.0,100.0,0,,,,,,,572,2.890783990179742,15.034965034965035,33.21678321678322,90.38461538461539,100.0,100.0,438,2.6915854536779396,18.949771689497716,36.3013698630137,90.8675799086758,100.0,100.0
L107,Abdomen,71,test/L107/Low_Dose/00000110.dcm,130.0,262144,5.877198219299316,970,2.850940318943299,17.11340206185567,33.71134020618557,90.0,100.0,100.0,0,,,,,,,544,3.007102741914637,14.705882352941176,31.433823529411764,87.13235294117646,100.0,100.0,426,2.6515213514157865,20.187793427230048,36.61971830985915,93.66197183098592,100.0,100.0
L107,Abdomen,72,test/L107/Low_Dose/00000192.dcm,130.0,262144,6.202816963195801,1302,3.1012906075988864,14.976958525345623,29.953917050691246,82.71889400921658,100.0,100.0,0,,,,,,,732,3.1937992950606215,14.07103825136612,28.688524590163933,81.14754098360656,100.0,100.0,570,2.9824901915433113,16.140350877192983,31.57894736842105,84.73684210526316,100.0,100.0
L107,Abdomen,73,test/L107/Low_Dose/00000120.dcm,130.0,262144,6.902548789978027,1462,3.4872582640432626,12.722298221614228,27.428180574555405,71.20383036935705,100.0,100.0,0,,,,,,,847,3.6876539210079695,9.563164108618654,24.203069657615114,68.00472255017709,100.0,100.0,615,3.2112659981580283,17.073170731707318,31.869918699186993,75.60975609756098,100.0,100.0
L107,Abdomen,74,test/L107/Low_Dose/00000197.dcm,130.0,262144,6.775069713592529,1562,3.318414392605634,14.084507042253522,29.3854033290653,75.28809218950065,100.0,100.0,0,,,,,,,930,3.461408192624328,12.903225806451612,26.451612903225808,73.44086021505376,100.0,100.0,632,3.1079961076567444,15.822784810126583,33.70253164556962,78.00632911392405,100.0,100.0
L107,Abdomen,75,test/L107/Low_Dose/00000183.dcm,130.0,262144,6.9774675369262695,1495,3.4646468044523413,15.050167224080267,28.160535117056856,71.50501672240803,100.0,100.0,0,,,,,,,894,3.634871036947707,11.968680089485458,24.72035794183445,68.90380313199105,100.0,100.0,601,3.2114351244020383,19.633943427620633,33.277870216306155,75.37437603993344,100.0,100.0
L107,Abdomen,76,test/L107/Low_Dose/00000087.dcm,130.0,262144,6.942267894744873,1726,3.4649308824594436,12.57242178447277,26.535341830822713,73.117033603708,100.0,100.0,0,,,,,,,991,3.587379186112513,11.099899091826439,24.217961654894047,71.24117053481332,100.0,100.0,735,3.299834582270408,14.5578231292517,29.65986394557823,75.64625850340136,100.0,100.0
L107,Abdomen,77,test/L107/Low_Dose/00000007.dcm,130.0,262144,6.688999176025391,1758,3.3312135594425483,13.367463026166098,28.555176336746303,75.65415244596132,100.0,100.0,0,,,,,,,1002,3.549147554500374,12.17564870259481,24.75049900199601,70.95808383233533,100.0,100.0,756,3.0423642113095237,14.947089947089948,33.597883597883595,81.87830687830687,100.0,100.0
L107,Abdomen,78,test/L107/Low_Dose/00000117.dcm,130.0,262144,6.324679374694824,1452,3.12935215973657,14.53168044077135,31.47382920110193,80.09641873278237,100.0,100.0,0,,,,,,,790,3.3412412232990505,11.89873417721519,27.21518987341772,76.58227848101266,100.0,100.0,662,2.876493240771337,17.673716012084594,36.5558912386707,84.29003021148036,100.0,100.0
L107,Abdomen,79,test/L107/Low_Dose/00000048.dcm,130.0,262144,6.053891658782959,1264,3.00432074824466,16.53481012658228,32.674050632911396,84.33544303797468,100.0,100.0,0,,,,,,,733,3.067493391882674,16.234652114597544,32.196452933151434,82.67394270122783,100.0,100.0,531,2.9171165566884416,16.949152542372882,33.333333333333336,86.62900188323917,100.0,100.0
L107,Abdomen,80,test/L107/Low_Dose/00000009.dcm,130.0,262144,6.007556438446045,1447,2.9537344235919143,15.203870076019351,32.48099516240497,86.6620594333103,100.0,100.0,0,,,,,,,828,2.993241314726751,13.88888888888889,30.797101449275363,85.5072463768116,100.0,100.0,619,2.9008877805053515,16.962843295638127,34.733441033925686,88.20678513731825,100.0,100.0
L107,Abdomen,81,test/L107/Low_Dose/00000045.dcm,130.0,262144,5.556662559509277,1311,2.7061345779104693,18.382913806254766,36.8421052631579,92.90617848970251,100.0,100.0,0,,,,,,,758,2.8331205423400396,16.49076517150396,33.50923482849604,92.34828496042216,100.0,100.0,553,2.5320742505368443,20.976491862567812,41.41048824593128,93.67088607594937,100.0,100.0
L107,Abdomen,82,test/L107/Low_Dose/00000138.dcm,130.0,262144,5.321260929107666,1208,2.692706581772558,16.473509933774835,35.67880794701987,98.4271523178808,100.0,100.0,0,,,,,,,704,2.8207357580011543,15.482954545454545,32.52840909090909,97.86931818181819,100.0,100.0,504,2.5138721768818204,17.857142857142858,40.07936507936508,99.2063492063492,100.0,100.0
L107,Abdomen,83,test/L107/Low_Dose/00000016.dcm,130.0,262144,5.249368667602539,1070,2.6528438960280374,17.476635514018692,37.00934579439252,99.34579439252336,100.0,100.0,0,,,,,,,612,2.6809028176700367,17.15686274509804,36.111111111111114,99.18300653594771,100.0,100.0,458,2.6153500486149017,17.903930131004365,38.209606986899566,99.56331877729258,100.0,100.0
L107,Abdomen,84,test/L107/Low_Dose/00000177.dcm,130.0,262144,5.1684184074401855,1045,2.4889069041566985,19.425837320574164,40.86124401913876,100.0,100.0,100.0,0,,,,,,,601,2.513798007552517,20.133111480865225,40.26622296173045,100.0,100.0,100.0,444,2.455214216902449,18.46846846846847,41.666666666666664,100.0,100.0,100.0
L107,Abdomen,85,test/L107/Low_Dose/00000160.dcm,130.0,262144,4.606575012207031,873,2.2754218067636742,21.764032073310425,42.955326460481096,100.0,100.0,100.0,0,,,,,,,462,2.3334340017079276,19.264069264069263,41.125541125541126,100.0,100.0,100.0,411,2.2102110182861923,24.574209245742093,45.01216545012166,100.0,100.0,100.0
L107,Abdomen,86,test/L107/Low_Dose/00000097.dcm,130.0,262144,4.499582290649414,684,2.2363595349049707,21.34502923976608,45.6140350877193,100.0,100.0,100.0,0,,,,,,,395,2.2696808247626583,21.0126582278481,45.56962025316456,100.0,100.0,100.0,289,2.1908165954801038,21.79930795847751,45.674740484429066,100.0,100.0,100.0
L107,Abdomen,87,test/L107/Low_Dose/00000152.dcm,130.0,262144,4.46992826461792,773,2.33117786323577,18.628719275549805,41.13842173350582,100.0,100.0,100.0,0,,,,,,,434,2.445818782402074,17.28110599078341,37.327188940092164,100.0,100.0,100.0,339,2.1844104327986726,20.353982300884955,46.017699115044245,100.0,100.0,100.0
L107,Abdomen,88,test/L107/Low_Dose/00000161.dcm,130.0,262144,4.4926652908325195,684,2.2002219038400037,23.68421052631579,43.567251461988306,100.0,100.0,100.0,0,,,,,,,396,2.3292039042771466,21.717171717171716,37.878787878787875,100.0,100.0,100.0,288,2.022871653238932,26.38888888888889,51.388888888888886,100.0,100.0,100.0
L107,Abdomen,89,test/L107/Low_Dose/00000114.dcm,130.0,262144,4.200875759124756,642,2.097506799430491,22.741433021806852,48.28660436137071,100.0,100.0,100.0,0,,,,,,,364,2.190405541723901,20.32967032967033,44.505494505494504,100.0,100.0,100.0,278,1.9758695972909173,25.899280575539567,53.23741007194245,100.0,100.0,100.0
L107,Abdomen,90,test/L107/Low_Dose/00000052.dcm,130.0,262144,4.2172369956970215,645,2.06993285186531,22.48062015503876,47.13178294573643,100.0,100.0,100.0,0,,,,,,,351,2.173657365673967,19.373219373219374,43.87464387464387,100.0,100.0,100.0,294,1.9460984833386479,26.19047619047619,51.02040816326531,100.0,100.0,100.0
L107,Abdomen,91,test/L107/Low_Dose/00000108.dcm,130.0,262144,4.222972869873047,656,2.0916742464391196,22.5609756097561,47.86585365853659,100.0,100.0,100.0,0,,,,,,,354,2.1792295639124295,20.056497175141242,45.76271186440678,100.0,100.0,100.0,302,1.989043178937293,25.496688741721854,50.33112582781457,100.0,100.0,100.0
L107,Abdomen,92,test/L107/Low_Dose/00000015.dcm,130.0,262144,4.469935417175293,786,2.2593831069596853,22.137404580152673,44.274809160305345,100.0,100.0,100.0,0,,,,,,,451,2.3989485171840355,19.290465631929045,39.689578713968956,100.0,100.0,100.0,335,2.071490569612873,25.970149253731343,50.44776119402985,100.0,100.0,100.0
L107,Abdomen,93,test/L107/Low_Dose/00000133.dcm,130.0,262144,4.6862382888793945,741,2.356921073717949,18.488529014844804,41.70040485829959,100.0,100.0,100.0,0,,,,,,,402,2.4457112022893344,17.91044776119403,38.55721393034826,100.0,100.0,100.0,339,2.2516301247925883,19.174041297935105,45.42772861356932,100.0,100.0,100.0
L107,Abdomen,94,test/L107/Low_Dose/00000171.dcm,130.0,262144,4.850026607513428,839,2.424285997793132,20.500595947556615,40.405244338498214,100.0,100.0,100.0,0,,,,,,,463,2.4192553658207343,22.24622030237581,39.740820734341256,100.0,100.0,100.0,376,2.4304806323761636,18.351063829787233,41.223404255319146,100.0,100.0,100.0
L107,Abdomen,95,test/L107/Low_Dose/00000089.dcm,130.0,262144,5.007998943328857,769,2.498859301345091,18.985695708712615,38.491547464239275,100.0,100.0,100.0,0,,,,,,,410,2.6759542325647865,14.146341463414634,32.926829268292686,100.0,100.0,100.0,359,2.2966060372780293,24.512534818941504,44.84679665738162,100.0,100.0,100.0
L107,Abdomen,96,test/L107/Low_Dose/00000144.dcm,130.0,262144,4.990832328796387,689,2.4737112989273404,18.57764876632801,40.49346879535559,100.0,100.0,100.0,0,,,,,,,352,2.4937362670898438,17.613636363636363,40.625,100.0,100.0,100.0,337,2.452795011707159,19.584569732937684,40.35608308605341,100.0,100.0,100.0
L107,Abdomen,97,test/L107/Low_Dose/00000025.dcm,130.0,262144,4.881170749664307,604,2.404349623926428,20.52980132450331,40.562913907284766,100.0,100.0,100.0,0,,,,,,,333,2.4475797819303677,19.21921921921922,40.24024024024024,100.0,100.0,100.0,271,2.3512291714714024,22.14022140221402,40.95940959409594,100.0,100.0,100.0
L107,Abdomen,98,test/L107/Low_Dose/00000104.dcm,130.0,262144,4.690821647644043,552,2.2681077597797783,23.369565217391305,42.7536231884058,100.0,100.0,100.0,0,,,,,,,288,2.3767628139919705,22.22222222222222,40.97222222222222,100.0,100.0,100.0,264,2.149574973366477,24.62121212121212,44.696969696969695,100.0,100.0,100.0
L107,Abdomen,99,test/L107/Low_Dose/00000031.dcm,130.0,262144,4.850857734680176,496,2.3389294532037552,22.177419354838708,43.75,100.0,100.0,100.0,0,,,,,,,270,2.4135005244502317,18.88888888888889,42.22222222222222,100.0,100.0,100.0,226,2.2498401202986726,26.106194690265486,45.575221238938056,100.0,100.0,100.0
L107,Abdomen,100,test/L107/Low_Dose/00000047.dcm,130.0,262144,5.028146743774414,563,2.4053909545681615,18.117229129662523,41.740674955595026,100.0,100.0,100.0,0,,,,,,,278,2.528270254889838,15.827338129496402,35.25179856115108,100.0,100.0,100.0,285,2.2855297423245613,20.350877192982455,48.07017543859649,100.0,100.0,100.0
L107,Abdomen,101,test/L107/Low_Dose/00000049.dcm,130.0,262144,5.1072306632995605,468,2.5036605443709936,20.726495726495727,40.17094017094017,100.0,100.0,100.0,0,,,,,,,248,2.552702380764869,18.548387096774192,39.11290322580645,100.0,100.0,100.0,220,2.448377019708807,23.181818181818183,41.36363636363637,100.0,100.0,100.0
L107,Abdomen,102,test/L107/Low_Dose/00000010.dcm,130.0,262144,5.173914909362793,490,2.5070225306919642,18.571428571428573,40.40816326530612,99.79591836734694,100.0,100.0,0,,,,,,,262,2.5844535536438453,16.412213740458014,38.93129770992366,100.0,100.0,100.0,228,2.4180447762472586,21.05263157894737,42.10526315789474,99.56140350877193,100.0,100.0
L107,Abdomen,103,test/L107/Low_Dose/00000020.dcm,130.0,262144,4.995943546295166,450,2.459888237847222,19.77777777777778,39.333333333333336,100.0,100.0,100.0,0,,,,,,,235,2.5486421625664892,18.29787234042553,39.148936170212764,100.0,100.0,100.0,215,2.362878134084302,21.3953488372093,39.53488372093023,100.0,100.0,100.0
L107,Abdomen,104,test/L107/Low_Dose/00000024.dcm,130.0,262144,5.017597198486328,509,2.4375625940109282,20.43222003929273,40.86444007858546,100.0,100.0,100.0,0,,,,,,,268,2.474092398116838,22.388059701492537,41.04477611940298,100.0,100.0,100.0,241,2.396940239237552,18.25726141078838,40.66390041493776,100.0,100.0,100.0
L107,Abdomen,105,test/L107/Low_Dose/00000149.dcm,130.0,262144,5.079522609710693,442,2.547700493583852,18.099547511312217,38.23529411764706,100.0,100.0,100.0,0,,,,,,,232,2.609100341796875,16.379310344827587,36.63793103448276,100.0,100.0,100.0,210,2.4798682803199403,20.0,40.0,100.0,100.0,100.0
L107,Abdomen,106,test/L107/Low_Dose/00000181.dcm,130.0,262144,5.1248884201049805,500,2.425863525390625,22.0,42.8,100.0,100.0,100.0,0,,,,,,,257,2.483274942242218,21.011673151750973,40.46692607003891,100.0,100.0,100.0,243,2.365144454893261,23.045267489711936,45.267489711934154,100.0,100.0,100.0
L107,Abdomen,107,test/L107/Low_Dose/00000175.dcm,130.0,262144,5.422361373901367,481,2.771554927072505,15.592515592515593,35.55093555093555,94.38669438669439,100.0,100.0,0,,,,,,,247,2.867607085810982,15.384615384615385,33.19838056680162,93.92712550607287,100.0,100.0,234,2.670166537293002,15.811965811965813,38.034188034188034,94.87179487179488,100.0,100.0
L107,Abdomen,108,test/L107/Low_Dose/00000128.dcm,130.0,262144,5.887020111083984,504,2.893435765826513,18.650793650793652,34.523809523809526,86.9047619047619,100.0,100.0,0,,,,,,,260,2.989928260216346,16.923076923076923,33.07692307692308,84.61538461538461,100.0,100.0,244,2.790615894755379,20.491803278688526,36.0655737704918,89.34426229508196,100.0,100.0
L107,Abdomen,109,test/L107/Low_Dose/00000053.dcm,130.0,262144,5.460947513580322,645,2.5203410777010657,20.310077519379846,39.06976744186046,95.34883720930233,100.0,100.0,0,,,,,,,347,2.6961930244731627,19.020172910662826,34.00576368876081,94.52449567723343,100.0,100.0,298,2.3155738779362416,21.812080536912752,44.966442953020135,96.30872483221476,100.0,100.0
L107,Abdomen,110,test/L107/Low_Dose/00000050.dcm,130.0,262144,5.571447372436523,552,2.669830322265625,18.297101449275363,35.507246376811594,94.3840579710145,100.0,100.0,0,,,,,,,302,2.7553977713679636,16.225165562913908,32.450331125827816,95.69536423841059,100.0,100.0,250,2.56646484375,20.8,39.2,92.8,100.0,100.0
L107,Abdomen,111,test/L107/Low_Dose/00000168.dcm,130.0,262144,5.803064346313477,524,2.7663532286199906,19.083969465648856,36.06870229007634,91.22137404580153,100.0,100.0,0,,,,,,,253,2.9042761278717886,17.786561264822133,33.201581027667984,90.9090909090909,100.0,100.0,271,2.6375912599458027,20.29520295202952,38.745387453874535,91.5129151291513,100.0,100.0
L107,Abdomen,112,test/L107/Low_Dose/00000135.dcm,130.0,262144,5.545873641967773,548,2.669750798357664,19.525547445255473,38.503649635036496,93.97810218978103,100.0,100.0,0,,,,,,,282,2.8237495151817376,15.957446808510639,34.751773049645394,92.90780141843972,100.0,100.0,266,2.5064890008223686,23.30827067669173,42.4812030075188,95.11278195488721,100.0,100.0
L107,Abdomen,113,test/L107/Low_Dose/00000186.dcm,130.0,262144,5.170112133026123,550,2.4104152610085228,21.454545454545453,41.63636363636363,100.0,100.0,100.0,0,,,,,,,286,2.4588268786877183,20.27972027972028,40.90909090909091,100.0,100.0,100.0,264,2.3579693418560606,22.727272727272727,42.42424242424242,100.0,100.0,100.0
L107,Abdomen,114,test/L107/Low_Dose/00000155.dcm,130.0,262144,4.774234294891357,521,2.3204441766134836,20.92130518234165,43.37811900191939,100.0,100.0,100.0,0,,,,,,,265,2.394838498673349,18.11320754716981,39.24528301886792,100.0,100.0,100.0,256,2.243434429168701,23.828125,47.65625,100.0,100.0,100.0
L107,Abdomen,115,test/L107/Low_Dose/00000103.dcm,130.0,262144,4.523106575012207,437,2.1295889498712817,25.17162471395881,49.88558352402746,100.0,100.0,100.0,0,,,,,,,251,2.193399740880229,23.50597609561753,47.808764940239044,100.0,100.0,100.0,186,2.0434786888860885,27.419354838709676,52.68817204301075,100.0,100.0,100.0
L107,Abdomen,116,test/L107/Low_Dose/00000164.dcm,130.0,262144,4.514161586761475,359,2.2507365022197074,18.941504178272982,43.73259052924791,100.0,100.0,100.0,0,,,,,,,222,2.294389054581926,18.91891891891892,42.34234234234234,100.0,100.0,100.0,137,2.18000024948677,18.978102189781023,45.98540145985402,100.0,100.0,100.0
L107,Abdomen,117,test/L107/Low_Dose/00000170.dcm,130.0,262144,4.542576789855957,374,2.1673593776111297,22.994652406417114,48.663101604278076,100.0,100.0,100.0,0,,,,,,,215,2.1843710256177324,22.790697674418606,50.69767441860465,100.0,100.0,100.0,159,2.144356205778302,23.270440251572328,45.911949685534594,100.0,100.0,100.0
L107,Abdomen,118,test/L107/Low_Dose/00000134.dcm,130.0,262144,4.575535774230957,463,2.2031318549203562,26.34989200863931,46.652267818574515,100.0,100.0,100.0,0,,,,,,,247,2.193044562088816,24.696356275303643,47.36842105263158,100.0,100.0,100.0,216,2.2146668610749423,28.24074074074074,45.833333333333336,100.0,100.0,100.0
L107,Abdomen,119,test/L107/Low_Dose/00000019.dcm,130.0,262144,4.355097770690918,441,2.1336683762046484,24.03628117913832,47.61904761904762,100.0,100.0,100.0,0,,,,,,,234,2.1386687449919872,23.076923076923077,49.572649572649574,100.0,100.0,100.0,207,2.12801578540157,25.120772946859905,45.410628019323674,100.0,100.0,100.0
L107,Abdomen,120,test/L107/Low_Dose/00000190.dcm,130.0,262144,4.461574077606201,344,2.318209625953852,18.6046511627907,40.116279069767444,100.0,100.0,100.0,0,,,,,,,194,2.3491531843991624,15.463917525773196,38.144329896907216,100.0,100.0,100.0,150,2.2781892903645833,22.666666666666668,42.666666666666664,100.0,100.0,100.0
L107,Abdomen,121,test/L107/Low_Dose/00000036.dcm,130.0,262144,4.37564754486084,456,2.2335542377672697,20.394736842105264,41.666666666666664,100.0,100.0,100.0,0,,,,,,,253,2.325909882194911,17.391304347826086,38.3399209486166,100.0,100.0,100.0,203,2.1184508976677954,24.137931034482758,45.8128078817734,100.0,100.0,100.0
L107,Abdomen,122,test/L107/Low_Dose/00000119.dcm,130.0,262144,4.1448163986206055,398,2.0621794887523555,23.115577889447238,48.743718592964825,100.0,100.0,100.0,0,,,,,,,220,2.0981556285511362,20.0,48.18181818181818,100.0,100.0,100.0,178,2.017714596866222,26.96629213483146,49.438202247191015,100.0,100.0,100.0
L107,Abdomen,123,test/L107/Low_Dose/00000081.dcm,130.0,262144,4.387129306793213,265,2.1088010392099057,23.0188679245283,49.43396226415094,100.0,100.0,100.0,0,,,,,,,134,2.185812878964552,20.149253731343283,45.52238805970149,100.0,100.0,100.0,131,2.0300255695372136,25.954198473282442,53.43511450381679,100.0,100.0,100.0
L107,Abdomen,124,test/L107/Low_Dose/00000055.dcm,130.0,262144,4.382298469543457,258,2.13062990173813,20.54263565891473,49.224806201550386,100.0,100.0,100.0,0,,,,,,,133,2.115994331531955,21.05263157894737,51.8796992481203,100.0,100.0,100.0,125,2.1462021484375,20.0,46.4,100.0,100.0,100.0
L107,Abdomen,125,test/L107/Low_Dose/00000113.dcm,130.0,262144,4.329461574554443,233,2.1808830555928114,21.459227467811157,44.20600858369099,100.0,100.0,100.0,0,,,,,,,124,2.375611336000504,16.93548387096774,35.483870967741936,100.0,100.0,100.0,109,1.959357305404243,26.605504587155963,54.12844036697248,100.0,100.0,100.0
L107,Abdomen,126,test/L107/Low_Dose/00000154.dcm,130.0,262144,4.1811628341674805,269,2.0789549873664033,21.933085501858734,47.21189591078067,100.0,100.0,100.0,0,,,,,,,152,2.109454506321957,20.394736842105264,46.05263157894737,100.0,100.0,100.0,117,2.0393316806891026,23.931623931623932,48.717948717948715,100.0,100.0,100.0
L107,Abdomen,127,test/L107/Low_Dose/00000012.dcm,130.0,262144,4.1803364753723145,240,2.181470743815104,19.583333333333332,45.0,100.0,100.0,100.0,0,,,,,,,130,2.2737051156850963,16.153846153846153,43.84615384615385,100.0,100.0,100.0,110,2.072466486150568,23.636363636363637,46.36363636363637,100.0,100.0,100.0
L107,Abdomen,128,test/L107/Low_Dose/00000041.dcm,130.0,262144,4.675184726715088,332,2.3501627359045556,21.987951807228917,41.566265060240966,100.0,100.0,100.0,0,,,,,,,207,2.4079241913873792,22.705314009661837,38.64734299516908,100.0,100.0,100.0,125,2.254509765625,20.8,46.4,100.0,100.0,100.0
L107,Abdomen,129,test/L107/Low_Dose/00000195.dcm,130.0,262144,5.430691242218018,417,2.7011423088092026,16.546762589928058,36.45083932853717,94.7242206235012,100.0,100.0,0,,,,,,,244,2.867801853867828,13.114754098360656,30.737704918032787,95.08196721311475,100.0,100.0,173,2.4660849157785405,21.387283236994218,44.50867052023121,94.21965317919076,100.0,100.0
L107,Abdomen,130,test/L107/Low_Dose/00000189.dcm,130.0,262144,5.926424980163574,532,2.9067582438762924,16.353383458646615,35.338345864661655,87.59398496240601,100.0,100.0,0,,,,,,,290,3.037473902209052,13.448275862068966,32.06896551724138,85.51724137931035,100.0,100.0,242,2.750115512816374,19.834710743801654,39.256198347107436,90.08264462809917,100.0,100.0
L107,Abdomen,131,test/L107/Low_Dose/00000060.dcm,130.0,262144,6.420778751373291,566,3.0727655525342317,15.017667844522968,31.27208480565371,82.50883392226149,100.0,100.0,0,,,,,,,307,3.126114935362378,13.680781758957655,29.96742671009772,81.75895765472313,100.0,100.0,259,3.009529025398166,16.602316602316602,32.818532818532816,83.3976833976834,100.0,100.0
L107,Abdomen,132,test/L107/Low_Dose/00000074.dcm,130.0,262144,6.845204830169678,610,3.419284707991803,10.0,27.049180327868854,76.39344262295081,100.0,100.0,0,,,,,,,332,3.5949383471385543,9.63855421686747,21.686746987951807,74.09638554216868,100.0,100.0,278,3.2095108581103866,10.431654676258994,33.45323741007194,79.13669064748201,100.0,100.0
L107,Abdomen,133,test/L107/Low_Dose/00000034.dcm,130.0,262144,6.999523162841797,709,3.350971603931594,15.655853314527503,30.04231311706629,73.90691114245416,100.0,100.0,0,,,,,,,384,3.5052029291788735,15.104166666666666,26.302083333333332,72.91666666666667,100.0,100.0,325,3.1687413611778847,16.307692307692307,34.46153846153846,75.07692307692308,100.0,100.0
L107,Abdomen,134,test/L107/Low_Dose/00000066.dcm,130.0,262144,7.294327259063721,633,3.6090695349526065,12.006319115323855,25.75039494470774,71.56398104265404,100.0,100.0,0,,,,,,,327,3.693603888928708,12.53822629969419,25.07645259938838,68.19571865443424,100.0,100.0,306,3.518734202665441,11.437908496732026,26.470588235294116,75.16339869281046,100.0,100.0
L107,Abdomen,135,test/L107/Low_Dose/00000102.dcm,130.0,262144,7.2993927001953125,660,3.5485699277935607,13.333333333333334,28.181818181818183,71.36363636363636,100.0,100.0,0,,,,,,,360,3.618822224934896,11.11111111111111,25.833333333333332,71.94444444444444,100.0,100.0,300,3.464266764322917,16.0,31.0,70.66666666666667,100.0,100.0
L107,Abdomen,136,test/L107/Low_Dose/00000093.dcm,130.0,262144,7.282541275024414,729,3.374968519590192,16.18655692729767,31.824417009602193,71.87928669410151,100.0,100.0,0,,,,,,,384,3.5165907541910806,14.583333333333334,28.90625,68.48958333333333,100.0,100.0,345,3.217337168817935,17.971014492753625,35.072463768115945,75.65217391304348,100.0,100.0
L107,Abdomen,137,test/L107/Low_Dose/00000086.dcm,130.0,262144,7.08061408996582,697,3.3637989542234576,13.342898134863702,29.41176470588235,74.31850789096126,100.0,100.0,0,,,,,,,382,3.5402541235479386,11.518324607329843,28.534031413612567,69.10994764397905,100.0,100.0,315,3.1498124379960317,15.555555555555555,30.476190476190474,80.63492063492063,100.0,100.0
L107,Abdomen,138,test/L107/Low_Dose/00000129.dcm,130.0,262144,7.289998531341553,689,3.3699502931104863,13.933236574746008,30.18867924528302,75.47169811320755,100.0,100.0,0,,,,,,,386,3.343561518377591,15.025906735751295,31.088082901554404,75.12953367875647,100.0,100.0,303,3.403567676103548,12.541254125412541,29.042904290429043,75.9075907590759,100.0,100.0
L107,Abdomen,139,test/L107/Low_Dose/00000076.dcm,130.0,262144,7.515982627868652,843,3.599031025263197,14.590747330960854,27.283511269276392,68.80189798339265,100.0,100.0,0,,,,,,,470,3.659702512051197,13.191489361702128,26.382978723404257,68.72340425531915,100.0,100.0,373,3.5225816987474867,16.353887399463808,28.41823056300268,68.90080428954424,100.0,100.0
L107,Abdomen,140,test/L107/Low_Dose/00000090.dcm,130.0,262144,7.739910125732422,889,3.7404362235482282,12.03599550056243,27.67154105736783,66.47919010123735,100.0,100.0,0,,,,,,,502,3.728104184823207,12.151394422310757,27.290836653386453,66.53386454183267,100.0,100.0,387,3.756432821584302,11.886304909560723,28.165374677002585,66.40826873385014,100.0,100.0
L107,Abdomen,141,test/L107/Low_Dose/00000202.dcm,130.0,262144,7.473598003387451,752,3.505899632230718,16.090425531914892,30.319148936170212,71.54255319148936,100.0,100.0,0,,,,,,,401,3.5254715993220076,15.960099750623442,29.67581047381546,70.82294264339153,100.0,100.0,351,3.4835399834179133,16.23931623931624,31.054131054131055,72.36467236467236,100.0,100.0
L107,Abdomen,142,test/L107/Low_Dose/00000001.dcm,130.0,262144,6.953461647033691,642,3.3295297592971185,14.797507788161994,31.30841121495327,74.45482866043614,100.0,100.0,0,,,,,,,352,3.468408064408736,13.636363636363637,28.125,71.5909090909091,100.0,100.0,290,3.1609598094019398,16.20689655172414,35.172413793103445,77.93103448275862,100.0,100.0
L107,Abdomen,143,test/L107/Low_Dose/00000107.dcm,130.0,262144,6.322738170623779,599,3.050120969845576,15.358931552587647,35.22537562604341,79.96661101836393,100.0,100.0,0,,,,,,,323,3.2166158481279026,13.622291021671826,31.269349845201237,77.70897832817337,100.0,100.0,276,2.8552737028702446,17.391304347826086,39.85507246376812,82.6086956521739,100.0,100.0
L107,Abdomen,144,test/L107/Low_Dose/00000062.dcm,130.0,262144,5.828589916229248,588,2.7690166032233208,18.367346938775512,36.564625850340136,91.15646258503402,100.0,100.0,0,,,,,,,322,2.7710055712587343,20.80745341614907,36.024844720496894,91.61490683229813,100.0,100.0,266,2.766608905075188,15.413533834586467,37.21804511278196,90.6015037593985,100.0,100.0
L107,Abdomen,145,test/L107/Low_Dose/00000068.dcm,130.0,262144,5.870047569274902,549,2.947626721880692,15.300546448087431,31.147540983606557,88.88888888888889,100.0,100.0,0,,,,,,,312,3.11075689853766,12.820512820512821,27.564102564102566,88.14102564102564,100.0,100.0,237,2.7328730715981013,18.565400843881857,35.86497890295359,89.87341772151899,100.0,100.0
L107,Abdomen,146,test/L107/Low_Dose/00000039.dcm,130.0,262144,5.852722644805908,475,2.825593390213816,16.42105263157895,35.36842105263158,88.63157894736842,100.0,100.0,0,,,,,,,213,2.8912651527655515,17.370892018779344,33.80281690140845,89.2018779342723,100.0,100.0,262,2.772203751192748,15.648854961832061,36.6412213740458,88.16793893129771,100.0,100.0
L107,Abdomen,147,test/L107/Low_Dose/00000100.dcm,130.0,262144,5.7820940017700195,522,2.9053522453454264,17.43295019157088,33.71647509578544,89.272030651341,100.0,100.0,0,,,,,,,291,3.070690876020189,16.151202749140893,31.95876288659794,88.65979381443299,100.0,100.0,231,2.697068515794102,19.047619047619047,35.93073593073593,90.04329004329004,100.0,100.0
L107,Abdomen,148,test/L107/Low_Dose/00000167.dcm,130.0,262144,6.037482261657715,500,3.015893310546875,18.0,32.4,82.6,100.0,100.0,0,,,,,,,265,3.281285930129717,13.584905660377359,24.528301886792452,78.49056603773585,100.0,100.0,235,2.716620782081117,22.97872340425532,41.276595744680854,87.23404255319149,100.0,100.0
L107,Abdomen,149,test/L107/Low_Dose/00000065.dcm,130.0,262144,6.385542869567871,507,2.963120800973866,16.962524654832347,36.489151873767256,82.05128205128206,100.0,100.0,0,,,,,,,264,3.0089374889026987,16.28787878787879,33.71212121212121,81.43939393939394,100.0,100.0,243,2.9133446461869856,17.695473251028808,39.50617283950617,82.71604938271605,100.0,100.0
L107,Abdomen,150,test/L107/Low_Dose/00000017.dcm,130.0,262144,6.322500228881836,493,2.996806610912145,15.212981744421906,34.07707910750507,84.38133874239351,100.0,100.0,0,,,,,,,266,3.1585546507871243,12.030075187969924,30.827067669172934,82.70676691729324,100.0,100.0,227,2.807269260221641,18.94273127753304,37.88546255506608,86.34361233480176,100.0,100.0
L107,Abdomen,151,test/L107/Low_Dose/00000046.dcm,130.0,262144,6.000441074371338,470,2.920805975731383,18.085106382978722,33.61702127659574,85.53191489361703,100.0,100.0,0,,,,,,,270,3.039435040509259,17.037037037037038,32.96296296296296,85.55555555555556,100.0,100.0,200,2.76065673828125,19.5,34.5,85.5,100.0,100.0
L107,Abdomen,152,test/L107/Low_Dose/00000146.dcm,130.0,262144,5.6209917068481445,461,2.7405974084022504,19.305856832971802,36.44251626898048,92.62472885032538,100.0,100.0,0,,,,,,,231,2.8037658955627704,18.181818181818183,36.36363636363637,90.04329004329004,100.0,100.0,230,2.6771542756453806,20.434782608695652,36.52173913043478,95.21739130434783,100.0,100.0
L107,Abdomen,153,test/L107/Low_Dose/00000096.dcm,130.0,262144,5.514230251312256,455,2.662608924278846,20.87912087912088,37.142857142857146,95.38461538461539,100.0,100.0,0,,,,,,,250,2.69847412109375,21.2,36.4,94.8,100.0,100.0,205,2.618870879382622,20.48780487804878,38.048780487804876,96.09756097560975,100.0,100.0
L107,Abdomen,154,test/L107/Low_Dose/00000021.dcm,130.0,262144,5.510795593261719,395,2.6742153505735757,19.746835443037973,36.45569620253165,93.67088607594937,100.0,100.0,0,,,,,,,219,2.8173248430365296,17.80821917808219,32.42009132420091,94.06392694063926,100.0,100.0,176,2.4961416071111504,22.15909090909091,41.47727272727273,93.18181818181819,100.0,100.0
L107,Abdomen,155,test/L107/Low_Dose/00000137.dcm,130.0,262144,5.629220008850098,453,2.642949994826159,17.660044150110377,40.1766004415011,94.70198675496688,100.0,100.0,0,,,,,,,215,2.842291969476744,16.27906976744186,34.41860465116279,94.4186046511628,100.0,100.0,238,2.4628721605829833,18.907563025210084,45.378151260504204,94.95798319327731,100.0,100.0
L107,Abdomen,156,test/L107/Low_Dose/00000124.dcm,130.0,262144,5.34124755859375,445,2.5781356982970505,19.325842696629213,40.449438202247194,97.97752808988764,100.0,100.0,0,,,,,,,233,2.6717969378688307,15.021459227467812,36.90987124463519,98.71244635193133,100.0,100.0,212,2.475196694428066,24.056603773584907,44.339622641509436,97.16981132075472,100.0,100.0
L107,Abdomen,157,test/L107/Low_Dose/00000188.dcm,130.0,262144,4.9856438636779785,397,2.362791738822418,20.151133501259444,41.05793450881612,100.0,100.0,100.0,0,,,,,,,200,2.379515380859375,20.5,40.5,100.0,100.0,100.0,197,2.3458134220336295,19.79695431472081,41.6243654822335,100.0,100.0,100.0
L107,Abdomen,158,test/L107/Low_Dose/00000166.dcm,130.0,262144,4.637399673461914,328,2.190389865782203,24.085365853658537,46.646341463414636,100.0,100.0,100.0,0,,,,,,,169,2.319731040819157,20.71005917159763,40.23668639053255,100.0,100.0,100.0,159,2.052914025648585,27.67295597484277,53.459119496855344,100.0,100.0,100.0
L107,Abdomen,159,test/L107/Low_Dose/00000044.dcm,130.0,262144,4.331447124481201,237,2.096936189675633,22.78481012658228,49.78902953586498,100.0,100.0,100.0,0,,,,,,,126,2.0536431206597223,23.015873015873016,52.38095238095238,100.0,100.0,100.0,111,2.1460796734234235,22.52252252252252,46.846846846846844,100.0,100.0,100.0
L107,Abdomen,160,test/L107/Low_Dose/00000059.dcm,130.0,262144,4.057214736938477,215,1.8155443768168604,31.162790697674417,56.27906976744186,100.0,100.0,100.0,0,,,,,,,113,1.9035471688329646,30.97345132743363,52.21238938053097,100.0,100.0,100.0,102,1.718051087622549,31.372549019607842,60.78431372549019,100.0,100.0,100.0
L107,Abdomen,161,test/L107/Low_Dose/00000030.dcm,130.0,262144,3.589857578277588,166,1.7414447830384037,25.301204819277107,59.036144578313255,100.0,100.0,100.0,0,,,,,,,90,1.6695475260416666,32.22222222222222,61.111111111111114,100.0,100.0,100.0,76,1.826586271587171,17.105263157894736,56.578947368421055,100.0,100.0,100.0
L107,Abdomen,162,test/L107/Low_Dose/00000067.dcm,130.0,262144,3.4213528633117676,127,1.63364776851624,32.28346456692913,62.20472440944882,100.0,100.0,100.0,0,,,,,,,68,1.611977969898897,33.8235294117647,63.23529411764706,100.0,100.0,100.0,59,1.658623129634534,30.508474576271187,61.016949152542374,100.0,100.0,100.0
L107,Abdomen,163,test/L107/Low_Dose/00000109.dcm,130.0,262144,3.2560629844665527,95,1.5752531352796053,34.73684210526316,60.0,100.0,100.0,100.0,0,,,,,,,50,1.54502685546875,36.0,62.0,100.0,100.0,100.0,45,1.608837890625,33.333333333333336,57.77777777777778,100.0,100.0,100.0
L107,Abdomen,164,test/L107/Low_Dose/00000079.dcm,130.0,262144,2.9796741008758545,112,1.5635735648018974,28.571428571428573,61.607142857142854,100.0,100.0,100.0,0,,,,,,,58,1.6068494073275863,22.413793103448278,60.3448275862069,100.0,100.0,100.0,54,1.5170921043113426,35.18518518518518,62.96296296296296,100.0,100.0,100.0
L107,Abdomen,165,test/L107/Low_Dose/00000199.dcm,130.0,262144,2.6255910396575928,87,1.3213578147449712,36.7816091954023,71.26436781609195,100.0,100.0,100.0,0,,,,,,,54,1.3227584273726851,35.18518518518518,70.37037037037037,100.0,100.0,100.0,33,1.3190659031723484,39.39393939393939,72.72727272727273,100.0,100.0,100.0
L107,Abdomen,166,test/L107/Low_Dose/00000105.dcm,130.0,262144,2.1952242851257324,67,1.1467649545242538,40.298507462686565,95.5223880597015,100.0,100.0,100.0,0,,,,,,,38,1.202479312294408,34.21052631578947,94.73684210526316,100.0,100.0,100.0,29,1.0737599339978448,48.275862068965516,96.55172413793103,100.0,100.0,100.0
L107,Abdomen,167,test/L107/Low_Dose/00000064.dcm,130.0,262144,1.8905011415481567,43,0.8608256495276163,60.46511627906977,100.0,100.0,100.0,100.0,0,,,,,,,24,0.7656046549479166,66.66666666666667,100.0,100.0,100.0,100.0,19,0.9811048005756579,52.63157894736842,100.0,100.0,100.0,100.0
L107,Abdomen,168,test/L107/Low_Dose/00000116.dcm,130.0,262144,1.8486418724060059,61,0.9610995933657787,49.18032786885246,100.0,100.0,100.0,100.0,0,,,,,,,35,0.9958147321428571,51.42857142857143,100.0,100.0,100.0,100.0,26,0.91436767578125,46.15384615384615,100.0,100.0,100.0,100.0
L107,Abdomen,169,test/L107/Low_Dose/00000118.dcm,130.0,262144,2.0860087871551514,63,1.1633165147569444,38.095238095238095,98.41269841269842,100.0,100.0,100.0,0,,,,,,,34,1.2503338982077206,38.23529411764706,97.05882352941177,100.0,100.0,100.0,29,1.0612961341594827,37.93103448275862,100.0,100.0,100.0,100.0
L107,Abdomen,170,test/L107/Low_Dose/00000006.dcm,130.0,262144,2.1711349487304688,83,1.1005638766001506,44.57831325301205,95.18072289156626,100.0,100.0,100.0,0,,,,,,,50,1.1593310546875,34.0,94.0,100.0,100.0,100.0,33,1.0115226976799243,60.60606060606061,96.96969696969697,100.0,100.0,100.0
L107,Abdomen,171,test/L107/Low_Dose/00000080.dcm,130.0,262144,2.39394474029541,117,1.1406187399839745,48.717948717948715,86.32478632478633,100.0,100.0,100.0,0,,,,,,,64,1.1497039794921875,51.5625,84.375,100.0,100.0,100.0,53,1.1296478847287736,45.283018867924525,88.67924528301887,100.0,100.0,100.0
L107,Abdomen,172,test/L107/Low_Dose/00000078.dcm,130.0,262144,2.504964590072632,125,1.2210693359375,40.8,86.4,100.0,100.0,100.0,0,,,,,,,64,1.2145576477050781,42.1875,89.0625,100.0,100.0,100.0,61,1.2279012711321722,39.34426229508197,83.60655737704919,100.0,100.0,100.0
L107,Abdomen,173,test/L107/Low_Dose/00000098.dcm,130.0,262144,2.5504236221313477,137,1.2174990020529197,43.065693430656935,82.48175182481752,100.0,100.0,100.0,0,,,,,,,77,1.3337655996347402,40.25974025974026,79.22077922077922,100.0,100.0,100.0,60,1.0682902018229166,46.666666666666664,86.66666666666667,100.0,100.0,100.0
L107,Abdomen,174,test/L107/Low_Dose/00000172.dcm,130.0,262144,2.4182240962982178,134,1.1583935182486007,45.52238805970149,88.05970149253731,100.0,100.0,100.0,0,,,,,,,67,1.1947039703824627,44.776119402985074,86.56716417910448,100.0,100.0,100.0,67,1.1220830661147387,46.26865671641791,89.55223880597015,100.0,100.0,100.0
L107,Abdomen,175,test/L107/Low_Dose/00000061.dcm,130.0,262144,2.100593090057373,117,1.032291249332265,47.863247863247864,100.0,100.0,100.0,100.0,0,,,,,,,58,1.0522797683189655,50.0,100.0,100.0,100.0,100.0,59,1.012641518802966,45.76271186440678,100.0,100.0,100.0,100.0
L107,Abdomen,176,test/L107/Low_Dose/00000193.dcm,130.0,262144,1.8277417421340942,91,0.8909536508413461,58.24175824175824,100.0,100.0,100.0,100.0,0,,,,,,,36,0.900634765625,58.333333333333336,100.0,100.0,100.0,100.0,55,0.8846169211647728,58.18181818181818,100.0,100.0,100.0,100.0
L107,Abdomen,177,test/L107/Low_Dose/00000142.dcm,130.0,262144,1.4927769899368286,72,0.7137908935546875,69.44444444444444,100.0,100.0,100.0,100.0,0,,,,,,,35,0.7810093470982142,68.57142857142857,100.0,100.0,100.0,100.0,37,0.6502058699324325,70.27027027027027,100.0,100.0,100.0,100.0
L107,Abdomen,178,test/L107/Low_Dose/00000057.dcm,130.0,262144,1.0793485641479492,54,0.5305831344039352,96.29629629629629,100.0,100.0,100.0,100.0,0,,,,,,,30,0.5891357421875,96.66666666666667,100.0,100.0,100.0,100.0,24,0.4573923746744792,95.83333333333333,100.0,100.0,100.0,100.0
L107,Abdomen,179,test/L107/Low_Dose/00000132.dcm,130.0,262144,0.8417376279830933,36,0.4427591959635417,100.0,100.0,100.0,100.0,100.0,0,,,,,,,21,0.4135044642857143,100.0,100.0,100.0,100.0,100.0,15,0.4837158203125,100.0,100.0,100.0,100.0,100.0
L107,Abdomen,180,test/L107/Low_Dose/00000005.dcm,130.0,262144,0.8841396570205688,29,0.3440025592672414,100.0,100.0,100.0,100.0,100.0,0,,,,,,,11,0.2732599431818182,100.0,100.0,100.0,100.0,100.0,18,0.3872341579861111,100.0,100.0,100.0,100.0,100.0
L107,Abdomen,181,test/L107/Low_Dose/00000056.dcm,130.0,262144,0.8783506751060486,29,0.49290729391163796,100.0,100.0,100.0,100.0,100.0,0,,,,,,,17,0.5056008731617647,100.0,100.0,100.0,100.0,100.0,12,0.4749247233072917,100.0,100.0,100.0,100.0,100.0
L107,Abdomen,182,test/L107/Low_Dose/00000027.dcm,130.0,262144,0.916917622089386,35,0.42244349888392857,100.0,100.0,100.0,100.0,100.0,0,,,,,,,23,0.491943359375,100.0,100.0,100.0,100.0,100.0,12,0.2892354329427083,100.0,100.0,100.0,100.0,100.0
L107,Abdomen,183,test/L107/Low_Dose/00000111.dcm,130.0,262144,1.0248669385910034,61,0.4752377369364754,100.0,100.0,100.0,100.0,100.0,0,,,,,,,40,0.44559326171875,100.0,100.0,100.0,100.0,100.0,21,0.5317034040178571,100.0,100.0,100.0,100.0,100.0
L107,Abdomen,184,test/L107/Low_Dose/00000148.dcm,130.0,262144,1.173494577407837,44,0.6267228560014204,79.54545454545455,100.0,100.0,100.0,100.0,0,,,,,,,28,0.5737827845982143,78.57142857142857,100.0,100.0,100.0,100.0,16,0.7193679809570312,81.25,100.0,100.0,100.0,100.0
L107,Abdomen,185,test/L107/Low_Dose/00000151.dcm,130.0,262144,1.4157135486602783,44,0.6287508877840909,70.45454545454545,100.0,100.0,100.0,100.0,0,,,,,,,29,0.7024094154094828,65.51724137931035,100.0,100.0,100.0,100.0,15,0.48634440104166665,80.0,100.0,100.0,100.0,100.0
L107,Abdomen,186,test/L107/Low_Dose/00000075.dcm,130.0,262144,1.3624590635299683,57,0.6225885759320176,78.94736842105263,100.0,100.0,100.0,100.0,0,,,,,,,33,0.6154156309185606,78.78787878787878,100.0,100.0,100.0,100.0,24,0.6324513753255209,79.16666666666667,100.0,100.0,100.0,100.0
L107,Abdomen,187,test/L107/Low_Dose/00000023.dcm,130.0,262144,1.2361475229263306,33,0.5796268347537878,93.93939393939394,100.0,100.0,100.0,100.0,0,,,,,,,19,0.572008634868421,94.73684210526316,100.0,100.0,100.0,100.0,14,0.5899658203125,92.85714285714286,100.0,100.0,100.0,100.0
L107,Abdomen,188,test/L107/Low_Dose/00000063.dcm,130.0,262144,1.203700304031372,39,0.5867168719951923,76.92307692307692,100.0,100.0,100.0,100.0,0,,,,,,,21,0.5079636346726191,80.95238095238095,100.0,100.0,100.0,100.0,18,0.6785956488715278,72.22222222222223,100.0,100.0,100.0,100.0
L107,Abdomen,189,test/L107/Low_Dose/00000084.dcm,130.0,262144,1.097866177558899,24,0.5200653076171875,91.66666666666667,100.0,100.0,100.0,100.0,0,,,,,,,16,0.451507568359375,93.75,100.0,100.0,100.0,100.0,8,0.6571807861328125,87.5,100.0,100.0,100.0,100.0
L107,Abdomen,190,test/L107/Low_Dose/00000072.dcm,130.0,262144,1.046667218208313,32,0.5362167358398438,100.0,100.0,100.0,100.0,100.0,0,,,,,,,21,0.5726667131696429,100.0,100.0,100.0,100.0,100.0,11,0.46663041548295453,100.0,100.0,100.0,100.0,100.0
L107,Abdomen,191,test/L107/Low_Dose/00000073.dcm,130.0,262144,0.972968339920044,21,0.5531761532738095,100.0,100.0,100.0,100.0,100.0,0,,,,,,,11,0.5571732954545454,100.0,100.0,100.0,100.0,100.0,10,0.548779296875,100.0,100.0,100.0,100.0,100.0
L107,Abdomen,192,test/L107/Low_Dose/00000163.dcm,130.0,262144,0.5330247282981873,8,0.2511749267578125,100.0,100.0,100.0,100.0,100.0,0,,,,,,,5,0.2247314453125,100.0,100.0,100.0,100.0,100.0,3,0.2952473958333333,100.0,100.0,100.0,100.0,100.0
L107,Abdomen,193,test/L107/Low_Dose/00000038.dcm,130.0,262144,0.3357498049736023,3,0.15987141927083334,100.0,100.0,100.0,100.0,100.0,0,,,,,,,1,0.14892578125,100.0,100.0,100.0,100.0,100.0,2,0.16534423828125,100.0,100.0,100.0,100.0,100.0
L107,Abdomen,194,test/L107/Low_Dose/00000162.dcm,130.0,262144,0.30949217081069946,7,0.20094517299107142,100.0,100.0,100.0,100.0,100.0,0,,,,,,,4,0.188720703125,100.0,100.0,100.0,100.0,100.0,3,0.21724446614583334,100.0,100.0,100.0,100.0,100.0
L107,Abdomen,195,test/L107/Low_Dose/00000011.dcm,130.0,262144,0.22750262916088104,5,0.066650390625,100.0,100.0,100.0,100.0,100.0,0,,,,,,,3,0.053995768229166664,100.0,100.0,100.0,100.0,100.0,2,0.08563232421875,100.0,100.0,100.0,100.0,100.0
L107,Abdomen,196,test/L107/Low_Dose/00000085.dcm,130.0,262144,0.18361644446849823,1,0.083740234375,100.0,100.0,100.0,100.0,100.0,0,,,,,,,1,0.083740234375,100.0,100.0,100.0,100.0,100.0,0,,,,,,
L107,Abdomen,197,test/L107/Low_Dose/00000165.dcm,130.0,262144,0.3170028328895569,8,0.1790771484375,100.0,100.0,100.0,100.0,100.0,0,,,,,,,6,0.19215901692708334,100.0,100.0,100.0,100.0,100.0,2,0.13983154296875,100.0,100.0,100.0,100.0,100.0
L107,Abdomen,198,test/L107/Low_Dose/00000099.dcm,130.0,262144,0.3178729712963104,6,0.14615885416666666,100.0,100.0,100.0,100.0,100.0,0,,,,,,,3,0.1065673828125,100.0,100.0,100.0,100.0,100.0,3,0.18575032552083334,100.0,100.0,100.0,100.0,100.0
L107,Abdomen,199,test/L107/Low_Dose/00000112.dcm,130.0,262144,0.43343570828437805,7,0.28342982700892855,100.0,100.0,100.0,100.0,100.0,0,,,,,,,6,0.2641194661458333,100.0,100.0,100.0,100.0,100.0,1,0.3992919921875,100.0,100.0,100.0,100.0,100.0
L107,Abdomen,200,test/L107/Low_Dose/00000095.dcm,130.0,262144,0.5425146222114563,11,0.18379350142045456,100.0,100.0,100.0,100.0,100.0,0,,,,,,,6,0.16693115234375,100.0,100.0,100.0,100.0,100.0,5,0.2040283203125,100.0,100.0,100.0,100.0,100.0
L107,Abdomen,201,test/L107/Low_Dose/00000092.dcm,130.0,262144,0.6328442096710205,7,0.18722098214285715,100.0,100.0,100.0,100.0,100.0,0,,,,,,,4,0.18780517578125,100.0,100.0,100.0,100.0,100.0,3,0.18644205729166666,100.0,100.0,100.0,100.0,100.0
L220,Abdomen,0,test/L220/Low_Dose/00000085.dcm,130.0,262144,3.8291807174682617,795,1.7904263094536164,28.30188679245283,56.477987421383645,100.0,100.0,100.0,0,,,,,,,370,1.910592403927365,22.972972972972972,52.7027027027027,100.0,100.0,100.0,425,1.6858111213235294,32.94117647058823,59.76470588235294,100.0,100.0,100.0
L220,Abdomen,1,test/L220/Low_Dose/00000110.dcm,130.0,262144,4.2873711585998535,1073,2.026175151444548,26.001863932898416,49.30102516309413,100.0,100.0,100.0,0,,,,,,,524,2.09433193061188,23.85496183206107,47.32824427480916,100.0,100.0,100.0,549,1.961122050745674,28.051001821493625,51.183970856102,100.0,100.0,100.0
L220,Abdomen,2,test/L220/Low_Dose/00000022.dcm,130.0,262144,4.177374839782715,1125,1.990240451388889,25.155555555555555,50.22222222222222,100.0,100.0,100.0,0,,,,,,,600,2.1033662923177086,23.833333333333332,46.0,100.0,100.0,100.0,525,1.8609535435267857,26.666666666666668,55.04761904761905,100.0,100.0,100.0
L220,Abdomen,3,test/L220/Low_Dose/00000058.dcm,130.0,262144,4.021533489227295,1249,1.857353460893715,27.70216172938351,53.3226581265012,100.0,100.0,100.0,0,,,,,,,630,1.9781153118799604,24.444444444444443,48.57142857142857,100.0,100.0,100.0,619,1.7344454024257876,31.017770597738288,58.158319870759286,100.0,100.0,100.0
L220,Abdomen,4,test/L220/Low_Dose/00000056.dcm,130.0,262144,3.900252103805542,1156,1.8441356408142302,27.85467128027682,56.22837370242215,100.0,100.0,100.0,0,,,,,,,580,1.898455179148707,26.379310344827587,54.827586206896555,100.0,100.0,100.0,576,1.7894386715359158,29.34027777777778,57.638888888888886,100.0,100.0,100.0
L220,Abdomen,5,test/L220/Low_Dose/00000139.dcm,130.0,262144,3.8330061435699463,1044,1.8169244642001916,27.77777777777778,54.980842911877396,100.0,100.0,100.0,0,,,,,,,541,1.8835054351750231,24.399260628465804,53.049907578558226,100.0,100.0,100.0,503,1.7453135192749751,31.411530815109344,57.05765407554672,100.0,100.0,100.0
L220,Abdomen,6,test/L220/Low_Dose/00000053.dcm,130.0,262144,3.647331714630127,1038,1.7561223318581407,29.094412331406552,55.6840077071291,100.0,100.0,100.0,0,,,,,,,557,1.8434103070298473,25.673249551166965,52.06463195691203,100.0,100.0,100.0,481,1.6550424936655406,33.056133056133056,59.87525987525988,100.0,100.0,100.0
L220,Abdomen,7,test/L220/Low_Dose/00000120.dcm,130.0,262144,3.4750592708587646,992,1.6292071188649824,31.955645161290324,61.189516129032256,100.0,100.0,100.0,0,,,,,,,524,1.691299089038645,29.770992366412212,58.969465648854964,100.0,100.0,100.0,468,1.5596853402944713,34.401709401709404,63.675213675213676,100.0,100.0,100.0
L220,Abdomen,8,test/L220/Low_Dose/00000071.dcm,130.0,262144,3.374575138092041,866,1.562967278390228,34.41108545034642,64.54965357967667,100.0,100.0,100.0,0,,,,,,,421,1.6370707532289193,28.741092636579573,61.52019002375297,100.0,100.0,100.0,445,1.4928603954529494,39.7752808988764,67.41573033707866,100.0,100.0,100.0
L220,Abdomen,9,test/L220/Low_Dose/00000029.dcm,130.0,262144,3.2363998889923096,554,1.554765281264102,29.96389891696751,65.34296028880867,100.0,100.0,100.0,0,,,,,,,302,1.6559917121533527,25.165562913907284,59.93377483443709,100.0,100.0,100.0,252,1.4334542410714286,35.714285714285715,71.82539682539682,100.0,100.0,100.0
L220,Abdomen,10,test/L220/Low_Dose/00000003.dcm,130.0,262144,3.958508253097534,659,1.8526596509270676,28.376327769347498,54.02124430955994,100.0,100.0,100.0,0,,,,,,,391,1.9880477241847827,24.04092071611253,49.10485933503836,100.0,100.0,100.0,268,1.6551345141965952,34.701492537313435,61.19402985074627,100.0,100.0,100.0
L220,Abdomen,11,test/L220/Low_Dose/00000001.dcm,130.0,262144,4.114058971405029,934,1.968161344017666,23.98286937901499,51.92719486081371,100.0,100.0,100.0,0,,,,,,,532,2.0776559930098686,20.112781954887218,47.36842105263158,100.0,100.0,100.0,402,1.8232579776896767,29.104477611940297,57.960199004975124,100.0,100.0,100.0
L220,Abdomen,12,test/L220/Low_Dose/00000046.dcm,130.0,262144,3.8119664192199707,1119,1.7834931919892203,30.116175156389634,57.10455764075067,100.0,100.0,100.0,0,,,,,,,609,1.9647844186165846,23.80952380952381,49.917898193760266,100.0,100.0,100.0,510,1.567010139016544,37.64705882352941,65.68627450980392,100.0,100.0,100.0
L220,Abdomen,13,test/L220/Low_Dose/00000068.dcm,130.0,262144,4.492863655090332,1297,2.1757059560524286,22.20508866615266,45.87509637625289,100.0,100.0,100.0,0,,,,,,,728,2.276912814968235,20.604395604395606,42.032967032967036,100.0,100.0,100.0,569,2.0462178798467705,24.253075571177504,50.790861159929705,100.0,100.0,100.0
L220,Abdomen,14,test/L220/Low_Dose/00000124.dcm,130.0,262144,4.513445854187012,1542,2.1676166301880673,24.25421530479896,46.23865110246433,100.0,100.0,100.0,0,,,,,,,862,2.3240219080807716,19.837587006960558,39.675174013921115,100.0,100.0,100.0,680,1.9693499396829044,29.852941176470587,54.55882352941177,100.0,100.0,100.0
L220,Abdomen,15,test/L220/Low_Dose/00000119.dcm,130.0,262144,4.531357288360596,1499,2.3016679088142094,20.68045363575717,42.494996664442965,100.0,100.0,100.0,0,,,,,,,866,2.4082239869009814,18.706697459584294,37.99076212471132,100.0,100.0,100.0,633,2.1558899600735586,23.380726698262244,48.657187993680886,100.0,100.0,100.0
L220,Abdomen,16,test/L220/Low_Dose/00000082.dcm,130.0,262144,4.225865364074707,1121,2.131722252035013,22.925958965209634,44.51382694023194,100.0,100.0,100.0,0,,,,,,,666,2.211561231641798,21.32132132132132,40.54054054054054,100.0,100.0,100.0,455,2.0148587740384616,25.274725274725274,50.32967032967033,100.0,100.0,100.0
L220,Abdomen,17,test/L220/Low_Dose/00000054.dcm,130.0,262144,4.40826940536499,934,2.2436884159194324,21.306209850107066,43.46895074946467,100.0,100.0,100.0,0,,,,,,,544,2.3813705444335938,17.647058823529413,39.52205882352941,100.0,100.0,100.0,390,2.051639185196314,26.41025641025641,48.97435897435897,100.0,100.0,100.0
L220,Abdomen,18,test/L220/Low_Dose/00000013.dcm,130.0,262144,4.168900012969971,957,2.2482366771159876,18.91327063740857,40.020898641588296,100.0,100.0,100.0,0,,,,,,,596,2.380961373348364,15.771812080536913,35.06711409395973,100.0,100.0,100.0,361,2.029112247879155,24.099722991689752,48.199445983379505,100.0,100.0,100.0
L220,Abdomen,19,test/L220/Low_Dose/00000153.dcm,130.0,262144,3.974972724914551,1095,2.0494345747716896,23.19634703196347,45.84474885844749,100.0,100.0,100.0,0,,,,,,,657,2.106970382063356,20.85235920852359,43.83561643835616,100.0,100.0,100.0,438,1.9631308638341896,26.71232876712329,48.858447488584474,100.0,100.0,100.0
L220,Abdomen,20,test/L220/Low_Dose/00000147.dcm,130.0,262144,3.8656399250030518,978,1.9977211045341257,23.721881390593047,48.466257668711656,100.0,100.0,100.0,0,,,,,,,583,2.129220115177423,18.867924528301888,44.082332761578044,100.0,100.0,100.0,395,1.8036352230023733,30.88607594936709,54.936708860759495,100.0,100.0,100.0
L220,Abdomen,21,test/L220/Low_Dose/00000064.dcm,130.0,262144,4.059195041656494,862,2.1344879221197073,21.11368909512761,44.43155452436195,100.0,100.0,100.0,0,,,,,,,531,2.226576523143244,18.832391713747647,41.05461393596987,100.0,100.0,100.0,331,1.986756661867447,24.773413897280967,49.848942598187314,100.0,100.0,100.0
L220,Abdomen,22,test/L220/Low_Dose/00000038.dcm,130.0,262144,3.7931323051452637,949,2.004386170269692,21.285563751317177,48.472075869336145,100.0,100.0,100.0,0,,,,,,,593,2.0298913759485666,20.236087689713322,46.54300168634064,100.0,100.0,100.0,356,1.9619013754169592,23.03370786516854,51.68539325842696,100.0,100.0,100.0
L220,Abdomen,23,test/L220/Low_Dose/00000101.dcm,130.0,262144,3.5770461559295654,957,1.8942939973550157,23.09299895506792,50.88819226750261,100.0,100.0,100.0,0,,,,,,,597,1.96551319422634,19.597989949748744,48.57621440536013,100.0,100.0,100.0,360,1.7761888292100694,28.88888888888889,54.72222222222222,100.0,100.0,100.0
L220,Abdomen,24,test/L220/Low_Dose/00000107.dcm,130.0,262144,3.4699888229370117,981,1.7662728063678643,26.50356778797146,57.08460754332314,100.0,100.0,100.0,0,,,,,,,655,1.7933713024809161,25.64885496183206,55.11450381679389,100.0,100.0,100.0,326,1.7118264414781441,28.220858895705522,61.04294478527607,100.0,100.0,100.0
L220,Abdomen,25,test/L220/Low_Dose/00000083.dcm,130.0,262144,3.4608168601989746,1045,1.8138213965311005,25.83732057416268,52.63157894736842,100.0,100.0,100.0,0,,,,,,,713,1.8774112738867461,23.56241234221599,50.07012622720897,100.0,100.0,100.0,332,1.6772563888365963,30.72289156626506,58.13253012048193,100.0,100.0,100.0
L220,Abdomen,26,test/L220/Low_Dose/00000008.dcm,130.0,262144,3.408423662185669,1018,1.8091253194452972,23.673870333988212,52.16110019646366,100.0,100.0,100.0,0,,,,,,,663,1.8515869877097473,22.021116138763198,50.37707390648567,100.0,100.0,100.0,355,1.7298236685739437,26.760563380281692,55.49295774647887,100.0,100.0,100.0
L220,Abdomen,27,test/L220/Low_Dose/00000146.dcm,130.0,262144,3.5081686973571777,1218,1.8007207159534073,25.123152709359605,54.51559934318555,100.0,100.0,100.0,0,,,,,,,783,1.8556974564475575,23.371647509578544,51.46871008939974,100.0,100.0,100.0,435,1.7017625830639367,28.275862068965516,60.0,100.0,100.0,100.0
L220,Abdomen,28,test/L220/Low_Dose/00000131.dcm,130.0,262144,3.5849053859710693,1301,1.820793275004804,25.057647963105303,54.88086087624904,100.0,100.0,100.0,0,,,,,,,790,1.8857341524920885,23.417721518987342,51.89873417721519,100.0,100.0,100.0,511,1.7203956798098092,27.592954990215265,59.49119373776908,100.0,100.0,100.0
L220,Abdomen,29,test/L220/Low_Dose/00000073.dcm,130.0,262144,3.311143159866333,1223,1.7341071040729763,24.448078495502862,56.50040883074407,100.0,100.0,100.0,0,,,,,,,754,1.7922520321307196,22.281167108753316,53.97877984084881,100.0,100.0,100.0,469,1.6406289041677773,27.931769722814497,60.55437100213219,100.0,100.0,100.0
L220,Abdomen,30,test/L220/Low_Dose/00000076.dcm,130.0,262144,3.0964207649230957,1180,1.5702139127052437,28.8135593220339,64.23728813559322,100.0,100.0,100.0,0,,,,,,,727,1.6129432478829953,26.68500687757909,62.310866574965615,100.0,100.0,100.0,453,1.5016394608857615,32.22958057395144,67.3289183222958,100.0,100.0,100.0
L220,Abdomen,31,test/L220/Low_Dose/00000069.dcm,130.0,262144,3.007753372192383,1177,1.5243343071301507,32.03058623619371,64.82582837723025,100.0,100.0,100.0,0,,,,,,,760,1.5405933580900493,32.10526315789474,64.07894736842105,100.0,100.0,100.0,417,1.4947015044214629,31.894484412470025,66.18705035971223,100.0,100.0,100.0
L220,Abdomen,32,test/L220/Low_Dose/00000087.dcm,130.0,262144,2.784496784210205,1159,1.4240705804438094,33.47713546160483,69.37014667817084,100.0,100.0,100.0,0,,,,,,,749,1.4667660722108644,30.97463284379172,67.8237650200267,100.0,100.0,100.0,410,1.3460732064596037,38.048780487804876,72.1951219512195,100.0,100.0,100.0
L220,Abdomen,33,test/L220/Low_Dose/00000025.dcm,130.0,262144,2.514396905899048,934,1.2298302987402971,39.82869379014989,81.47751605995717,100.0,100.0,100.0,0,,,,,,,564,1.2821919326241136,37.234042553191486,80.1418439716312,100.0,100.0,100.0,370,1.150014186549831,43.78378378378378,83.51351351351352,100.0,100.0,100.0
L220,Abdomen,34,test/L220/Low_Dose/00000150.dcm,130.0,262144,2.5340969562530518,871,1.287796808849383,37.54305396096441,79.90815154994259,100.0,100.0,100.0,0,,,,,,,539,1.2984032568993507,37.66233766233766,79.59183673469387,100.0,100.0,100.0,332,1.2705773043345256,37.34939759036145,80.42168674698796,100.0,100.0,100.0
L220,Abdomen,35,test/L220/Low_Dose/00000121.dcm,130.0,262144,2.5971932411193848,843,1.3431448614045818,36.06168446026097,75.68208778173191,100.0,100.0,100.0,0,,,,,,,461,1.397434722834192,32.53796095444685,73.53579175704989,100.0,100.0,100.0,382,1.2776275155431938,40.31413612565445,78.27225130890052,100.0,100.0,100.0
L220,Abdomen,36,test/L220/Low_Dose/00000034.dcm,130.0,262144,2.6201937198638916,938,1.2893190038229612,37.63326226012793,77.71855010660981,100.0,100.0,100.0,0,,,,,,,548,1.3195043410697993,35.583941605839414,77.91970802919708,100.0,100.0,100.0,390,1.2469047350761218,40.51282051282051,77.43589743589743,100.0,100.0,100.0
L220,Abdomen,37,test/L220/Low_Dose/00000128.dcm,130.0,262144,2.7155537605285645,1050,1.3076724097842263,38.285714285714285,74.85714285714286,100.0,100.0,100.0,0,,,,,,,562,1.3366171405832963,37.544483985765126,74.37722419928825,100.0,100.0,100.0,488,1.2743385189869365,39.13934426229508,75.40983606557377,100.0,100.0,100.0
L220,Abdomen,38,test/L220/Low_Dose/00000154.dcm,130.0,262144,2.750666856765747,1066,1.3692951023466815,36.02251407129456,72.70168855534709,100.0,100.0,100.0,0,,,,,,,618,1.400474968079996,34.78964401294498,71.03559870550161,100.0,100.0,100.0,448,1.3262835911342077,37.723214285714285,75.0,100.0,100.0,100.0
L220,Abdomen,39,test/L220/Low_Dose/00000074.dcm,130.0,262144,2.469317674636841,953,1.252907527831519,37.670514165792234,83.73557187827912,100.0,100.0,100.0,0,,,,,,,536,1.2811158593021221,34.88805970149254,83.95522388059702,100.0,100.0,100.0,417,1.2166493367805755,41.247002398081534,83.45323741007195,100.0,100.0,100.0
L220,Abdomen,40,test/L220/Low_Dose/00000031.dcm,130.0,262144,2.2720425128936768,917,1.1056841368763632,45.14721919302072,90.18538713195201,100.0,100.0,100.0,0,,,,,,,468,1.1514576968983707,42.30769230769231,87.3931623931624,100.0,100.0,100.0,449,1.0579736110627784,48.10690423162583,93.0957683741648,100.0,100.0,100.0
L220,Abdomen,41,test/L220/Low_Dose/00000137.dcm,130.0,262144,1.9178555011749268,712,0.9559562768829003,51.96629213483146,100.0,100.0,100.0,100.0,0,,,,,,,344,0.973608327466388,49.7093023255814,100.0,100.0,100.0,100.0,368,0.9394554469896399,54.07608695652174,100.0,100.0,100.0,100.0
L220,Abdomen,42,test/L220/Low_Dose/00000092.dcm,130.0,262144,1.5388858318328857,506,0.7642542420639822,65.41501976284584,100.0,100.0,100.0,100.0,0,,,,,,,256,0.7837224006652832,63.671875,100.0,100.0,100.0,100.0,250,0.74431884765625,67.2,100.0,100.0,100.0,100.0
L220,Abdomen,43,test/L220/Low_Dose/00000052.dcm,130.0,262144,1.03941011428833,350,0.50840576171875,99.14285714285714,100.0,100.0,100.0,100.0,0,,,,,,,183,0.5250164094518442,100.0,100.0,100.0,100.0,100.0,167,0.49020367468188625,98.20359281437126,100.0,100.0,100.0,100.0
L220,Abdomen,44,test/L220/Low_Dose/00000098.dcm,130.0,262144,0.7727749347686768,246,0.3760202299288618,100.0,100.0,100.0,100.0,100.0,0,,,,,,,128,0.3676185607910156,100.0,100.0,100.0,100.0,100.0,118,0.3851339049258475,100.0,100.0,100.0,100.0,100.0
L220,Abdomen,45,test/L220/Low_Dose/00000032.dcm,130.0,262144,0.9890207052230835,236,0.4990110235699153,100.0,100.0,100.0,100.0,100.0,0,,,,,,,114,0.5160458213404605,100.0,100.0,100.0,100.0,100.0,122,0.48309326171875,100.0,100.0,100.0,100.0,100.0
L220,Abdomen,46,test/L220/Low_Dose/00000070.dcm,130.0,262144,1.0184475183486938,224,0.5148533412388393,100.0,100.0,100.0,100.0,100.0,0,,,,,,,103,0.5407928170509708,100.0,100.0,100.0,100.0,100.0,121,0.49277263042355374,100.0,100.0,100.0,100.0,100.0
L220,Abdomen,47,test/L220/Low_Dose/00000010.dcm,130.0,262144,0.9357814192771912,237,0.4610271212420886,100.0,100.0,100.0,100.0,100.0,0,,,,,,,102,0.4860026041666667,100.0,100.0,100.0,100.0,100.0,135,0.44215675636574076,100.0,100.0,100.0,100.0,100.0
L220,Abdomen,48,test/L220/Low_Dose/00000063.dcm,130.0,262144,0.8145100474357605,144,0.39169904920789933,100.0,100.0,100.0,100.0,100.0,0,,,,,,,67,0.4150335966651119,100.0,100.0,100.0,100.0,100.0,77,0.3713949624594156,100.0,100.0,100.0,100.0,100.0
L220,Abdomen,49,test/L220/Low_Dose/00000050.dcm,130.0,262144,0.7145063281059265,113,0.3327647521432522,100.0,100.0,100.0,100.0,100.0,0,,,,,,,54,0.34556523075810186,100.0,100.0,100.0,100.0,100.0,59,0.3210490598516949,100.0,100.0,100.0,100.0,100.0
L220,Abdomen,50,test/L220/Low_Dose/00000144.dcm,130.0,262144,0.46654176712036133,69,0.22561070538949277,100.0,100.0,100.0,100.0,100.0,0,,,,,,,29,0.2258342874461207,100.0,100.0,100.0,100.0,100.0,40,0.2254486083984375,100.0,100.0,100.0,100.0,100.0
L220,Abdomen,51,test/L220/Low_Dose/00000089.dcm,130.0,262144,0.2787720263004303,53,0.1359241413620283,100.0,100.0,100.0,100.0,100.0,0,,,,,,,22,0.14710027521306818,100.0,100.0,100.0,100.0,100.0,31,0.12799269153225806,100.0,100.0,100.0,100.0,100.0
L220,Abdomen,52,test/L220/Low_Dose/00000045.dcm,130.0,262144,0.26947230100631714,36,0.13020833333333334,100.0,100.0,100.0,100.0,100.0,0,,,,,,,14,0.15737479073660715,100.0,100.0,100.0,100.0,100.0,22,0.11292058771306818,100.0,100.0,100.0,100.0,100.0
L220,Abdomen,53,test/L220/Low_Dose/00000048.dcm,130.0,262144,0.35347670316696167,44,0.17709905450994318,100.0,100.0,100.0,100.0,100.0,0,,,,,,,21,0.18376813616071427,100.0,100.0,100.0,100.0,100.0,23,0.17100989300271738,100.0,100.0,100.0,100.0,100.0
L220,Abdomen,54,test/L220/Low_Dose/00000115.dcm,130.0,262144,0.22586598992347717,24,0.10240681966145833,100.0,100.0,100.0,100.0,100.0,0,,,,,,,10,0.1355712890625,100.0,100.0,100.0,100.0,100.0,14,0.07871791294642858,100.0,100.0,100.0,100.0,100.0
L220,Abdomen,55,test/L220/Low_Dose/00000105.dcm,130.0,262144,-0.011531061492860317,0,,,,,,,2,0.005615234375,100.0,100.0,100.0,100.0,100.0,0,,,,,,,2,0.005615234375,100.0,100.0,100.0,100.0,100.0
L220,Abdomen,56,test/L220/Low_Dose/00000017.dcm,130.0,262144,0.13617829978466034,27,0.06629322193287036,100.0,100.0,100.0,100.0,100.0,0,,,,,,,11,0.06534090909090909,100.0,100.0,100.0,100.0,100.0,16,0.06694793701171875,100.0,100.0,100.0,100.0,100.0
L220,Abdomen,57,test/L220/Low_Dose/00000006.dcm,130.0,262144,0.30405017733573914,27,0.17314091435185186,100.0,100.0,100.0,100.0,100.0,0,,,,,,,11,0.18940873579545456,100.0,100.0,100.0,100.0,100.0,16,0.161956787109375,100.0,100.0,100.0,100.0,100.0
L220,Abdomen,58,test/L220/Low_Dose/00000094.dcm,130.0,262144,0.4481307566165924,52,0.18145047701322115,100.0,100.0,100.0,100.0,100.0,0,,,,,,,25,0.1612158203125,100.0,100.0,100.0,100.0,100.0,27,0.20018627025462962,100.0,100.0,100.0,100.0,100.0
L220,Abdomen,59,test/L220/Low_Dose/00000055.dcm,130.0,262144,0.4912777543067932,52,0.24290114182692307,100.0,100.0,100.0,100.0,100.0,0,,,,,,,24,0.23160807291666666,100.0,100.0,100.0,100.0,100.0,28,0.25258091517857145,100.0,100.0,100.0,100.0,100.0
L220,Abdomen,60,test/L220/Low_Dose/00000049.dcm,130.0,262144,0.4366947114467621,50,0.223974609375,100.0,100.0,100.0,100.0,100.0,0,,,,,,,17,0.24556956571691177,100.0,100.0,100.0,100.0,100.0,33,0.21284993489583334,100.0,100.0,100.0,100.0,100.0
L220,Abdomen,61,test/L220/Low_Dose/00000123.dcm,130.0,262144,0.3718307614326477,27,0.2158474392361111,100.0,100.0,100.0,100.0,100.0,0,,,,,,,11,0.2015713778409091,100.0,100.0,100.0,100.0,100.0,16,0.2256622314453125,100.0,100.0,100.0,100.0,100.0
L220,Abdomen,62,test/L220/Low_Dose/00000044.dcm,130.0,262144,0.32320070266723633,31,0.15115848664314516,100.0,100.0,100.0,100.0,100.0,0,,,,,,,14,0.17176164899553573,100.0,100.0,100.0,100.0,100.0,17,0.13419117647058823,100.0,100.0,100.0,100.0,100.0
L220,Abdomen,63,test/L220/Low_Dose/00000011.dcm,130.0,262144,0.06488757580518723,3,0.044962565104166664,100.0,100.0,100.0,100.0,100.0,0,,,,,,,2,0.051025390625,100.0,100.0,100.0,100.0,100.0,1,0.0328369140625,100.0,100.0,100.0,100.0,100.0
L220,Abdomen,64,test/L220/Low_Dose/00000084.dcm,130.0,262144,-0.022269977256655693,0,,,,,,,0,,,,,,,0,,,,,,,0,,,,,,
L220,Abdomen,65,test/L220/Low_Dose/00000005.dcm,130.0,262144,0.18532806634902954,13,0.09400353064903846,100.0,100.0,100.0,100.0,100.0,0,,,,,,,4,0.084808349609375,100.0,100.0,100.0,100.0,100.0,9,0.09809027777777778,100.0,100.0,100.0,100.0,100.0
L220,Abdomen,66,test/L220/Low_Dose/00000116.dcm,130.0,262144,0.07236863672733307,3,0.048136393229166664,100.0,100.0,100.0,100.0,100.0,0,,,,,,,3,0.048136393229166664,100.0,100.0,100.0,100.0,100.0,0,,,,,,
L220,Abdomen,67,test/L220/Low_Dose/00000135.dcm,130.0,262144,-0.1280449628829956,0,,,,,,,8,0.0803375244140625,100.0,100.0,100.0,100.0,100.0,4,0.080810546875,100.0,100.0,100.0,100.0,100.0,4,0.079864501953125,100.0,100.0,100.0,100.0,100.0
L220,Abdomen,68,test/L220/Low_Dose/00000118.dcm,130.0,262144,-0.21178002655506134,0,,,,,,,10,0.09429931640625,100.0,100.0,100.0,100.0,100.0,4,0.134796142578125,100.0,100.0,100.0,100.0,100.0,6,0.06730143229166667,100.0,100.0,100.0,100.0,100.0
L220,Abdomen,69,test/L220/Low_Dose/00000075.dcm,130.0,262144,-0.12077224254608154,0,,,,,,,5,0.0444580078125,100.0,100.0,100.0,100.0,100.0,3,0.054280598958333336,100.0,100.0,100.0,100.0,100.0,2,0.02972412109375,100.0,100.0,100.0,100.0,100.0
L220,Abdomen,70,test/L220/Low_Dose/00000030.dcm,130.0,262144,0.18593037128448486,7,0.10810198102678571,100.0,100.0,100.0,100.0,100.0,0,,,,,,,3,0.13431803385416666,100.0,100.0,100.0,100.0,100.0,4,0.08843994140625,100.0,100.0,100.0,100.0,100.0
L220,Abdomen,71,test/L220/Low_Dose/00000009.dcm,130.0,262144,-0.008094657212495804,0,,,,,,,0,,,,,,,0,,,,,,,0,,,,,,
L220,Abdomen,72,test/L220/Low_Dose/00000021.dcm,130.0,262144,-0.365617573261261,0,,,,,,,19,0.14491673519736842,100.0,100.0,100.0,100.0,100.0,13,0.15883225661057693,100.0,100.0,100.0,100.0,100.0,6,0.11476643880208333,100.0,100.0,100.0,100.0,100.0
L220,Abdomen,73,test/L220/Low_Dose/00000014.dcm,130.0,262144,-0.48335662484169006,0,,,,,,,9,0.3617892795138889,100.0,100.0,100.0,100.0,100.0,5,0.3291015625,100.0,100.0,100.0,100.0,100.0,4,0.40264892578125,100.0,100.0,100.0,100.0,100.0
L220,Abdomen,74,test/L220/Low_Dose/00000151.dcm,130.0,262144,-0.6156049370765686,0,,,,,,,18,0.2393866644965278,100.0,100.0,100.0,100.0,100.0,10,0.22236328125,100.0,100.0,100.0,100.0,100.0,8,0.2606658935546875,100.0,100.0,100.0,100.0,100.0
L220,Abdomen,75,test/L220/Low_Dose/00000130.dcm,130.0,262144,-0.4926525056362152,0,,,,,,,12,0.19739786783854166,100.0,100.0,100.0,100.0,100.0,5,0.246875,100.0,100.0,100.0,100.0,100.0,7,0.16205705915178573,100.0,100.0,100.0,100.0,100.0
L220,Abdomen,76,test/L220/Low_Dose/00000133.dcm,130.0,262144,-0.3783808648586273,0,,,,,,,4,0.26129150390625,100.0,100.0,100.0,100.0,100.0,3,0.2481689453125,100.0,100.0,100.0,100.0,100.0,1,0.3006591796875,100.0,100.0,100.0,100.0,100.0
L220,Abdomen,77,test/L220/Low_Dose/00000155.dcm,130.0,262144,0.17689603567123413,2,0.0787353515625,100.0,100.0,100.0,100.0,100.0,0,,,,,,,0,,,,,,,2,0.0787353515625,100.0,100.0,100.0,100.0,100.0
L220,Abdomen,78,test/L220/Low_Dose/00000066.dcm,130.0,262144,0.6929776668548584,10,0.3697509765625,100.0,100.0,100.0,100.0,100.0,0,,,,,,,5,0.2530517578125,100.0,100.0,100.0,100.0,100.0,5,0.4864501953125,100.0,100.0,100.0,100.0,100.0
L220,Abdomen,79,test/L220/Low_Dose/00000080.dcm,130.0,262144,0.6875979900360107,23,0.42228367017663043,100.0,100.0,100.0,100.0,100.0,0,,,,,,,13,0.49739896334134615,100.0,100.0,100.0,100.0,100.0,10,0.3246337890625,100.0,100.0,100.0,100.0,100.0
L220,Abdomen,80,test/L220/Low_Dose/00000007.dcm,130.0,262144,1.0769968032836914,37,0.5839513830236487,86.48648648648648,100.0,100.0,100.0,100.0,0,,,,,,,17,0.5648193359375,82.3529411764706,100.0,100.0,100.0,100.0,20,0.600213623046875,90.0,100.0,100.0,100.0,100.0
L220,Abdomen,81,test/L220/Low_Dose/00000132.dcm,130.0,262144,1.4672905206680298,58,0.6775533741918104,68.96551724137932,100.0,100.0,100.0,100.0,0,,,,,,,31,0.6313594695060484,80.64516129032258,100.0,100.0,100.0,100.0,27,0.7305908203125,55.55555555555556,100.0,100.0,100.0,100.0
L220,Abdomen,82,test/L220/Low_Dose/00000039.dcm,130.0,262144,1.8109232187271118,75,0.8906217447916667,58.666666666666664,100.0,100.0,100.0,100.0,0,,,,,,,34,0.9759485581341911,52.94117647058823,100.0,100.0,100.0,100.0,41,0.8198629239710366,63.41463414634146,100.0,100.0,100.0,100.0
L220,Abdomen,83,test/L220/Low_Dose/00000093.dcm,130.0,262144,1.6989647150039673,71,0.7552541813380281,67.6056338028169,100.0,100.0,100.0,100.0,0,,,,,,,37,0.7768917599239865,67.56756756756756,100.0,100.0,100.0,100.0,34,0.7317074046415442,67.6470588235294,100.0,100.0,100.0,100.0
L220,Abdomen,84,test/L220/Low_Dose/00000036.dcm,130.0,262144,1.8505622148513794,111,0.9064380542652027,54.054054054054056,100.0,100.0,100.0,100.0,0,,,,,,,56,0.9280853271484375,51.785714285714285,100.0,100.0,100.0,100.0,55,0.8843971946022727,56.36363636363637,100.0,100.0,100.0,100.0
L220,Abdomen,85,test/L220/Low_Dose/00000040.dcm,130.0,262144,1.827791690826416,91,0.904288826407967,51.64835164835165,100.0,100.0,100.0,100.0,0,,,,,,,49,0.8996233258928571,53.06122448979592,100.0,100.0,100.0,100.0,42,0.9097319103422619,50.0,100.0,100.0,100.0,100.0
L220,Abdomen,86,test/L220/Low_Dose/00000097.dcm,130.0,262144,1.6547930240631104,87,0.8106100148168104,62.06896551724138,100.0,100.0,100.0,100.0,0,,,,,,,50,0.78359619140625,68.0,100.0,100.0,100.0,100.0,37,0.8471151815878378,54.054054054054056,100.0,100.0,100.0,100.0
L220,Abdomen,87,test/L220/Low_Dose/00000117.dcm,130.0,262144,1.490434169769287,82,0.7644638433689024,64.63414634146342,100.0,100.0,100.0,100.0,0,,,,,,,34,0.7881721047794118,58.8235294117647,100.0,100.0,100.0,100.0,48,0.7476704915364584,68.75,100.0,100.0,100.0,100.0
L220,Abdomen,88,test/L220/Low_Dose/00000047.dcm,130.0,262144,1.7058322429656982,91,0.8417579734718407,63.73626373626374,100.0,100.0,100.0,100.0,0,,,,,,,56,0.8683885846819196,64.28571428571429,100.0,100.0,100.0,100.0,35,0.7991489955357143,62.857142857142854,100.0,100.0,100.0,100.0
L220,Abdomen,89,test/L220/Low_Dose/00000042.dcm,130.0,262144,2.0211100578308105,141,0.9625521179632093,53.191489361702125,100.0,100.0,100.0,100.0,0,,,,,,,61,0.9978067366803278,55.73770491803279,100.0,100.0,100.0,100.0,80,0.9356704711914062,51.25,100.0,100.0,100.0,100.0
L220,Abdomen,90,test/L220/Low_Dose/00000051.dcm,130.0,262144,2.274541139602661,131,1.0747060994155535,48.85496183206107,93.12977099236642,100.0,100.0,100.0,0,,,,,,,57,1.1598906935307018,47.36842105263158,94.73684210526316,100.0,100.0,100.0,74,1.009090939083615,50.0,91.89189189189189,100.0,100.0,100.0
L220,Abdomen,91,test/L220/Low_Dose/00000086.dcm,130.0,262144,2.7813961505889893,187,1.32791154014873,37.967914438502675,78.07486631016043,100.0,100.0,100.0,0,,,,,,,95,1.3426410875822368,40.0,75.78947368421052,100.0,100.0,100.0,92,1.3127016813858696,35.869565217391305,80.43478260869566,100.0,100.0,100.0
L220,Abdomen,92,test/L220/Low_Dose/00000041.dcm,130.0,262144,2.600660562515259,165,1.181439393939394,43.03030303030303,83.03030303030303,100.0,100.0,100.0,0,,,,,,,78,1.1333195612980769,47.43589743589744,82.05128205128206,100.0,100.0,100.0,87,1.2245813128591954,39.08045977011494,83.9080459770115,100.0,100.0,100.0
L220,Abdomen,93,test/L220/Low_Dose/00000090.dcm,130.0,262144,2.4041876792907715,191,1.1696847646024215,41.8848167539267,84.29319371727749,100.0,100.0,100.0,0,,,,,,,108,1.237629078052662,37.03703703703704,82.4074074074074,100.0,100.0,100.0,83,1.081275296498494,48.19277108433735,86.74698795180723,100.0,100.0,100.0
L220,Abdomen,94,test/L220/Low_Dose/00000033.dcm,130.0,262144,2.129603147506714,145,1.0156637257543104,49.6551724137931,97.24137931034483,100.0,100.0,100.0,0,,,,,,,62,1.0758056640625,40.32258064516129,95.16129032258064,100.0,100.0,100.0,83,0.970738422439759,56.626506024096386,98.79518072289157,100.0,100.0,100.0
L220,Abdomen,95,test/L220/Low_Dose/00000060.dcm,130.0,262144,2.3040449619293213,182,1.2082076858688187,38.46153846153846,86.26373626373626,100.0,100.0,100.0,0,,,,,,,99,1.201834013967803,39.39393939393939,89.8989898989899,100.0,100.0,100.0,83,1.2158100174134037,37.34939759036145,81.92771084337349,100.0,100.0,100.0
L220,Abdomen,96,test/L220/Low_Dose/00000102.dcm,130.0,262144,2.621936082839966,193,1.1434427370061528,47.15025906735751,83.93782383419689,100.0,100.0,100.0,0,,,,,,,92,1.178648575492527,44.56521739130435,81.52173913043478,100.0,100.0,100.0,101,1.111374052444307,49.504950495049506,86.13861386138613,100.0,100.0,100.0
L220,Abdomen,97,test/L220/Low_Dose/00000111.dcm,130.0,262144,2.243267297744751,167,1.091911635712949,44.91017964071856,89.82035928143712,100.0,100.0,100.0,0,,,,,,,94,1.1427768139128989,41.48936170212766,90.42553191489361,100.0,100.0,100.0,73,1.026414008989726,49.31506849315068,89.04109589041096,100.0,100.0,100.0
L220,Abdomen,98,test/L220/Low_Dose/00000028.dcm,130.0,262144,2.279975175857544,174,1.098901507498204,44.252873563218394,90.80459770114942,100.0,100.0,100.0,0,,,,,,,96,1.1290257771809895,39.583333333333336,89.58333333333333,100.0,100.0,100.0,78,1.0618254832732372,50.0,92.3076923076923,100.0,100.0,100.0
L220,Abdomen,99,test/L220/Low_Dose/00000129.dcm,130.0,262144,2.4970035552978516,237,1.23843834470596,38.81856540084388,80.59071729957806,100.0,100.0,100.0,0,,,,,,,117,1.294753897903312,34.18803418803419,79.48717948717949,100.0,100.0,100.0,120,1.1835306803385417,43.333333333333336,81.66666666666667,100.0,100.0,100.0
L220,Abdomen,100,test/L220/Low_Dose/00000062.dcm,130.0,262144,2.7466020584106445,214,1.3539308922313085,37.38317757009346,74.29906542056075,100.0,100.0,100.0,0,,,,,,,111,1.3661350559543919,38.73873873873874,74.77477477477477,100.0,100.0,100.0,103,1.3407788322967233,35.922330097087375,73.7864077669903,100.0,100.0,100.0
L220,Abdomen,101,test/L220/Low_Dose/00000067.dcm,130.0,262144,2.577815055847168,200,1.225955810546875,40.5,83.5,100.0,100.0,100.0,0,,,,,,,94,1.2211732255651595,38.297872340425535,81.91489361702128,100.0,100.0,100.0,106,1.2301969708136793,42.45283018867924,84.90566037735849,100.0,100.0,100.0
L220,Abdomen,102,test/L220/Low_Dose/00000112.dcm,130.0,262144,2.4263224601745605,187,1.1102738813920454,43.850267379679146,87.16577540106952,100.0,100.0,100.0,0,,,,,,,102,1.1054364372702206,46.07843137254902,87.25490196078431,100.0,100.0,100.0,85,1.1160788143382352,41.1764705882353,87.05882352941177,100.0,100.0,100.0
L220,Abdomen,103,test/L220/Low_Dose/00000140.dcm,130.0,262144,2.1399478912353516,152,1.0623498213918585,45.39473684210526,96.71052631578948,100.0,100.0,100.0,0,,,,,,,75,1.0515348307291668,44.0,96.0,100.0,100.0,100.0,77,1.0728839032061688,46.753246753246756,97.40259740259741,100.0,100.0,100.0
L220,Abdomen,104,test/L220/Low_Dose/00000138.dcm,130.0,262144,2.1262941360473633,173,1.0137459639179913,51.445086705202314,97.6878612716763,100.0,100.0,100.0,0,,,,,,,98,1.0649065290178572,45.91836734693877,97.95918367346938,100.0,100.0,100.0,75,0.9468961588541667,58.666666666666664,97.33333333333333,100.0,100.0,100.0
L220,Abdomen,105,test/L220/Low_Dose/00000113.dcm,130.0,262144,2.0587596893310547,134,0.9793136368936567,52.23880597014925,100.0,100.0,100.0,100.0,0,,,,,,,65,0.9843919020432692,47.69230769230769,100.0,100.0,100.0,100.0,69,0.9745297639266305,56.52173913043478,100.0,100.0,100.0,100.0
L220,Abdomen,106,test/L220/Low_Dose/00000125.dcm,130.0,262144,1.8021955490112305,98,0.864128268494898,61.224489795918366,100.0,100.0,100.0,100.0,0,,,,,,,51,0.9249985638786765,60.78431372549019,100.0,100.0,100.0,100.0,47,0.7980775224401596,61.702127659574465,100.0,100.0,100.0,100.0
L220,Abdomen,107,test/L220/Low_Dose/00000088.dcm,130.0,262144,1.041436791419983,44,0.48426680131392047,97.72727272727273,100.0,100.0,100.0,100.0,0,,,,,,,23,0.5100044582201086,100.0,100.0,100.0,100.0,100.0,21,0.45607793898809523,95.23809523809524,100.0,100.0,100.0,100.0
L220,Abdomen,108,test/L220/Low_Dose/00000035.dcm,130.0,262144,0.2871052324771881,17,0.14183852251838236,100.0,100.0,100.0,100.0,100.0,0,,,,,,,8,0.121917724609375,100.0,100.0,100.0,100.0,100.0,9,0.1595458984375,100.0,100.0,100.0,100.0,100.0
L220,Abdomen,109,test/L220/Low_Dose/00000141.dcm,130.0,262144,-0.1641574651002884,0,,,,,,,2,0.03076171875,100.0,100.0,100.0,100.0,100.0,2,0.03076171875,100.0,100.0,100.0,100.0,100.0,0,,,,,,
L220,Abdomen,110,test/L220/Low_Dose/00000077.dcm,130.0,262144,-0.5944342017173767,0,,,,,,,22,0.2521639737215909,100.0,100.0,100.0,100.0,100.0,16,0.2560577392578125,100.0,100.0,100.0,100.0,100.0,6,0.24178059895833334,100.0,100.0,100.0,100.0,100.0
L220,Abdomen,111,test/L220/Low_Dose/00000081.dcm,130.0,262144,-0.6085647344589233,0,,,,,,,20,0.32916259765625,100.0,100.0,100.0,100.0,100.0,11,0.3643465909090909,100.0,100.0,100.0,100.0,100.0,9,0.2861599392361111,100.0,100.0,100.0,100.0,100.0
L220,Abdomen,112,test/L220/Low_Dose/00000065.dcm,130.0,262144,-0.7203157544136047,0,,,,,,,13,0.45508751502403844,100.0,100.0,100.0,100.0,100.0,8,0.4700469970703125,100.0,100.0,100.0,100.0,100.0,5,0.43115234375,100.0,100.0,100.0,100.0,100.0
L220,Abdomen,113,test/L220/Low_Dose/00000149.dcm,130.0,262144,-0.7064188718795776,0,,,,,,,19,0.3619641755756579,100.0,100.0,100.0,100.0,100.0,6,0.38018798828125,100.0,100.0,100.0,100.0,100.0,13,0.35355318509615385,100.0,100.0,100.0,100.0,100.0
L220,Abdomen,114,test/L220/Low_Dose/00000096.dcm,130.0,262144,-0.6057831048965454,0,,,,,,,14,0.30746895926339285,100.0,100.0,100.0,100.0,100.0,7,0.3753662109375,100.0,100.0,100.0,100.0,100.0,7,0.23957170758928573,100.0,100.0,100.0,100.0,100.0
L220,Abdomen,115,test/L220/Low_Dose/00000091.dcm,130.0,262144,-0.48653340339660645,0,,,,,,,11,0.3467684659090909,100.0,100.0,100.0,100.0,100.0,8,0.3906097412109375,100.0,100.0,100.0,100.0,100.0,3,0.2298583984375,100.0,100.0,100.0,100.0,100.0
L220,Abdomen,116,test/L220/Low_Dose/00000100.dcm,130.0,262144,-0.4281509518623352,0,,,,,,,14,0.21590750558035715,100.0,100.0,100.0,100.0,100.0,11,0.22624067826704544,100.0,100.0,100.0,100.0,100.0,3,0.17801920572916666,100.0,100.0,100.0,100.0,100.0
L220,Abdomen,117,test/L220/Low_Dose/00000127.dcm,130.0,262144,-0.25822049379348755,0,,,,,,,9,0.11572265625,100.0,100.0,100.0,100.0,100.0,5,0.1330810546875,100.0,100.0,100.0,100.0,100.0,4,0.094024658203125,100.0,100.0,100.0,100.0,100.0
L220,Abdomen,118,test/L220/Low_Dose/00000099.dcm,130.0,262144,-0.1422809511423111,0,,,,,,,5,0.0698486328125,100.0,100.0,100.0,100.0,100.0,3,0.049275716145833336,100.0,100.0,100.0,100.0,100.0,2,0.1007080078125,100.0,100.0,100.0,100.0,100.0
L220,Abdomen,119,test/L220/Low_Dose/00000037.dcm,130.0,262144,-0.08314206451177597,0,,,,,,,2,0.0245361328125,100.0,100.0,100.0,100.0,100.0,2,0.0245361328125,100.0,100.0,100.0,100.0,100.0,0,,,,,,
L220,Abdomen,120,test/L220/Low_Dose/00000020.dcm,130.0,262144,0.06828351318836212,4,0.042877197265625,100.0,100.0,100.0,100.0,100.0,0,,,,,,,2,0.0423583984375,100.0,100.0,100.0,100.0,100.0,2,0.04339599609375,100.0,100.0,100.0,100.0,100.0
L220,Abdomen,121,test/L220/Low_Dose/00000015.dcm,130.0,262144,0.05929434671998024,5,0.02939453125,100.0,100.0,100.0,100.0,100.0,0,,,,,,,1,0.0245361328125,100.0,100.0,100.0,100.0,100.0,4,0.030609130859375,100.0,100.0,100.0,100.0,100.0
L220,Abdomen,122,test/L220/Low_Dose/00000059.dcm,130.0,262144,0.12151022255420685,3,0.0745849609375,100.0,100.0,100.0,100.0,100.0,0,,,,,,,2,0.0767822265625,100.0,100.0,100.0,100.0,100.0,1,0.0701904296875,100.0,100.0,100.0,100.0,100.0
L220,Abdomen,123,test/L220/Low_Dose/00000002.dcm,130.0,262144,0.2191932052373886,10,0.0993896484375,100.0,100.0,100.0,100.0,100.0,0,,,,,,,6,0.10060628255208333,100.0,100.0,100.0,100.0,100.0,4,0.097564697265625,100.0,100.0,100.0,100.0,100.0
L220,Abdomen,124,test/L220/Low_Dose/00000108.dcm,130.0,262144,0.06714677810668945,1,0.012939453125,100.0,100.0,100.0,100.0,100.0,0,,,,,,,0,,,,,,,1,0.012939453125,100.0,100.0,100.0,100.0,100.0
L220,Abdomen,125,test/L220/Low_Dose/00000078.dcm,130.0,262144,0.1348368227481842,7,0.05683244977678571,100.0,100.0,100.0,100.0,100.0,0,,,,,,,3,0.052164713541666664,100.0,100.0,100.0,100.0,100.0,4,0.060333251953125,100.0,100.0,100.0,100.0,100.0
L220,Abdomen,126,test/L220/Low_Dose/00000143.dcm,130.0,262144,0.12754027545452118,5,0.0472412109375,100.0,100.0,100.0,100.0,100.0,0,,,,,,,1,0.1070556640625,100.0,100.0,100.0,100.0,100.0,4,0.03228759765625,100.0,100.0,100.0,100.0,100.0
L220,Abdomen,127,test/L220/Low_Dose/00000114.dcm,130.0,262144,0.39287009835243225,24,0.197357177734375,100.0,100.0,100.0,100.0,100.0,0,,,,,,,12,0.16864013671875,100.0,100.0,100.0,100.0,100.0,12,0.22607421875,100.0,100.0,100.0,100.0,100.0
L220,Abdomen,128,test/L220/Low_Dose/00000024.dcm,130.0,262144,0.8030664324760437,44,0.33967174183238635,100.0,100.0,100.0,100.0,100.0,0,,,,,,,24,0.342437744140625,100.0,100.0,100.0,100.0,100.0,20,0.3363525390625,100.0,100.0,100.0,100.0,100.0
L220,Abdomen,129,test/L220/Low_Dose/00000043.dcm,130.0,262144,1.0838767290115356,47,0.48895393533909576,100.0,100.0,100.0,100.0,100.0,0,,,,,,,27,0.5155617042824074,100.0,100.0,100.0,100.0,100.0,20,0.453033447265625,100.0,100.0,100.0,100.0,100.0
L220,Abdomen,130,test/L220/Low_Dose/00000057.dcm,130.0,262144,1.1698222160339355,77,0.5944396179991883,85.71428571428571,100.0,100.0,100.0,100.0,0,,,,,,,35,0.6677071707589286,80.0,100.0,100.0,100.0,100.0,42,0.5333833240327381,90.47619047619048,100.0,100.0,100.0,100.0
L220,Abdomen,131,test/L220/Low_Dose/00000072.dcm,130.0,262144,1.1909037828445435,79,0.6104427289359177,86.07594936708861,100.0,100.0,100.0,100.0,0,,,,,,,32,0.6590995788574219,81.25,100.0,100.0,100.0,100.0,47,0.5773146609042553,89.36170212765957,100.0,100.0,100.0,100.0
L220,Abdomen,132,test/L220/Low_Dose/00000106.dcm,130.0,262144,1.1124564409255981,75,0.5505224609375,97.33333333333333,100.0,100.0,100.0,100.0,0,,,,,,,36,0.5146518283420138,94.44444444444444,100.0,100.0,100.0,100.0,39,0.5836338141025641,100.0,100.0,100.0,100.0,100.0
L220,Abdomen,133,test/L220/Low_Dose/00000095.dcm,130.0,262144,1.0625396966934204,87,0.5050806505926724,98.85057471264368,100.0,100.0,100.0,100.0,0,,,,,,,40,0.5812896728515625,97.5,100.0,100.0,100.0,100.0,47,0.4402219082446808,100.0,100.0,100.0,100.0,100.0
L220,Abdomen,134,test/L220/Low_Dose/00000145.dcm,130.0,262144,0.6973101496696472,53,0.3768103257665094,100.0,100.0,100.0,100.0,100.0,0,,,,,,,27,0.3411593967013889,100.0,100.0,100.0,100.0,100.0,26,0.4138324444110577,100.0,100.0,100.0,100.0,100.0
L220,Abdomen,135,test/L220/Low_Dose/00000026.dcm,130.0,262144,0.4105254113674164,20,0.173284912109375,100.0,100.0,100.0,100.0,100.0,0,,,,,,,9,0.18480088975694445,100.0,100.0,100.0,100.0,100.0,11,0.16386274857954544,100.0,100.0,100.0,100.0,100.0
L220,Abdomen,136,test/L220/Low_Dose/00000103.dcm,130.0,262144,0.17370125651359558,8,0.11248779296875,100.0,100.0,100.0,100.0,100.0,0,,,,,,,4,0.08734130859375,100.0,100.0,100.0,100.0,100.0,4,0.13763427734375,100.0,100.0,100.0,100.0,100.0
L220,Abdomen,137,test/L220/Low_Dose/00000079.dcm,130.0,262144,-0.06435193866491318,0,,,,,,,5,0.04150390625,100.0,100.0,100.0,100.0,100.0,2,0.05047607421875,100.0,100.0,100.0,100.0,100.0,3,0.0355224609375,100.0,100.0,100.0,100.0,100.0
L220,Abdomen,138,test/L220/Low_Dose/00000004.dcm,130.0,262144,-0.21497002243995667,0,,,,,,,12,0.101165771484375,100.0,100.0,100.0,100.0,100.0,5,0.0984130859375,100.0,100.0,100.0,100.0,100.0,7,0.10313197544642858,100.0,100.0,100.0,100.0,100.0
L220,Abdomen,139,test/L220/Low_Dose/00000122.dcm,130.0,262144,-0.20466206967830658,0,,,,,,,10,0.1078125,100.0,100.0,100.0,100.0,100.0,4,0.06402587890625,100.0,100.0,100.0,100.0,100.0,6,0.13700358072916666,100.0,100.0,100.0,100.0,100.0
L220,Abdomen,140,test/L220/Low_Dose/00000023.dcm,130.0,262144,-0.2157806158065796,0,,,,,,,13,0.08531775841346154,100.0,100.0,100.0,100.0,100.0,8,0.076629638671875,100.0,100.0,100.0,100.0,100.0,5,0.09921875,100.0,100.0,100.0,100.0,100.0
L220,Abdomen,141,test/L220/Low_Dose/00000016.dcm,130.0,262144,-0.2988974153995514,0,,,,,,,8,0.1222686767578125,100.0,100.0,100.0,100.0,100.0,6,0.119873046875,100.0,100.0,100.0,100.0,100.0,2,0.12945556640625,100.0,100.0,100.0,100.0,100.0
L220,Abdomen,142,test/L220/Low_Dose/00000148.dcm,130.0,262144,-0.3565547466278076,0,,,,,,,18,0.1638861762152778,100.0,100.0,100.0,100.0,100.0,11,0.15142267400568182,100.0,100.0,100.0,100.0,100.0,7,0.1834716796875,100.0,100.0,100.0,100.0,100.0
L220,Abdomen,143,test/L220/Low_Dose/00000136.dcm,130.0,262144,-0.3014553487300873,0,,,,,,,9,0.1321343315972222,100.0,100.0,100.0,100.0,100.0,5,0.137451171875,100.0,100.0,100.0,100.0,100.0,4,0.12548828125,100.0,100.0,100.0,100.0,100.0
L220,Abdomen,144,test/L220/Low_Dose/00000142.dcm,130.0,262144,-0.44316259026527405,0,,,,,,,20,0.15816650390625,100.0,100.0,100.0,100.0,100.0,10,0.1399658203125,100.0,100.0,100.0,100.0,100.0,10,0.1763671875,100.0,100.0,100.0,100.0,100.0
L220,Abdomen,145,test/L220/Low_Dose/00000018.dcm,130.0,262144,-0.5368561744689941,0,,,,,,,19,0.2811536287006579,100.0,100.0,100.0,100.0,100.0,11,0.3258722478693182,100.0,100.0,100.0,100.0,100.0,8,0.21966552734375,100.0,100.0,100.0,100.0,100.0
L220,Abdomen,146,test/L220/Low_Dose/00000061.dcm,130.0,262144,-0.5963326096534729,0,,,,,,,21,0.3160981677827381,100.0,100.0,100.0,100.0,100.0,10,0.32825927734375,100.0,100.0,100.0,100.0,100.0,11,0.30504261363636365,100.0,100.0,100.0,100.0,100.0
L220,Abdomen,147,test/L220/Low_Dose/00000109.dcm,130.0,262144,-0.6156513690948486,0,,,,,,,17,0.26441147748161764,100.0,100.0,100.0,100.0,100.0,11,0.3283358487215909,100.0,100.0,100.0,100.0,100.0,6,0.147216796875,100.0,100.0,100.0,100.0,100.0
L220,Abdomen,148,test/L220/Low_Dose/00000156.dcm,130.0,262144,-0.7610812783241272,0,,,,,,,26,0.4508713942307692,100.0,100.0,100.0,100.0,100.0,13,0.4268047626201923,100.0,100.0,100.0,100.0,100.0,13,0.47493802584134615,100.0,100.0,100.0,100.0,100.0
L220,Abdomen,149,test/L220/Low_Dose/00000152.dcm,130.0,262144,-0.9818704724311829,0,,,,,,,20,0.411669921875,100.0,100.0,100.0,100.0,100.0,15,0.3429361979166667,100.0,100.0,100.0,100.0,100.0,5,0.61787109375,100.0,100.0,100.0,100.0,100.0
L220,Abdomen,150,test/L220/Low_Dose/00000019.dcm,130.0,262144,-1.1559152603149414,0,,,,,,,23,0.7323794157608695,82.6086956521739,100.0,100.0,100.0,100.0,12,0.75140380859375,83.33333333333333,100.0,100.0,100.0,100.0,11,0.7116255326704546,81.81818181818181,100.0,100.0,100.0,100.0
L220,Abdomen,151,test/L220/Low_Dose/00000126.dcm,130.0,262144,-1.1916011571884155,0,,,,,,,11,0.5875799005681818,100.0,100.0,100.0,100.0,100.0,6,0.7243245442708334,100.0,100.0,100.0,100.0,100.0,5,0.423486328125,100.0,100.0,100.0,100.0,100.0
L220,Abdomen,152,test/L220/Low_Dose/00000134.dcm,130.0,262144,-1.2993378639221191,0,,,,,,,24,0.4571736653645833,95.83333333333333,100.0,100.0,100.0,100.0,10,0.27523193359375,100.0,100.0,100.0,100.0,100.0,14,0.5871320452008929,92.85714285714286,100.0,100.0,100.0,100.0
L220,Abdomen,153,test/L220/Low_Dose/00000027.dcm,130.0,262144,-1.3490967750549316,0,,,,,,,15,0.6936442057291666,66.66666666666667,100.0,100.0,100.0,100.0,9,0.7437472873263888,66.66666666666667,100.0,100.0,100.0,100.0,6,0.6184895833333334,66.66666666666667,100.0,100.0,100.0,100.0
L220,Abdomen,154,test/L220/Low_Dose/00000104.dcm,130.0,262144,-1.4075459241867065,0,,,,,,,17,0.5150074678308824,70.58823529411765,100.0,100.0,100.0,100.0,9,0.5084092881944444,66.66666666666667,100.0,100.0,100.0,100.0,8,0.522430419921875,75.0,100.0,100.0,100.0,100.0
L220,Abdomen,155,test/L220/Low_Dose/00000012.dcm,130.0,262144,-1.3590247631072998,0,,,,,,,17,0.6584400850183824,76.47058823529412,100.0,100.0,100.0,100.0,12,0.5602213541666666,83.33333333333333,100.0,100.0,100.0,100.0,5,0.8941650390625,60.0,100.0,100.0,100.0,100.0
L221,Abdomen,0,test/L221/Low_Dose/00000078.dcm,130.0,262144,2.7389943599700928,637,1.4116253096791602,31.554160125588698,74.09733124018838,100.0,100.0,100.0,0,,,,,,,315,1.407006060887897,32.06349206349206,73.65079365079364,100.0,100.0,100.0,322,1.4161441400184394,31.055900621118013,74.53416149068323,100.0,100.0,100.0
L221,Abdomen,1,test/L221/Low_Dose/00000098.dcm,130.0,262144,2.8335039615631104,739,1.3835188229448578,35.723951285520975,73.74830852503383,100.0,100.0,100.0,0,,,,,,,368,1.4338733838952107,33.69565217391305,71.73913043478261,100.0,100.0,100.0,371,1.3335714417326483,37.735849056603776,75.74123989218329,100.0,100.0,100.0
L221,Abdomen,2,test/L221/Low_Dose/00000064.dcm,130.0,262144,2.975959300994873,745,1.381689453125,38.65771812080537,72.3489932885906,100.0,100.0,100.0,0,,,,,,,353,1.3921102464367918,38.52691218130312,70.53824362606233,100.0,100.0,100.0,392,1.372305422413106,38.775510204081634,73.9795918367347,100.0,100.0,100.0
L221,Abdomen,3,test/L221/Low_Dose/00000089.dcm,130.0,262144,3.030733823776245,801,1.5000768082865168,32.20973782771536,64.91885143570536,100.0,100.0,100.0,0,,,,,,,379,1.6150746207124012,27.176781002638524,60.15831134564644,100.0,100.0,100.0,422,1.3967967824348342,36.72985781990521,69.19431279620854,100.0,100.0,100.0
L221,Abdomen,4,test/L221/Low_Dose/00000024.dcm,130.0,262144,2.8381903171539307,679,1.3287544081944955,38.586156111929306,75.69955817378498,100.0,100.0,100.0,0,,,,,,,317,1.3389753949378944,37.53943217665615,76.02523659305994,100.0,100.0,100.0,362,1.3198039861015194,39.50276243093923,75.41436464088397,100.0,100.0,100.0
L221,Abdomen,5,test/L221/Low_Dose/00000067.dcm,130.0,262144,3.055989980697632,773,1.5082832523952943,33.63518758085382,64.8124191461837,100.0,100.0,100.0,0,,,,,,,356,1.5359809103976474,32.86516853932584,64.04494382022472,100.0,100.0,100.0,417,1.4846372901678657,34.29256594724221,65.46762589928058,100.0,100.0,100.0
L221,Abdomen,6,test/L221/Low_Dose/00000052.dcm,130.0,262144,3.5856704711914062,821,1.6931347120984317,31.668696711327648,57.61266747868453,100.0,100.0,100.0,0,,,,,,,389,1.773233212664685,28.27763496143959,54.498714652956295,100.0,100.0,100.0,432,1.6210089789496527,34.72222222222222,60.416666666666664,100.0,100.0,100.0
L221,Abdomen,7,test/L221/Low_Dose/00000018.dcm,130.0,262144,3.5430994033813477,797,1.742945499970593,27.352572145545796,57.340025094102884,100.0,100.0,100.0,0,,,,,,,397,1.8687999350598237,23.425692695214106,50.62972292191436,100.0,100.0,100.0,400,1.6180349731445312,31.25,64.0,100.0,100.0,100.0
L221,Abdomen,8,test/L221/Low_Dose/00000029.dcm,130.0,262144,3.2600035667419434,659,1.4927254244119879,35.053110773899846,66.16084977238239,100.0,100.0,100.0,0,,,,,,,311,1.5341274837972267,34.40514469453376,63.665594855305464,100.0,100.0,100.0,348,1.455725308122306,35.632183908045974,68.39080459770115,100.0,100.0,100.0
L221,Abdomen,9,test/L221/Low_Dose/00000012.dcm,130.0,262144,3.427323579788208,914,1.5835118533745898,30.08752735229759,65.31728665207878,100.0,100.0,100.0,0,,,,,,,446,1.6320458655934698,28.026905829596412,62.780269058295964,100.0,100.0,100.0,468,1.5372593545506144,32.05128205128205,67.73504273504274,100.0,100.0,100.0
L221,Abdomen,10,test/L221/Low_Dose/00000014.dcm,130.0,262144,3.231623649597168,996,1.5345814409983685,32.630522088353416,66.66666666666667,100.0,100.0,100.0,0,,,,,,,514,1.6145910122051312,30.155642023346303,62.45136186770428,100.0,100.0,100.0,482,1.4492600310392894,35.26970954356847,71.16182572614107,100.0,100.0,100.0
L221,Abdomen,11,test/L221/Low_Dose/00000002.dcm,130.0,262144,3.4385721683502197,921,1.6314526287662867,32.03040173724213,61.780673181324644,100.0,100.0,100.0,0,,,,,,,473,1.6823614334203225,30.443974630021142,58.77378435517971,100.0,100.0,100.0,448,1.5777029309953963,33.705357142857146,64.95535714285714,100.0,100.0,100.0
L221,Abdomen,12,test/L221/Low_Dose/00000038.dcm,130.0,262144,3.8094444274902344,935,1.8175917028743316,28.342245989304814,53.155080213903744,100.0,100.0,100.0,0,,,,,,,449,1.9564366669856625,22.71714922048998,48.329621380846326,100.0,100.0,100.0,486,1.689317240145962,33.53909465020576,57.61316872427984,100.0,100.0,100.0
L221,Abdomen,13,test/L221/Low_Dose/00000016.dcm,130.0,262144,3.7921416759490967,926,1.8343802466505805,26.13390928725702,53.88768898488121,100.0,100.0,100.0,0,,,,,,,469,1.8851032053738006,25.79957356076759,51.81236673773987,100.0,100.0,100.0,457,1.7823253940440371,26.477024070021884,56.01750547045952,100.0,100.0,100.0
L221,Abdomen,14,test/L221/Low_Dose/00000055.dcm,130.0,262144,3.48740553855896,830,1.7025247964514307,28.55421686746988,59.75903614457831,100.0,100.0,100.0,0,,,,,,,421,1.7684505942881532,27.553444180522565,56.76959619952494,100.0,100.0,100.0,409,1.634664745377445,29.584352078239608,62.836185819070906,100.0,100.0,100.0
L221,Abdomen,15,test/L221/Low_Dose/00000068.dcm,130.0,262144,3.6002910137176514,716,1.6903169940969798,30.16759776536313,59.497206703910614,100.0,100.0,100.0,0,,,,,,,341,1.794220955141129,24.633431085043988,56.89149560117302,100.0,100.0,100.0,375,1.5958336588541666,35.2,61.86666666666667,100.0,100.0,100.0
L221,Abdomen,16,test/L221/Low_Dose/00000070.dcm,130.0,262144,5.607883930206299,1463,2.711895872938739,16.67805878332194,36.91045796308954,93.57484620642515,100.0,100.0,0,,,,,,,755,2.940615945778146,12.317880794701987,30.86092715231788,91.65562913907284,100.0,100.0,708,2.4679922330177435,21.327683615819208,43.36158192090395,95.62146892655367,100.0,100.0
L221,Abdomen,17,test/L221/Low_Dose/00000083.dcm,130.0,262144,4.913856029510498,1024,2.4153294563293457,19.7265625,39.94140625,100.0,100.0,100.0,0,,,,,,,544,2.555327247170841,17.095588235294116,36.213235294117645,100.0,100.0,100.0,480,2.2566655476888022,22.708333333333332,44.166666666666664,100.0,100.0,100.0
L221,Abdomen,18,test/L221/Low_Dose/00000069.dcm,130.0,262144,3.418804407119751,424,1.792123758567954,25.235849056603772,54.24528301886792,100.0,100.0,100.0,0,,,,,,,193,1.8554738099093264,23.316062176165804,50.77720207253886,100.0,100.0,100.0,231,1.7391949277935606,26.83982683982684,57.142857142857146,100.0,100.0,100.0
L221,Abdomen,19,test/L221/Low_Dose/00000060.dcm,130.0,262144,3.0019752979278564,263,1.4158025821352187,34.98098859315589,71.86311787072243,100.0,100.0,100.0,0,,,,,,,127,1.4431911678764764,32.28346456692913,70.86614173228347,100.0,100.0,100.0,136,1.3902264763327206,37.5,72.79411764705883,100.0,100.0,100.0
L221,Abdomen,20,test/L221/Low_Dose/00000006.dcm,130.0,262144,2.70078706741333,241,1.3296258063731847,35.26970954356847,75.10373443983403,100.0,100.0,100.0,0,,,,,,,107,1.3825318523656542,35.51401869158879,69.1588785046729,100.0,100.0,100.0,134,1.287379933826959,35.07462686567164,79.85074626865672,100.0,100.0,100.0
L221,Abdomen,21,test/L221/Low_Dose/00000017.dcm,130.0,262144,2.606045722961426,264,1.3344874526515151,37.5,74.24242424242425,100.0,100.0,100.0,0,,,,,,,125,1.31230078125,37.6,75.2,100.0,100.0,100.0,139,1.354439495278777,37.410071942446045,73.38129496402878,100.0,100.0,100.0
L221,Abdomen,22,test/L221/Low_Dose/00000050.dcm,130.0,262144,2.8720977306365967,348,1.316155795393319,38.793103448275865,79.02298850574712,100.0,100.0,100.0,0,,,,,,,153,1.2826095281862746,39.869281045751634,81.69934640522875,100.0,100.0,100.0,195,1.3424767127403847,37.94871794871795,76.92307692307692,100.0,100.0,100.0
L221,Abdomen,23,test/L221/Low_Dose/00000079.dcm,130.0,262144,3.077420711517334,366,1.4669656388746584,35.51912568306011,67.75956284153006,100.0,100.0,100.0,0,,,,,,,146,1.5606196155286816,32.87671232876713,63.013698630136986,100.0,100.0,100.0,220,1.4048134543678976,37.27272727272727,70.9090909090909,100.0,100.0,100.0
L221,Abdomen,24,test/L221/Low_Dose/00000045.dcm,130.0,262144,3.2818684577941895,571,1.6536946472061078,27.145359019264447,62.34676007005254,100.0,100.0,100.0,0,,,,,,,270,1.729600242332176,24.074074074074073,58.148148148148145,100.0,100.0,100.0,301,1.585606571843854,29.900332225913623,66.11295681063123,100.0,100.0,100.0
L221,Abdomen,25,test/L221/Low_Dose/00000049.dcm,130.0,262144,3.5884857177734375,619,1.8049188222561592,24.55573505654281,54.76575121163167,100.0,100.0,100.0,0,,,,,,,310,1.8998452463457662,22.258064516129032,50.32258064516129,100.0,100.0,100.0,309,1.7096851929105987,26.86084142394822,59.22330097087379,100.0,100.0,100.0
L221,Abdomen,26,test/L221/Low_Dose/00000075.dcm,130.0,262144,3.627061128616333,581,1.8742081187473107,23.752151462994835,51.80722891566265,100.0,100.0,100.0,0,,,,,,,277,1.9538644728677799,21.660649819494584,48.375451263537904,100.0,100.0,100.0,304,1.8016265066046464,25.657894736842106,54.93421052631579,100.0,100.0,100.0
L221,Abdomen,27,test/L221/Low_Dose/00000020.dcm,130.0,262144,3.467919111251831,581,1.7858609381723323,25.989672977624785,54.0447504302926,100.0,100.0,100.0,0,,,,,,,305,1.8930668064805327,20.983606557377048,50.81967213114754,100.0,100.0,100.0,276,1.6673906851505889,31.52173913043478,57.608695652173914,100.0,100.0,100.0
L221,Abdomen,28,test/L221/Low_Dose/00000076.dcm,130.0,262144,3.0626327991485596,333,1.5606898402308558,29.72972972972973,63.06306306306306,100.0,100.0,100.0,0,,,,,,,187,1.5786857400985963,28.877005347593585,60.962566844919785,100.0,100.0,100.0,146,1.537640297249572,30.82191780821918,65.75342465753425,100.0,100.0,100.0
L221,Abdomen,29,test/L221/Low_Dose/00000034.dcm,130.0,262144,3.01220703125,292,1.5491767778788528,29.794520547945204,62.67123287671233,100.0,100.0,100.0,0,,,,,,,141,1.6777845883200355,22.69503546099291,56.737588652482266,100.0,100.0,100.0,151,1.4290860409768211,36.42384105960265,68.21192052980132,100.0,100.0,100.0
L221,Abdomen,30,test/L221/Low_Dose/00000053.dcm,130.0,262144,2.872833728790283,304,1.446223208778783,31.57894736842105,70.39473684210526,100.0,100.0,100.0,0,,,,,,,160,1.4853660583496093,28.125,67.5,100.0,100.0,100.0,144,1.4027311537000868,35.416666666666664,73.61111111111111,100.0,100.0,100.0
L221,Abdomen,31,test/L221/Low_Dose/00000021.dcm,130.0,262144,2.566195487976074,275,1.2453626598011365,37.81818181818182,82.18181818181819,100.0,100.0,100.0,0,,,,,,,125,1.36187109375,33.6,75.2,100.0,100.0,100.0,150,1.1482722981770834,41.333333333333336,88.0,100.0,100.0,100.0
L221,Abdomen,32,test/L221/Low_Dose/00000066.dcm,130.0,262144,2.4612183570861816,246,1.2613818160886687,36.99186991869919,79.26829268292683,100.0,100.0,100.0,0,,,,,,,112,1.309246608189174,35.714285714285715,77.67857142857143,100.0,100.0,100.0,134,1.2213754226912314,38.059701492537314,80.59701492537313,100.0,100.0,100.0
L221,Abdomen,33,test/L221/Low_Dose/00000080.dcm,130.0,262144,2.4570157527923584,242,1.2106928549522211,39.66942148760331,85.12396694214875,100.0,100.0,100.0,0,,,,,,,117,1.2055997930021367,38.46153846153846,85.47008547008546,100.0,100.0,100.0,125,1.2154599609375,40.8,84.8,100.0,100.0,100.0
L221,Abdomen,34,test/L221/Low_Dose/00000062.dcm,130.0,262144,2.490431308746338,229,1.2717109247066047,38.427947598253276,80.34934497816595,100.0,100.0,100.0,0,,,,,,,108,1.3342929416232638,38.888888888888886,73.14814814814815,100.0,100.0,100.0,121,1.2158525955578512,38.01652892561984,86.77685950413223,100.0,100.0,100.0
L221,Abdomen,35,test/L221/Low_Dose/00000023.dcm,130.0,262144,2.691887617111206,237,1.2933844071400316,41.77215189873418,75.10548523206751,100.0,100.0,100.0,0,,,,,,,109,1.3978002705705275,33.944954128440365,72.4770642201835,100.0,100.0,100.0,128,1.2044677734375,48.4375,77.34375,100.0,100.0,100.0
L221,Abdomen,36,test/L221/Low_Dose/00000061.dcm,130.0,262144,2.559971809387207,281,1.2304040223254002,40.569395017793596,83.27402135231317,100.0,100.0,100.0,0,,,,,,,115,1.2933646824048912,35.65217391304348,80.0,100.0,100.0,100.0,166,1.1867866975715362,43.975903614457835,85.5421686746988,100.0,100.0,100.0
L221,Abdomen,37,test/L221/Low_Dose/00000040.dcm,130.0,262144,2.744973659515381,322,1.303922096394604,39.130434782608695,77.32919254658385,100.0,100.0,100.0,0,,,,,,,152,1.3414370888157894,36.18421052631579,75.65789473684211,100.0,100.0,100.0,170,1.270379279641544,41.76470588235294,78.82352941176471,100.0,100.0,100.0
L221,Abdomen,38,test/L221/Low_Dose/00000094.dcm,130.0,262144,2.6869332790374756,287,1.325252732333406,39.37282229965157,72.82229965156795,100.0,100.0,100.0,0,,,,,,,122,1.2861558257556351,40.16393442622951,77.8688524590164,100.0,100.0,100.0,165,1.3541607481060607,38.78787878787879,69.0909090909091,100.0,100.0,100.0
L221,Abdomen,39,test/L221/Low_Dose/00000051.dcm,130.0,262144,2.81915020942688,265,1.3329557598761792,39.24528301886792,72.45283018867924,100.0,100.0,100.0,0,,,,,,,108,1.3819195782696758,37.96296296296296,74.07407407407408,100.0,100.0,100.0,157,1.2992736427647293,40.12738853503185,71.3375796178344,100.0,100.0,100.0
L221,Abdomen,40,test/L221/Low_Dose/00000085.dcm,130.0,262144,1.8288516998291016,167,0.9281780676927395,52.69461077844311,100.0,100.0,100.0,100.0,0,,,,,,,62,0.9064527942288306,51.61290322580645,100.0,100.0,100.0,100.0,105,0.941006324404762,53.333333333333336,100.0,100.0,100.0,100.0
L221,Abdomen,41,test/L221/Low_Dose/00000037.dcm,130.0,262144,1.6404191255569458,166,0.8044720385448042,62.04819277108434,100.0,100.0,100.0,100.0,0,,,,,,,69,0.8373988054800725,56.52173913043478,100.0,100.0,100.0,100.0,97,0.7810499053640464,65.97938144329896,100.0,100.0,100.0,100.0
L221,Abdomen,42,test/L221/Low_Dose/00000003.dcm,130.0,262144,1.4875903129577637,120,0.7268961588541667,67.5,100.0,100.0,100.0,100.0,0,,,,,,,55,0.7236283735795455,69.0909090909091,100.0,100.0,100.0,100.0,65,0.7296612079326923,66.15384615384616,100.0,100.0,100.0,100.0
L221,Abdomen,43,test/L221/Low_Dose/00000046.dcm,130.0,262144,1.358548641204834,136,0.6750972972196692,76.47058823529412,100.0,100.0,100.0,100.0,0,,,,,,,46,0.6590761931046195,78.26086956521739,100.0,100.0,100.0,100.0,90,0.6832858615451389,75.55555555555556,100.0,100.0,100.0,100.0
L221,Abdomen,44,test/L221/Low_Dose/00000093.dcm,130.0,262144,1.2274258136749268,160,0.5780967712402344,84.375,100.0,100.0,100.0,100.0,0,,,,,,,72,0.5784946017795138,83.33333333333333,100.0,100.0,100.0,100.0,88,0.5777712735262784,85.22727272727273,100.0,100.0,100.0,100.0
L221,Abdomen,45,test/L221/Low_Dose/00000099.dcm,130.0,262144,1.4778391122817993,165,0.6995827414772727,72.12121212121212,100.0,100.0,100.0,100.0,0,,,,,,,67,0.743100294426306,65.67164179104478,100.0,100.0,100.0,100.0,98,0.6698309450733418,76.53061224489795,100.0,100.0,100.0,100.0
L221,Abdomen,46,test/L221/Low_Dose/00000005.dcm,130.0,262144,1.5410479307174683,147,0.7271246877657312,71.42857142857143,100.0,100.0,100.0,100.0,0,,,,,,,64,0.7342758178710938,68.75,100.0,100.0,100.0,100.0,83,0.7216105633471386,73.49397590361446,100.0,100.0,100.0,100.0
L221,Abdomen,47,test/L221/Low_Dose/00000030.dcm,130.0,262144,1.4996973276138306,149,0.7495313810822147,67.78523489932886,100.0,100.0,100.0,100.0,0,,,,,,,59,0.757907673463983,67.79661016949153,100.0,100.0,100.0,100.0,90,0.7440402560763889,67.77777777777777,100.0,100.0,100.0,100.0
L221,Abdomen,48,test/L221/Low_Dose/00000065.dcm,130.0,262144,1.4501452445983887,141,0.6911854845412234,73.04964539007092,100.0,100.0,100.0,100.0,0,,,,,,,60,0.6428385416666667,78.33333333333333,100.0,100.0,100.0,100.0,81,0.7269980348186729,69.1358024691358,100.0,100.0,100.0,100.0
L221,Abdomen,49,test/L221/Low_Dose/00000031.dcm,130.0,262144,1.2981419563293457,105,0.6413341703869048,78.0952380952381,100.0,100.0,100.0,100.0,0,,,,,,,50,0.67146728515625,78.0,100.0,100.0,100.0,100.0,55,0.6139404296875,78.18181818181819,100.0,100.0,100.0,100.0
L221,Abdomen,50,test/L221/Low_Dose/00000028.dcm,130.0,262144,1.2854613065719604,106,0.6222004440595519,83.9622641509434,100.0,100.0,100.0,100.0,0,,,,,,,47,0.6399653008643617,78.72340425531915,100.0,100.0,100.0,100.0,59,0.6080487784692796,88.13559322033899,100.0,100.0,100.0,100.0
L221,Abdomen,51,test/L221/Low_Dose/00000042.dcm,130.0,262144,1.1153972148895264,102,0.4855538162530637,94.11764705882354,100.0,100.0,100.0,100.0,0,,,,,,,44,0.5352228338068182,97.72727272727273,100.0,100.0,100.0,100.0,58,0.44787387190193967,91.37931034482759,100.0,100.0,100.0,100.0
L221,Abdomen,52,test/L221/Low_Dose/00000013.dcm,130.0,262144,1.230629324913025,104,0.6219247671274039,77.88461538461539,100.0,100.0,100.0,100.0,0,,,,,,,51,0.6293227251838235,76.47058823529412,100.0,100.0,100.0,100.0,53,0.6148059772995284,79.24528301886792,100.0,100.0,100.0,100.0
L221,Abdomen,53,test/L221/Low_Dose/00000091.dcm,130.0,262144,1.0949289798736572,96,0.51361083984375,94.79166666666667,100.0,100.0,100.0,100.0,0,,,,,,,51,0.45708151424632354,98.03921568627452,100.0,100.0,100.0,100.0,45,0.5776774088541666,91.11111111111111,100.0,100.0,100.0,100.0
L221,Abdomen,54,test/L221/Low_Dose/00000047.dcm,130.0,262144,1.2554019689559937,96,0.6098976135253906,82.29166666666667,100.0,100.0,100.0,100.0,0,,,,,,,31,0.5797631048387096,77.41935483870968,100.0,100.0,100.0,100.0,65,0.6242694561298077,84.61538461538461,100.0,100.0,100.0,100.0
L221,Abdomen,55,test/L221/Low_Dose/00000077.dcm,130.0,262144,1.1746442317962646,77,0.572516106939935,87.01298701298701,100.0,100.0,100.0,100.0,0,,,,,,,38,0.5056409333881579,92.10526315789474,100.0,100.0,100.0,100.0,39,0.6376765324519231,82.05128205128206,100.0,100.0,100.0,100.0
L221,Abdomen,56,test/L221/Low_Dose/00000097.dcm,130.0,262144,1.0002745389938354,90,0.5003648546006945,100.0,100.0,100.0,100.0,100.0,0,,,,,,,39,0.5454445863381411,100.0,100.0,100.0,100.0,100.0,51,0.46589211856617646,100.0,100.0,100.0,100.0,100.0
L221,Abdomen,57,test/L221/Low_Dose/00000087.dcm,130.0,262144,0.6365304589271545,52,0.32038292518028844,100.0,100.0,100.0,100.0,100.0,0,,,,,,,26,0.30446683443509615,100.0,100.0,100.0,100.0,100.0,26,0.3362990159254808,100.0,100.0,100.0,100.0,100.0
L221,Abdomen,58,test/L221/Low_Dose/00000072.dcm,130.0,262144,0.6119818687438965,55,0.2576416015625,100.0,100.0,100.0,100.0,100.0,0,,,,,,,25,0.3010888671875,100.0,100.0,100.0,100.0,100.0,30,0.221435546875,100.0,100.0,100.0,100.0,100.0
L221,Abdomen,59,test/L221/Low_Dose/00000092.dcm,130.0,262144,0.45655784010887146,28,0.23518153599330358,100.0,100.0,100.0,100.0,100.0,0,,,,,,,12,0.23918660481770834,100.0,100.0,100.0,100.0,100.0,16,0.232177734375,100.0,100.0,100.0,100.0,100.0
L221,Abdomen,60,test/L221/Low_Dose/00000025.dcm,130.0,262144,0.24796493351459503,13,0.16779972956730768,100.0,100.0,100.0,100.0,100.0,0,,,,,,,7,0.16619001116071427,100.0,100.0,100.0,100.0,100.0,6,0.169677734375,100.0,100.0,100.0,100.0,100.0
L221,Abdomen,61,test/L221/Low_Dose/00000001.dcm,130.0,262144,0.5583258867263794,19,0.3048545435855263,100.0,100.0,100.0,100.0,100.0,0,,,,,,,8,0.2627716064453125,100.0,100.0,100.0,100.0,100.0,11,0.33546031605113635,100.0,100.0,100.0,100.0,100.0
L221,Abdomen,62,test/L221/Low_Dose/00000056.dcm,130.0,262144,0.6366006135940552,28,0.28861781529017855,100.0,100.0,100.0,100.0,100.0,0,,,,,,,10,0.25982666015625,100.0,100.0,100.0,100.0,100.0,18,0.3046129014756944,100.0,100.0,100.0,100.0,100.0
L221,Abdomen,63,test/L221/Low_Dose/00000036.dcm,130.0,262144,0.44541576504707336,25,0.20494140625,100.0,100.0,100.0,100.0,100.0,0,,,,,,,14,0.17258126395089285,100.0,100.0,100.0,100.0,100.0,11,0.2461270419034091,100.0,100.0,100.0,100.0,100.0
L221,Abdomen,64,test/L221/Low_Dose/00000054.dcm,130.0,262144,0.675499439239502,24,0.3705698649088542,100.0,100.0,100.0,100.0,100.0,0,,,,,,,10,0.3983154296875,100.0,100.0,100.0,100.0,100.0,14,0.35075160435267855,100.0,100.0,100.0,100.0,100.0
L221,Abdomen,65,test/L221/Low_Dose/00000008.dcm,130.0,262144,0.8915186524391174,48,0.4441731770833333,100.0,100.0,100.0,100.0,100.0,0,,,,,,,20,0.42635498046875,100.0,100.0,100.0,100.0,100.0,28,0.4569004603794643,100.0,100.0,100.0,100.0,100.0
L221,Abdomen,66,test/L221/Low_Dose/00000022.dcm,130.0,262144,1.1032512187957764,66,0.5009562174479166,95.45454545454545,100.0,100.0,100.0,100.0,0,,,,,,,29,0.47495874865301724,96.55172413793103,100.0,100.0,100.0,100.0,37,0.5213326119087838,94.5945945945946,100.0,100.0,100.0,100.0
L221,Abdomen,67,test/L221/Low_Dose/00000048.dcm,130.0,262144,0.7788223624229431,53,0.40542775280070753,100.0,100.0,100.0,100.0,100.0,0,,,,,,,27,0.4333767361111111,100.0,100.0,100.0,100.0,100.0,26,0.37640380859375,100.0,100.0,100.0,100.0,100.0
L221,Abdomen,68,test/L221/Low_Dose/00000004.dcm,130.0,262144,0.6835572719573975,36,0.3045993381076389,100.0,100.0,100.0,100.0,100.0,0,,,,,,,19,0.32559364720394735,100.0,100.0,100.0,100.0,100.0,17,0.28113511029411764,100.0,100.0,100.0,100.0,100.0
L221,Abdomen,69,test/L221/Low_Dose/00000063.dcm,130.0,262144,0.39043480157852173,17,0.18939568014705882,100.0,100.0,100.0,100.0,100.0,0,,,,,,,7,0.27029854910714285,100.0,100.0,100.0,100.0,100.0,10,0.132763671875,100.0,100.0,100.0,100.0,100.0
L221,Abdomen,70,test/L221/Low_Dose/00000033.dcm,130.0,262144,0.09727926552295685,5,0.0607177734375,100.0,100.0,100.0,100.0,100.0,0,,,,,,,1,0.0631103515625,100.0,100.0,100.0,100.0,100.0,4,0.06011962890625,100.0,100.0,100.0,100.0,100.0
L221,Abdomen,71,test/L221/Low_Dose/00000096.dcm,130.0,262144,-0.02017623372375965,0,,,,,,,0,,,,,,,0,,,,,,,0,,,,,,
L221,Abdomen,72,test/L221/Low_Dose/00000027.dcm,130.0,262144,-0.05823259800672531,0,,,,,,,3,0.0294189453125,100.0,100.0,100.0,100.0,100.0,3,0.0294189453125,100.0,100.0,100.0,100.0,100.0,0,,,,,,
L221,Abdomen,73,test/L221/Low_Dose/00000032.dcm,130.0,262144,0.14552809298038483,3,0.052327473958333336,100.0,100.0,100.0,100.0,100.0,0,,,,,,,0,,,,,,,3,0.052327473958333336,100.0,100.0,100.0,100.0,100.0
L221,Abdomen,74,test/L221/Low_Dose/00000057.dcm,130.0,262144,0.34290578961372375,7,0.193603515625,100.0,100.0,100.0,100.0,100.0,0,,,,,,,4,0.23779296875,100.0,100.0,100.0,100.0,100.0,3,0.13468424479166666,100.0,100.0,100.0,100.0,100.0
L221,Abdomen,75,test/L221/Low_Dose/00000082.dcm,130.0,262144,0.02371857687830925,1,0.007568359375,100.0,100.0,100.0,100.0,100.0,0,,,,,,,0,,,,,,,1,0.007568359375,100.0,100.0,100.0,100.0,100.0
L221,Abdomen,76,test/L221/Low_Dose/00000043.dcm,130.0,262144,-0.1586618572473526,0,,,,,,,2,0.08154296875,100.0,100.0,100.0,100.0,100.0,2,0.08154296875,100.0,100.0,100.0,100.0,100.0,0,,,,,,
L221,Abdomen,77,test/L221/Low_Dose/00000010.dcm,130.0,262144,-0.21904082596302032,0,,,,,,,4,0.1602783203125,100.0,100.0,100.0,100.0,100.0,2,0.14263916015625,100.0,100.0,100.0,100.0,100.0,2,0.17791748046875,100.0,100.0,100.0,100.0,100.0
L221,Abdomen,78,test/L221/Low_Dose/00000019.dcm,130.0,262144,-0.12288383394479752,0,,,,,,,3,0.075439453125,100.0,100.0,100.0,100.0,100.0,2,0.06903076171875,100.0,100.0,100.0,100.0,100.0,1,0.0882568359375,100.0,100.0,100.0,100.0,100.0
L221,Abdomen,79,test/L221/Low_Dose/00000074.dcm,130.0,262144,-0.10706710815429688,0,,,,,,,0,,,,,,,0,,,,,,,0,,,,,,
L221,Abdomen,80,test/L221/Low_Dose/00000015.dcm,130.0,262144,-0.19082844257354736,0,,,,,,,11,0.12913929332386365,100.0,100.0,100.0,100.0,100.0,4,0.1263427734375,100.0,100.0,100.0,100.0,100.0,7,0.1307373046875,100.0,100.0,100.0,100.0,100.0
L221,Abdomen,81,test/L221/Low_Dose/00000035.dcm,130.0,262144,-0.2913081645965576,0,,,,,,,14,0.13584681919642858,100.0,100.0,100.0,100.0,100.0,4,0.12554931640625,100.0,100.0,100.0,100.0,100.0,10,0.1399658203125,100.0,100.0,100.0,100.0,100.0
L221,Abdomen,82,test/L221/Low_Dose/00000009.dcm,130.0,262144,-0.32183659076690674,0,,,,,,,8,0.186004638671875,100.0,100.0,100.0,100.0,100.0,6,0.20501708984375,100.0,100.0,100.0,100.0,100.0,2,0.12896728515625,100.0,100.0,100.0,100.0,100.0
L221,Abdomen,83,test/L221/Low_Dose/00000039.dcm,130.0,262144,-0.38313958048820496,0,,,,,,,8,0.1988067626953125,100.0,100.0,100.0,100.0,100.0,4,0.19140625,100.0,100.0,100.0,100.0,100.0,4,0.206207275390625,100.0,100.0,100.0,100.0,100.0
L221,Abdomen,84,test/L221/Low_Dose/00000084.dcm,130.0,262144,-0.39186549186706543,0,,,,,,,9,0.1757541232638889,100.0,100.0,100.0,100.0,100.0,2,0.22601318359375,100.0,100.0,100.0,100.0,100.0,7,0.16139439174107142,100.0,100.0,100.0,100.0,100.0
L221,Abdomen,85,test/L221/Low_Dose/00000011.dcm,130.0,262144,-0.2501015365123749,0,,,,,,,9,0.16248914930555555,100.0,100.0,100.0,100.0,100.0,4,0.146575927734375,100.0,100.0,100.0,100.0,100.0,5,0.1752197265625,100.0,100.0,100.0,100.0,100.0
L221,Abdomen,86,test/L221/Low_Dose/00000041.dcm,130.0,262144,0.07885459065437317,3,0.046142578125,100.0,100.0,100.0,100.0,100.0,0,,,,,,,1,0.024658203125,100.0,100.0,100.0,100.0,100.0,2,0.056884765625,100.0,100.0,100.0,100.0,100.0
L221,Abdomen,87,test/L221/Low_Dose/00000090.dcm,130.0,262144,0.21744702756404877,5,0.1209716796875,100.0,100.0,100.0,100.0,100.0,0,,,,,,,2,0.07342529296875,100.0,100.0,100.0,100.0,100.0,3,0.15266927083333334,100.0,100.0,100.0,100.0,100.0
L221,Abdomen,88,test/L221/Low_Dose/00000073.dcm,130.0,262144,0.5056954026222229,16,0.22107696533203125,100.0,100.0,100.0,100.0,100.0,0,,,,,,,7,0.14542061941964285,100.0,100.0,100.0,100.0,100.0,9,0.2799207899305556,100.0,100.0,100.0,100.0,100.0
L221,Abdomen,89,test/L221/Low_Dose/00000044.dcm,130.0,262144,0.6631068587303162,23,0.36264436141304346,100.0,100.0,100.0,100.0,100.0,0,,,,,,,12,0.290618896484375,100.0,100.0,100.0,100.0,100.0,11,0.4412175958806818,100.0,100.0,100.0,100.0,100.0
L221,Abdomen,90,test/L221/Low_Dose/00000081.dcm,130.0,262144,0.5292397737503052,21,0.2574986049107143,100.0,100.0,100.0,100.0,100.0,0,,,,,,,12,0.2624003092447917,100.0,100.0,100.0,100.0,100.0,9,0.2509629991319444,100.0,100.0,100.0,100.0,100.0
L221,Abdomen,91,test/L221/Low_Dose/00000007.dcm,130.0,262144,0.6303101778030396,27,0.30699779369212965,100.0,100.0,100.0,100.0,100.0,0,,,,,,,11,0.2985617897727273,100.0,100.0,100.0,100.0,100.0,16,0.31279754638671875,100.0,100.0,100.0,100.0,100.0
L221,Abdomen,92,test/L221/Low_Dose/00000086.dcm,130.0,262144,0.831229567527771,31,0.4196659211189516,100.0,100.0,100.0,100.0,100.0,0,,,,,,,17,0.41740866268382354,100.0,100.0,100.0,100.0,100.0,14,0.42240687779017855,100.0,100.0,100.0,100.0,100.0
L221,Abdomen,93,test/L221/Low_Dose/00000095.dcm,130.0,262144,0.9844720363616943,44,0.5002857555042614,100.0,100.0,100.0,100.0,100.0,0,,,,,,,22,0.4674016779119318,100.0,100.0,100.0,100.0,100.0,22,0.5331698330965909,100.0,100.0,100.0,100.0,100.0
L221,Abdomen,94,test/L221/Low_Dose/00000026.dcm,130.0,262144,0.8909270763397217,40,0.3959716796875,100.0,100.0,100.0,100.0,100.0,0,,,,,,,16,0.4717254638671875,100.0,100.0,100.0,100.0,100.0,24,0.3454691569010417,100.0,100.0,100.0,100.0,100.0
L221,Abdomen,95,test/L221/Low_Dose/00000059.dcm,130.0,262144,0.9962019920349121,62,0.5443115234375,100.0,100.0,100.0,100.0,100.0,0,,,,,,,33,0.5746959339488636,100.0,100.0,100.0,100.0,100.0,29,0.5097361597521551,100.0,100.0,100.0,100.0,100.0
L221,Abdomen,96,test/L221/Low_Dose/00000088.dcm,130.0,262144,1.060425877571106,46,0.4858849566915761,97.82608695652173,100.0,100.0,100.0,100.0,0,,,,,,,22,0.5180109197443182,100.0,100.0,100.0,100.0,100.0,24,0.4564361572265625,95.83333333333333,100.0,100.0,100.0,100.0
L221,Abdomen,97,test/L221/Low_Dose/00000058.dcm,130.0,262144,1.0525761842727661,54,0.5777452256944444,96.29629629629629,100.0,100.0,100.0,100.0,0,,,,,,,23,0.5267652428668478,100.0,100.0,100.0,100.0,100.0,31,0.615569083921371,93.54838709677419,100.0,100.0,100.0,100.0
L221,Abdomen,98,test/L221/Low_Dose/00000071.dcm,130.0,262144,0.8823199272155762,31,0.3984926285282258,100.0,100.0,100.0,100.0,100.0,0,,,,,,,10,0.3886474609375,100.0,100.0,100.0,100.0,100.0,21,0.40318080357142855,100.0,100.0,100.0,100.0,100.0
L241,Abdomen,0,test/L241/Low_Dose/00000079.dcm,130.0,262144,9.924946784973145,889,4.702874543025872,10.573678290213723,20.247469066366705,53.655793025871766,100.0,100.0,0,,,,,,,506,4.919878450778162,8.893280632411066,16.798418972332016,50.0,100.0,100.0,383,4.416180722707246,12.793733681462141,24.804177545691907,58.485639686684074,100.0,100.0
L241,Abdomen,1,test/L241/Low_Dose/00000071.dcm,130.0,262144,9.946704864501953,933,4.517116534364952,12.218649517684888,23.472668810289388,56.162915326902464,100.0,100.0,0,,,,,,,568,4.761949136223592,11.619718309859154,21.12676056338028,53.16901408450704,100.0,100.0,365,4.136116424978596,13.150684931506849,27.123287671232877,60.821917808219176,100.0,100.0
L241,Abdomen,2,test/L241/Low_Dose/00000113.dcm,130.0,262144,9.80185604095459,935,4.631815048462567,11.871657754010695,22.780748663101605,52.83422459893048,100.0,100.0,0,,,,,,,587,4.69101446044506,11.073253833049403,21.63543441226576,52.12947189097104,100.0,100.0,348,4.531958569055316,13.218390804597702,24.71264367816092,54.02298850574713,100.0,100.0
L241,Abdomen,3,test/L241/Low_Dose/00000041.dcm,130.0,262144,9.939201354980469,1024,4.683828353881836,10.15625,19.23828125,53.3203125,100.0,100.0,0,,,,,,,635,5.069418599286418,8.661417322834646,15.275590551181102,47.24409448818898,100.0,100.0,389,4.0543937781169666,12.596401028277635,25.70694087403599,63.239074550128535,100.0,100.0
L241,Abdomen,4,test/L241/Low_Dose/00000103.dcm,130.0,262144,9.496095657348633,922,4.6487605494170285,9.761388286334057,21.0412147505423,52.928416485900215,100.0,100.0,0,,,,,,,570,4.950475431743421,7.368421052631579,16.31578947368421,48.59649122807018,100.0,100.0,352,4.160188501531428,13.636363636363637,28.693181818181817,59.94318181818182,100.0,100.0
L241,Abdomen,5,test/L241/Low_Dose/00000152.dcm,130.0,262144,9.15674114227295,910,4.464244934752747,9.89010989010989,21.318681318681318,55.38461538461539,100.0,100.0,0,,,,,,,577,4.709575051451473,7.625649913344887,18.197573656845755,50.433275563258235,100.0,100.0,333,4.039153044646208,13.813813813813814,26.726726726726728,63.96396396396396,100.0,100.0
L241,Abdomen,6,test/L241/Low_Dose/00000032.dcm,130.0,262144,10.130037307739258,954,4.898397577633648,8.80503144654088,17.61006289308176,50.20964360587002,100.0,100.0,0,,,,,,,645,5.127179475532945,7.441860465116279,15.348837209302326,47.13178294573643,100.0,100.0,309,4.420842735512743,11.650485436893204,22.33009708737864,56.63430420711974,100.0,100.0
L241,Abdomen,7,test/L241/Low_Dose/00000122.dcm,130.0,262144,10.093999862670898,894,4.906359235178971,9.955257270693512,19.351230425055927,50.44742729306488,100.0,100.0,0,,,,,,,587,5.255748742280664,7.836456558773424,13.798977853492334,45.31516183986371,100.0,100.0,307,4.2383090836217425,14.006514657980455,29.96742671009772,60.26058631921824,100.0,100.0
L241,Abdomen,8,test/L241/Low_Dose/00000059.dcm,130.0,262144,8.551234245300293,783,4.188134204382184,10.089399744572159,22.47765006385696,60.53639846743295,100.0,100.0,0,,,,,,,531,4.349398797963747,9.416195856873824,20.903954802259886,56.685499058380415,100.0,100.0,252,3.848326667906746,11.507936507936508,25.793650793650794,68.65079365079364,100.0,100.0
L241,Abdomen,9,test/L241/Low_Dose/00000047.dcm,130.0,262144,7.9921979904174805,773,3.913671811832956,11.772315653298836,26.13195342820181,63.90685640362225,100.0,100.0,0,,,,,,,496,4.158319288684476,10.080645161290322,22.177419354838708,59.07258064516129,100.0,100.0,277,3.4756031242949006,14.8014440433213,33.2129963898917,72.56317689530685,100.0,100.0
L241,Abdomen,10,test/L241/Low_Dose/00000009.dcm,130.0,262144,7.355556011199951,850,3.628855124080882,12.941176470588236,26.823529411764707,68.47058823529412,100.0,100.0,0,,,,,,,554,3.8152613450473827,9.747292418772563,22.382671480144403,64.8014440433213,100.0,100.0,296,3.2799736229149072,18.91891891891892,35.13513513513514,75.33783783783784,100.0,100.0
L241,Abdomen,11,test/L241/Low_Dose/00000065.dcm,130.0,262144,6.94404411315918,914,3.2633951466766957,17.286652078774615,33.15098468271335,73.7417943107221,100.0,100.0,0,,,,,,,585,3.435444002069979,15.384615384615385,30.256410256410255,70.25641025641026,100.0,100.0,329,2.957472409883169,20.66869300911854,38.297872340425535,79.93920972644376,100.0,100.0
L241,Abdomen,12,test/L241/Low_Dose/00000112.dcm,130.0,262144,6.342090129852295,875,2.9990513392857143,17.6,33.714285714285715,81.82857142857142,100.0,100.0,0,,,,,,,502,3.139174259991285,15.737051792828685,30.87649402390438,79.28286852589642,100.0,100.0,373,2.8104673493004357,20.10723860589812,37.533512064343164,85.25469168900804,100.0,100.0
L241,Abdomen,13,test/L241/Low_Dose/00000003.dcm,130.0,262144,6.222033500671387,852,3.028963330765845,17.6056338028169,32.863849765258216,81.92488262910798,100.0,100.0,0,,,,,,,468,3.3083480443709936,14.102564102564102,26.923076923076923,77.77777777777777,100.0,100.0,384,2.6884632110595703,21.875,40.104166666666664,86.97916666666667,100.0,100.0
L241,Abdomen,14,test/L241/Low_Dose/00000075.dcm,130.0,262144,6.2868452072143555,1033,3.1313665635588093,14.230396902226525,31.268151016456923,81.60696999031946,100.0,100.0,0,,,,,,,588,3.354622354312819,11.394557823129253,25.85034013605442,77.55102040816327,100.0,100.0,445,2.8363679007198033,17.97752808988764,38.42696629213483,86.96629213483146,100.0,100.0
L241,Abdomen,15,test/L241/Low_Dose/00000130.dcm,130.0,262144,6.842199325561523,1015,3.5789661426262316,10.64039408866995,22.95566502463054,72.11822660098522,100.0,100.0,0,,,,,,,566,3.80306996052341,9.187279151943462,19.434628975265017,67.6678445229682,100.0,100.0,449,3.296465561490813,12.47216035634744,27.394209354120267,77.728285077951,100.0,100.0
L241,Abdomen,16,test/L241/Low_Dose/00000154.dcm,130.0,262144,6.884506702423096,1062,3.4636773003472223,14.218455743879472,26.930320150659135,73.54048964218455,100.0,100.0,0,,,,,,,611,3.581783912771072,12.274959083469723,23.895253682487724,71.8494271685761,100.0,100.0,451,3.3036706082836753,16.851441241685144,31.042128603104214,75.83148558758315,100.0,100.0
L241,Abdomen,17,test/L241/Low_Dose/00000027.dcm,130.0,262144,8.286970138549805,1773,4.427316044927383,8.347433728144388,18.330513254371123,54.70953186689227,100.0,100.0,0,,,,,,,1139,4.654851603654522,6.2335381913959615,14.925373134328359,50.83406496927129,100.0,100.0,634,4.018541594785095,12.145110410094638,24.44794952681388,61.67192429022082,100.0,100.0
L241,Abdomen,18,test/L241/Low_Dose/00000084.dcm,130.0,262144,8.749187469482422,1703,4.712634012129331,9.1015854374633,16.793893129770993,50.79271873165003,100.0,100.0,0,,,,,,,1061,4.901384675424128,8.576814326107446,15.080113100848257,46.9368520263902,100.0,100.0,642,4.4006948500778815,9.968847352024921,19.626168224299064,57.165109034267914,100.0,100.0
L241,Abdomen,19,test/L241/Low_Dose/00000155.dcm,130.0,262144,8.529553413391113,1776,4.454365223377675,9.403153153153154,18.91891891891892,55.067567567567565,100.0,100.0,0,,,,,,,1064,4.736569053248355,6.860902255639098,15.507518796992482,49.71804511278196,100.0,100.0,712,4.032644893346208,13.202247191011235,24.01685393258427,63.061797752808985,100.0,100.0
L241,Abdomen,20,test/L241/Low_Dose/00000011.dcm,130.0,262144,8.279879570007324,2141,4.33760554720341,9.248014946286782,18.636151331153666,57.076132648295186,100.0,100.0,0,,,,,,,1370,4.525106566491789,7.372262773722627,16.715328467153284,53.13868613138686,100.0,100.0,771,4.00443316309987,12.5810635538262,22.04928664072633,64.07263294422827,100.0,100.0
L241,Abdomen,21,test/L241/Low_Dose/00000088.dcm,130.0,262144,8.661211967468262,2785,4.41874158438061,9.76660682226212,19.53321364452424,56.12208258527828,100.0,100.0,0,,,,,,,1722,4.698577916303717,7.607433217189315,15.62137049941928,51.045296167247386,100.0,100.0,1063,3.965422981097131,13.264346190028222,25.870178739416744,64.34619002822201,100.0,100.0
L241,Abdomen,22,test/L241/Low_Dose/00000091.dcm,130.0,262144,9.376094818115234,3083,4.693361275543302,9.568602011028219,18.877716509892963,52.44891339604281,100.0,100.0,0,,,,,,,1944,4.900794511959877,8.333333333333334,16.61522633744856,48.66255144032922,100.0,100.0,1139,4.3393224593942055,11.676909569798068,22.739244951712028,58.91132572431958,100.0,100.0
L241,Abdomen,23,test/L241/Low_Dose/00000039.dcm,130.0,262144,10.32702922821045,3889,5.013126968693752,9.256878374903573,18.64232450501414,49.292877346361536,100.0,100.0,0,,,,,,,2405,5.285995971933472,7.6923076923076925,15.883575883575883,44.94802494802495,100.0,100.0,1484,4.570910677434299,11.79245283018868,23.11320754716981,56.33423180592992,100.0,100.0
L241,Abdomen,24,test/L241/Low_Dose/00000023.dcm,130.0,262144,10.41981029510498,4144,5.0353018860098935,9.821428571428571,18.96718146718147,48.72104247104247,100.0,100.0,0,,,,,,,2522,5.2825363364888975,8.009516256938937,16.177636796193497,45.083267248215705,100.0,100.0,1622,4.650884324907522,12.638717632552405,23.304562268803945,54.37731196054254,100.0,100.0
L241,Abdomen,25,test/L241/Low_Dose/00000029.dcm,130.0,262144,10.254127502441406,4289,4.989459318168571,9.093028678013523,18.885521100489626,49.49871764980182,100.0,100.0,0,,,,,,,2585,5.204892257011606,7.775628626692456,16.402321083172147,46.112185686653774,100.0,100.0,1704,4.662642358054577,11.091549295774648,22.652582159624412,54.636150234741784,100.0,100.0
L241,Abdomen,26,test/L241/Low_Dose/00000121.dcm,130.0,262144,10.166899681091309,4282,4.884849551903316,9.948622139187295,20.73797290985521,51.07426436244745,100.0,100.0,0,,,,,,,2550,5.183164445465686,8.235294117647058,17.686274509803923,46.431372549019606,100.0,100.0,1732,4.44564459891022,12.471131639722863,25.23094688221709,57.90993071593533,100.0,100.0
L241,Abdomen,27,test/L241/Low_Dose/00000078.dcm,130.0,262144,10.18714714050293,3651,4.822889918857848,10.435497124075596,20.788824979457683,51.90358805806628,100.0,100.0,0,,,,,,,2047,5.179370248381778,8.793356130923302,16.95163654127992,46.01856375183195,100.0,100.0,1604,4.367955538400094,12.531172069825436,25.6857855361596,59.413965087281795,100.0,100.0
L241,Abdomen,28,test/L241/Low_Dose/00000107.dcm,130.0,262144,10.41269588470459,4086,4.926576648923152,9.030837004405287,19.92168379833578,51.443954968184045,100.0,100.0,0,,,,,,,2289,5.260770345265399,7.426823940585408,16.382699868938403,46.046308431629534,100.0,100.0,1797,4.500884177622426,11.0740122426266,24.42960489705064,58.31942125765164,100.0,100.0
L241,Abdomen,29,test/L241/Low_Dose/00000150.dcm,130.0,262144,10.553473472595215,4209,4.963315681426705,9.50344499881207,20.83630315989546,50.96222380612972,99.64362081254454,100.0,0,,,,,,,2306,5.240611279000434,8.456201214223764,18.430182133564614,46.79098005203816,99.65307892454467,100.0,1903,4.627297975236469,10.772464529689962,23.751970572779822,56.01681555438781,99.63215974776668,100.0
L241,Abdomen,30,test/L241/Low_Dose/00000096.dcm,130.0,262144,10.507610321044922,4590,5.0092005378540305,9.498910675381264,19.04139433551198,50.04357298474945,99.9128540305011,100.0,0,,,,,,,2660,5.261702596334587,8.045112781954888,16.842105263157894,45.82706766917293,99.88721804511279,100.0,1930,4.661192519430052,11.50259067357513,22.072538860103627,55.854922279792746,99.94818652849742,100.0
L241,Abdomen,31,test/L241/Low_Dose/00000038.dcm,130.0,262144,10.48183536529541,4458,5.064484669414536,9.600717810677434,19.582772543741587,48.69896814715119,100.0,100.0,0,,,,,,,2614,5.391459598555853,7.651109410864575,16.48814078041316,43.22876817138485,100.0,100.0,1844,4.600975185568059,12.364425162689805,23.969631236442517,56.453362255965295,100.0,100.0
L241,Abdomen,32,test/L241/Low_Dose/00000102.dcm,130.0,262144,10.396777153015137,4398,4.974000078160527,9.98180991359709,20.031832651205093,50.22737608003638,100.0,100.0,0,,,,,,,2554,5.341011495448316,8.065779169929522,16.40563821456539,44.94909945184025,100.0,100.0,1844,4.465677853002982,12.635574837310195,25.054229934924077,57.53796095444685,100.0,100.0
L241,Abdomen,33,test/L241/Low_Dose/00000076.dcm,130.0,262144,10.251129150390625,4221,4.849181362532575,9.618573797678275,19.876806443970622,52.40464344941957,100.0,100.0,0,,,,,,,2327,5.185238000913193,8.465835840137515,16.54490760636012,47.05629565964762,100.0,100.0,1894,4.436296569759768,11.034846884899682,23.970432946145724,58.97571277719113,100.0,100.0
L241,Abdomen,34,test/L241/Low_Dose/00000073.dcm,130.0,262144,10.52444076538086,3856,4.873576690547199,11.54045643153527,21.524896265560166,51.530082987551864,99.48132780082987,100.0,0,,,,,,,2196,5.193850324453552,9.608378870673953,18.761384335154826,46.44808743169399,99.36247723132969,100.0,1660,4.4498894013554215,14.096385542168674,25.180722891566266,58.25301204819277,99.63855421686748,100.0
L241,Abdomen,35,test/L241/Low_Dose/00000098.dcm,130.0,262144,10.440552711486816,3573,4.93381787013714,11.139098796529527,20.542961097117267,50.79764903442485,100.0,100.0,0,,,,,,,1952,5.192690990010246,9.579918032786885,17.827868852459016,47.079918032786885,100.0,100.0,1621,4.622084168723011,13.016656384947563,23.812461443553364,55.27452190006169,100.0,100.0
L241,Abdomen,36,test/L241/Low_Dose/00000138.dcm,130.0,262144,10.435495376586914,3596,4.971486873435762,10.400444938820913,20.3559510567297,50.30589543937709,100.0,100.0,0,,,,,,,2020,5.223509050123762,9.009900990099009,17.821782178217823,47.17821782178218,100.0,100.0,1576,4.64846290549651,12.182741116751268,23.604060913705585,54.31472081218274,100.0,100.0
L241,Abdomen,37,test/L241/Low_Dose/00000054.dcm,130.0,262144,10.356837272644043,3386,4.820190213378618,10.720614294152393,20.732427643236857,53.10100413467218,100.0,100.0,0,,,,,,,1951,5.145971316792671,8.610968733982572,17.631983598154793,48.129164531009735,100.0,100.0,1435,4.37726412783101,13.588850174216027,24.94773519163763,59.86062717770035,100.0,100.0
L241,Abdomen,38,test/L241/Low_Dose/00000114.dcm,130.0,262144,10.417201042175293,3207,4.742777639733395,11.350171499844091,22.35734331150608,53.47676956657312,100.0,100.0,0,,,,,,,1794,4.973900087966834,9.47603121516165,19.620958751393534,50.16722408026756,100.0,100.0,1413,4.44933555046886,13.72965322009908,25.83156404812456,57.67869780608634,100.0,100.0
L241,Abdomen,39,test/L241/Low_Dose/00000033.dcm,130.0,262144,10.543752670288086,3041,4.767833746095034,11.44360407760605,22.032226241367972,53.798092732653735,99.60539296284117,100.0,0,,,,,,,1711,5.099768045002922,9.35125657510228,18.351841028638223,48.68497954412624,99.82466393921683,100.0,1330,4.340810767152256,14.135338345864662,26.76691729323308,60.37593984962406,99.32330827067669,100.0
L241,Abdomen,40,test/L241/Low_Dose/00000051.dcm,130.0,262144,10.504508972167969,2987,4.768342505021761,11.28222296618681,22.497489119517912,53.19718781386006,99.49782390358219,100.0,0,,,,,,,1569,5.090524044972913,8.604206500956023,18.738049713193117,48.693435309114086,99.4263862332696,100.0,1418,4.4118518049189,14.245416078984485,26.657263751763047,58.180535966149506,99.5768688293371,100.0
L241,Abdomen,41,test/L241/Low_Dose/00000057.dcm,130.0,262144,10.352466583251953,2631,4.698864277484796,11.630558722919043,22.538958570885594,52.94564804256937,100.0,100.0,0,,,,,,,1413,5.076997426242923,9.058740268931352,19.037508846426043,47.48761500353857,100.0,100.0,1218,4.2601925704279555,14.614121510673234,26.600985221674875,59.277504105090316,100.0,100.0
L241,Abdomen,42,test/L241/Low_Dose/00000055.dcm,130.0,262144,10.260332107543945,2598,4.694595301674365,11.162432640492687,22.170900692840647,54.54195535026944,100.0,100.0,0,,,,,,,1366,4.971958501098096,9.297218155197658,19.03367496339678,51.53733528550512,100.0,100.0,1232,4.387064747996145,13.230519480519481,25.649350649350648,57.87337662337662,100.0,100.0
L241,Abdomen,43,test/L241/Low_Dose/00000058.dcm,130.0,262144,10.095749855041504,2570,4.664232353477627,10.933852140077821,21.51750972762646,55.175097276264594,100.0,100.0,0,,,,,,,1360,4.966987879136029,9.558823529411764,18.676470588235293,49.55882352941177,100.0,100.0,1210,4.323945151084711,12.479338842975206,24.710743801652892,61.48760330578512,100.0,100.0
L241,Abdomen,44,test/L241/Low_Dose/00000006.dcm,130.0,262144,10.151410102844238,2669,4.615773332123455,11.839640314724615,23.491944548520046,55.00187336080929,100.0,100.0,0,,,,,,,1464,4.835913819693476,10.450819672131148,22.062841530054644,51.70765027322405,100.0,100.0,1205,4.3483167466286305,13.526970954356846,25.228215767634854,59.004149377593365,100.0,100.0
L241,Abdomen,45,test/L241/Low_Dose/00000046.dcm,130.0,262144,9.965807914733887,2561,4.612482001659508,11.909410386567746,22.139789144865286,54.66614603670441,100.0,100.0,0,,,,,,,1399,4.9086589472391,10.43602573266619,19.513938527519656,49.82130092923517,100.0,100.0,1162,4.255897613893072,13.68330464716007,25.301204819277107,60.499139414802066,100.0,100.0
L241,Abdomen,46,test/L241/Low_Dose/00000137.dcm,130.0,262144,9.70038890838623,2297,4.5116864388332605,11.667392250761864,23.03003918154114,55.986068785372225,100.0,100.0,0,,,,,,,1233,4.782472881184104,9.489051094890511,19.464720194647203,52.06812652068127,100.0,100.0,1064,4.197889743890977,14.191729323308271,27.161654135338345,60.526315789473685,100.0,100.0
L241,Abdomen,47,test/L241/Low_Dose/00000015.dcm,130.0,262144,9.729681015014648,2404,4.597399516430948,11.522462562396006,22.04658901830283,55.32445923460899,100.0,100.0,0,,,,,,,1268,4.870142602770111,10.331230283911673,19.006309148264986,50.867507886435334,100.0,100.0,1136,4.29296445174956,12.852112676056338,25.440140845070424,60.29929577464789,100.0,100.0
L241,Abdomen,48,test/L241/Low_Dose/00000141.dcm,130.0,262144,10.01392650604248,2175,4.604835668103449,11.816091954022989,22.620689655172413,55.172413793103445,100.0,100.0,0,,,,,,,1214,4.818944990733113,10.70840197693575,20.0164744645799,51.812191103789125,100.0,100.0,961,4.334358842514308,13.215400624349636,25.9105098855359,59.41727367325702,100.0,100.0
L241,Abdomen,49,test/L241/Low_Dose/00000093.dcm,130.0,262144,10.096112251281738,2042,4.576174744429481,10.920666013712047,23.016650342801174,56.75808031341822,100.0,100.0,0,,,,,,,1099,4.96119963461101,7.734303912647862,17.8343949044586,51.228389444949954,100.0,100.0,943,4.1274559045267765,14.634146341463415,29.056203605514316,63.20254506892895,100.0,100.0
L241,Abdomen,50,test/L241/Low_Dose/00000097.dcm,130.0,262144,10.096955299377441,2074,4.603784014886692,12.054001928640309,23.722275795564126,55.06268081002893,100.0,100.0,0,,,,,,,1165,4.983936594688841,10.042918454935622,20.7725321888412,48.497854077253216,100.0,100.0,909,4.116569762444994,14.631463146314632,27.502750275027502,63.47634763476348,100.0,100.0
L241,Abdomen,51,test/L241/Low_Dose/00000101.dcm,130.0,262144,10.252720832824707,2213,4.658431710347944,11.522819701762314,23.271577044735654,55.49028468142792,100.0,100.0,0,,,,,,,1307,4.961844574885234,10.252486610558531,20.428462127008416,50.19127773527161,100.0,100.0,906,4.220726030025524,13.35540838852097,27.373068432671083,63.13465783664459,100.0,100.0
L241,Abdomen,52,test/L241/Low_Dose/00000085.dcm,130.0,262144,10.282947540283203,2086,4.741627123531879,10.738255033557047,22.099712368168746,52.97219558964525,100.0,100.0,0,,,,,,,1156,4.969981262840614,9.2560553633218,19.11764705882353,49.39446366782007,100.0,100.0,930,4.457779947916666,12.580645161290322,25.806451612903224,57.41935483870968,100.0,100.0
L241,Abdomen,53,test/L241/Low_Dose/00000143.dcm,130.0,262144,10.200325012207031,2046,4.802609321542033,10.948191593352883,21.407624633431084,53.61681329423265,100.0,100.0,0,,,,,,,1164,5.118477418250644,8.762886597938145,18.72852233676976,48.71134020618557,100.0,100.0,882,4.385749384389173,13.832199546485262,24.94331065759637,60.090702947845806,100.0,100.0
L241,Abdomen,54,test/L241/Low_Dose/00000139.dcm,130.0,262144,10.20704174041748,1713,4.753136629816112,11.38353765323993,20.78225335668418,54.46584938704028,100.0,100.0,0,,,,,,,921,4.969261608475842,9.66340933767644,19.54397394136808,51.14006514657981,100.0,100.0,792,4.501809476601957,13.383838383838384,22.22222222222222,58.333333333333336,100.0,100.0
L241,Abdomen,55,test/L241/Low_Dose/00000142.dcm,130.0,262144,10.164068222045898,1580,4.779404111451741,10.569620253164556,20.379746835443036,52.9746835443038,100.0,100.0,0,,,,,,,908,5.017724394273127,8.810572687224669,16.96035242290749,49.559471365638764,100.0,100.0,672,4.457388015020461,12.946428571428571,25.0,57.589285714285715,100.0,100.0
L241,Abdomen,56,test/L241/Low_Dose/00000117.dcm,130.0,262144,9.94703483581543,1532,4.854721666938643,8.224543080939947,18.929503916449086,51.697127937336816,100.0,100.0,0,,,,,,,870,5.099302936422414,6.781609195402299,17.24137931034483,46.7816091954023,100.0,100.0,662,4.533292741573829,10.120845921450151,21.148036253776436,58.157099697885194,100.0,100.0
L241,Abdomen,57,test/L241/Low_Dose/00000148.dcm,130.0,262144,9.66862964630127,1351,4.889107027202073,9.25240562546262,19.615099925980754,48.556624722427834,100.0,100.0,0,,,,,,,836,5.143517307117225,8.732057416267942,16.86602870813397,44.13875598086124,100.0,100.0,515,4.476122572815534,10.097087378640778,24.07766990291262,55.728155339805824,100.0,100.0
L241,Abdomen,58,test/L241/Low_Dose/00000008.dcm,130.0,262144,9.90549373626709,1273,5.122276671739984,8.719560094265514,17.596229379418695,47.21131186174391,100.0,100.0,0,,,,,,,784,5.359926807637117,7.270408163265306,14.540816326530612,43.87755102040816,100.0,100.0,489,4.741257868417689,11.042944785276074,22.494887525562373,52.556237218813905,100.0,100.0
L241,Abdomen,59,test/L241/Low_Dose/00000134.dcm,130.0,262144,10.185742378234863,864,4.996553774233218,10.87962962962963,20.949074074074073,49.53703703703704,100.0,100.0,0,,,,,,,531,5.235265124764595,8.286252354048964,16.572504708097927,45.19774011299435,100.0,100.0,333,4.6159055784299925,15.015015015015015,27.92792792792793,56.45645645645646,100.0,100.0
L241,Abdomen,60,test/L241/Low_Dose/00000144.dcm,130.0,262144,10.212386131286621,826,5.18937923255902,8.716707021791768,16.707021791767556,46.73123486682809,100.0,100.0,0,,,,,,,496,5.343730311239919,8.064516129032258,15.524193548387096,44.75806451612903,100.0,100.0,330,4.9573848839962125,9.696969696969697,18.484848484848484,49.696969696969695,100.0,100.0
L241,Abdomen,61,test/L241/Low_Dose/00000004.dcm,130.0,262144,10.0910005569458,808,5.177550665222772,8.787128712871286,17.326732673267326,47.4009900990099,100.0,100.0,0,,,,,,,514,5.317524357064689,6.614785992217898,14.785992217898833,45.525291828793776,100.0,100.0,294,4.932834339790603,12.585034013605442,21.768707482993197,50.68027210884354,100.0,100.0
L241,Abdomen,62,test/L241/Low_Dose/00000111.dcm,130.0,262144,9.932409286499023,758,5.068932042587401,9.234828496042216,18.601583113456464,47.0976253298153,100.0,100.0,0,,,,,,,479,5.197961859016179,9.812108559498956,18.997912317327767,44.46764091858038,100.0,100.0,279,4.847407734094982,8.243727598566307,17.921146953405017,51.61290322580645,100.0,100.0
L241,Abdomen,63,test/L241/Low_Dose/00000050.dcm,130.0,262144,9.704327583312988,641,4.881568182649181,10.14040561622465,18.408736349453978,51.638065522620906,100.0,100.0,0,,,,,,,408,5.094830681295956,9.068627450980392,15.686274509803921,47.30392156862745,100.0,100.0,233,4.508129463686964,12.017167381974248,23.175965665236053,59.227467811158796,100.0,100.0
L241,Abdomen,64,test/L241/Low_Dose/00000104.dcm,130.0,262144,9.16257381439209,591,4.6721253370875635,10.152284263959391,21.150592216582066,51.099830795262264,100.0,100.0,0,,,,,,,364,4.69606202513307,10.989010989010989,20.054945054945055,51.64835164835165,100.0,100.0,227,4.633742815597467,8.810572687224669,22.90748898678414,50.220264317180614,100.0,100.0
L241,Abdomen,65,test/L241/Low_Dose/00000064.dcm,130.0,262144,8.667391777038574,571,4.435658897493433,9.632224168126095,19.089316987740805,57.09281961471103,100.0,100.0,0,,,,,,,358,4.5982833095103,8.938547486033519,18.435754189944134,52.79329608938548,100.0,100.0,213,4.162327726122359,10.7981220657277,20.187793427230048,64.31924882629107,100.0,100.0
L241,Abdomen,66,test/L241/Low_Dose/00000020.dcm,130.0,262144,8.757255554199219,471,4.403971354166667,12.314225053078557,24.203821656050955,56.26326963906582,100.0,100.0,0,,,,,,,295,4.591610252251059,10.169491525423728,21.35593220338983,53.898305084745765,100.0,100.0,176,4.089463667436079,15.909090909090908,28.977272727272727,60.22727272727273,100.0,100.0
L241,Abdomen,67,test/L241/Low_Dose/00000146.dcm,130.0,262144,8.561785697937012,408,4.312447641410079,11.519607843137255,21.07843137254902,56.372549019607845,100.0,100.0,0,,,,,,,247,4.459822558198381,10.121457489878543,19.838056680161944,54.25101214574899,100.0,100.0,161,4.086350719380823,13.664596273291925,22.981366459627328,59.62732919254658,100.0,100.0
L241,Abdomen,68,test/L241/Low_Dose/00000049.dcm,130.0,262144,8.240135192871094,516,4.149081917696221,12.4031007751938,23.25581395348837,59.30232558139535,100.0,100.0,0,,,,,,,324,4.215567883150078,11.728395061728396,21.91358024691358,57.407407407407405,100.0,100.0,192,4.036886850992839,13.541666666666666,25.520833333333332,62.5,100.0,100.0
L241,Abdomen,69,test/L241/Low_Dose/00000110.dcm,130.0,262144,8.435868263244629,482,4.332032263031639,10.995850622406639,22.199170124481327,56.84647302904564,100.0,100.0,0,,,,,,,299,4.521580316549958,8.02675585284281,19.732441471571907,53.51170568561873,100.0,100.0,183,4.022333530780396,15.846994535519126,26.229508196721312,62.295081967213115,100.0,100.0
L241,Abdomen,70,test/L241/Low_Dose/00000119.dcm,130.0,262144,8.745246887207031,459,4.385371987336601,10.675381263616558,20.47930283224401,57.734204793028326,100.0,100.0,0,,,,,,,300,4.616905517578125,9.333333333333334,17.333333333333332,54.333333333333336,100.0,100.0,159,3.948516269899764,13.20754716981132,26.41509433962264,64.15094339622641,100.0,100.0
L241,Abdomen,71,test/L241/Low_Dose/00000100.dcm,130.0,262144,9.131887435913086,398,4.616027525321922,8.793969849246231,20.35175879396985,53.768844221105525,100.0,100.0,0,,,,,,,249,4.824940876788403,8.433734939759036,17.670682730923694,50.200803212851405,100.0,100.0,149,4.266903870857802,9.395973154362416,24.83221476510067,59.73154362416108,100.0,100.0
L241,Abdomen,72,test/L241/Low_Dose/00000105.dcm,130.0,262144,9.087629318237305,528,4.7552508729876894,9.280303030303031,19.507575757575758,50.0,100.0,100.0,0,,,,,,,339,4.981794239145465,9.144542772861357,18.289085545722713,46.31268436578171,100.0,100.0,189,4.348911830357143,9.523809523809524,21.693121693121693,56.613756613756614,100.0,100.0
L241,Abdomen,73,test/L241/Low_Dose/00000118.dcm,130.0,262144,8.885228157043457,439,4.20198243299758,10.933940774487471,22.779043280182233,62.642369020501135,100.0,100.0,0,,,,,,,269,4.480462850691217,8.921933085501859,18.587360594795538,57.99256505576208,100.0,100.0,170,3.761328125,14.117647058823529,29.41176470588235,70.0,100.0,100.0
L241,Abdomen,74,test/L241/Low_Dose/00000007.dcm,130.0,262144,8.737044334411621,423,4.098240051990987,13.002364066193854,28.368794326241133,61.22931442080378,100.0,100.0,0,,,,,,,257,4.201906196802042,10.505836575875486,26.070038910505836,61.08949416342413,100.0,100.0,166,3.9377448759883285,16.867469879518072,31.927710843373493,61.44578313253012,100.0,100.0
L241,Abdomen,75,test/L241/Low_Dose/00000086.dcm,130.0,262144,8.277731895446777,358,4.274143325549931,10.335195530726256,20.670391061452513,58.37988826815643,100.0,100.0,0,,,,,,,225,4.444784071180556,8.0,17.333333333333332,55.55555555555556,100.0,100.0,133,3.9854653724154137,14.285714285714286,26.31578947368421,63.1578947368421,100.0,100.0
L241,Abdomen,76,test/L241/Low_Dose/00000089.dcm,130.0,262144,8.708067893981934,424,4.6121662067917155,9.90566037735849,18.39622641509434,54.24528301886792,100.0,100.0,0,,,,,,,264,4.80499267578125,7.196969696969697,14.015151515151516,50.75757575757576,100.0,100.0,160,4.294002532958984,14.375,25.625,60.0,100.0,100.0
L241,Abdomen,77,test/L241/Low_Dose/00000040.dcm,130.0,262144,8.459684371948242,580,4.130984812769396,12.068965517241379,24.137931034482758,60.689655172413794,100.0,100.0,0,,,,,,,339,4.273556329507743,11.2094395280236,23.893805309734514,57.817109144542776,100.0,100.0,241,3.9304386629603214,13.278008298755188,24.481327800829874,64.73029045643153,100.0,100.0
L241,Abdomen,78,test/L241/Low_Dose/00000045.dcm,130.0,262144,9.020065307617188,771,4.564004742217898,10.635538261997405,20.622568093385215,53.30739299610895,100.0,100.0,0,,,,,,,471,4.805613264662951,8.280254777070065,17.8343949044586,50.74309978768577,100.0,100.0,300,4.184678955078125,14.333333333333334,25.0,57.333333333333336,100.0,100.0
L241,Abdomen,79,test/L241/Low_Dose/00000072.dcm,130.0,262144,9.230618476867676,859,4.777524510695576,9.19674039580908,17.345750873108265,50.756693830034926,100.0,100.0,0,,,,,,,555,5.05980785472973,6.846846846846847,14.594594594594595,46.306306306306304,100.0,100.0,304,4.2621716951069075,13.486842105263158,22.36842105263158,58.88157894736842,100.0,100.0
L241,Abdomen,80,test/L241/Low_Dose/00000017.dcm,130.0,262144,9.281535148620605,871,4.613119797646384,11.136624569460391,20.436280137772677,53.38691159586682,100.0,100.0,0,,,,,,,524,4.856728590171755,9.732824427480915,16.984732824427482,50.38167938931298,100.0,100.0,347,4.245249107866535,13.256484149855908,25.64841498559078,57.92507204610951,100.0,100.0
L241,Abdomen,81,test/L241/Low_Dose/00000135.dcm,130.0,262144,9.491527557373047,786,4.957870832836355,9.79643765903308,16.921119592875318,46.81933842239186,100.0,100.0,0,,,,,,,484,5.137661011751033,8.264462809917354,15.082644628099173,43.59504132231405,100.0,100.0,302,4.669729876991929,12.251655629139073,19.867549668874172,51.98675496688742,100.0,100.0
L241,Abdomen,82,test/L241/Low_Dose/00000053.dcm,130.0,262144,9.801607131958008,707,4.82693054112889,10.608203677510609,18.953323903818955,51.48514851485149,100.0,100.0,0,,,,,,,448,5.129780360630581,8.928571428571429,15.625,45.3125,100.0,100.0,259,4.303081733379585,13.513513513513514,24.71042471042471,62.16216216216216,100.0,100.0
L241,Abdomen,83,test/L241/Low_Dose/00000036.dcm,130.0,262144,9.834915161132812,766,4.612553608946638,12.27154046997389,23.368146214099216,52.088772845953,100.0,100.0,0,,,,,,,473,4.869518449392178,10.570824524312897,20.930232558139537,47.35729386892178,100.0,100.0,293,4.19772640918302,15.017064846416382,27.303754266211605,59.72696245733788,100.0,100.0
L241,Abdomen,84,test/L241/Low_Dose/00000001.dcm,130.0,262144,9.425092697143555,767,4.7022763964716425,9.517601043024772,21.51238591916558,52.803129074315514,100.0,100.0,0,,,,,,,486,5.021121680491255,6.995884773662551,17.901234567901234,46.91358024691358,100.0,100.0,281,4.150820694784253,13.87900355871886,27.75800711743772,62.98932384341637,100.0,100.0
L241,Abdomen,85,test/L241/Low_Dose/00000037.dcm,130.0,262144,9.456001281738281,888,4.735126667194538,9.234234234234235,19.03153153153153,53.37837837837838,100.0,100.0,0,,,,,,,570,4.825960286458334,9.473684210526315,17.894736842105264,52.80701754385965,100.0,100.0,318,4.572312073137775,8.80503144654088,21.069182389937108,54.40251572327044,100.0,100.0
L241,Abdomen,86,test/L241/Low_Dose/00000126.dcm,130.0,262144,9.472545623779297,994,4.565631582463531,9.859154929577464,20.925553319919516,54.32595573440644,100.0,100.0,0,,,,,,,611,4.832197473404255,8.8379705400982,18.330605564648117,49.42716857610475,100.0,100.0,383,4.140378628324902,11.488250652741515,25.065274151436032,62.14099216710183,100.0,100.0
L241,Abdomen,87,test/L241/Low_Dose/00000060.dcm,130.0,262144,9.635375022888184,1116,4.976861331625224,9.229390681003585,18.996415770609318,47.31182795698925,100.0,100.0,0,,,,,,,661,5.204998345310136,8.32072617246596,17.39788199697428,43.41906202723147,100.0,100.0,455,4.645435911744506,10.54945054945055,21.318681318681318,52.967032967032964,100.0,100.0
L241,Abdomen,88,test/L241/Low_Dose/00000077.dcm,130.0,262144,9.792945861816406,1168,4.971882023223459,8.219178082191782,18.75,49.91438356164384,100.0,100.0,0,,,,,,,747,5.239017266984605,7.228915662650603,16.331994645247658,44.44444444444444,100.0,100.0,421,4.4978911701120845,9.97624703087886,23.040380047505938,59.61995249406176,100.0,100.0
L241,Abdomen,89,test/L241/Low_Dose/00000063.dcm,130.0,262144,10.044166564941406,1187,5.204656483651011,9.098567818028643,17.775905644481888,45.745577085088456,100.0,100.0,0,,,,,,,742,5.5452640667115904,7.142857142857143,14.420485175202156,40.56603773584906,100.0,100.0,445,4.636722041783708,12.359550561797754,23.370786516853933,54.38202247191011,100.0,100.0
L241,Abdomen,90,test/L241/Low_Dose/00000030.dcm,130.0,262144,10.182862281799316,1173,5.152764179720801,8.695652173913043,17.22080136402387,47.74083546462063,100.0,100.0,0,,,,,,,732,5.570154408939549,7.240437158469946,13.797814207650273,40.7103825136612,100.0,100.0,441,4.459953740610827,11.11111111111111,22.90249433106576,59.41043083900227,100.0,100.0
L241,Abdomen,91,test/L241/Low_Dose/00000087.dcm,130.0,262144,10.025017738342285,1024,4.994580268859863,8.3984375,18.65234375,48.92578125,100.0,100.0,0,,,,,,,627,5.295471678129984,7.33652312599681,14.67304625199362,44.1786283891547,100.0,100.0,397,4.519369207041089,10.075566750629722,24.937027707808564,56.423173803526446,100.0,100.0
L241,Abdomen,92,test/L241/Low_Dose/00000035.dcm,130.0,262144,10.03869915008545,933,4.875599753818328,9.003215434083602,18.113612004287244,52.09003215434084,100.0,100.0,0,,,,,,,599,5.153941464941569,6.67779632721202,14.691151919866444,48.24707846410684,100.0,100.0,334,4.376418062312874,13.173652694610778,24.251497005988025,58.98203592814371,100.0,100.0
L241,Abdomen,93,test/L241/Low_Dose/00000062.dcm,130.0,262144,10.102405548095703,781,5.059584066901408,8.066581306017925,17.797695262483995,48.14340588988476,100.0,100.0,0,,,,,,,506,5.179732854187253,7.312252964426878,16.40316205533597,46.83794466403162,100.0,100.0,275,4.838511186079545,9.454545454545455,20.363636363636363,50.54545454545455,100.0,100.0
L241,Abdomen,94,test/L241/Low_Dose/00000042.dcm,130.0,262144,10.061670303344727,860,4.890951467114825,10.348837209302326,19.302325581395348,50.93023255813954,100.0,100.0,0,,,,,,,537,5.115017512657123,9.124767225325884,18.063314711359403,47.299813780260706,100.0,100.0,323,4.518433373040828,12.38390092879257,21.362229102167184,56.96594427244582,100.0,100.0
L241,Abdomen,95,test/L241/Low_Dose/00000048.dcm,130.0,262144,9.795275688171387,944,4.971103474245233,10.275423728813559,20.127118644067796,46.92796610169491,100.0,100.0,0,,,,,,,585,5.278145032051282,7.521367521367521,15.555555555555555,42.56410256410256,100.0,100.0,359,4.470771130745125,14.763231197771587,27.57660167130919,54.03899721448468,100.0,100.0
L241,Abdomen,96,test/L241/Low_Dose/00000010.dcm,130.0,262144,9.548467636108398,771,4.5473354156533725,9.857328145265889,22.827496757457848,53.43709468223087,100.0,100.0,0,,,,,,,440,4.862763006036932,7.7272727272727275,18.40909090909091,48.63636363636363,100.0,100.0,331,4.128035899735649,12.688821752265861,28.700906344410875,59.818731117824775,100.0,100.0
L241,Abdomen,97,test/L241/Low_Dose/00000028.dcm,130.0,262144,10.069496154785156,756,4.973045712425595,9.920634920634921,19.841269841269842,48.01587301587302,100.0,100.0,0,,,,,,,428,5.039870217581775,8.878504672897197,19.85981308411215,46.26168224299065,100.0,100.0,328,4.88584751036109,11.28048780487805,19.817073170731707,50.30487804878049,100.0,100.0
L241,Abdomen,98,test/L241/Low_Dose/00000061.dcm,130.0,262144,10.640732765197754,749,5.128548350926235,8.277703604806408,18.69158878504673,49.265687583444596,98.26435246995995,100.0,0,,,,,,,471,5.419505125398089,7.643312101910828,16.985138004246284,45.010615711252655,97.87685774946921,100.0,278,4.635595966586106,9.352517985611511,21.58273381294964,56.47482014388489,98.92086330935251,100.0
L241,Abdomen,99,test/L241/Low_Dose/00000140.dcm,130.0,262144,10.920014381408691,700,5.423194056919643,7.142857142857143,17.285714285714285,43.57142857142857,96.71428571428571,100.0,0,,,,,,,443,5.5396896603414225,7.44920993227991,15.575620767494357,41.98645598194131,97.06546275395034,100.0,257,5.222385985378161,6.614785992217898,20.233463035019454,46.30350194552529,96.10894941634241,100.0
L241,Abdomen,100,test/L241/Low_Dose/00000115.dcm,130.0,262144,10.780878067016602,669,5.317563819600149,10.31390134529148,17.787742899850524,45.14200298953662,97.30941704035874,100.0,0,,,,,,,382,5.625302299779123,8.115183246073299,15.44502617801047,40.05235602094241,96.07329842931937,100.0,287,4.907960260371298,13.240418118466899,20.905923344947734,51.91637630662021,98.95470383275261,100.0
L241,Abdomen,101,test/L241/Low_Dose/00000012.dcm,130.0,262144,10.083235740661621,593,5.069070799957841,8.431703204047217,17.36930860033727,49.24114671163575,100.0,100.0,0,,,,,,,382,5.230892800535831,6.020942408376963,15.44502617801047,47.90575916230367,100.0,100.0,211,4.776104533841824,12.796208530805687,20.85308056872038,51.65876777251185,100.0,100.0
L241,Abdomen,102,test/L241/Low_Dose/00000070.dcm,130.0,262144,9.75437068939209,579,4.704248299870466,10.189982728842832,20.207253886010363,51.98618307426597,100.0,100.0,0,,,,,,,369,4.904498009823849,9.75609756097561,17.073170731707318,47.696476964769644,100.0,100.0,210,4.352381533668154,10.952380952380953,25.714285714285715,59.523809523809526,100.0,100.0
L241,Abdomen,103,test/L241/Low_Dose/00000151.dcm,130.0,262144,9.493666648864746,632,4.807837377620649,9.177215189873417,17.72151898734177,51.58227848101266,100.0,100.0,0,,,,,,,372,5.07680421234459,7.526881720430108,15.591397849462366,46.505376344086024,100.0,100.0,260,4.42300790640024,11.538461538461538,20.76923076923077,58.84615384615385,100.0,100.0
L241,Abdomen,104,test/L241/Low_Dose/00000026.dcm,130.0,262144,8.828606605529785,596,4.390834731543624,11.073825503355705,22.483221476510067,55.53691275167785,100.0,100.0,0,,,,,,,363,4.490198056559917,10.743801652892563,20.66115702479339,53.4435261707989,100.0,100.0,233,4.23603211758986,11.587982832618026,25.321888412017167,58.798283261802574,100.0,100.0
L241,Abdomen,105,test/L241/Low_Dose/00000005.dcm,130.0,262144,8.152911186218262,398,4.0821944193624375,10.050251256281408,20.35175879396985,62.814070351758794,100.0,100.0,0,,,,,,,222,4.380038424655124,8.558558558558559,17.56756756756757,55.85585585585586,100.0,100.0,176,3.7065048217773438,11.931818181818182,23.863636363636363,71.5909090909091,100.0,100.0
L241,Abdomen,106,test/L241/Low_Dose/00000153.dcm,130.0,262144,7.552903652191162,329,3.7879731430471124,11.55015197568389,25.227963525835865,66.8693009118541,100.0,100.0,0,,,,,,,214,3.850396557389019,10.74766355140187,24.766355140186917,64.48598130841121,100.0,100.0,115,3.671811311141304,13.043478260869565,26.08695652173913,71.30434782608695,100.0,100.0
L241,Abdomen,107,test/L241/Low_Dose/00000109.dcm,130.0,262144,7.288800239562988,315,3.8408280629960316,10.476190476190476,24.761904761904763,64.76190476190476,100.0,100.0,0,,,,,,,212,3.9758957197081366,9.90566037735849,21.22641509433962,62.735849056603776,100.0,100.0,103,3.5628247307342233,11.650485436893204,32.03883495145631,68.93203883495146,100.0,100.0
L241,Abdomen,108,test/L241/Low_Dose/00000092.dcm,130.0,262144,7.016091823577881,272,3.381853889016544,18.014705882352942,30.147058823529413,70.58823529411765,100.0,100.0,0,,,,,,,178,3.390780673937851,17.97752808988764,29.775280898876403,71.91011235955057,100.0,100.0,94,3.364949977144282,18.085106382978722,30.851063829787233,68.08510638297872,100.0,100.0
L241,Abdomen,109,test/L241/Low_Dose/00000069.dcm,130.0,262144,6.945623874664307,261,3.4410157185404695,14.559386973180077,29.885057471264368,73.1800766283525,100.0,100.0,0,,,,,,,151,3.3816702129035594,15.2317880794702,30.4635761589404,74.17218543046357,100.0,100.0,110,3.5224809126420453,13.636363636363637,29.09090909090909,71.81818181818181,100.0,100.0
L241,Abdomen,110,test/L241/Low_Dose/00000056.dcm,130.0,262144,7.107980251312256,270,3.565158420138889,17.77777777777778,25.555555555555557,69.25925925925925,100.0,100.0,0,,,,,,,168,3.6887701125372026,14.880952380952381,22.61904761904762,67.85714285714286,100.0,100.0,102,3.361562691482843,22.54901960784314,30.392156862745097,71.56862745098039,100.0,100.0
L241,Abdomen,111,test/L241/Low_Dose/00000002.dcm,130.0,262144,7.537772178649902,250,3.61487744140625,13.6,29.6,67.2,100.0,100.0,0,,,,,,,157,3.9772062848328025,10.828025477707007,25.477707006369428,60.50955414012739,100.0,100.0,93,3.0032040175571235,18.27956989247312,36.55913978494624,78.49462365591398,100.0,100.0
L241,Abdomen,112,test/L241/Low_Dose/00000145.dcm,130.0,262144,7.538945198059082,225,3.698972439236111,11.555555555555555,28.88888888888889,68.0,100.0,100.0,0,,,,,,,137,3.7311780052463503,12.408759124087592,31.386861313868614,64.96350364963503,100.0,100.0,88,3.648834228515625,10.227272727272727,25.0,72.72727272727273,100.0,100.0
L241,Abdomen,113,test/L241/Low_Dose/00000125.dcm,130.0,262144,7.441396236419678,257,3.7936555736259727,14.007782101167315,22.957198443579767,66.92607003891051,100.0,100.0,0,,,,,,,171,3.945023386101974,10.526315789473685,19.883040935672515,66.08187134502924,100.0,100.0,86,3.4926800395167152,20.930232558139537,29.069767441860463,68.6046511627907,100.0,100.0
L241,Abdomen,114,test/L241/Low_Dose/00000019.dcm,130.0,262144,7.234659671783447,269,3.7729669166763475,11.152416356877323,22.304832713754646,64.31226765799256,100.0,100.0,0,,,,,,,171,3.8433452405427633,10.526315789473685,20.46783625730994,63.74269005847953,100.0,100.0,98,3.6501639229910716,12.244897959183673,25.510204081632654,65.3061224489796,100.0,100.0
L241,Abdomen,115,test/L241/Low_Dose/00000013.dcm,130.0,262144,7.199927806854248,285,3.607185872395833,11.228070175438596,23.859649122807017,69.47368421052632,100.0,100.0,0,,,,,,,182,3.7782626309237637,10.43956043956044,20.87912087912088,66.48351648351648,100.0,100.0,103,3.3048949010163833,12.62135922330097,29.12621359223301,74.75728155339806,100.0,100.0
L241,Abdomen,116,test/L241/Low_Dose/00000052.dcm,130.0,262144,7.252129077911377,329,3.5856603373147795,10.33434650455927,24.924012158054712,70.51671732522796,100.0,100.0,0,,,,,,,193,3.8262692782545336,10.362694300518134,20.72538860103627,66.32124352331606,100.0,100.0,136,3.2442079431870403,10.294117647058824,30.88235294117647,76.47058823529412,100.0,100.0
L241,Abdomen,117,test/L241/Low_Dose/00000025.dcm,130.0,262144,7.351743221282959,377,3.6293213538212865,12.46684350132626,23.342175066312997,70.026525198939,100.0,100.0,0,,,,,,,233,3.6460793949503754,12.017167381974248,22.746781115879827,69.95708154506438,100.0,100.0,144,3.6022059122721353,13.194444444444445,24.305555555555557,70.13888888888889,100.0,100.0
L241,Abdomen,118,test/L241/Low_Dose/00000131.dcm,130.0,262144,7.173394680023193,308,3.5932113845627027,14.285714285714286,26.2987012987013,70.45454545454545,100.0,100.0,0,,,,,,,182,3.696101262019231,12.087912087912088,26.373626373626372,66.48351648351648,100.0,100.0,126,3.4445926726810514,17.46031746031746,26.19047619047619,76.19047619047619,100.0,100.0
L241,Abdomen,119,test/L241/Low_Dose/00000120.dcm,130.0,262144,7.033416271209717,287,3.546810349520906,13.937282229965156,26.829268292682926,71.77700348432056,100.0,100.0,0,,,,,,,166,3.5690359092620483,12.048192771084338,27.10843373493976,72.28915662650603,100.0,100.0,121,3.5163190857438016,16.52892561983471,26.446280991735538,71.07438016528926,100.0,100.0
L241,Abdomen,120,test/L241/Low_Dose/00000108.dcm,130.0,262144,6.997476100921631,238,3.348568187040441,15.546218487394958,31.092436974789916,76.05042016806723,100.0,100.0,0,,,,,,,121,3.45076329254907,13.223140495867769,28.09917355371901,72.72727272727273,100.0,100.0,117,3.2428792317708335,17.94871794871795,34.18803418803419,79.48717948717949,100.0,100.0
L241,Abdomen,121,test/L241/Low_Dose/00000031.dcm,130.0,262144,6.908415794372559,226,3.272660787126659,15.929203539823009,32.30088495575221,76.54867256637168,100.0,100.0,0,,,,,,,133,3.28643202243891,15.789473684210526,31.57894736842105,75.18796992481202,100.0,100.0,93,3.2529664398521505,16.129032258064516,33.333333333333336,78.49462365591398,100.0,100.0
L241,Abdomen,122,test/L241/Low_Dose/00000044.dcm,130.0,262144,7.007357120513916,296,3.4349971461940454,18.58108108108108,31.756756756756758,68.91891891891892,100.0,100.0,0,,,,,,,175,3.4479854910714285,16.0,32.0,69.71428571428571,100.0,100.0,121,3.416212349883781,22.31404958677686,31.40495867768595,67.76859504132231,100.0,100.0
L241,Abdomen,123,test/L241/Low_Dose/00000034.dcm,130.0,262144,7.408035755157471,270,3.548341652199074,13.333333333333334,28.88888888888889,70.37037037037037,100.0,100.0,0,,,,,,,152,3.7636036119962992,10.526315789473685,24.342105263157894,65.78947368421052,100.0,100.0,118,3.2710550599179027,16.949152542372882,34.74576271186441,76.27118644067797,100.0,100.0
L241,Abdomen,124,test/L241/Low_Dose/00000149.dcm,130.0,262144,8.033696174621582,370,3.8158133841849664,13.243243243243244,27.83783783783784,65.94594594594595,100.0,100.0,0,,,,,,,220,4.074386874112216,10.454545454545455,23.636363636363637,60.90909090909091,100.0,100.0,150,3.436572265625,17.333333333333332,34.0,73.33333333333333,100.0,100.0
L241,Abdomen,125,test/L241/Low_Dose/00000021.dcm,130.0,262144,8.242788314819336,348,4.102958591505029,12.068965517241379,24.137931034482758,59.48275862068966,100.0,100.0,0,,,,,,,210,4.281045386904762,11.428571428571429,22.38095238095238,55.23809523809524,100.0,100.0,138,3.831956946331522,13.043478260869565,26.81159420289855,65.94202898550725,100.0,100.0
L241,Abdomen,126,test/L241/Low_Dose/00000136.dcm,130.0,262144,7.576384544372559,437,3.595092214763301,13.272311212814646,29.290617848970253,69.33638443935926,100.0,100.0,0,,,,,,,241,3.8331060765689835,12.863070539419088,25.311203319502074,64.31535269709543,100.0,100.0,196,3.3024323132573343,13.775510204081632,34.183673469387756,75.51020408163265,100.0,100.0
L241,Abdomen,127,test/L241/Low_Dose/00000094.dcm,130.0,262144,6.999274253845215,411,3.4342020225060828,12.408759124087592,27.73722627737226,74.45255474452554,100.0,100.0,0,,,,,,,208,3.635088407076322,9.615384615384615,24.51923076923077,71.15384615384616,100.0,100.0,203,3.2283676974291873,15.270935960591133,31.03448275862069,77.83251231527093,100.0,100.0
L241,Abdomen,128,test/L241/Low_Dose/00000133.dcm,130.0,262144,6.476463317871094,325,3.1454071514423076,18.153846153846153,31.384615384615383,77.53846153846153,100.0,100.0,0,,,,,,,185,3.2790771484375,17.2972972972973,29.18918918918919,74.5945945945946,100.0,100.0,140,2.9687717982700894,19.285714285714285,34.285714285714285,81.42857142857143,100.0,100.0
L241,Abdomen,129,test/L241/Low_Dose/00000082.dcm,130.0,262144,5.745330810546875,291,2.6247361435513317,23.02405498281787,38.83161512027491,91.75257731958763,100.0,100.0,0,,,,,,,169,2.7197193394045858,23.668639053254438,35.50295857988166,89.94082840236686,100.0,100.0,122,2.493161060771004,22.131147540983605,43.442622950819676,94.26229508196721,100.0,100.0
L241,Abdomen,130,test/L241/Low_Dose/00000090.dcm,130.0,262144,4.813998222351074,212,2.2673241957178654,22.169811320754718,47.16981132075472,100.0,100.0,100.0,0,,,,,,,125,2.29767578125,21.6,48.0,100.0,100.0,100.0,87,2.2237155958153734,22.988505747126435,45.97701149425287,100.0,100.0,100.0
L241,Abdomen,131,test/L241/Low_Dose/00000018.dcm,130.0,262144,4.490804195404053,157,2.2861436977507963,24.840764331210192,42.038216560509554,100.0,100.0,100.0,0,,,,,,,92,2.2428350033967392,29.347826086956523,40.21739130434783,100.0,100.0,100.0,65,2.347442157451923,18.46153846153846,44.61538461538461,100.0,100.0,100.0
L241,Abdomen,132,test/L241/Low_Dose/00000074.dcm,130.0,262144,4.666746139526367,147,2.2270773543792517,21.08843537414966,44.89795918367347,100.0,100.0,100.0,0,,,,,,,100,2.39299560546875,20.0,39.0,100.0,100.0,100.0,47,1.8740597988696808,23.404255319148938,57.4468085106383,100.0,100.0,100.0
L241,Abdomen,133,test/L241/Low_Dose/00000022.dcm,130.0,262144,4.209582328796387,149,2.2871921206480703,18.120805369127517,39.59731543624161,100.0,100.0,100.0,0,,,,,,,86,2.2730088344840116,18.6046511627907,43.02325581395349,100.0,100.0,100.0,63,2.306553431919643,17.46031746031746,34.92063492063492,100.0,100.0,100.0
L241,Abdomen,134,test/L241/Low_Dose/00000080.dcm,130.0,262144,4.308203220367432,154,1.8453559380073052,25.324675324675326,60.38961038961039,100.0,100.0,100.0,0,,,,,,,86,1.933284315952035,23.25581395348837,59.30232558139535,100.0,100.0,100.0,68,1.734152401194853,27.941176470588236,61.76470588235294,100.0,100.0,100.0
L241,Abdomen,135,test/L241/Low_Dose/00000066.dcm,130.0,262144,3.2228331565856934,95,1.61376953125,25.263157894736842,66.3157894736842,100.0,100.0,100.0,0,,,,,,,48,1.605712890625,31.25,62.5,100.0,100.0,100.0,47,1.6219975897606382,19.148936170212767,70.2127659574468,100.0,100.0,100.0
L241,Abdomen,136,test/L241/Low_Dose/00000081.dcm,130.0,262144,3.058187484741211,84,1.3730686732700892,32.142857142857146,75.0,100.0,100.0,100.0,0,,,,,,,42,1.4847208658854167,21.428571428571427,71.42857142857143,100.0,100.0,100.0,42,1.2614164806547619,42.857142857142854,78.57142857142857,100.0,100.0,100.0
L241,Abdomen,137,test/L241/Low_Dose/00000123.dcm,130.0,262144,3.023845911026001,86,1.4454899277797966,36.04651162790697,68.6046511627907,100.0,100.0,100.0,0,,,,,,,46,1.5283096976902173,34.78260869565217,65.21739130434783,100.0,100.0,100.0,40,1.3502471923828125,37.5,72.5,100.0,100.0,100.0
L241,Abdomen,138,test/L241/Low_Dose/00000016.dcm,130.0,262144,2.7905800342559814,65,1.3129150390625,33.84615384615385,78.46153846153847,100.0,100.0,100.0,0,,,,,,,32,1.4432449340820312,31.25,78.125,100.0,100.0,100.0,33,1.1865345348011365,36.36363636363637,78.78787878787878,100.0,100.0,100.0
L241,Abdomen,139,test/L241/Low_Dose/00000099.dcm,130.0,262144,2.2975690364837646,51,1.0356182023590685,49.01960784313726,88.23529411764706,100.0,100.0,100.0,0,,,,,,,29,1.063788052262931,51.724137931034484,86.20689655172414,100.0,100.0,100.0,22,0.9984852183948864,45.45454545454545,90.9090909090909,100.0,100.0,100.0
L241,Abdomen,140,test/L241/Low_Dose/00000147.dcm,130.0,262144,1.9852280616760254,43,1.0634510128997092,41.86046511627907,100.0,100.0,100.0,100.0,0,,,,,,,23,1.0422150985054348,43.47826086956522,100.0,100.0,100.0,100.0,20,1.087872314453125,40.0,100.0,100.0,100.0,100.0
L241,Abdomen,141,test/L241/Low_Dose/00000083.dcm,130.0,262144,1.9155820608139038,50,1.02182861328125,48.0,100.0,100.0,100.0,100.0,0,,,,,,,26,0.8853196364182693,57.69230769230769,100.0,100.0,100.0,100.0,24,1.1697133382161458,37.5,100.0,100.0,100.0,100.0
L241,Abdomen,142,test/L241/Low_Dose/00000129.dcm,130.0,262144,1.6304770708084106,39,0.7069436097756411,69.23076923076923,100.0,100.0,100.0,100.0,0,,,,,,,19,0.5649928042763158,78.94736842105263,100.0,100.0,100.0,100.0,20,0.841796875,60.0,100.0,100.0,100.0,100.0
L241,Abdomen,143,test/L241/Low_Dose/00000014.dcm,130.0,262144,1.2651824951171875,23,0.6440801205842391,69.56521739130434,100.0,100.0,100.0,100.0,0,,,,,,,14,0.6484898158482143,71.42857142857143,100.0,100.0,100.0,100.0,9,0.6372205946180556,66.66666666666667,100.0,100.0,100.0,100.0
L241,Abdomen,144,test/L241/Low_Dose/00000095.dcm,130.0,262144,0.8193718791007996,18,0.3757527669270833,100.0,100.0,100.0,100.0,100.0,0,,,,,,,9,0.3861762152777778,100.0,100.0,100.0,100.0,100.0,9,0.3653293185763889,100.0,100.0,100.0,100.0,100.0
L241,Abdomen,145,test/L241/Low_Dose/00000067.dcm,130.0,262144,0.6150919198989868,11,0.28321422230113635,100.0,100.0,100.0,100.0,100.0,0,,,,,,,5,0.264599609375,100.0,100.0,100.0,100.0,100.0,6,0.2987263997395833,100.0,100.0,100.0,100.0,100.0
L241,Abdomen,146,test/L241/Low_Dose/00000116.dcm,130.0,262144,0.5835435390472412,7,0.2779017857142857,100.0,100.0,100.0,100.0,100.0,0,,,,,,,7,0.2779017857142857,100.0,100.0,100.0,100.0,100.0,0,,,,,,
L241,Abdomen,147,test/L241/Low_Dose/00000043.dcm,130.0,262144,0.5191214084625244,6,0.2538248697916667,100.0,100.0,100.0,100.0,100.0,0,,,,,,,4,0.226806640625,100.0,100.0,100.0,100.0,100.0,2,0.307861328125,100.0,100.0,100.0,100.0,100.0
L241,Abdomen,148,test/L241/Low_Dose/00000068.dcm,130.0,262144,0.5526388883590698,8,0.2563323974609375,100.0,100.0,100.0,100.0,100.0,0,,,,,,,5,0.244091796875,100.0,100.0,100.0,100.0,100.0,3,0.2767333984375,100.0,100.0,100.0,100.0,100.0
L241,Abdomen,149,test/L241/Low_Dose/00000106.dcm,130.0,262144,0.6199290156364441,8,0.247833251953125,100.0,100.0,100.0,100.0,100.0,0,,,,,,,7,0.26185825892857145,100.0,100.0,100.0,100.0,100.0,1,0.149658203125,100.0,100.0,100.0,100.0,100.0
L241,Abdomen,150,test/L241/Low_Dose/00000024.dcm,130.0,262144,0.6237354278564453,13,0.36714993990384615,100.0,100.0,100.0,100.0,100.0,0,,,,,,,9,0.3502197265625,100.0,100.0,100.0,100.0,100.0,4,0.405242919921875,100.0,100.0,100.0,100.0,100.0
L241,Abdomen,151,test/L241/Low_Dose/00000127.dcm,130.0,262144,0.6779989004135132,3,0.3496907552083333,100.0,100.0,100.0,100.0,100.0,0,,,,,,,2,0.393798828125,100.0,100.0,100.0,100.0,100.0,1,0.261474609375,100.0,100.0,100.0,100.0,100.0
L241,Abdomen,152,test/L241/Low_Dose/00000124.dcm,130.0,262144,0.6117724180221558,11,0.2872314453125,100.0,100.0,100.0,100.0,100.0,0,,,,,,,7,0.30160086495535715,100.0,100.0,100.0,100.0,100.0,4,0.2620849609375,100.0,100.0,100.0,100.0,100.0
L241,Abdomen,153,test/L241/Low_Dose/00000132.dcm,130.0,262144,0.46515151858329773,2,0.1826171875,100.0,100.0,100.0,100.0,100.0,0,,,,,,,1,0.21435546875,100.0,100.0,100.0,100.0,100.0,1,0.15087890625,100.0,100.0,100.0,100.0,100.0
L241,Abdomen,154,test/L241/Low_Dose/00000128.dcm,130.0,262144,0.39274272322654724,1,0.0084228515625,100.0,100.0,100.0,100.0,100.0,0,,,,,,,1,0.0084228515625,100.0,100.0,100.0,100.0,100.0,0,,,,,,
