PatientID,BodyType,SliceIndex,LowDosePath,Threshold_HU,NumPixels,CorrectionAt130_HU,FlipUp_Count,FlipUp_MeanDistance_HU,FlipUp_Within1HU_pct,FlipUp_Within2HU_pct,FlipUp_Within5HU_pct,FlipUp_Within10HU_pct,FlipUp_Within20HU_pct,FlipDown_Count,FlipDown_MeanDistance_HU,FlipDown_Within1HU_pct,FlipDown_Within2HU_pct,FlipDown_Within5HU_pct,FlipDown_Within10HU_pct,FlipDown_Within20HU_pct,NewDisagree_Count,NewDisagree_MeanDistance_HU,NewDisagree_Within1HU_pct,NewDisagree_Within2HU_pct,NewDisagree_Within5HU_pct,NewDisagree_Within10HU_pct,NewDisagree_Within20HU_pct,ResolvedDisagree_Count,ResolvedDisagree_MeanDistance_HU,ResolvedDisagree_Within1HU_pct,ResolvedDisagree_Within2HU_pct,ResolvedDisagree_Within5HU_pct,ResolvedDisagree_Within10HU_pct,ResolvedDisagree_Within20HU_pct
C121,Chest,0,test/C121/Low_Dose/00000152.dcm,130.0,262144,3.8871688842773438,286,1.9978253557965473,24.125874125874127,51.04895104895105,100.0,100.0,100.0,0,,,,,,,164,2.060712860851753,21.951219512195124,50.0,100.0,100.0,100.0,122,1.9132880539190573,27.049180327868854,52.459016393442624,100.0,100.0,100.0
C121,Chest,1,test/C121/Low_Dose/00000312.dcm,130.0,262144,3.9030566215515137,265,1.8799606611143869,30.943396226415093,52.45283018867924,100.0,100.0,100.0,0,,,,,,,156,1.9361658340845354,27.564102564102566,48.07692307692308,100.0,100.0,100.0,109,1.7995202300745412,35.77981651376147,58.71559633027523,100.0,100.0,100.0
C121,Chest,2,test/C121/Low_Dose/00000246.dcm,130.0,262144,3.9272446632385254,279,1.9710308334733424,23.655913978494624,49.82078853046595,100.0,100.0,100.0,0,,,,,,,141,1.9605002978169326,21.27659574468085,50.354609929078016,100.0,100.0,100.0,138,1.9817902938179348,26.08695652173913,49.27536231884058,100.0,100.0,100.0
C121,Chest,3,test/C121/Low_Dose/00000259.dcm,130.0,262144,3.972757577896118,239,1.8686814567533996,28.03347280334728,52.71966527196653,100.0,100.0,100.0,0,,,,,,,122,1.961061571465164,23.770491803278688,50.81967213114754,100.0,100.0,100.0,117,1.7723534738915598,32.47863247863248,54.7008547008547,100.0,100.0,100.0
C121,Chest,4,test/C121/Low_Dose/00000378.dcm,130.0,262144,3.944366216659546,233,1.825585099248927,25.751072961373392,59.65665236051502,100.0,100.0,100.0,0,,,,,,,127,1.734361543430118,31.496062992125985,62.20472440944882,100.0,100.0,100.0,106,1.9348812463148586,18.867924528301888,56.60377358490566,100.0,100.0,100.0
C121,Chest,5,test/C121/Low_Dose/00000209.dcm,130.0,262144,3.953670024871826,242,1.9466290434529958,25.619834710743802,52.47933884297521,100.0,100.0,100.0,0,,,,,,,159,1.9410469487028301,27.67295597484277,50.943396226415096,100.0,100.0,100.0,83,1.957322453878012,21.686746987951807,55.42168674698795,100.0,100.0,100.0
C121,Chest,6,test/C121/Low_Dose/00000315.dcm,130.0,262144,4.085243225097656,263,2.018412194777804,24.714828897338403,50.19011406844106,100.0,100.0,100.0,0,,,,,,,156,2.049267891125801,24.358974358974358,50.0,100.0,100.0,100.0,107,1.973426319728388,25.233644859813083,50.467289719626166,100.0,100.0,100.0
C121,Chest,7,test/C121/Low_Dose/00000148.dcm,130.0,262144,4.131814956665039,234,2.0377332899305554,21.794871794871796,50.85470085470085,100.0,100.0,100.0,0,,,,,,,107,2.120003103095794,22.429906542056074,48.598130841121495,100.0,100.0,100.0,127,1.9684193528543308,21.25984251968504,52.75590551181102,100.0,100.0,100.0
C121,Chest,8,test/C121/Low_Dose/00000217.dcm,130.0,262144,4.203310966491699,250,2.08559033203125,24.4,48.8,100.0,100.0,100.0,0,,,,,,,118,2.141354318392479,22.033898305084747,49.152542372881356,100.0,100.0,100.0,132,2.0357407078598486,26.515151515151516,48.484848484848484,100.0,100.0,100.0
C121,Chest,9,test/C121/Low_Dose/00000147.dcm,130.0,262144,4.31677770614624,204,2.269915412454044,19.607843137254903,40.68627450980392,100.0,100.0,100.0,0,,,,,,,93,2.0872920866935485,23.655913978494624,47.31182795698925,100.0,100.0,100.0,111,2.422924144847973,16.216216216216218,35.13513513513514,100.0,100.0,100.0
C121,Chest,10,test/C121/Low_Dose/00000092.dcm,130.0,262144,4.395308494567871,250,2.07280615234375,28.8,49.2,100.0,100.0,100.0,0,,,,,,,126,2.1276981414310514,26.984126984126984,45.23809523809524,100.0,100.0,100.0,124,2.01702880859375,30.64516129032258,53.225806451612904,100.0,100.0,100.0
C121,Chest,11,test/C121/Low_Dose/00000255.dcm,130.0,262144,4.486021518707275,215,2.112513058684593,27.441860465116278,48.372093023255815,100.0,100.0,100.0,0,,,,,,,97,2.1728226179929124,27.835051546391753,50.51546391752577,100.0,100.0,100.0,118,2.0629365565413136,27.11864406779661,46.610169491525426,100.0,100.0,100.0
C121,Chest,12,test/C121/Low_Dose/00000304.dcm,130.0,262144,4.51824426651001,254,2.2594018170214074,20.866141732283463,44.881889763779526,100.0,100.0,100.0,0,,,,,,,116,2.392181396484375,14.655172413793103,38.793103448275865,100.0,100.0,100.0,138,2.1477899966032608,26.08695652173913,50.0,100.0,100.0,100.0
C121,Chest,13,test/C121/Low_Dose/00000019.dcm,130.0,262144,4.551705360412598,268,2.4615929447003264,14.925373134328359,37.6865671641791,100.0,100.0,100.0,0,,,,,,,116,2.5537246177936423,14.655172413793103,34.48275862068966,100.0,100.0,100.0,152,2.391281931023849,15.131578947368421,40.13157894736842,100.0,100.0,100.0
C121,Chest,14,test/C121/Low_Dose/00000351.dcm,130.0,262144,4.583761215209961,255,2.2678787530637257,23.137254901960784,40.78431372549019,100.0,100.0,100.0,0,,,,,,,125,2.3096748046875,23.2,39.2,100.0,100.0,100.0,130,2.2276902418870193,23.076923076923077,42.30769230769231,100.0,100.0,100.0
C121,Chest,15,test/C121/Low_Dose/00000107.dcm,130.0,262144,4.580763816833496,207,2.415108058763587,18.840579710144926,39.130434782608695,100.0,100.0,100.0,0,,,,,,,106,2.3710499889445753,17.92452830188679,38.679245283018865,100.0,100.0,100.0,101,2.461347221147896,19.801980198019802,39.603960396039604,100.0,100.0,100.0
C121,Chest,16,test/C121/Low_Dose/00000257.dcm,130.0,262144,4.6411590576171875,227,2.37751991843337,18.061674008810574,39.20704845814978,100.0,100.0,100.0,0,,,,,,,101,2.356388507503094,18.81188118811881,38.613861386138616,100.0,100.0,100.0,126,2.3944585890997026,17.46031746031746,39.682539682539684,100.0,100.0,100.0
C121,Chest,17,test/C121/Low_Dose/00000192.dcm,130.0,262144,4.655197620391846,201,2.302952401080535,20.895522388059703,41.791044776119406,100.0,100.0,100.0,0,,,,,,,90,2.392256673177083,16.666666666666668,38.888888888888886,100.0,100.0,100.0,111,2.230543531813063,24.324324324324323,44.14414414414414,100.0,100.0,100.0
C121,Chest,18,test/C121/Low_Dose/00000367.dcm,130.0,262144,4.664065361022949,188,2.3171562032496675,21.80851063829787,44.148936170212764,100.0,100.0,100.0,0,,,,,,,86,2.329185308412064,19.767441860465116,45.348837209302324,100.0,100.0,100.0,102,2.3070140165441178,23.529411764705884,43.13725490196079,100.0,100.0,100.0
C121,Chest,19,test/C121/Low_Dose/00000278.dcm,130.0,262144,4.650389671325684,229,2.344269731679858,24.890829694323145,42.35807860262009,100.0,100.0,100.0,0,,,,,,,99,2.374712703203914,23.232323232323232,43.43434343434343,100.0,100.0,100.0,130,2.321086237980769,26.153846153846153,41.53846153846154,100.0,100.0,100.0
C121,Chest,20,test/C121/Low_Dose/00000356.dcm,130.0,262144,4.637771129608154,178,2.192908812104986,27.528089887640448,44.38202247191011,100.0,100.0,100.0,0,,,,,,,88,1.9767483797940342,35.22727272727273,54.54545454545455,100.0,100.0,100.0,90,2.4042656792534722,20.0,34.44444444444444,100.0,100.0,100.0
C121,Chest,21,test/C121/Low_Dose/00000219.dcm,130.0,262144,4.63230562210083,161,2.204527671292702,25.46583850931677,45.3416149068323,100.0,100.0,100.0,0,,,,,,,84,2.2336876278831843,27.38095238095238,44.04761904761905,100.0,100.0,100.0,77,2.1727168095576297,23.376623376623378,46.753246753246756,100.0,100.0,100.0
C121,Chest,22,test/C121/Low_Dose/00000206.dcm,130.0,262144,4.646731853485107,155,2.250690681703629,21.29032258064516,47.096774193548384,100.0,100.0,100.0,0,,,,,,,75,2.2739501953125,17.333333333333332,48.0,100.0,100.0,100.0,80,2.2288848876953127,25.0,46.25,100.0,100.0,100.0
C121,Chest,23,test/C121/Low_Dose/00000082.dcm,130.0,262144,4.65730619430542,178,2.245035578695576,19.10112359550562,47.752808988764045,100.0,100.0,100.0,0,,,,,,,77,2.164593585125812,20.77922077922078,49.35064935064935,100.0,100.0,100.0,101,2.3063626431002477,17.821782178217823,46.53465346534654,100.0,100.0,100.0
C121,Chest,24,test/C121/Low_Dose/00000006.dcm,130.0,262144,4.665248870849609,145,2.123823073814655,24.82758620689655,51.03448275862069,100.0,100.0,100.0,0,,,,,,,70,2.148801967075893,25.714285714285715,50.0,100.0,100.0,100.0,75,2.1005094401041666,24.0,52.0,100.0,100.0,100.0
C121,Chest,25,test/C121/Low_Dose/00000142.dcm,130.0,262144,4.682745933532715,207,2.380393502792874,20.28985507246377,36.71497584541063,100.0,100.0,100.0,0,,,,,,,123,2.3880645007621952,21.951219512195124,37.39837398373984,100.0,100.0,100.0,84,2.3691609700520835,17.857142857142858,35.714285714285715,100.0,100.0,100.0
C121,Chest,26,test/C121/Low_Dose/00000040.dcm,130.0,262144,4.662509918212891,223,2.3847278543651904,20.62780269058296,42.152466367713004,100.0,100.0,100.0,0,,,,,,,113,2.520455959623894,14.15929203539823,38.05309734513274,100.0,100.0,100.0,110,2.245298073508523,27.272727272727273,46.36363636363637,100.0,100.0,100.0
C121,Chest,27,test/C121/Low_Dose/00000205.dcm,130.0,262144,4.678852558135986,209,2.1452741851076556,24.401913875598087,48.32535885167464,100.0,100.0,100.0,0,,,,,,,110,2.1990500710227274,26.363636363636363,45.45454545454545,100.0,100.0,100.0,99,2.0855232007575757,22.22222222222222,51.515151515151516,100.0,100.0,100.0
C121,Chest,28,test/C121/Low_Dose/00000099.dcm,130.0,262144,4.71167516708374,205,2.3720095750762193,22.926829268292682,45.36585365853659,100.0,100.0,100.0,0,,,,,,,98,2.5172144052933674,18.367346938775512,41.83673469387755,100.0,100.0,100.0,107,2.239018235251168,27.102803738317757,48.598130841121495,100.0,100.0,100.0
C121,Chest,29,test/C121/Low_Dose/00000187.dcm,130.0,262144,4.710177421569824,215,2.2102618550145348,24.651162790697676,46.51162790697674,100.0,100.0,100.0,0,,,,,,,116,2.262903673895474,25.862068965517242,45.689655172413794,100.0,100.0,100.0,99,2.148580531881313,23.232323232323232,47.474747474747474,100.0,100.0,100.0
C121,Chest,30,test/C121/Low_Dose/00000349.dcm,130.0,262144,4.711772918701172,165,2.346954900568182,22.424242424242426,40.60606060606061,100.0,100.0,100.0,0,,,,,,,87,2.3966569571659484,19.54022988505747,39.08045977011494,100.0,100.0,100.0,78,2.2915179912860575,25.641025641025642,42.30769230769231,100.0,100.0,100.0
C121,Chest,31,test/C121/Low_Dose/00000256.dcm,130.0,262144,4.734300136566162,163,2.3358371477185584,20.245398773006134,44.785276073619634,100.0,100.0,100.0,0,,,,,,,91,2.395800244677198,19.78021978021978,39.56043956043956,100.0,100.0,100.0,72,2.2600504557291665,20.833333333333332,51.388888888888886,100.0,100.0,100.0
C121,Chest,32,test/C121/Low_Dose/00000355.dcm,130.0,262144,4.7095136642456055,168,2.3643261137462797,20.238095238095237,40.476190476190474,100.0,100.0,100.0,0,,,,,,,81,2.311345606674383,19.753086419753085,45.67901234567901,100.0,100.0,100.0,87,2.413652792744253,20.689655172413794,35.632183908045974,100.0,100.0,100.0
C121,Chest,33,test/C121/Low_Dose/00000173.dcm,130.0,262144,4.685987949371338,195,2.2802339993990386,24.102564102564102,44.61538461538461,100.0,100.0,100.0,0,,,,,,,98,2.380607760682398,20.408163265306122,41.83673469387755,100.0,100.0,100.0,97,2.1788254570715204,27.835051546391753,47.422680412371136,100.0,100.0,100.0
C121,Chest,34,test/C121/Low_Dose/00000373.dcm,130.0,262144,4.693959712982178,176,2.4092525135387075,21.022727272727273,40.34090909090909,100.0,100.0,100.0,0,,,,,,,86,2.4307449695675873,17.441860465116278,40.69767441860465,100.0,100.0,100.0,90,2.3887152777777776,24.444444444444443,40.0,100.0,100.0,100.0
C121,Chest,35,test/C121/Low_Dose/00000065.dcm,130.0,262144,4.644011974334717,144,2.2872797648111978,18.75,41.666666666666664,100.0,100.0,100.0,0,,,,,,,75,2.529306640625,13.333333333333334,34.666666666666664,100.0,100.0,100.0,69,2.0242070737092392,24.63768115942029,49.27536231884058,100.0,100.0,100.0
C121,Chest,36,test/C121/Low_Dose/00000249.dcm,130.0,262144,4.610232830047607,159,2.317927138610456,21.38364779874214,41.509433962264154,100.0,100.0,100.0,0,,,,,,,88,2.233338789506392,25.0,43.18181818181818,100.0,100.0,100.0,71,2.4227690360915495,16.901408450704224,39.436619718309856,100.0,100.0,100.0
C121,Chest,37,test/C121/Low_Dose/00000268.dcm,130.0,262144,4.576564311981201,134,2.2974042750116603,23.880597014925375,44.776119402985074,100.0,100.0,100.0,0,,,,,,,66,2.234106815222538,24.242424242424242,43.93939393939394,100.0,100.0,100.0,68,2.3588400448069855,23.529411764705884,45.588235294117645,100.0,100.0,100.0
C121,Chest,38,test/C121/Low_Dose/00000392.dcm,130.0,262144,4.551028251647949,133,2.2009148848684212,20.30075187969925,48.1203007518797,100.0,100.0,100.0,0,,,,,,,66,2.3373006184895835,16.666666666666668,43.93939393939394,100.0,100.0,100.0,67,2.0665647592117535,23.880597014925375,52.23880597014925,100.0,100.0,100.0
C121,Chest,39,test/C121/Low_Dose/00000170.dcm,130.0,262144,4.529104232788086,144,2.2769868638780384,18.75,43.75,100.0,100.0,100.0,0,,,,,,,77,2.0932522067775974,24.675324675324674,48.05194805194805,100.0,100.0,100.0,67,2.4881446041277986,11.940298507462687,38.80597014925373,100.0,100.0,100.0
C121,Chest,40,test/C121/Low_Dose/00000145.dcm,130.0,262144,4.525577068328857,151,2.263361444536424,21.85430463576159,43.70860927152318,100.0,100.0,100.0,0,,,,,,,82,2.3201502358041157,20.73170731707317,43.90243902439025,100.0,100.0,100.0,69,2.1958733157835146,23.18840579710145,43.47826086956522,100.0,100.0,100.0
C121,Chest,41,test/C121/Low_Dose/00000160.dcm,130.0,262144,4.516876697540283,154,2.2374980976055197,23.376623376623378,43.506493506493506,100.0,100.0,100.0,0,,,,,,,70,2.3211478097098213,21.428571428571427,41.42857142857143,100.0,100.0,100.0,84,2.167790004185268,25.0,45.23809523809524,100.0,100.0,100.0
C121,Chest,42,test/C121/Low_Dose/00000322.dcm,130.0,262144,4.499753475189209,151,2.193829062758692,23.841059602649008,46.35761589403973,100.0,100.0,100.0,0,,,,,,,83,2.2477174322289155,19.27710843373494,44.57831325301205,100.0,100.0,100.0,68,2.1280535529641544,29.41176470588235,48.529411764705884,100.0,100.0,100.0
C121,Chest,43,test/C121/Low_Dose/00000200.dcm,130.0,262144,4.514060974121094,124,2.1521399713331655,25.0,46.774193548387096,100.0,100.0,100.0,0,,,,,,,60,2.208443196614583,23.333333333333332,45.0,100.0,100.0,100.0,64,2.099355697631836,26.5625,48.4375,100.0,100.0,100.0
C121,Chest,44,test/C121/Low_Dose/00000108.dcm,130.0,262144,4.505667209625244,132,2.1839581113873106,25.757575757575758,45.45454545454545,100.0,100.0,100.0,0,,,,,,,64,2.1417617797851562,23.4375,43.75,100.0,100.0,100.0,68,2.223672305836397,27.941176470588236,47.05882352941177,100.0,100.0,100.0
C121,Chest,45,test/C121/Low_Dose/00000352.dcm,130.0,262144,4.507568836212158,136,2.120805628159467,25.0,47.794117647058826,100.0,100.0,100.0,0,,,,,,,69,2.034376061480978,28.985507246376812,52.17391304347826,100.0,100.0,100.0,67,2.209815181902985,20.895522388059703,43.28358208955224,100.0,100.0,100.0
C121,Chest,46,test/C121/Low_Dose/00000120.dcm,130.0,262144,4.521446704864502,156,2.2846577962239585,22.435897435897434,42.30769230769231,100.0,100.0,100.0,0,,,,,,,72,2.233610365125868,20.833333333333332,44.44444444444444,100.0,100.0,100.0,84,2.3284127371651784,23.80952380952381,40.476190476190474,100.0,100.0,100.0
C121,Chest,47,test/C121/Low_Dose/00000261.dcm,130.0,262144,4.505948066711426,145,2.227960836476293,23.448275862068964,46.89655172413793,100.0,100.0,100.0,0,,,,,,,63,2.3409230065724205,15.873015873015873,42.857142857142854,100.0,100.0,100.0,82,2.1411728277439024,29.26829268292683,50.0,100.0,100.0,100.0
C121,Chest,48,test/C121/Low_Dose/00000081.dcm,130.0,262144,4.528004169464111,159,2.453847441283412,21.38364779874214,39.62264150943396,100.0,100.0,100.0,0,,,,,,,73,2.3744331255351026,23.28767123287671,45.205479452054796,100.0,100.0,100.0,86,2.5212572674418605,19.767441860465116,34.883720930232556,100.0,100.0,100.0
C121,Chest,49,test/C121/Low_Dose/00000084.dcm,130.0,262144,4.535436153411865,164,2.199765833412729,18.902439024390244,51.21951219512195,100.0,100.0,100.0,0,,,,,,,70,2.370103236607143,11.428571428571429,47.142857142857146,100.0,100.0,100.0,94,2.0729188310339097,24.46808510638298,54.255319148936174,100.0,100.0,100.0
C121,Chest,50,test/C121/Low_Dose/00000188.dcm,130.0,262144,4.522792816162109,173,2.1752047676571533,21.387283236994218,45.08670520231214,100.0,100.0,100.0,0,,,,,,,84,2.2757016136532737,15.476190476190476,42.857142857142854,100.0,100.0,100.0,89,2.0803538118855336,26.96629213483146,47.19101123595506,100.0,100.0,100.0
C121,Chest,51,test/C121/Low_Dose/00000234.dcm,130.0,262144,4.52012300491333,186,2.3409476331485215,22.043010752688172,36.02150537634409,100.0,100.0,100.0,0,,,,,,,73,2.371732528895548,27.397260273972602,39.726027397260275,100.0,100.0,100.0,113,2.321060045630531,18.58407079646018,33.6283185840708,100.0,100.0,100.0
C121,Chest,52,test/C121/Low_Dose/00000267.dcm,130.0,262144,4.5572190284729,207,2.301501877641908,17.8743961352657,41.06280193236715,100.0,100.0,100.0,0,,,,,,,92,2.3608212678328804,16.304347826086957,36.95652173913044,100.0,100.0,100.0,115,2.2540463654891303,19.130434782608695,44.34782608695652,100.0,100.0,100.0
C121,Chest,53,test/C121/Low_Dose/00000061.dcm,130.0,262144,4.529965400695801,173,2.2981260443009393,18.497109826589597,38.72832369942196,100.0,100.0,100.0,0,,,,,,,97,2.4216233086340204,15.463917525773196,37.11340206185567,100.0,100.0,100.0,76,2.1405045358758223,22.36842105263158,40.78947368421053,100.0,100.0,100.0
C121,Chest,54,test/C121/Low_Dose/00000339.dcm,130.0,262144,4.542323112487793,203,2.234721366995074,23.15270935960591,45.8128078817734,100.0,100.0,100.0,0,,,,,,,101,2.1951783435179455,19.801980198019802,53.46534653465346,100.0,100.0,100.0,102,2.273876713771446,26.470588235294116,38.23529411764706,100.0,100.0,100.0
C121,Chest,55,test/C121/Low_Dose/00000382.dcm,130.0,262144,4.5453290939331055,171,2.222499914336623,23.976608187134502,43.27485380116959,100.0,100.0,100.0,0,,,,,,,75,2.286818033854167,24.0,44.0,100.0,100.0,100.0,96,2.1722513834635415,23.958333333333332,42.708333333333336,100.0,100.0,100.0
C121,Chest,56,test/C121/Low_Dose/00000175.dcm,130.0,262144,4.559959411621094,162,2.1918523341049383,24.074074074074073,46.2962962962963,100.0,100.0,100.0,0,,,,,,,73,2.171456950984589,24.65753424657534,43.83561643835616,100.0,100.0,100.0,89,2.2085811314957864,23.59550561797753,48.31460674157304,100.0,100.0,100.0
C121,Chest,57,test/C121/Low_Dose/00000282.dcm,130.0,262144,4.543092727661133,143,1.9700680179195804,33.56643356643357,56.64335664335665,100.0,100.0,100.0,0,,,,,,,74,1.8663808461782094,33.78378378378378,59.45945945945946,100.0,100.0,100.0,69,2.0812687528306157,33.333333333333336,53.6231884057971,100.0,100.0,100.0
C121,Chest,58,test/C121/Low_Dose/00000306.dcm,130.0,262144,4.565581321716309,141,2.1007313829787235,21.98581560283688,46.09929078014184,100.0,100.0,100.0,0,,,,,,,65,2.1055926983173077,21.53846153846154,46.15384615384615,100.0,100.0,100.0,76,2.096573679070724,22.36842105263158,46.05263157894737,100.0,100.0,100.0
C121,Chest,59,test/C121/Low_Dose/00000041.dcm,130.0,262144,4.524165630340576,145,2.3726335196659485,14.482758620689655,40.0,100.0,100.0,100.0,0,,,,,,,76,2.568089535361842,9.210526315789474,34.21052631578947,100.0,100.0,100.0,69,2.1573486328125,20.28985507246377,46.3768115942029,100.0,100.0,100.0
C121,Chest,60,test/C121/Low_Dose/00000028.dcm,130.0,262144,4.5373759269714355,150,2.2372786458333334,24.0,45.333333333333336,100.0,100.0,100.0,0,,,,,,,78,2.2309820713141026,24.358974358974358,44.87179487179487,100.0,100.0,100.0,72,2.2440999348958335,23.61111111111111,45.833333333333336,100.0,100.0,100.0
C121,Chest,61,test/C121/Low_Dose/00000216.dcm,130.0,262144,4.557716369628906,156,2.339740459735577,17.307692307692307,41.666666666666664,100.0,100.0,100.0,0,,,,,,,93,2.3404659148185485,15.053763440860216,40.86021505376344,100.0,100.0,100.0,63,2.3386695498511907,20.634920634920636,42.857142857142854,100.0,100.0,100.0
C121,Chest,62,test/C121/Low_Dose/00000243.dcm,130.0,262144,4.562443733215332,141,2.488870823636968,14.893617021276595,35.46099290780142,100.0,100.0,100.0,0,,,,,,,80,2.4681747436523436,15.0,35.0,100.0,100.0,100.0,61,2.5160132236168034,14.754098360655737,36.0655737704918,100.0,100.0,100.0
C121,Chest,63,test/C121/Low_Dose/00000307.dcm,130.0,262144,4.579843044281006,150,2.32052978515625,18.0,42.666666666666664,100.0,100.0,100.0,0,,,,,,,76,2.2921110454358553,18.42105263157895,44.73684210526316,100.0,100.0,100.0,74,2.349716598923142,17.56756756756757,40.54054054054054,100.0,100.0,100.0
C121,Chest,64,test/C121/Low_Dose/00000253.dcm,130.0,262144,4.615705966949463,124,2.411310011340726,14.516129032258064,38.70967741935484,100.0,100.0,100.0,0,,,,,,,69,2.3280436197916665,17.391304347826086,40.57971014492754,100.0,100.0,100.0,55,2.515771484375,10.909090909090908,36.36363636363637,100.0,100.0,100.0
C121,Chest,65,test/C121/Low_Dose/00000327.dcm,130.0,262144,4.603896617889404,122,2.359767225922131,17.21311475409836,39.34426229508197,100.0,100.0,100.0,0,,,,,,,61,2.4504594646516393,18.0327868852459,32.78688524590164,100.0,100.0,100.0,61,2.269074987192623,16.39344262295082,45.90163934426229,100.0,100.0,100.0
C121,Chest,66,test/C121/Low_Dose/00000183.dcm,130.0,262144,4.611008644104004,147,2.3400687911883504,21.768707482993197,41.49659863945578,100.0,100.0,100.0,0,,,,,,,84,2.2744315011160716,20.238095238095237,41.666666666666664,100.0,100.0,100.0,63,2.427585177951389,23.80952380952381,41.26984126984127,100.0,100.0,100.0
C121,Chest,67,test/C121/Low_Dose/00000258.dcm,130.0,262144,4.640017509460449,123,2.1610028026549797,22.764227642276424,47.96747967479675,100.0,100.0,100.0,0,,,,,,,66,2.263571999289773,21.21212121212121,40.90909090909091,100.0,100.0,100.0,57,2.04223846970943,24.56140350877193,56.14035087719298,100.0,100.0,100.0
C121,Chest,68,test/C121/Low_Dose/00000004.dcm,130.0,262144,4.629737377166748,110,2.205731756036932,25.454545454545453,49.09090909090909,100.0,100.0,100.0,0,,,,,,,63,2.2705833798363093,22.22222222222222,49.20634920634921,100.0,100.0,100.0,47,2.1188029837101063,29.78723404255319,48.93617021276596,100.0,100.0,100.0
C121,Chest,69,test/C121/Low_Dose/00000134.dcm,130.0,262144,4.601377487182617,104,2.1416391225961537,23.076923076923077,52.88461538461539,100.0,100.0,100.0,0,,,,,,,53,1.8845951872051887,26.41509433962264,60.37735849056604,100.0,100.0,100.0,51,2.4087632123161766,19.607843137254903,45.09803921568628,100.0,100.0,100.0
C121,Chest,70,test/C121/Low_Dose/00000325.dcm,130.0,262144,4.5742716789245605,91,2.4041372445913463,19.78021978021978,41.75824175824176,100.0,100.0,100.0,0,,,,,,,38,2.1321218390213814,21.05263157894737,47.36842105263158,100.0,100.0,100.0,53,2.5991671580188678,18.867924528301888,37.735849056603776,100.0,100.0,100.0
C121,Chest,71,test/C121/Low_Dose/00000136.dcm,130.0,262144,4.53191614151001,81,2.3020079812885803,20.987654320987655,35.80246913580247,100.0,100.0,100.0,0,,,,,,,41,2.334124309260671,21.951219512195124,36.58536585365854,100.0,100.0,100.0,40,2.2690887451171875,20.0,35.0,100.0,100.0,100.0
C121,Chest,72,test/C121/Low_Dose/00000045.dcm,130.0,262144,4.508358001708984,114,2.161122104577851,17.54385964912281,51.75438596491228,100.0,100.0,100.0,0,,,,,,,70,2.1659981863839284,15.714285714285714,50.0,100.0,100.0,100.0,44,2.1533647017045454,20.454545454545453,54.54545454545455,100.0,100.0,100.0
C121,Chest,73,test/C121/Low_Dose/00000298.dcm,130.0,262144,4.505660057067871,104,2.2603560227614183,16.346153846153847,42.30769230769231,100.0,100.0,100.0,0,,,,,,,58,2.3735919820851294,15.517241379310345,37.93103448275862,100.0,100.0,100.0,46,2.1175802479619565,17.391304347826086,47.82608695652174,100.0,100.0,100.0
C121,Chest,74,test/C121/Low_Dose/00000103.dcm,130.0,262144,4.513640403747559,124,2.173303419543851,20.967741935483872,47.58064516129032,100.0,100.0,100.0,0,,,,,,,62,2.2250838741179435,19.35483870967742,46.774193548387096,100.0,100.0,100.0,62,2.121522964969758,22.580645161290324,48.38709677419355,100.0,100.0,100.0
C121,Chest,75,test/C121/Low_Dose/00000080.dcm,130.0,262144,4.504406929016113,84,2.2190726143973216,26.19047619047619,45.23809523809524,100.0,100.0,100.0,0,,,,,,,42,2.1343936011904763,28.571428571428573,52.38095238095238,100.0,100.0,100.0,42,2.3037516276041665,23.80952380952381,38.095238095238095,100.0,100.0,100.0
C121,Chest,76,test/C121/Low_Dose/00000124.dcm,130.0,262144,4.51496696472168,88,2.471711592240767,13.636363636363637,34.09090909090909,100.0,100.0,100.0,0,,,,,,,40,2.50712890625,12.5,37.5,100.0,100.0,100.0,48,2.4421971638997397,14.583333333333334,31.25,100.0,100.0,100.0
C121,Chest,77,test/C121/Low_Dose/00000330.dcm,130.0,262144,4.515750885009766,117,2.290314503205128,21.367521367521366,41.88034188034188,100.0,100.0,100.0,0,,,,,,,56,2.5091160365513394,12.5,39.285714285714285,100.0,100.0,100.0,61,2.089447521772541,29.508196721311474,44.26229508196721,100.0,100.0,100.0
C121,Chest,78,test/C121/Low_Dose/00000346.dcm,130.0,262144,4.515643119812012,108,2.1415925202546298,22.22222222222222,47.22222222222222,100.0,100.0,100.0,0,,,,,,,58,2.0648172312769395,27.586206896551722,48.275862068965516,100.0,100.0,100.0,50,2.23065185546875,16.0,46.0,100.0,100.0,100.0
C121,Chest,79,test/C121/Low_Dose/00000317.dcm,130.0,262144,4.521243572235107,120,2.3909027099609377,23.333333333333332,35.833333333333336,100.0,100.0,100.0,0,,,,,,,66,2.3755696614583335,25.757575757575758,37.878787878787875,100.0,100.0,100.0,54,2.4096431025752314,20.37037037037037,33.333333333333336,100.0,100.0,100.0
C121,Chest,80,test/C121/Low_Dose/00000154.dcm,130.0,262144,4.542092323303223,110,2.2780206853693183,20.90909090909091,44.54545454545455,100.0,100.0,100.0,0,,,,,,,57,2.2261170504385963,22.80701754385965,47.36842105263158,100.0,100.0,100.0,53,2.3338415757665096,18.867924528301888,41.509433962264154,100.0,100.0,100.0
C121,Chest,81,test/C121/Low_Dose/00000287.dcm,130.0,262144,4.544321060180664,118,2.2155223781779663,24.576271186440678,44.91525423728814,100.0,100.0,100.0,0,,,,,,,64,2.3217220306396484,20.3125,45.3125,100.0,100.0,100.0,54,2.089656123408565,29.62962962962963,44.44444444444444,100.0,100.0,100.0
C121,Chest,82,test/C121/Low_Dose/00000158.dcm,130.0,262144,4.5651044845581055,130,2.2795372596153847,24.615384615384617,43.07692307692308,100.0,100.0,100.0,0,,,,,,,66,2.2171649354876894,27.272727272727273,45.45454545454545,100.0,100.0,100.0,64,2.3438587188720703,21.875,40.625,100.0,100.0,100.0
C121,Chest,83,test/C121/Low_Dose/00000190.dcm,130.0,262144,4.566662311553955,164,2.456409733469893,14.634146341463415,40.24390243902439,100.0,100.0,100.0,0,,,,,,,89,2.601120852352528,10.112359550561798,33.70786516853933,100.0,100.0,100.0,75,2.2846858723958334,20.0,48.0,100.0,100.0,100.0
C121,Chest,84,test/C121/Low_Dose/00000319.dcm,130.0,262144,4.599460124969482,185,2.3193042652027027,22.7027027027027,40.54054054054054,100.0,100.0,100.0,0,,,,,,,102,2.467269598268995,16.666666666666668,37.254901960784316,100.0,100.0,100.0,83,2.137467349868223,30.120481927710845,44.57831325301205,100.0,100.0,100.0
C121,Chest,85,test/C121/Low_Dose/00000139.dcm,130.0,262144,4.606897830963135,217,2.4242550898257487,17.05069124423963,41.935483870967744,100.0,100.0,100.0,0,,,,,,,115,2.4596913213315217,16.52173913043478,41.73913043478261,100.0,100.0,100.0,102,2.3843024758731617,17.647058823529413,42.15686274509804,100.0,100.0,100.0
C121,Chest,86,test/C121/Low_Dose/00000043.dcm,130.0,262144,4.608882427215576,217,2.4075938985095044,20.276497695852534,37.78801843317972,100.0,100.0,100.0,0,,,,,,,129,2.3913630995639537,18.6046511627907,38.75968992248062,100.0,100.0,100.0,88,2.431386774236506,22.727272727272727,36.36363636363637,100.0,100.0,100.0
C121,Chest,87,test/C121/Low_Dose/00000168.dcm,130.0,262144,4.616695404052734,186,2.351688508064516,18.817204301075268,41.935483870967744,100.0,100.0,100.0,0,,,,,,,113,2.211712052336836,23.008849557522122,48.67256637168141,100.0,100.0,100.0,73,2.568364391588185,12.32876712328767,31.506849315068493,100.0,100.0,100.0
C121,Chest,88,test/C121/Low_Dose/00000051.dcm,130.0,262144,4.598664283752441,195,2.257689177684295,22.564102564102566,44.1025641025641,100.0,100.0,100.0,0,,,,,,,107,2.2031124507155373,23.364485981308412,44.85981308411215,100.0,100.0,100.0,88,2.3240495161576704,21.59090909090909,43.18181818181818,100.0,100.0,100.0
C121,Chest,89,test/C121/Low_Dose/00000118.dcm,130.0,262144,4.590482234954834,174,2.220526333512931,25.28735632183908,45.97701149425287,100.0,100.0,100.0,0,,,,,,,97,2.253966655927835,26.804123711340207,46.391752577319586,100.0,100.0,100.0,77,2.1784002130681817,23.376623376623378,45.45454545454545,100.0,100.0,100.0
C121,Chest,90,test/C121/Low_Dose/00000387.dcm,130.0,262144,4.582344055175781,178,2.295216763957163,23.59550561797753,43.82022471910113,100.0,100.0,100.0,0,,,,,,,103,2.2973526149120147,27.184466019417474,40.77669902912621,100.0,100.0,100.0,75,2.292283528645833,18.666666666666668,48.0,100.0,100.0,100.0
C121,Chest,91,test/C121/Low_Dose/00000064.dcm,130.0,262144,4.610448360443115,162,2.293282214506173,24.691358024691358,41.358024691358025,100.0,100.0,100.0,0,,,,,,,96,2.176464080810547,27.083333333333332,46.875,100.0,100.0,100.0,66,2.463199499881629,21.21212121212121,33.333333333333336,100.0,100.0,100.0
C121,Chest,92,test/C121/Low_Dose/00000106.dcm,130.0,262144,4.59107780456543,140,2.3301783970424106,22.142857142857142,37.857142857142854,100.0,100.0,100.0,0,,,,,,,67,2.357363572761194,22.388059701492537,35.82089552238806,100.0,100.0,100.0,73,2.305227619327911,21.91780821917808,39.726027397260275,100.0,100.0,100.0
C121,Chest,93,test/C121/Low_Dose/00000162.dcm,130.0,262144,4.615042686462402,168,2.1904507591610862,23.214285714285715,42.857142857142854,100.0,100.0,100.0,0,,,,,,,86,2.119586323582849,25.58139534883721,48.83720930232558,100.0,100.0,100.0,82,2.2647719964748476,20.73170731707317,36.58536585365854,100.0,100.0,100.0
C121,Chest,94,test/C121/Low_Dose/00000226.dcm,130.0,262144,4.634977340698242,153,2.383255304074755,22.875816993464053,36.60130718954248,100.0,100.0,100.0,0,,,,,,,96,2.3679021199544272,22.916666666666668,36.458333333333336,100.0,100.0,100.0,57,2.4091132983826755,22.80701754385965,36.8421052631579,100.0,100.0,100.0
C121,Chest,95,test/C121/Low_Dose/00000076.dcm,130.0,262144,4.660807132720947,136,2.489031623391544,21.323529411764707,36.76470588235294,100.0,100.0,100.0,0,,,,,,,73,2.5419671045590753,17.80821917808219,38.35616438356164,100.0,100.0,100.0,63,2.4276936848958335,25.396825396825395,34.92063492063492,100.0,100.0,100.0
C121,Chest,96,test/C121/Low_Dose/00000277.dcm,130.0,262144,4.663493633270264,131,2.2258953065362594,20.610687022900763,50.38167938931298,100.0,100.0,100.0,0,,,,,,,69,2.3445018823596016,15.942028985507246,44.927536231884055,100.0,100.0,100.0,62,2.093897665700605,25.806451612903224,56.45161290322581,100.0,100.0,100.0
C121,Chest,97,test/C121/Low_Dose/00000166.dcm,130.0,262144,4.698475360870361,121,2.231598657024793,23.96694214876033,43.80165289256198,100.0,100.0,100.0,0,,,,,,,65,2.3652062049278846,16.923076923076923,36.92307692307692,100.0,100.0,100.0,56,2.0765184674944197,32.142857142857146,51.785714285714285,100.0,100.0,100.0
C121,Chest,98,test/C121/Low_Dose/00000321.dcm,130.0,262144,4.7086381912231445,129,2.3576187015503876,23.25581395348837,40.310077519379846,100.0,100.0,100.0,0,,,,,,,66,2.302099979285038,27.272727272727273,42.42424242424242,100.0,100.0,100.0,63,2.4157811724950395,19.047619047619047,38.095238095238095,100.0,100.0,100.0
C121,Chest,99,test/C121/Low_Dose/00000316.dcm,130.0,262144,4.713755130767822,110,2.446240234375,19.09090909090909,37.27272727272727,100.0,100.0,100.0,0,,,,,,,67,2.468004824510261,16.417910447761194,35.82089552238806,100.0,100.0,100.0,43,2.4123279660247094,23.25581395348837,39.53488372093023,100.0,100.0,100.0
C121,Chest,100,test/C121/Low_Dose/00000345.dcm,130.0,262144,4.720398902893066,107,2.3763678720064254,19.626168224299064,40.18691588785047,100.0,100.0,100.0,0,,,,,,,65,2.2055269681490386,24.615384615384617,47.69230769230769,100.0,100.0,100.0,42,2.6407645089285716,11.904761904761905,28.571428571428573,100.0,100.0,100.0
C121,Chest,101,test/C121/Low_Dose/00000180.dcm,130.0,262144,4.695284366607666,114,2.3257628323739037,26.31578947368421,44.73684210526316,100.0,100.0,100.0,0,,,,,,,69,2.2397726307744565,27.536231884057973,47.82608695652174,100.0,100.0,100.0,45,2.457614474826389,24.444444444444443,40.0,100.0,100.0,100.0
C121,Chest,102,test/C121/Low_Dose/00000294.dcm,130.0,262144,4.685737609863281,76,2.487746389288651,15.789473684210526,32.89473684210526,100.0,100.0,100.0,0,,,,,,,32,2.7149734497070312,12.5,25.0,100.0,100.0,100.0,44,2.3224903453480112,18.181818181818183,38.63636363636363,100.0,100.0,100.0
C121,Chest,103,test/C121/Low_Dose/00000163.dcm,130.0,262144,4.649730682373047,126,2.462007068452381,20.634920634920636,40.476190476190474,100.0,100.0,100.0,0,,,,,,,71,2.68133115096831,12.67605633802817,33.80281690140845,100.0,100.0,100.0,55,2.1788796164772726,30.90909090909091,49.09090909090909,100.0,100.0,100.0
C121,Chest,104,test/C121/Low_Dose/00000271.dcm,130.0,262144,4.5972208976745605,95,2.304704204358553,14.736842105263158,43.1578947368421,100.0,100.0,100.0,0,,,,,,,50,2.22944580078125,18.0,46.0,100.0,100.0,100.0,45,2.388324652777778,11.11111111111111,40.0,100.0,100.0,100.0
C121,Chest,105,test/C121/Low_Dose/00000203.dcm,130.0,262144,4.56760311126709,98,2.2408272879464284,20.408163265306122,47.95918367346939,100.0,100.0,100.0,0,,,,,,,50,2.29983154296875,22.0,46.0,100.0,100.0,100.0,48,2.1793645222981772,18.75,50.0,100.0,100.0,100.0
C121,Chest,106,test/C121/Low_Dose/00000344.dcm,130.0,262144,4.5346503257751465,119,2.2073010356486344,21.84873949579832,42.857142857142854,100.0,100.0,100.0,0,,,,,,,64,2.052989959716797,25.0,48.4375,100.0,100.0,100.0,55,2.386863014914773,18.181818181818183,36.36363636363637,100.0,100.0,100.0
C121,Chest,107,test/C121/Low_Dose/00000233.dcm,130.0,262144,4.510545253753662,103,2.373628782994539,15.533980582524272,38.83495145631068,100.0,100.0,100.0,0,,,,,,,58,2.4609774885506464,13.793103448275861,34.48275862068966,100.0,100.0,100.0,45,2.2610460069444445,17.77777777777778,44.44444444444444,100.0,100.0,100.0
C121,Chest,108,test/C121/Low_Dose/00000039.dcm,130.0,262144,4.501621723175049,126,2.2221263098338295,16.666666666666668,49.20634920634921,100.0,100.0,100.0,0,,,,,,,76,2.378962466591283,10.526315789473685,46.05263157894737,100.0,100.0,100.0,50,1.9837353515625,26.0,54.0,100.0,100.0,100.0
C121,Chest,109,test/C121/Low_Dose/00000247.dcm,130.0,262144,4.49316930770874,115,2.3091096297554348,21.73913043478261,37.391304347826086,100.0,100.0,100.0,0,,,,,,,68,2.4504322725183822,17.647058823529413,35.294117647058826,100.0,100.0,100.0,47,2.1046428274601063,27.659574468085108,40.42553191489362,100.0,100.0,100.0
C121,Chest,110,test/C121/Low_Dose/00000293.dcm,130.0,262144,4.486009120941162,118,2.0887968418961864,28.8135593220339,50.847457627118644,100.0,100.0,100.0,0,,,,,,,73,2.0932968348672945,27.397260273972602,50.68493150684932,100.0,100.0,100.0,45,2.081496853298611,31.11111111111111,51.111111111111114,100.0,100.0,100.0
C121,Chest,111,test/C121/Low_Dose/00000354.dcm,130.0,262144,4.474969387054443,128,2.2006216049194336,21.875,41.40625,100.0,100.0,100.0,0,,,,,,,67,1.9528881471548507,25.37313432835821,50.74626865671642,100.0,100.0,100.0,61,2.47272228803791,18.0327868852459,31.147540983606557,100.0,100.0,100.0
C121,Chest,112,test/C121/Low_Dose/00000017.dcm,130.0,262144,4.47947359085083,175,2.2432121930803572,18.285714285714285,45.714285714285715,100.0,100.0,100.0,0,,,,,,,86,2.393157249273256,12.790697674418604,41.86046511627907,100.0,100.0,100.0,89,2.0983214646242976,23.59550561797753,49.438202247191015,100.0,100.0,100.0
C121,Chest,113,test/C121/Low_Dose/00000003.dcm,130.0,262144,4.5080695152282715,159,2.3531494140625,21.38364779874214,42.138364779874216,100.0,100.0,100.0,0,,,,,,,89,2.364866792485955,20.224719101123597,42.69662921348315,100.0,100.0,100.0,70,2.3382516043526786,22.857142857142858,41.42857142857143,100.0,100.0,100.0
C121,Chest,114,test/C121/Low_Dose/00000222.dcm,130.0,262144,4.517034530639648,165,2.3319646661931817,19.393939393939394,40.60606060606061,100.0,100.0,100.0,0,,,,,,,86,2.333493254905523,20.930232558139537,44.18604651162791,100.0,100.0,100.0,79,2.3303006329113924,17.72151898734177,36.70886075949367,100.0,100.0,100.0
C121,Chest,115,test/C121/Low_Dose/00000372.dcm,130.0,262144,4.531773567199707,121,1.9596986376549588,29.75206611570248,57.85123966942149,100.0,100.0,100.0,0,,,,,,,66,1.9315925366950757,30.303030303030305,60.60606060606061,100.0,100.0,100.0,55,1.9934259588068182,29.09090909090909,54.54545454545455,100.0,100.0,100.0
C121,Chest,116,test/C121/Low_Dose/00000379.dcm,130.0,262144,4.542874336242676,126,2.1135428292410716,26.984126984126984,48.41269841269841,100.0,100.0,100.0,0,,,,,,,59,2.2061643438824152,22.033898305084747,44.067796610169495,100.0,100.0,100.0,67,2.031980599930037,31.34328358208955,52.23880597014925,100.0,100.0,100.0
C121,Chest,117,test/C121/Low_Dose/00000242.dcm,130.0,262144,4.562393665313721,159,2.3204814023191824,20.754716981132077,40.25157232704402,100.0,100.0,100.0,0,,,,,,,79,2.3204515674446204,21.518987341772153,41.77215189873418,100.0,100.0,100.0,80,2.3205108642578125,20.0,38.75,100.0,100.0,100.0
C121,Chest,118,test/C121/Low_Dose/00000157.dcm,130.0,262144,4.58467960357666,174,2.3765883171695403,22.413793103448278,39.08045977011494,100.0,100.0,100.0,0,,,,,,,82,2.3899982731516767,19.51219512195122,37.80487804878049,100.0,100.0,100.0,92,2.3646359650985054,25.0,40.21739130434783,100.0,100.0,100.0
C121,Chest,119,test/C121/Low_Dose/00000052.dcm,130.0,262144,4.597208023071289,143,2.300974172312063,18.88111888111888,45.45454545454545,100.0,100.0,100.0,0,,,,,,,84,2.4363548642113093,16.666666666666668,40.476190476190474,100.0,100.0,100.0,59,2.1082287804555087,22.033898305084747,52.54237288135593,100.0,100.0,100.0
C121,Chest,120,test/C121/Low_Dose/00000008.dcm,130.0,262144,4.610307693481445,171,2.3853474221034356,22.80701754385965,43.27485380116959,100.0,100.0,100.0,0,,,,,,,92,2.5817990510360054,22.82608695652174,34.78260869565217,100.0,100.0,100.0,79,2.1565683099287973,22.78481012658228,53.164556962025316,100.0,100.0,100.0
C121,Chest,121,test/C121/Low_Dose/00000077.dcm,130.0,262144,4.619022369384766,165,2.2547133937026516,23.03030303030303,42.42424242424242,100.0,100.0,100.0,0,,,,,,,94,2.2373579309341753,22.340425531914892,40.42553191489362,100.0,100.0,100.0,71,2.2776910486355635,23.943661971830984,45.070422535211264,100.0,100.0,100.0
C121,Chest,122,test/C121/Low_Dose/00000232.dcm,130.0,262144,4.616677284240723,175,2.504745396205357,17.142857142857142,37.714285714285715,100.0,100.0,100.0,0,,,,,,,98,2.5300317881058674,12.244897959183673,38.775510204081634,100.0,100.0,100.0,77,2.472562715604708,23.376623376623378,36.36363636363637,100.0,100.0,100.0
C121,Chest,123,test/C121/Low_Dose/00000391.dcm,130.0,262144,4.615070819854736,168,2.4760589599609375,18.452380952380953,40.476190476190474,100.0,100.0,100.0,0,,,,,,,101,2.519161413211634,19.801980198019802,39.603960396039604,100.0,100.0,100.0,67,2.4110836199860075,16.417910447761194,41.791044776119406,100.0,100.0,100.0
C121,Chest,124,test/C121/Low_Dose/00000208.dcm,130.0,262144,4.629017353057861,136,2.4420525045955883,16.91176470588235,38.970588235294116,100.0,100.0,100.0,0,,,,,,,72,2.5952996148003473,12.5,33.333333333333336,100.0,100.0,100.0,64,2.2696495056152344,21.875,45.3125,100.0,100.0,100.0
C121,Chest,125,test/C121/Low_Dose/00000132.dcm,130.0,262144,4.64118766784668,127,2.3729776697834644,21.25984251968504,37.79527559055118,100.0,100.0,100.0,0,,,,,,,73,2.4330268755351026,17.80821917808219,36.986301369863014,100.0,100.0,100.0,54,2.2918000397858798,25.925925925925927,38.888888888888886,100.0,100.0,100.0
C121,Chest,126,test/C121/Low_Dose/00000121.dcm,130.0,262144,4.644721031188965,143,2.2883036153299825,25.174825174825173,41.25874125874126,100.0,100.0,100.0,0,,,,,,,79,2.123070052907437,30.379746835443036,48.10126582278481,100.0,100.0,100.0,64,2.4922637939453125,18.75,32.8125,100.0,100.0,100.0
C121,Chest,127,test/C121/Low_Dose/00000381.dcm,130.0,262144,4.641994953155518,149,2.3968727060612416,18.120805369127517,38.92617449664429,100.0,100.0,100.0,0,,,,,,,91,2.4851060804429945,17.582417582417584,35.16483516483517,100.0,100.0,100.0,58,2.2584375841864226,18.96551724137931,44.827586206896555,100.0,100.0,100.0
C121,Chest,128,test/C121/Low_Dose/00000241.dcm,130.0,262144,4.644472599029541,144,2.159662882486979,22.916666666666668,45.138888888888886,100.0,100.0,100.0,0,,,,,,,82,2.128374797541921,28.048780487804876,45.1219512195122,100.0,100.0,100.0,62,2.201043898059476,16.129032258064516,45.16129032258065,100.0,100.0,100.0
C121,Chest,129,test/C121/Low_Dose/00000221.dcm,130.0,262144,4.657118320465088,152,2.3075922915810034,20.394736842105264,47.36842105263158,100.0,100.0,100.0,0,,,,,,,82,2.2774494450266767,18.29268292682927,47.5609756097561,100.0,100.0,100.0,70,2.3429024832589285,22.857142857142858,47.142857142857146,100.0,100.0,100.0
C121,Chest,130,test/C121/Low_Dose/00000229.dcm,130.0,262144,4.676680088043213,132,2.308098070549242,17.424242424242426,45.45454545454545,100.0,100.0,100.0,0,,,,,,,84,2.2630164736793157,16.666666666666668,48.80952380952381,100.0,100.0,100.0,48,2.3869908650716147,18.75,39.583333333333336,100.0,100.0,100.0
C121,Chest,131,test/C121/Low_Dose/00000075.dcm,130.0,262144,4.674077987670898,139,2.479853129215378,18.705035971223023,38.1294964028777,100.0,100.0,100.0,0,,,,,,,81,2.542162483121142,17.28395061728395,35.80246913580247,100.0,100.0,100.0,58,2.392834893588362,20.689655172413794,41.37931034482759,100.0,100.0,100.0
C121,Chest,132,test/C121/Low_Dose/00000159.dcm,130.0,262144,4.683616638183594,148,2.2392578125,23.64864864864865,43.91891891891892,100.0,100.0,100.0,0,,,,,,,83,1.9488672463290662,28.91566265060241,54.21686746987952,100.0,100.0,100.0,65,2.6100642277644233,16.923076923076923,30.76923076923077,100.0,100.0,100.0
C121,Chest,133,test/C121/Low_Dose/00000149.dcm,130.0,262144,4.709692001342773,102,2.4691700654871322,17.647058823529413,37.254901960784316,100.0,100.0,100.0,0,,,,,,,50,2.4133203125,20.0,40.0,100.0,100.0,100.0,52,2.5228717510516825,15.384615384615385,34.61538461538461,100.0,100.0,100.0
C121,Chest,134,test/C121/Low_Dose/00000198.dcm,130.0,262144,4.6994242668151855,130,2.429753230168269,12.307692307692308,38.46153846153846,100.0,100.0,100.0,0,,,,,,,78,2.3953951322115383,10.256410256410257,39.743589743589745,100.0,100.0,100.0,52,2.4812903771033654,15.384615384615385,36.53846153846154,100.0,100.0,100.0
C121,Chest,135,test/C121/Low_Dose/00000153.dcm,130.0,262144,4.696471691131592,87,2.712292901400862,17.24137931034483,33.333333333333336,100.0,100.0,100.0,0,,,,,,,48,2.8966573079427085,12.5,25.0,100.0,100.0,100.0,39,2.485382862580128,23.076923076923077,43.58974358974359,100.0,100.0,100.0
C121,Chest,136,test/C121/Low_Dose/00000375.dcm,130.0,262144,4.687723636627197,104,2.249695997971755,29.807692307692307,42.30769230769231,100.0,100.0,100.0,0,,,,,,,58,2.421839220770474,24.137931034482758,34.48275862068966,100.0,100.0,100.0,46,2.032645847486413,36.95652173913044,52.17391304347826,100.0,100.0,100.0
C121,Chest,137,test/C121/Low_Dose/00000038.dcm,130.0,262144,4.680258750915527,177,2.2257459392655368,25.98870056497175,46.32768361581921,100.0,100.0,100.0,0,,,,,,,91,2.3605165586366756,19.78021978021978,46.15384615384615,100.0,100.0,100.0,86,2.0831398187681684,32.55813953488372,46.51162790697674,100.0,100.0,100.0
C121,Chest,138,test/C121/Low_Dose/00000274.dcm,130.0,262144,4.650819778442383,201,2.223048575481965,24.378109452736318,47.2636815920398,100.0,100.0,100.0,0,,,,,,,119,2.17557711561187,27.73109243697479,47.05882352941177,100.0,100.0,100.0,82,2.2919400843178352,19.51219512195122,47.5609756097561,100.0,100.0,100.0
C121,Chest,139,test/C121/Low_Dose/00000286.dcm,130.0,262144,4.629034042358398,134,2.163341009794776,17.91044776119403,49.25373134328358,100.0,100.0,100.0,0,,,,,,,60,2.076560465494792,16.666666666666668,53.333333333333336,100.0,100.0,100.0,74,2.23370361328125,18.91891891891892,45.945945945945944,100.0,100.0,100.0
C121,Chest,140,test/C121/Low_Dose/00000329.dcm,130.0,262144,4.581653118133545,94,2.1168096014793885,25.53191489361702,47.87234042553192,100.0,100.0,100.0,0,,,,,,,44,2.208670876242898,27.272727272727273,43.18181818181818,100.0,100.0,100.0,50,2.0359716796875,24.0,52.0,100.0,100.0,100.0
C121,Chest,141,test/C121/Low_Dose/00000350.dcm,130.0,262144,4.578943729400635,87,2.2815404431573274,18.39080459770115,43.67816091954023,100.0,100.0,100.0,0,,,,,,,51,2.2095133463541665,17.647058823529413,43.13725490196079,100.0,100.0,100.0,36,2.383578830295139,19.444444444444443,44.44444444444444,100.0,100.0,100.0
C121,Chest,142,test/C121/Low_Dose/00000320.dcm,130.0,262144,4.575530529022217,122,2.1194097800332994,27.868852459016395,46.721311475409834,100.0,100.0,100.0,0,,,,,,,74,2.083176071579392,28.37837837837838,48.648648648648646,100.0,100.0,100.0,48,2.1752700805664062,27.083333333333332,43.75,100.0,100.0,100.0
C121,Chest,143,test/C121/Low_Dose/00000074.dcm,130.0,262144,4.560050010681152,123,2.183832928417175,21.13821138211382,47.15447154471545,100.0,100.0,100.0,0,,,,,,,61,2.1221563620645494,21.311475409836067,49.18032786885246,100.0,100.0,100.0,62,2.2445147114415325,20.967741935483872,45.16129032258065,100.0,100.0,100.0
C121,Chest,144,test/C121/Low_Dose/00000155.dcm,130.0,262144,4.560274600982666,154,2.254171792562906,16.883116883116884,42.857142857142854,100.0,100.0,100.0,0,,,,,,,76,2.36212158203125,17.105263157894736,38.1578947368421,100.0,100.0,100.0,78,2.1489899464142628,16.666666666666668,47.43589743589744,100.0,100.0,100.0
C121,Chest,145,test/C121/Low_Dose/00000094.dcm,130.0,262144,4.559192180633545,164,2.1602999059165398,23.78048780487805,48.78048780487805,100.0,100.0,100.0,0,,,,,,,83,2.150784779743976,24.096385542168676,48.19277108433735,100.0,100.0,100.0,81,2.1700499734760803,23.45679012345679,49.382716049382715,100.0,100.0,100.0
C121,Chest,146,test/C121/Low_Dose/00000101.dcm,130.0,262144,4.535382270812988,162,2.2028996973861883,22.22222222222222,46.91358024691358,100.0,100.0,100.0,0,,,,,,,94,2.3015279566988034,21.27659574468085,46.808510638297875,100.0,100.0,100.0,68,2.0665606330422794,23.529411764705884,47.05882352941177,100.0,100.0,100.0
C121,Chest,147,test/C121/Low_Dose/00000376.dcm,130.0,262144,4.5442938804626465,149,2.3060114303691277,19.463087248322147,41.61073825503356,100.0,100.0,100.0,0,,,,,,,77,2.428799715909091,18.181818181818183,33.76623376623377,100.0,100.0,100.0,72,2.1746961805555554,20.833333333333332,50.0,100.0,100.0,100.0
C121,Chest,148,test/C121/Low_Dose/00000127.dcm,130.0,262144,4.556497097015381,156,2.1386272723858175,19.23076923076923,48.07692307692308,100.0,100.0,100.0,0,,,,,,,85,2.0977309283088235,20.0,49.411764705882355,100.0,100.0,100.0,71,2.187587684308979,18.309859154929576,46.478873239436616,100.0,100.0,100.0
C121,Chest,149,test/C121/Low_Dose/00000032.dcm,130.0,262144,4.569821357727051,140,2.132049560546875,22.857142857142858,48.57142857142857,100.0,100.0,100.0,0,,,,,,,70,2.152174595424107,22.857142857142858,47.142857142857146,100.0,100.0,100.0,70,2.111924525669643,22.857142857142858,50.0,100.0,100.0,100.0
C121,Chest,150,test/C121/Low_Dose/00000207.dcm,130.0,262144,4.614735126495361,126,2.166224888392857,24.603174603174605,42.857142857142854,100.0,100.0,100.0,0,,,,,,,78,2.2131410256410255,25.641025641025642,39.743589743589745,100.0,100.0,100.0,48,2.0899861653645835,22.916666666666668,47.916666666666664,100.0,100.0,100.0
C121,Chest,151,test/C121/Low_Dose/00000066.dcm,130.0,262144,4.646081924438477,162,2.372608326099537,22.22222222222222,41.97530864197531,100.0,100.0,100.0,0,,,,,,,91,2.668736049107143,15.384615384615385,30.76923076923077,100.0,100.0,100.0,71,1.9930643430897887,30.985915492957748,56.33802816901409,100.0,100.0,100.0
C121,Chest,152,test/C121/Low_Dose/00000323.dcm,130.0,262144,4.653509616851807,158,2.388462501236155,15.822784810126583,42.40506329113924,100.0,100.0,100.0,0,,,,,,,93,2.366888230846774,15.053763440860216,44.086021505376344,100.0,100.0,100.0,65,2.419330303485577,16.923076923076923,40.0,100.0,100.0,100.0
C121,Chest,153,test/C121/Low_Dose/00000047.dcm,130.0,262144,4.687165260314941,155,2.1756079889112905,25.806451612903224,48.38709677419355,100.0,100.0,100.0,0,,,,,,,76,2.1477436266447367,23.68421052631579,44.73684210526316,100.0,100.0,100.0,79,2.2024142108386076,27.848101265822784,51.89873417721519,100.0,100.0,100.0
C121,Chest,154,test/C121/Low_Dose/00000137.dcm,130.0,262144,4.715181350708008,165,2.3375288529829548,21.818181818181817,44.24242424242424,100.0,100.0,100.0,0,,,,,,,84,2.2598499116443453,21.428571428571427,48.80952380952381,100.0,100.0,100.0,81,2.4180847921489197,22.22222222222222,39.50617283950617,100.0,100.0,100.0
C121,Chest,155,test/C121/Low_Dose/00000368.dcm,130.0,262144,4.714259624481201,175,2.2709605189732143,24.0,44.57142857142857,100.0,100.0,100.0,0,,,,,,,96,2.1868298848470054,25.0,44.791666666666664,100.0,100.0,100.0,79,2.373195213607595,22.78481012658228,44.30379746835443,100.0,100.0,100.0
C121,Chest,156,test/C121/Low_Dose/00000058.dcm,130.0,262144,4.721261024475098,171,2.2246779057017543,23.391812865497077,46.198830409356724,100.0,100.0,100.0,0,,,,,,,93,2.257519793766801,21.50537634408602,44.086021505376344,100.0,100.0,100.0,78,2.185520269931891,25.641025641025642,48.717948717948715,100.0,100.0,100.0
C121,Chest,157,test/C121/Low_Dose/00000302.dcm,130.0,262144,4.71950626373291,118,2.432620290982521,18.64406779661017,39.83050847457627,100.0,100.0,100.0,0,,,,,,,65,2.529974834735577,18.46153846153846,36.92307692307692,100.0,100.0,100.0,53,2.3132232090212264,18.867924528301888,43.39622641509434,100.0,100.0,100.0
C121,Chest,158,test/C121/Low_Dose/00000048.dcm,130.0,262144,4.7183451652526855,136,2.3556751924402572,16.91176470588235,42.64705882352941,100.0,100.0,100.0,0,,,,,,,63,2.2256421285962302,17.46031746031746,46.03174603174603,100.0,100.0,100.0,73,2.4678955078125,16.438356164383563,39.726027397260275,100.0,100.0,100.0
C121,Chest,159,test/C121/Low_Dose/00000133.dcm,130.0,262144,4.7337422370910645,130,2.19862060546875,30.0,48.46153846153846,100.0,100.0,100.0,0,,,,,,,75,2.252021484375,32.0,46.666666666666664,100.0,100.0,100.0,55,2.1258012251420455,27.272727272727273,50.90909090909091,100.0,100.0,100.0
C121,Chest,160,test/C121/Low_Dose/00000194.dcm,130.0,262144,4.7439284324646,113,2.378066881568031,21.238938053097346,37.16814159292036,100.0,100.0,100.0,0,,,,,,,63,2.4220493861607144,22.22222222222222,34.92063492063492,100.0,100.0,100.0,50,2.32264892578125,20.0,40.0,100.0,100.0,100.0
C121,Chest,161,test/C121/Low_Dose/00000042.dcm,130.0,262144,4.715317726135254,121,2.34537928557593,20.66115702479339,40.49586776859504,100.0,100.0,100.0,0,,,,,,,65,2.3108154296875,20.0,40.0,100.0,100.0,100.0,56,2.385498046875,21.428571428571427,41.07142857142857,100.0,100.0,100.0
C121,Chest,162,test/C121/Low_Dose/00000377.dcm,130.0,262144,4.719062805175781,132,2.2337350556344697,26.515151515151516,44.696969696969695,100.0,100.0,100.0,0,,,,,,,70,2.410117885044643,24.285714285714285,40.0,100.0,100.0,100.0,62,2.0345931514616935,29.032258064516128,50.0,100.0,100.0,100.0
C121,Chest,163,test/C121/Low_Dose/00000013.dcm,130.0,262144,4.713151931762695,158,2.259908555429193,24.050632911392405,46.20253164556962,100.0,100.0,100.0,0,,,,,,,89,2.135965754476826,24.719101123595507,48.31460674157304,100.0,100.0,100.0,69,2.419776805932971,23.18840579710145,43.47826086956522,100.0,100.0,100.0
C121,Chest,164,test/C121/Low_Dose/00000111.dcm,130.0,262144,4.702286720275879,190,2.339195492393092,22.105263157894736,44.73684210526316,100.0,100.0,100.0,0,,,,,,,89,2.392873013957163,22.471910112359552,43.82022471910113,100.0,100.0,100.0,101,2.2918954981435644,21.782178217821784,45.54455445544554,100.0,100.0,100.0
C121,Chest,165,test/C121/Low_Dose/00000151.dcm,130.0,262144,4.68628454208374,155,2.5522972845262095,14.193548387096774,37.41935483870968,100.0,100.0,100.0,0,,,,,,,74,2.6169944969383447,14.864864864864865,36.486486486486484,100.0,100.0,100.0,81,2.493191189236111,13.580246913580247,38.27160493827161,100.0,100.0,100.0
C121,Chest,166,test/C121/Low_Dose/00000165.dcm,130.0,262144,4.715611934661865,141,2.2719120539671986,25.53191489361702,43.262411347517734,100.0,100.0,100.0,0,,,,,,,69,2.316846764605978,24.63768115942029,43.47826086956522,100.0,100.0,100.0,72,2.228849622938368,26.38888888888889,43.05555555555556,100.0,100.0,100.0
C121,Chest,167,test/C121/Low_Dose/00000097.dcm,130.0,262144,4.714466094970703,113,2.2853733839186945,24.778761061946902,41.5929203539823,100.0,100.0,100.0,0,,,,,,,58,2.2981777848868536,20.689655172413794,43.10344827586207,100.0,100.0,100.0,55,2.2718705610795453,29.09090909090909,40.0,100.0,100.0,100.0
C121,Chest,168,test/C121/Low_Dose/00000141.dcm,130.0,262144,4.715941905975342,130,2.3658616286057694,25.384615384615383,41.53846153846154,100.0,100.0,100.0,0,,,,,,,73,2.4213047811429793,24.65753424657534,36.986301369863014,100.0,100.0,100.0,57,2.2948554858826755,26.31578947368421,47.36842105263158,100.0,100.0,100.0
C121,Chest,169,test/C121/Low_Dose/00000231.dcm,130.0,262144,4.730715751647949,148,2.502559352565456,14.18918918918919,39.189189189189186,100.0,100.0,100.0,0,,,,,,,64,2.5702037811279297,14.0625,35.9375,100.0,100.0,100.0,84,2.451020740327381,14.285714285714286,41.666666666666664,100.0,100.0,100.0
C121,Chest,170,test/C121/Low_Dose/00000001.dcm,130.0,262144,4.713179111480713,165,2.304040897253788,20.606060606060606,40.0,100.0,100.0,100.0,0,,,,,,,90,2.216316731770833,24.444444444444443,43.333333333333336,100.0,100.0,100.0,75,2.409309895833333,16.0,36.0,100.0,100.0,100.0
C121,Chest,171,test/C121/Low_Dose/00000384.dcm,130.0,262144,4.68795919418335,172,2.2846466774164242,20.930232558139537,46.51162790697674,100.0,100.0,100.0,0,,,,,,,73,2.4885554901541096,17.80821917808219,41.0958904109589,100.0,100.0,100.0,99,2.134289674084596,23.232323232323232,50.505050505050505,100.0,100.0,100.0
C121,Chest,172,test/C121/Low_Dose/00000130.dcm,130.0,262144,4.689123153686523,151,2.525775429428808,15.894039735099337,33.11258278145695,100.0,100.0,100.0,0,,,,,,,83,2.6705322265625,14.457831325301205,28.91566265060241,100.0,100.0,100.0,68,2.349086985868566,17.647058823529413,38.23529411764706,100.0,100.0,100.0
C121,Chest,173,test/C121/Low_Dose/00000264.dcm,130.0,262144,4.665042877197266,146,2.287276594606164,19.863013698630137,41.0958904109589,100.0,100.0,100.0,0,,,,,,,79,2.2416528629351267,20.253164556962027,40.50632911392405,100.0,100.0,100.0,67,2.3410717409048507,19.402985074626866,41.791044776119406,100.0,100.0,100.0
C121,Chest,174,test/C121/Low_Dose/00000295.dcm,130.0,262144,4.6516547203063965,174,2.3555571457435347,20.689655172413794,42.52873563218391,100.0,100.0,100.0,0,,,,,,,102,2.364913641237745,22.54901960784314,43.13725490196079,100.0,100.0,100.0,72,2.3423021104600696,18.055555555555557,41.666666666666664,100.0,100.0,100.0
C121,Chest,175,test/C121/Low_Dose/00000073.dcm,130.0,262144,4.66066837310791,174,2.227348941496049,24.71264367816092,44.827586206896555,100.0,100.0,100.0,0,,,,,,,94,2.122358606216755,26.595744680851062,48.93617021276596,100.0,100.0,100.0,80,2.3507125854492186,22.5,40.0,100.0,100.0,100.0
C121,Chest,176,test/C121/Low_Dose/00000289.dcm,130.0,262144,4.634781360626221,165,2.300511955492424,24.242424242424242,48.484848484848484,100.0,100.0,100.0,0,,,,,,,87,2.331262347341954,20.689655172413794,52.87356321839081,100.0,100.0,100.0,78,2.26621344150641,28.205128205128204,43.58974358974359,100.0,100.0,100.0
C121,Chest,177,test/C121/Low_Dose/00000185.dcm,130.0,262144,4.627895355224609,145,2.3292059536637932,20.0,40.689655172413794,100.0,100.0,100.0,0,,,,,,,76,2.6123946340460527,14.473684210526315,31.57894736842105,100.0,100.0,100.0,69,2.017287986865942,26.08695652173913,50.72463768115942,100.0,100.0,100.0
C121,Chest,178,test/C121/Low_Dose/00000280.dcm,130.0,262144,4.6334075927734375,150,2.35536376953125,22.666666666666668,41.333333333333336,100.0,100.0,100.0,0,,,,,,,85,2.3957174862132353,22.352941176470587,40.0,100.0,100.0,100.0,65,2.302593524639423,23.076923076923077,43.07692307692308,100.0,100.0,100.0
C121,Chest,179,test/C121/Low_Dose/00000313.dcm,130.0,262144,4.6596527099609375,145,2.1289820177801726,22.75862068965517,48.275862068965516,100.0,100.0,100.0,0,,,,,,,83,2.223120999623494,20.481927710843372,44.57831325301205,100.0,100.0,100.0,62,2.002957251764113,25.806451612903224,53.225806451612904,100.0,100.0,100.0
C121,Chest,180,test/C121/Low_Dose/00000005.dcm,130.0,262144,4.666780948638916,134,2.458752987989739,18.65671641791045,35.82089552238806,100.0,100.0,100.0,0,,,,,,,71,2.4623026243397885,16.901408450704224,33.80281690140845,100.0,100.0,100.0,63,2.4547526041666665,20.634920634920636,38.095238095238095,100.0,100.0,100.0
C121,Chest,181,test/C121/Low_Dose/00000112.dcm,130.0,262144,4.693499565124512,124,2.447627898185484,20.967741935483872,35.483870967741936,100.0,100.0,100.0,0,,,,,,,69,2.602240078691123,15.942028985507246,28.985507246376812,100.0,100.0,100.0,55,2.253659889914773,27.272727272727273,43.63636363636363,100.0,100.0,100.0
C121,Chest,182,test/C121/Low_Dose/00000265.dcm,130.0,262144,4.699071407318115,135,2.3974491825810187,20.74074074074074,40.0,100.0,100.0,100.0,0,,,,,,,70,2.290321568080357,24.285714285714285,42.857142857142854,100.0,100.0,100.0,65,2.5128173828125,16.923076923076923,36.92307692307692,100.0,100.0,100.0
C121,Chest,183,test/C121/Low_Dose/00000087.dcm,130.0,262144,4.711604595184326,130,2.488860614483173,16.153846153846153,33.84615384615385,100.0,100.0,100.0,0,,,,,,,56,2.5164969308035716,16.071428571428573,32.142857142857146,100.0,100.0,100.0,74,2.4679466453758447,16.216216216216218,35.13513513513514,100.0,100.0,100.0
C121,Chest,184,test/C121/Low_Dose/00000050.dcm,130.0,262144,4.733468532562256,107,2.5411376953125,21.49532710280374,34.57943925233645,100.0,100.0,100.0,0,,,,,,,53,2.3276044737617925,24.528301886792452,39.62264150943396,100.0,100.0,100.0,54,2.7507165979456016,18.51851851851852,29.62962962962963,100.0,100.0,100.0
C121,Chest,185,test/C121/Low_Dose/00000105.dcm,130.0,262144,4.7359442710876465,85,2.3170668658088234,15.294117647058824,41.1764705882353,100.0,100.0,100.0,0,,,,,,,46,2.246157438858696,15.217391304347826,36.95652173913044,100.0,100.0,100.0,39,2.400703625801282,15.384615384615385,46.15384615384615,100.0,100.0,100.0
C121,Chest,186,test/C121/Low_Dose/00000260.dcm,130.0,262144,4.746241569519043,89,2.194892797577247,21.348314606741575,47.19101123595506,100.0,100.0,100.0,0,,,,,,,52,2.1738210824819713,23.076923076923077,46.15384615384615,100.0,100.0,100.0,37,2.224507099873311,18.91891891891892,48.648648648648646,100.0,100.0,100.0
C121,Chest,187,test/C121/Low_Dose/00000046.dcm,130.0,262144,4.790059566497803,114,2.321009585731908,21.92982456140351,45.6140350877193,100.0,100.0,100.0,0,,,,,,,60,2.0421142578125,26.666666666666668,53.333333333333336,100.0,100.0,100.0,54,2.630893283420139,16.666666666666668,37.03703703703704,100.0,100.0,100.0
C121,Chest,188,test/C121/Low_Dose/00000196.dcm,130.0,262144,4.797501564025879,151,2.2297613889176326,21.85430463576159,47.019867549668874,100.0,100.0,100.0,0,,,,,,,79,1.9811100054390822,26.582278481012658,55.69620253164557,100.0,100.0,100.0,72,2.5025872124565973,16.666666666666668,37.5,100.0,100.0,100.0
C121,Chest,189,test/C121/Low_Dose/00000301.dcm,130.0,262144,4.800171852111816,149,2.2958566550440436,27.516778523489933,44.966442953020135,100.0,100.0,100.0,0,,,,,,,85,2.2513413373161764,24.705882352941178,45.88235294117647,100.0,100.0,100.0,64,2.354978561401367,31.25,43.75,100.0,100.0,100.0
C121,Chest,190,test/C121/Low_Dose/00000044.dcm,130.0,262144,4.824761867523193,162,2.4313542872299383,24.074074074074073,37.65432098765432,100.0,100.0,100.0,0,,,,,,,88,2.267393632368608,26.136363636363637,43.18181818181818,100.0,100.0,100.0,74,2.6263345254434123,21.62162162162162,31.08108108108108,100.0,100.0,100.0
C121,Chest,191,test/C121/Low_Dose/00000290.dcm,130.0,262144,4.81050968170166,168,2.254795619419643,22.61904761904762,47.61904761904762,100.0,100.0,100.0,0,,,,,,,96,2.1932055155436196,28.125,51.041666666666664,100.0,100.0,100.0,72,2.336915757921007,15.277777777777779,43.05555555555556,100.0,100.0,100.0
C121,Chest,192,test/C121/Low_Dose/00000337.dcm,130.0,262144,4.820710182189941,140,2.4021998814174106,22.857142857142858,37.857142857142854,100.0,100.0,100.0,0,,,,,,,81,2.3179735725308643,24.691358024691358,39.50617283950617,100.0,100.0,100.0,59,2.5178326105667375,20.338983050847457,35.59322033898305,100.0,100.0,100.0
C121,Chest,193,test/C121/Low_Dose/00000389.dcm,130.0,262144,4.805804252624512,121,2.447550119447314,16.52892561983471,38.84297520661157,100.0,100.0,100.0,0,,,,,,,58,2.4902238516971984,13.793103448275861,36.206896551724135,100.0,100.0,100.0,63,2.408263191344246,19.047619047619047,41.26984126984127,100.0,100.0,100.0
C121,Chest,194,test/C121/Low_Dose/00000036.dcm,130.0,262144,4.802012920379639,143,2.576456136636801,20.27972027972028,33.56643356643357,100.0,100.0,100.0,0,,,,,,,87,2.735517129130747,18.39080459770115,27.586206896551722,100.0,100.0,100.0,56,2.329343523297991,23.214285714285715,42.857142857142854,100.0,100.0,100.0
C121,Chest,195,test/C121/Low_Dose/00000083.dcm,130.0,262144,4.816705703735352,148,2.415782206767314,17.56756756756757,36.486486486486484,100.0,100.0,100.0,0,,,,,,,74,2.4277855125633447,14.864864864864865,31.08108108108108,100.0,100.0,100.0,74,2.4037789009712838,20.27027027027027,41.891891891891895,100.0,100.0,100.0
C121,Chest,196,test/C121/Low_Dose/00000035.dcm,130.0,262144,4.832877159118652,177,2.1708984375,25.423728813559322,50.847457627118644,100.0,100.0,100.0,0,,,,,,,102,2.245071710324755,26.470588235294116,46.07843137254902,100.0,100.0,100.0,75,2.0700227864583334,24.0,57.333333333333336,100.0,100.0,100.0
C121,Chest,197,test/C121/Low_Dose/00000179.dcm,130.0,262144,4.839911937713623,180,2.399158393012153,17.77777777777778,43.333333333333336,100.0,100.0,100.0,0,,,,,,,92,2.3946294369904892,18.47826086956522,39.130434782608695,100.0,100.0,100.0,88,2.4038932106711646,17.045454545454547,47.72727272727273,100.0,100.0,100.0
C121,Chest,198,test/C121/Low_Dose/00000348.dcm,130.0,262144,4.823612689971924,159,2.272218332350629,23.89937106918239,47.79874213836478,100.0,100.0,100.0,0,,,,,,,84,2.1897989908854165,22.61904761904762,51.19047619047619,100.0,100.0,100.0,75,2.3645279947916666,25.333333333333332,44.0,100.0,100.0,100.0
C121,Chest,199,test/C121/Low_Dose/00000361.dcm,130.0,262144,4.8076019287109375,201,2.380148816464552,22.885572139303484,44.27860696517413,100.0,100.0,100.0,0,,,,,,,104,2.42050288273738,22.115384615384617,44.23076923076923,100.0,100.0,100.0,97,2.3368826010792527,23.711340206185568,44.329896907216494,100.0,100.0,100.0
C121,Chest,200,test/C121/Low_Dose/00000380.dcm,130.0,262144,4.795093536376953,161,2.409439750339674,23.60248447204969,40.993788819875775,100.0,100.0,100.0,0,,,,,,,84,2.4603053501674106,22.61904761904762,40.476190476190474,100.0,100.0,100.0,77,2.353950005073052,24.675324675324674,41.55844155844156,100.0,100.0,100.0
C121,Chest,201,test/C121/Low_Dose/00000031.dcm,130.0,262144,4.803167343139648,185,2.3669334617820947,21.08108108108108,42.16216216216216,100.0,100.0,100.0,0,,,,,,,92,2.244766898777174,27.17391304347826,47.82608695652174,100.0,100.0,100.0,93,2.487786405829973,15.053763440860216,36.55913978494624,100.0,100.0,100.0
C121,Chest,202,test/C121/Low_Dose/00000026.dcm,130.0,262144,4.814023017883301,170,2.476116584329044,21.176470588235293,42.35294117647059,100.0,100.0,100.0,0,,,,,,,86,2.514763410701308,19.767441860465116,38.372093023255815,100.0,100.0,100.0,84,2.436549595424107,22.61904761904762,46.42857142857143,100.0,100.0,100.0
C121,Chest,203,test/C121/Low_Dose/00000023.dcm,130.0,262144,4.811147212982178,158,2.322860524624209,22.78481012658228,43.67088607594937,100.0,100.0,100.0,0,,,,,,,89,2.174022888869382,25.84269662921348,47.19101123595506,100.0,100.0,100.0,69,2.514839504076087,18.840579710144926,39.130434782608695,100.0,100.0,100.0
C121,Chest,204,test/C121/Low_Dose/00000244.dcm,130.0,262144,4.800456523895264,182,2.4230232657967035,17.032967032967033,41.20879120879121,100.0,100.0,100.0,0,,,,,,,101,2.6832420424659653,11.881188118811881,30.693069306930692,100.0,100.0,100.0,81,2.0985529393325617,23.45679012345679,54.32098765432099,100.0,100.0,100.0
C121,Chest,205,test/C121/Low_Dose/00000201.dcm,130.0,262144,4.796015739440918,193,2.447564159650259,16.06217616580311,39.89637305699482,100.0,100.0,100.0,0,,,,,,,91,2.3492029211023353,17.582417582417584,39.56043956043956,100.0,100.0,100.0,102,2.535317813648897,14.705882352941176,40.19607843137255,100.0,100.0,100.0
C121,Chest,206,test/C121/Low_Dose/00000228.dcm,130.0,262144,4.802751064300537,187,2.4407913289605614,17.112299465240643,39.037433155080215,100.0,100.0,100.0,0,,,,,,,107,2.585491429979556,14.018691588785046,33.64485981308411,100.0,100.0,100.0,80,2.2472549438476563,21.25,46.25,100.0,100.0,100.0
C121,Chest,207,test/C121/Low_Dose/00000144.dcm,130.0,262144,4.776458263397217,169,2.4774711654031063,18.34319526627219,39.64497041420118,100.0,100.0,100.0,0,,,,,,,83,2.5049637024661147,16.867469879518072,34.93975903614458,100.0,100.0,100.0,86,2.4509376703306684,19.767441860465116,44.18604651162791,100.0,100.0,100.0
C121,Chest,208,test/C121/Low_Dose/00000129.dcm,130.0,262144,4.782369136810303,157,2.297484574044586,21.019108280254777,45.22292993630573,100.0,100.0,100.0,0,,,,,,,80,2.3424026489257814,20.0,45.0,100.0,100.0,100.0,77,2.2508164442978895,22.07792207792208,45.45454545454545,100.0,100.0,100.0
C121,Chest,209,test/C121/Low_Dose/00000374.dcm,130.0,262144,4.771961688995361,142,2.4107786366637325,19.014084507042252,43.66197183098591,100.0,100.0,100.0,0,,,,,,,73,2.5143574753852738,15.068493150684931,36.986301369863014,100.0,100.0,100.0,69,2.301195227581522,23.18840579710145,50.72463768115942,100.0,100.0,100.0
C121,Chest,210,test/C121/Low_Dose/00000223.dcm,130.0,262144,4.761170864105225,151,2.433995531094785,22.516556291390728,37.086092715231786,100.0,100.0,100.0,0,,,,,,,86,2.6789763694585758,16.27906976744186,29.069767441860463,100.0,100.0,100.0,65,2.1098670372596153,30.76923076923077,47.69230769230769,100.0,100.0,100.0
C121,Chest,211,test/C121/Low_Dose/00000251.dcm,130.0,262144,4.760073661804199,165,2.377493193655303,23.03030303030303,40.0,100.0,100.0,100.0,0,,,,,,,90,2.4557902018229165,25.555555555555557,35.55555555555556,100.0,100.0,100.0,75,2.2835367838541667,20.0,45.333333333333336,100.0,100.0,100.0
C121,Chest,212,test/C121/Low_Dose/00000098.dcm,130.0,262144,4.746119022369385,152,2.3360162032277962,23.026315789473685,40.78947368421053,100.0,100.0,100.0,0,,,,,,,84,2.3455345517113093,21.428571428571427,42.857142857142854,100.0,100.0,100.0,68,2.324258243336397,25.0,38.23529411764706,100.0,100.0,100.0
C121,Chest,213,test/C121/Low_Dose/00000308.dcm,130.0,262144,4.751341342926025,142,2.403255838743398,19.718309859154928,42.25352112676056,100.0,100.0,100.0,0,,,,,,,81,2.3872386791087963,19.753086419753085,44.44444444444444,100.0,100.0,100.0,61,2.4245245261270494,19.672131147540984,39.34426229508197,100.0,100.0,100.0
C121,Chest,214,test/C121/Low_Dose/00000063.dcm,130.0,262144,4.746309757232666,150,2.3094490559895835,24.0,42.666666666666664,100.0,100.0,100.0,0,,,,,,,76,2.604696173416941,14.473684210526315,32.89473684210526,100.0,100.0,100.0,74,2.006222286739865,33.78378378378378,52.7027027027027,100.0,100.0,100.0
C121,Chest,215,test/C121/Low_Dose/00000117.dcm,130.0,262144,4.740289211273193,123,2.4025283441310976,18.69918699186992,39.02439024390244,100.0,100.0,100.0,0,,,,,,,73,2.4173617428296232,16.438356164383563,41.0958904109589,100.0,100.0,100.0,50,2.38087158203125,22.0,36.0,100.0,100.0,100.0
C121,Chest,216,test/C121/Low_Dose/00000240.dcm,130.0,262144,4.729008674621582,173,2.496991284320809,15.606936416184972,35.26011560693642,100.0,100.0,100.0,0,,,,,,,96,2.507990519205729,15.625,33.333333333333336,100.0,100.0,100.0,77,2.4832779525162336,15.584415584415584,37.66233766233766,100.0,100.0,100.0
C121,Chest,217,test/C121/Low_Dose/00000388.dcm,130.0,262144,4.735265254974365,225,2.3873003472222223,19.11111111111111,41.333333333333336,100.0,100.0,100.0,0,,,,,,,124,2.472679876512097,16.93548387096774,37.096774193548384,100.0,100.0,100.0,101,2.282477954826733,21.782178217821784,46.53465346534654,100.0,100.0,100.0
C121,Chest,218,test/C121/Low_Dose/00000314.dcm,130.0,262144,4.7152838706970215,192,2.384921391805013,21.354166666666668,40.104166666666664,100.0,100.0,100.0,0,,,,,,,105,2.3654041108630954,20.952380952380953,39.04761904761905,100.0,100.0,100.0,87,2.4084767308728448,21.839080459770116,41.37931034482759,100.0,100.0,100.0
C121,Chest,219,test/C121/Low_Dose/00000146.dcm,130.0,262144,4.704218864440918,200,2.1686309814453124,23.5,48.5,100.0,100.0,100.0,0,,,,,,,115,2.2306990913722826,24.347826086956523,46.08695652173913,100.0,100.0,100.0,85,2.0846564797794116,22.352941176470587,51.76470588235294,100.0,100.0,100.0
C121,Chest,220,test/C121/Low_Dose/00000093.dcm,130.0,262144,4.696952819824219,156,2.335784129607372,23.71794871794872,44.87179487179487,100.0,100.0,100.0,0,,,,,,,95,2.365501644736842,22.105263157894736,44.21052631578947,100.0,100.0,100.0,61,2.2895027535860657,26.229508196721312,45.90163934426229,100.0,100.0,100.0
C121,Chest,221,test/C121/Low_Dose/00000096.dcm,130.0,262144,4.676331520080566,126,2.2334187825520835,24.603174603174605,44.44444444444444,100.0,100.0,100.0,0,,,,,,,71,2.253416249449824,22.535211267605632,49.29577464788732,100.0,100.0,100.0,55,2.2076038707386365,27.272727272727273,38.18181818181818,100.0,100.0,100.0
C121,Chest,222,test/C121/Low_Dose/00000332.dcm,130.0,262144,4.675320625305176,123,2.3343108882748984,24.390243902439025,45.52845528455285,100.0,100.0,100.0,0,,,,,,,72,2.3002556694878473,20.833333333333332,48.611111111111114,100.0,100.0,100.0,51,2.382388844209559,29.41176470588235,41.1764705882353,100.0,100.0,100.0
C121,Chest,223,test/C121/Low_Dose/00000211.dcm,130.0,262144,4.697814464569092,160,2.3916244506835938,25.625,44.375,100.0,100.0,100.0,0,,,,,,,77,2.2790004185267856,27.272727272727273,46.753246753246756,100.0,100.0,100.0,83,2.4961069865399095,24.096385542168676,42.16867469879518,100.0,100.0,100.0
C121,Chest,224,test/C121/Low_Dose/00000341.dcm,130.0,262144,4.685958385467529,116,2.1971972235317887,22.413793103448278,50.86206896551724,100.0,100.0,100.0,0,,,,,,,57,2.0548374109100878,26.31578947368421,52.63157894736842,100.0,100.0,100.0,59,2.334731279793432,18.64406779661017,49.152542372881356,100.0,100.0,100.0
C121,Chest,225,test/C121/Low_Dose/00000088.dcm,130.0,262144,4.71381139755249,156,2.2437681540464745,23.71794871794872,46.15384615384615,100.0,100.0,100.0,0,,,,,,,80,2.557586669921875,20.0,36.25,100.0,100.0,100.0,76,1.9134328741776316,27.63157894736842,56.578947368421055,100.0,100.0,100.0
C121,Chest,226,test/C121/Low_Dose/00000299.dcm,130.0,262144,4.746440410614014,146,2.325060700717038,23.972602739726028,45.205479452054796,100.0,100.0,100.0,0,,,,,,,75,2.3131803385416667,26.666666666666668,46.666666666666664,100.0,100.0,100.0,71,2.337610379071303,21.12676056338028,43.66197183098591,100.0,100.0,100.0
C121,Chest,227,test/C121/Low_Dose/00000034.dcm,130.0,262144,4.741756916046143,159,2.5237284726316824,15.723270440251572,40.25157232704402,100.0,100.0,100.0,0,,,,,,,104,2.48641850398137,18.26923076923077,40.38461538461539,100.0,100.0,100.0,55,2.594278231534091,10.909090909090908,40.0,100.0,100.0,100.0
C121,Chest,228,test/C121/Low_Dose/00000027.dcm,130.0,262144,4.72761869430542,167,2.3089716562967815,23.952095808383234,46.10778443113772,100.0,100.0,100.0,0,,,,,,,83,2.3591411544615966,27.710843373493976,44.57831325301205,100.0,100.0,100.0,84,2.2593994140625,20.238095238095237,47.61904761904762,100.0,100.0,100.0
C121,Chest,229,test/C121/Low_Dose/00000184.dcm,130.0,262144,4.76140022277832,163,2.481335224549463,18.404907975460123,37.423312883435585,100.0,100.0,100.0,0,,,,,,,76,2.4320807206003288,21.05263157894737,38.1578947368421,100.0,100.0,100.0,87,2.5243621475395117,16.091954022988507,36.7816091954023,100.0,100.0,100.0
C121,Chest,230,test/C121/Low_Dose/00000060.dcm,130.0,262144,4.753961086273193,145,2.3550090921336206,19.310344827586206,43.44827586206897,100.0,100.0,100.0,0,,,,,,,69,2.3440649060235508,17.391304347826086,40.57971014492754,100.0,100.0,100.0,76,2.364945261101974,21.05263157894737,46.05263157894737,100.0,100.0,100.0
C121,Chest,231,test/C121/Low_Dose/00000310.dcm,130.0,262144,4.758963108062744,160,2.3488121032714844,22.5,45.0,100.0,100.0,100.0,0,,,,,,,81,2.4018886236496915,22.22222222222222,44.44444444444444,100.0,100.0,100.0,79,2.2943918735166138,22.78481012658228,45.56962025316456,100.0,100.0,100.0
C121,Chest,232,test/C121/Low_Dose/00000335.dcm,130.0,262144,4.804988861083984,144,2.546291775173611,16.666666666666668,38.888888888888886,100.0,100.0,100.0,0,,,,,,,79,2.661876050731804,13.924050632911392,36.70886075949367,100.0,100.0,100.0,65,2.405812424879808,20.0,41.53846153846154,100.0,100.0,100.0
C121,Chest,233,test/C121/Low_Dose/00000086.dcm,130.0,262144,4.8173956871032715,168,2.365355718703497,19.642857142857142,42.857142857142854,100.0,100.0,100.0,0,,,,,,,97,2.4428371154155926,20.61855670103093,39.175257731958766,100.0,100.0,100.0,71,2.2595008527728875,18.309859154929576,47.88732394366197,100.0,100.0,100.0
C121,Chest,234,test/C121/Low_Dose/00000123.dcm,130.0,262144,4.834571838378906,178,2.338180027650983,23.03370786516854,44.38202247191011,100.0,100.0,100.0,0,,,,,,,100,2.408494873046875,23.0,43.0,100.0,100.0,100.0,78,2.2480327899639425,23.076923076923077,46.15384615384615,100.0,100.0,100.0
C121,Chest,235,test/C121/Low_Dose/00000049.dcm,130.0,262144,4.877439498901367,153,2.3793075661254086,22.875816993464053,42.48366013071895,100.0,100.0,100.0,0,,,,,,,83,2.5116658038403616,18.072289156626507,37.34939759036145,100.0,100.0,100.0,70,2.2223685128348216,28.571428571428573,48.57142857142857,100.0,100.0,100.0
C121,Chest,236,test/C121/Low_Dose/00000164.dcm,130.0,262144,4.882579803466797,158,2.3399789544600473,20.88607594936709,44.30379746835443,100.0,100.0,100.0,0,,,,,,,80,2.234429931640625,23.75,48.75,100.0,100.0,100.0,78,2.448234362479968,17.94871794871795,39.743589743589745,100.0,100.0,100.0
C121,Chest,237,test/C121/Low_Dose/00000122.dcm,130.0,262144,4.927661895751953,153,2.3816340826695264,22.875816993464053,42.48366013071895,100.0,100.0,100.0,0,,,,,,,78,2.4398334209735575,21.794871794871796,39.743589743589745,100.0,100.0,100.0,75,2.3211067708333335,24.0,45.333333333333336,100.0,100.0,100.0
C121,Chest,238,test/C121/Low_Dose/00000204.dcm,130.0,262144,4.963939189910889,166,2.426534997411521,23.49397590361446,39.75903614457831,100.0,100.0,100.0,0,,,,,,,76,2.5753960860402962,21.05263157894737,31.57894736842105,100.0,100.0,100.0,90,2.300830078125,25.555555555555557,46.666666666666664,100.0,100.0,100.0
C121,Chest,239,test/C121/Low_Dose/00000191.dcm,130.0,262144,4.976097106933594,191,2.2877325087941753,23.036649214659686,44.50261780104712,100.0,100.0,100.0,0,,,,,,,106,2.2837547446196935,24.528301886792452,46.22641509433962,100.0,100.0,100.0,85,2.292693014705882,21.176470588235293,42.35294117647059,100.0,100.0,100.0
C121,Chest,240,test/C121/Low_Dose/00000011.dcm,130.0,262144,4.963169097900391,177,2.549595030014124,17.51412429378531,38.4180790960452,100.0,100.0,100.0,0,,,,,,,97,2.5806834427351806,16.49484536082474,37.11340206185567,100.0,100.0,100.0,80,2.5119003295898437,18.75,40.0,100.0,100.0,100.0
C121,Chest,241,test/C121/Low_Dose/00000029.dcm,130.0,262144,4.97869873046875,152,2.4117624383223686,20.394736842105264,40.78947368421053,100.0,100.0,100.0,0,,,,,,,72,2.3215789794921875,23.61111111111111,40.27777777777778,100.0,100.0,100.0,80,2.4929275512695312,17.5,41.25,100.0,100.0,100.0
C121,Chest,242,test/C121/Low_Dose/00000347.dcm,130.0,262144,4.976648330688477,118,2.6351494223384533,16.10169491525424,33.898305084745765,100.0,100.0,100.0,0,,,,,,,61,2.634005186987705,19.672131147540984,29.508196721311474,100.0,100.0,100.0,57,2.6363739549067984,12.280701754385966,38.59649122807018,100.0,100.0,100.0
C121,Chest,243,test/C121/Low_Dose/00000357.dcm,130.0,262144,4.987495422363281,144,2.5830213758680554,14.583333333333334,36.80555555555556,100.0,100.0,100.0,0,,,,,,,76,2.5906645122327303,15.789473684210526,38.1578947368421,100.0,100.0,100.0,68,2.5744790469898895,13.235294117647058,35.294117647058826,100.0,100.0,100.0
C121,Chest,244,test/C121/Low_Dose/00000250.dcm,130.0,262144,5.019333839416504,141,2.3132142411901597,19.858156028368793,45.39007092198582,100.0,100.0,100.0,0,,,,,,,82,2.4042269078696648,17.073170731707318,43.90243902439025,100.0,100.0,100.0,59,2.186722060381356,23.728813559322035,47.45762711864407,100.0,100.0,100.0
C121,Chest,245,test/C121/Low_Dose/00000336.dcm,130.0,262144,5.040796756744385,192,2.370389938354492,21.354166666666668,43.75,100.0,100.0,100.0,0,,,,,,,107,2.4735392632885516,18.69158878504673,41.12149532710281,100.0,100.0,100.0,85,2.240543141084559,24.705882352941178,47.05882352941177,100.0,100.0,100.0
C121,Chest,246,test/C121/Low_Dose/00000252.dcm,130.0,262144,5.055979251861572,196,2.3783475914779975,17.857142857142858,41.83673469387755,100.0,100.0,100.0,0,,,,,,,91,2.443107185782967,17.582417582417584,40.65934065934066,100.0,100.0,100.0,105,2.322222609747024,18.095238095238095,42.857142857142854,100.0,100.0,100.0
C121,Chest,247,test/C121/Low_Dose/00000091.dcm,130.0,262144,5.073986530303955,248,2.351840603736139,25.0,41.935483870967744,100.0,100.0,100.0,0,,,,,,,135,2.2228560836226854,28.88888888888889,46.666666666666664,100.0,100.0,100.0,113,2.505937154314159,20.353982300884955,36.283185840707965,100.0,100.0,100.0
C121,Chest,248,test/C121/Low_Dose/00000186.dcm,130.0,262144,5.0349225997924805,209,2.5871319200433613,18.181818181818183,37.79904306220096,100.0,100.0,100.0,0,,,,,,,121,2.75911290192407,16.52892561983471,33.88429752066116,100.0,100.0,100.0,88,2.3506580699573862,20.454545454545453,43.18181818181818,100.0,100.0,100.0
C121,Chest,249,test/C121/Low_Dose/00000109.dcm,130.0,262144,5.055721282958984,174,2.5046365672144395,16.091954022988507,40.229885057471265,100.0,100.0,100.0,0,,,,,,,88,2.6311784224076704,13.636363636363637,37.5,100.0,100.0,100.0,86,2.375151878179506,18.6046511627907,43.02325581395349,100.0,100.0,100.0
C121,Chest,250,test/C121/Low_Dose/00000150.dcm,130.0,262144,5.063066005706787,143,2.2682482312609267,20.97902097902098,44.05594405594405,100.0,100.0,100.0,0,,,,,,,73,2.2543125936429793,21.91780821917808,46.57534246575342,100.0,100.0,100.0,70,2.2827811104910714,20.0,41.42857142857143,100.0,100.0,100.0
C121,Chest,251,test/C121/Low_Dose/00000062.dcm,130.0,262144,5.068560600280762,148,2.4614612476245776,19.594594594594593,39.86486486486486,100.0,100.0,100.0,0,,,,,,,85,2.446692612591912,20.0,37.64705882352941,100.0,100.0,100.0,63,2.481387183779762,19.047619047619047,42.857142857142854,100.0,100.0,100.0
C121,Chest,252,test/C121/Low_Dose/00000161.dcm,130.0,262144,5.093387603759766,157,2.574721026572452,15.286624203821656,38.853503184713375,99.36305732484077,100.0,100.0,0,,,,,,,83,2.490104951054217,18.072289156626507,40.963855421686745,98.79518072289157,100.0,100.0,74,2.669628246410473,12.162162162162161,36.486486486486484,100.0,100.0,100.0
C121,Chest,253,test/C121/Low_Dose/00000383.dcm,130.0,262144,5.141790866851807,175,2.5254541015625,16.0,36.0,100.0,100.0,100.0,0,,,,,,,90,2.523065863715278,15.555555555555555,34.44444444444444,100.0,100.0,100.0,85,2.5279828239889706,16.470588235294116,37.64705882352941,100.0,100.0,100.0
C121,Chest,254,test/C121/Low_Dose/00000311.dcm,130.0,262144,5.182277202606201,199,2.5935849903815953,19.09547738693467,38.19095477386934,98.49246231155779,100.0,100.0,0,,,,,,,97,2.615182778269974,18.556701030927837,39.175257731958766,98.96907216494846,100.0,100.0,102,2.5730459175857843,19.607843137254903,37.254901960784316,98.03921568627452,100.0,100.0
C121,Chest,255,test/C121/Low_Dose/00000283.dcm,130.0,262144,5.269876956939697,212,2.4987303535893277,24.056603773584907,43.39622641509434,93.86792452830188,100.0,100.0,0,,,,,,,109,2.652295593821674,18.34862385321101,41.28440366972477,94.4954128440367,100.0,100.0,103,2.3362195653822817,30.097087378640776,45.63106796116505,93.20388349514563,100.0,100.0
C121,Chest,256,test/C121/Low_Dose/00000116.dcm,130.0,262144,5.373274326324463,192,2.596449534098307,17.708333333333332,36.979166666666664,95.83333333333333,100.0,100.0,0,,,,,,,99,2.5033501519097223,20.2020202020202,37.37373737373738,96.96969696969697,100.0,100.0,93,2.6955553280409945,15.053763440860216,36.55913978494624,94.6236559139785,100.0,100.0
C121,Chest,257,test/C121/Low_Dose/00000254.dcm,130.0,262144,5.442456245422363,210,2.6983317057291667,17.142857142857142,38.095238095238095,92.85714285714286,100.0,100.0,0,,,,,,,96,2.618555704752604,17.708333333333332,39.583333333333336,93.75,100.0,100.0,114,2.765511496025219,16.666666666666668,36.8421052631579,92.10526315789474,100.0,100.0
C121,Chest,258,test/C121/Low_Dose/00000018.dcm,130.0,262144,5.499439716339111,239,2.8327641826294454,17.573221757322177,33.47280334728033,93.30543933054393,100.0,100.0,0,,,,,,,120,2.8132914225260417,20.0,32.5,94.16666666666667,100.0,100.0,119,2.852400579372374,15.126050420168067,34.45378151260504,92.43697478991596,100.0,100.0
C121,Chest,259,test/C121/Low_Dose/00000177.dcm,130.0,262144,5.571129322052002,181,3.093168648566989,8.839779005524862,27.624309392265193,87.29281767955801,100.0,100.0,0,,,,,,,102,3.0418102787990198,10.784313725490197,29.41176470588235,84.31372549019608,100.0,100.0,79,3.159479455102848,6.329113924050633,25.31645569620253,91.13924050632912,100.0,100.0
C121,Chest,260,test/C121/Low_Dose/00000331.dcm,130.0,262144,5.6014180183410645,178,2.818895661429073,18.53932584269663,35.39325842696629,93.82022471910112,100.0,100.0,0,,,,,,,100,2.959920654296875,16.0,33.0,94.0,100.0,100.0,78,2.6380943885216346,21.794871794871796,38.46153846153846,93.58974358974359,100.0,100.0
C121,Chest,261,test/C121/Low_Dose/00000189.dcm,130.0,262144,5.656229019165039,186,3.0262523363995295,12.365591397849462,29.56989247311828,88.70967741935483,100.0,100.0,0,,,,,,,104,3.0329660268930287,13.461538461538462,29.807692307692307,87.5,100.0,100.0,82,3.017737411871189,10.975609756097562,29.26829268292683,90.2439024390244,100.0,100.0
C121,Chest,262,test/C121/Low_Dose/00000360.dcm,130.0,262144,5.718868732452393,212,2.764792964143573,16.9811320754717,33.490566037735846,91.0377358490566,100.0,100.0,0,,,,,,,103,2.5962708112105584,17.475728155339805,35.922330097087375,94.1747572815534,100.0,100.0,109,2.9240386682912844,16.513761467889907,31.192660550458715,88.07339449541284,100.0,100.0
C121,Chest,263,test/C121/Low_Dose/00000353.dcm,130.0,262144,5.767600059509277,214,2.8727890442464954,18.69158878504673,33.64485981308411,89.7196261682243,100.0,100.0,0,,,,,,,109,2.96133282862672,16.513761467889907,36.69724770642202,88.07339449541284,100.0,100.0,105,2.7808721633184526,20.952380952380953,30.476190476190474,91.42857142857143,100.0,100.0
C121,Chest,264,test/C121/Low_Dose/00000053.dcm,130.0,262144,5.834619998931885,225,3.1160487196180555,11.555555555555555,27.555555555555557,88.44444444444444,100.0,100.0,0,,,,,,,118,3.1413832842293434,12.711864406779661,26.271186440677965,86.44067796610169,100.0,100.0,107,3.0881096670560746,10.280373831775702,28.97196261682243,90.65420560747664,100.0,100.0
C121,Chest,265,test/C121/Low_Dose/00000002.dcm,130.0,262144,5.886068344116211,236,2.900649248543432,16.10169491525424,34.74576271186441,85.16949152542372,100.0,100.0,0,,,,,,,117,2.750621828258547,17.94871794871795,38.46153846153846,89.74358974358974,100.0,100.0,119,3.0481551995798317,14.285714285714286,31.092436974789916,80.67226890756302,100.0,100.0
C121,Chest,266,test/C121/Low_Dose/00000070.dcm,130.0,262144,5.918881893157959,227,3.0187450526569384,14.09691629955947,33.92070484581498,84.14096916299559,100.0,100.0,0,,,,,,,115,2.8899966032608697,16.52173913043478,36.52173913043478,88.69565217391305,100.0,100.0,112,3.150942121233259,11.607142857142858,31.25,79.46428571428571,100.0,100.0
C121,Chest,267,test/C121/Low_Dose/00000138.dcm,130.0,262144,5.939172267913818,216,2.8417143645109952,17.59259259259259,40.27777777777778,84.72222222222223,100.0,100.0,0,,,,,,,111,2.7876889340512387,18.91891891891892,39.63963963963964,87.38738738738739,100.0,100.0,105,2.8988269624255953,16.19047619047619,40.95238095238095,81.9047619047619,100.0,100.0
C121,Chest,268,test/C121/Low_Dose/00000176.dcm,130.0,262144,5.954256534576416,221,3.0135509093962103,14.027149321266968,32.57918552036199,87.33031674208145,100.0,100.0,0,,,,,,,124,3.1522088819934475,12.096774193548388,31.451612903225808,85.48387096774194,100.0,100.0,97,2.8362974186533507,16.49484536082474,34.02061855670103,89.69072164948453,100.0,100.0
C121,Chest,269,test/C121/Low_Dose/00000230.dcm,130.0,262144,6.004193305969238,182,3.018963153545673,13.186813186813186,33.51648351648352,82.96703296703296,100.0,100.0,0,,,,,,,89,2.969040774227528,12.359550561797754,34.831460674157306,85.3932584269663,100.0,100.0,93,3.06673833375336,13.978494623655914,32.25806451612903,80.64516129032258,100.0,100.0
C121,Chest,270,test/C121/Low_Dose/00000213.dcm,130.0,262144,6.036999225616455,203,3.0504721655634235,13.793103448275861,34.48275862068966,79.80295566502463,100.0,100.0,0,,,,,,,102,2.9540237725949754,14.705882352941176,36.27450980392157,82.3529411764706,100.0,100.0,101,3.147875493115718,12.871287128712872,32.67326732673267,77.22772277227723,100.0,100.0
C121,Chest,271,test/C121/Low_Dose/00000010.dcm,130.0,262144,6.060802459716797,185,3.065779402449324,15.675675675675675,32.432432432432435,84.86486486486487,100.0,100.0,0,,,,,,,108,2.9928136754918984,18.51851851851852,34.25925925925926,82.4074074074074,100.0,100.0,77,3.1681209415584415,11.688311688311689,29.87012987012987,88.31168831168831,100.0,100.0
C121,Chest,272,test/C121/Low_Dose/00000262.dcm,130.0,262144,6.097650051116943,179,3.138493202252095,17.877094972067038,30.16759776536313,82.12290502793296,100.0,100.0,0,,,,,,,98,3.124987543845663,22.448979591836736,31.632653061224488,81.63265306122449,100.0,100.0,81,3.154833381558642,12.345679012345679,28.395061728395063,82.71604938271605,100.0,100.0
C121,Chest,273,test/C121/Low_Dose/00000297.dcm,130.0,262144,6.123717784881592,171,3.2450650756122075,13.450292397660819,30.4093567251462,82.45614035087719,100.0,100.0,0,,,,,,,94,3.13531494140625,12.76595744680851,30.851063829787233,85.1063829787234,100.0,100.0,77,3.3790457589285716,14.285714285714286,29.87012987012987,79.22077922077922,100.0,100.0
C121,Chest,274,test/C121/Low_Dose/00000079.dcm,130.0,262144,6.085975170135498,165,3.1212757457386364,16.96969696969697,32.121212121212125,83.03030303030303,100.0,100.0,0,,,,,,,95,3.0098954050164473,20.0,32.63157894736842,83.15789473684211,100.0,100.0,70,3.272434779575893,12.857142857142858,31.428571428571427,82.85714285714286,100.0,100.0
C121,Chest,275,test/C121/Low_Dose/00000281.dcm,130.0,262144,6.07427978515625,208,3.006795443021334,14.903846153846153,33.17307692307692,84.61538461538461,100.0,100.0,0,,,,,,,122,3.1287941854508197,14.754098360655737,32.78688524590164,81.14754098360656,100.0,100.0,86,2.8337274595748547,15.116279069767442,33.72093023255814,89.53488372093024,100.0,100.0
C121,Chest,276,test/C121/Low_Dose/00000340.dcm,130.0,262144,6.057197093963623,220,3.0200306285511362,10.909090909090908,30.0,84.0909090909091,100.0,100.0,0,,,,,,,120,3.0034495035807294,10.0,28.333333333333332,85.83333333333333,100.0,100.0,100,3.039927978515625,12.0,32.0,82.0,100.0,100.0
C121,Chest,277,test/C121/Low_Dose/00000202.dcm,130.0,262144,6.046700477600098,284,3.1688077684859155,19.014084507042252,29.929577464788732,78.52112676056338,100.0,100.0,0,,,,,,,159,3.211292194870283,16.9811320754717,27.67295597484277,77.9874213836478,100.0,100.0,125,3.114767578125,21.6,32.8,79.2,100.0,100.0
C121,Chest,278,test/C121/Low_Dose/00000210.dcm,130.0,262144,6.038355827331543,295,3.1429091631355934,14.915254237288135,30.847457627118644,82.03389830508475,100.0,100.0,0,,,,,,,155,2.9814594884072583,16.774193548387096,34.83870967741935,85.16129032258064,100.0,100.0,140,3.321657017299107,12.857142857142858,26.428571428571427,78.57142857142857,100.0,100.0
C121,Chest,279,test/C121/Low_Dose/00000016.dcm,130.0,262144,6.0394816398620605,326,2.960964085865606,17.791411042944784,32.82208588957055,85.58282208588957,100.0,100.0,0,,,,,,,186,2.8196187993531585,18.27956989247312,36.02150537634409,88.70967741935483,100.0,100.0,140,3.1487513950892856,17.142857142857142,28.571428571428573,81.42857142857143,100.0,100.0
C121,Chest,280,test/C121/Low_Dose/00000012.dcm,130.0,262144,6.002169132232666,314,3.0718201072352707,14.968152866242038,30.254777070063696,84.39490445859873,100.0,100.0,0,,,,,,,172,3.2529814964117008,12.790697674418604,30.813953488372093,80.23255813953489,100.0,100.0,142,2.852385185134243,17.6056338028169,29.577464788732396,89.43661971830986,100.0,100.0
C121,Chest,281,test/C121/Low_Dose/00000364.dcm,130.0,262144,5.989105701446533,242,3.033839706547004,13.636363636363637,30.578512396694215,82.64462809917356,100.0,100.0,0,,,,,,,127,3.0386049766240157,11.811023622047244,27.559055118110237,84.25196850393701,100.0,100.0,115,3.028577190896739,15.652173913043478,33.91304347826087,80.8695652173913,100.0,100.0
C121,Chest,282,test/C121/Low_Dose/00000199.dcm,130.0,262144,5.974104404449463,208,3.1415475698617787,12.98076923076923,32.69230769230769,82.21153846153847,100.0,100.0,0,,,,,,,117,3.0096059945913463,13.675213675213675,39.31623931623932,83.76068376068376,100.0,100.0,91,3.311186738066621,12.087912087912088,24.175824175824175,80.21978021978022,100.0,100.0
C121,Chest,283,test/C121/Low_Dose/00000248.dcm,130.0,262144,5.969485282897949,199,2.904593769629397,13.06532663316583,34.17085427135678,87.93969849246231,100.0,100.0,0,,,,,,,107,2.9833448178300235,13.08411214953271,31.77570093457944,89.7196261682243,100.0,100.0,92,2.813002876613451,13.043478260869565,36.95652173913044,85.8695652173913,100.0,100.0
C121,Chest,284,test/C121/Low_Dose/00000072.dcm,130.0,262144,6.019836902618408,261,2.8993658891582856,19.54022988505747,34.86590038314176,85.44061302681992,100.0,100.0,0,,,,,,,139,2.7897000758767985,21.58273381294964,38.1294964028777,86.33093525179856,100.0,100.0,122,3.0243130042904713,17.21311475409836,31.147540983606557,84.42622950819673,100.0,100.0
C121,Chest,285,test/C121/Low_Dose/00000245.dcm,130.0,262144,6.058329105377197,281,3.0368708817560055,16.370106761565836,31.672597864768683,83.98576512455516,100.0,100.0,0,,,,,,,163,3.1621086261023774,15.337423312883436,27.607361963190183,81.59509202453988,100.0,100.0,118,2.863872980667373,17.796610169491526,37.28813559322034,87.28813559322033,100.0,100.0
C121,Chest,286,test/C121/Low_Dose/00000386.dcm,130.0,262144,6.080808639526367,295,2.9853391485699152,17.627118644067796,33.898305084745765,82.71186440677967,100.0,100.0,0,,,,,,,144,2.998987833658854,18.055555555555557,34.02777777777778,84.02777777777777,100.0,100.0,151,2.9723231839817883,17.218543046357617,33.77483443708609,81.45695364238411,100.0,100.0
C121,Chest,287,test/C121/Low_Dose/00000085.dcm,130.0,262144,6.177301406860352,326,2.9411617349261885,18.711656441717793,32.20858895705521,86.1963190184049,100.0,100.0,0,,,,,,,175,2.9918603515625,18.857142857142858,30.857142857142858,82.85714285714286,100.0,100.0,151,2.8824050600165565,18.543046357615893,33.77483443708609,90.06622516556291,100.0,100.0
C121,Chest,288,test/C121/Low_Dose/00000071.dcm,130.0,262144,6.241635322570801,291,3.213462383886383,14.776632302405499,29.896907216494846,79.03780068728523,100.0,100.0,0,,,,,,,159,3.367431640625,9.433962264150944,25.157232704402517,81.13207547169812,100.0,100.0,132,3.02799941554214,21.21212121212121,35.60606060606061,76.51515151515152,100.0,100.0
C121,Chest,289,test/C121/Low_Dose/00000056.dcm,130.0,262144,6.289649963378906,291,3.1861924633537373,12.371134020618557,31.61512027491409,78.35051546391753,100.0,100.0,0,,,,,,,152,3.2130062705592106,11.842105263157896,30.263157894736842,77.63157894736842,100.0,100.0,139,3.156870890006745,12.949640287769784,33.093525179856115,79.13669064748201,100.0,100.0
C121,Chest,290,test/C121/Low_Dose/00000059.dcm,130.0,262144,6.368257999420166,326,3.3013867337279525,12.269938650306749,28.220858895705522,77.91411042944786,100.0,100.0,0,,,,,,,191,3.19454620521106,12.041884816753926,30.89005235602094,79.58115183246073,100.0,100.0,135,3.4525462962962963,12.592592592592593,24.444444444444443,75.55555555555556,100.0,100.0
C121,Chest,291,test/C121/Low_Dose/00000359.dcm,130.0,262144,6.35490083694458,363,3.1648756295196283,13.774104683195592,29.47658402203857,79.0633608815427,100.0,100.0,0,,,,,,,208,3.1317960298978367,13.461538461538462,30.28846153846154,81.25,100.0,100.0,155,3.209266318044355,14.193548387096774,28.387096774193548,76.12903225806451,100.0,100.0
C121,Chest,292,test/C121/Low_Dose/00000195.dcm,130.0,262144,6.350196838378906,296,3.2515551592852616,12.162162162162161,27.7027027027027,78.71621621621621,100.0,100.0,0,,,,,,,165,3.3117476029829547,13.93939393939394,28.484848484848484,76.96969696969697,100.0,100.0,131,3.175740249284351,9.923664122137405,26.717557251908396,80.91603053435115,100.0,100.0
C121,Chest,293,test/C121/Low_Dose/00000305.dcm,130.0,262144,6.343923568725586,273,3.1960543118990383,15.018315018315018,29.304029304029303,79.12087912087912,100.0,100.0,0,,,,,,,137,3.115769880531478,16.05839416058394,32.846715328467155,78.83211678832117,100.0,100.0,136,3.276929069967831,13.970588235294118,25.735294117647058,79.41176470588235,100.0,100.0
C121,Chest,294,test/C121/Low_Dose/00000291.dcm,130.0,262144,6.320629596710205,280,3.1583134242466517,14.642857142857142,32.142857142857146,79.28571428571429,100.0,100.0,0,,,,,,,143,3.1634615384615383,13.986013986013987,33.56643356643357,79.02097902097903,100.0,100.0,137,3.1529398451756387,15.328467153284672,30.656934306569344,79.56204379562044,100.0,100.0
C121,Chest,295,test/C121/Low_Dose/00000078.dcm,130.0,262144,6.296873092651367,281,3.2182191461854983,13.167259786476869,27.75800711743772,80.42704626334519,100.0,100.0,0,,,,,,,161,3.305131805609472,13.664596273291925,24.84472049689441,79.5031055900621,100.0,100.0,120,3.101611328125,12.5,31.666666666666668,81.66666666666667,100.0,100.0
C121,Chest,296,test/C121/Low_Dose/00000363.dcm,130.0,262144,6.2986578941345215,300,3.064811197916667,17.333333333333332,33.0,81.66666666666667,100.0,100.0,0,,,,,,,181,3.18926833347721,16.022099447513813,27.07182320441989,82.32044198895028,100.0,100.0,119,2.8755108488707983,19.327731092436974,42.016806722689076,80.67226890756302,100.0,100.0
C121,Chest,297,test/C121/Low_Dose/00000334.dcm,130.0,262144,6.285210132598877,283,3.331427799939267,12.36749116607774,28.268551236749115,76.32508833922262,100.0,100.0,0,,,,,,,151,3.3720703125,11.920529801324504,27.1523178807947,75.49668874172185,100.0,100.0,132,3.284935228752367,12.878787878787879,29.545454545454547,77.27272727272727,100.0,100.0
C121,Chest,298,test/C121/Low_Dose/00000143.dcm,130.0,262144,6.255311965942383,287,3.3137913082534842,12.195121951219512,26.829268292682926,77.70034843205575,100.0,100.0,0,,,,,,,170,3.4383990119485293,9.411764705882353,25.88235294117647,75.88235294117646,100.0,100.0,117,3.1327373798076925,16.23931623931624,28.205128205128204,80.34188034188034,100.0,100.0
C121,Chest,299,test/C121/Low_Dose/00000172.dcm,130.0,262144,6.242705821990967,308,3.3223147701907467,11.688311688311689,25.0,80.1948051948052,100.0,100.0,0,,,,,,,177,3.1758660785222457,15.254237288135593,27.11864406779661,81.92090395480226,100.0,100.0,131,3.5201881932848282,6.870229007633588,22.137404580152673,77.86259541984732,100.0,100.0
C121,Chest,300,test/C121/Low_Dose/00000033.dcm,130.0,262144,6.215483665466309,289,3.05439436229455,14.878892733564014,32.8719723183391,81.66089965397924,100.0,100.0,0,,,,,,,158,3.180425330053402,9.49367088607595,25.949367088607595,81.64556962025317,100.0,100.0,131,2.9023875462189888,21.374045801526716,41.221374045801525,81.6793893129771,100.0,100.0
C121,Chest,301,test/C121/Low_Dose/00000007.dcm,130.0,262144,6.182674884796143,297,3.1332226891308923,13.131313131313131,28.282828282828284,81.81818181818181,100.0,100.0,0,,,,,,,153,3.27386434717116,10.457516339869281,24.836601307189543,82.3529411764706,100.0,100.0,144,2.9837909274631076,15.972222222222221,31.944444444444443,81.25,100.0,100.0
C121,Chest,302,test/C121/Low_Dose/00000119.dcm,130.0,262144,6.173242568969727,263,3.0268429368167777,16.730038022813687,35.361216730038024,81.36882129277566,100.0,100.0,0,,,,,,,126,2.966277591765873,15.079365079365079,36.507936507936506,82.53968253968254,100.0,100.0,137,3.0825453709511863,18.248175182481752,34.306569343065696,80.2919708029197,100.0,100.0
C121,Chest,303,test/C121/Low_Dose/00000140.dcm,130.0,262144,6.170105934143066,263,3.140175706986692,13.688212927756654,30.79847908745247,80.98859315589354,100.0,100.0,0,,,,,,,143,3.187168788243007,13.986013986013987,29.37062937062937,80.41958041958041,100.0,100.0,120,3.084175618489583,13.333333333333334,32.5,81.66666666666667,100.0,100.0
C121,Chest,304,test/C121/Low_Dose/00000125.dcm,130.0,262144,6.143232345581055,251,3.2023220594185755,14.342629482071713,27.09163346613546,80.87649402390439,100.0,100.0,0,,,,,,,132,3.1015273585464014,14.393939393939394,28.78787878787879,79.54545454545455,100.0,100.0,119,3.314127946100315,14.285714285714286,25.210084033613445,82.3529411764706,100.0,100.0
C121,Chest,305,test/C121/Low_Dose/00000269.dcm,130.0,262144,6.138708591461182,214,3.232257593457944,14.953271028037383,29.906542056074766,77.10280373831776,100.0,100.0,0,,,,,,,111,3.1497901710304053,15.315315315315315,30.63063063063063,79.27927927927928,100.0,100.0,103,3.3211302525788833,14.563106796116505,29.12621359223301,74.75728155339806,100.0,100.0
C121,Chest,306,test/C121/Low_Dose/00000300.dcm,130.0,262144,6.127415657043457,204,3.118344176049326,16.176470588235293,30.392156862745097,83.33333333333333,100.0,100.0,0,,,,,,,117,3.240631886017628,15.384615384615385,29.05982905982906,81.19658119658119,100.0,100.0,87,2.953888290229885,17.24137931034483,32.18390804597701,86.20689655172414,100.0,100.0
C121,Chest,307,test/C121/Low_Dose/00000102.dcm,130.0,262144,6.05791711807251,192,3.139345169067383,11.979166666666666,27.604166666666668,85.9375,100.0,100.0,0,,,,,,,106,3.220661667158019,12.264150943396226,22.641509433962263,86.79245283018868,100.0,100.0,86,3.0391178574672963,11.627906976744185,33.72093023255814,84.88372093023256,100.0,100.0
C121,Chest,308,test/C121/Low_Dose/00000215.dcm,130.0,262144,6.028352737426758,192,3.032931645711263,15.104166666666666,31.25,84.89583333333333,100.0,100.0,0,,,,,,,97,3.1370182627255154,14.43298969072165,24.742268041237114,86.5979381443299,100.0,100.0,95,2.9266537314967107,15.789473684210526,37.89473684210526,83.15789473684211,100.0,100.0
C121,Chest,309,test/C121/Low_Dose/00000326.dcm,130.0,262144,6.00905179977417,217,2.937035345262097,18.433179723502302,33.64055299539171,86.17511520737327,100.0,100.0,0,,,,,,,116,2.9518348430765085,16.379310344827587,33.62068965517241,90.51724137931035,100.0,100.0,101,2.920037902227723,20.792079207920793,33.663366336633665,81.18811881188118,100.0,100.0
C121,Chest,310,test/C121/Low_Dose/00000296.dcm,130.0,262144,5.952247142791748,243,3.05846866560571,17.28395061728395,34.5679012345679,80.65843621399176,100.0,100.0,0,,,,,,,143,3.1696137114838288,16.783216783216783,31.46853146853147,79.72027972027972,100.0,100.0,100,2.89953125,18.0,39.0,82.0,100.0,100.0
C121,Chest,311,test/C121/Low_Dose/00000236.dcm,130.0,262144,5.911792278289795,264,2.986009539979877,16.28787878787879,31.818181818181817,85.60606060606061,100.0,100.0,0,,,,,,,137,2.9818346900661497,14.598540145985401,31.386861313868614,87.5912408759124,100.0,100.0,127,2.9905131182332676,18.11023622047244,32.28346456692913,83.46456692913385,100.0,100.0
C121,Chest,312,test/C121/Low_Dose/00000113.dcm,130.0,262144,5.863126754760742,258,2.984211293301841,17.441860465116278,32.945736434108525,82.55813953488372,100.0,100.0,0,,,,,,,139,2.8506860527203237,20.14388489208633,37.410071942446045,83.45323741007195,100.0,100.0,119,3.140177750787815,14.285714285714286,27.73109243697479,81.5126050420168,100.0,100.0
C121,Chest,313,test/C121/Low_Dose/00000197.dcm,130.0,262144,5.808964729309082,230,2.951869268002717,17.391304347826086,32.608695652173914,83.04347826086956,100.0,100.0,0,,,,,,,117,3.060070070446047,14.52991452991453,29.914529914529915,84.61538461538461,100.0,100.0,113,2.839838348658739,20.353982300884955,35.39823008849557,81.41592920353982,100.0,100.0
C121,Chest,314,test/C121/Low_Dose/00000114.dcm,130.0,262144,5.79611349105835,272,2.8413934146656707,15.073529411764707,33.088235294117645,86.3970588235294,100.0,100.0,0,,,,,,,161,2.785325328755823,16.149068322981368,33.54037267080745,88.19875776397515,100.0,100.0,111,2.9227173951295047,13.513513513513514,32.432432432432435,83.78378378378379,100.0,100.0
C121,Chest,315,test/C121/Low_Dose/00000288.dcm,130.0,262144,5.782830238342285,274,2.871649749087591,17.883211678832115,35.03649635036496,85.03649635036497,100.0,100.0,0,,,,,,,151,2.8486481723406456,17.880794701986755,35.76158940397351,85.43046357615894,100.0,100.0,123,2.8998874571265243,17.88617886178862,34.146341463414636,84.55284552845528,100.0,100.0
C121,Chest,316,test/C121/Low_Dose/00000218.dcm,130.0,262144,5.747946739196777,223,2.869754260965527,17.04035874439462,34.97757847533632,87.89237668161435,100.0,100.0,0,,,,,,,128,2.985605239868164,13.28125,33.59375,86.71875,100.0,100.0,95,2.713660310444079,22.105263157894736,36.8421052631579,89.47368421052632,100.0,100.0
C121,Chest,317,test/C121/Low_Dose/00000276.dcm,130.0,262144,5.761837005615234,222,2.806351945206926,21.62162162162162,40.090090090090094,86.93693693693693,100.0,100.0,0,,,,,,,122,2.9496670081967213,22.131147540983605,39.34426229508197,82.78688524590164,100.0,100.0,100,2.631507568359375,21.0,41.0,92.0,100.0,100.0
C121,Chest,318,test/C121/Low_Dose/00000069.dcm,130.0,262144,5.769952297210693,255,2.890027573529412,16.862745098039216,33.72549019607843,87.05882352941177,100.0,100.0,0,,,,,,,133,2.8077245726621243,20.30075187969925,34.58646616541353,90.22556390977444,100.0,100.0,122,2.9797513367699797,13.114754098360656,32.78688524590164,83.60655737704919,100.0,100.0
C121,Chest,319,test/C121/Low_Dose/00000303.dcm,130.0,262144,5.775017261505127,264,2.7732659542199336,21.59090909090909,35.60606060606061,86.36363636363636,100.0,100.0,0,,,,,,,148,2.8639575855152026,16.89189189189189,34.45945945945946,87.16216216216216,100.0,100.0,116,2.657555941877694,27.586206896551722,37.06896551724138,85.34482758620689,100.0,100.0
C121,Chest,320,test/C121/Low_Dose/00000224.dcm,130.0,262144,5.79017448425293,322,2.760537094210986,19.565217391304348,36.64596273291925,89.44099378881988,100.0,100.0,0,,,,,,,167,2.841423354462949,19.760479041916167,34.73053892215569,89.82035928143712,100.0,100.0,155,2.673388671875,19.35483870967742,38.70967741935484,89.03225806451613,100.0,100.0
C121,Chest,321,test/C121/Low_Dose/00000104.dcm,130.0,262144,5.823883533477783,294,3.121659674612032,13.605442176870747,30.272108843537413,84.01360544217687,100.0,100.0,0,,,,,,,165,3.0935376716382574,13.93939393939394,31.515151515151516,86.06060606060606,100.0,100.0,129,3.157629678415698,13.178294573643411,28.68217054263566,81.3953488372093,100.0,100.0
C121,Chest,322,test/C121/Low_Dose/00000371.dcm,130.0,262144,5.84701681137085,294,3.1084607182716835,11.564625850340136,26.87074829931973,84.35374149659864,100.0,100.0,0,,,,,,,161,3.050480244322593,13.043478260869565,30.434782608695652,86.33540372670808,100.0,100.0,133,3.178647607789004,9.774436090225564,22.55639097744361,81.95488721804512,100.0,100.0
C121,Chest,323,test/C121/Low_Dose/00000263.dcm,130.0,262144,5.884462833404541,270,2.967084870515046,16.296296296296298,31.11111111111111,87.03703703703704,100.0,100.0,0,,,,,,,160,3.105945587158203,16.25,28.75,85.625,100.0,100.0,110,2.765105646306818,16.363636363636363,34.54545454545455,89.0909090909091,100.0,100.0
C121,Chest,324,test/C121/Low_Dose/00000285.dcm,130.0,262144,5.925100803375244,245,3.1297966159119897,14.693877551020408,29.387755102040817,79.59183673469387,100.0,100.0,0,,,,,,,144,2.989529079861111,15.277777777777779,31.944444444444443,84.02777777777777,100.0,100.0,101,3.3297820138459158,13.861386138613861,25.742574257425744,73.26732673267327,100.0,100.0
C121,Chest,325,test/C121/Low_Dose/00000275.dcm,130.0,262144,5.975402355194092,254,2.988713302011565,20.078740157480315,32.28346456692913,85.03937007874016,100.0,100.0,0,,,,,,,136,2.909963271197151,19.11764705882353,35.294117647058826,88.23529411764706,100.0,100.0,118,3.0794760493908897,21.1864406779661,28.8135593220339,81.35593220338983,100.0,100.0
C121,Chest,326,test/C121/Low_Dose/00000292.dcm,130.0,262144,5.966454029083252,281,3.081194568783363,16.370106761565836,33.096085409252666,80.42704626334519,100.0,100.0,0,,,,,,,154,3.1045231014103085,16.883116883116884,34.41558441558441,80.51948051948052,100.0,100.0,127,3.0529064268577755,15.748031496062993,31.496062992125985,80.31496062992126,100.0,100.0
C121,Chest,327,test/C121/Low_Dose/00000009.dcm,130.0,262144,5.955255031585693,264,3.14503525242661,11.742424242424242,28.40909090909091,84.46969696969697,100.0,100.0,0,,,,,,,152,3.3375750089946545,9.868421052631579,25.0,81.57894736842105,100.0,100.0,112,2.8837312970842635,14.285714285714286,33.035714285714285,88.39285714285714,100.0,100.0
C121,Chest,328,test/C121/Low_Dose/00000324.dcm,130.0,262144,5.96555757522583,236,2.8470071049059853,21.610169491525422,36.440677966101696,83.89830508474576,100.0,100.0,0,,,,,,,143,3.1002333847792833,19.58041958041958,32.86713286713287,79.02097902097903,100.0,100.0,93,2.457637663810484,24.731182795698924,41.935483870967744,91.39784946236558,100.0,100.0
C121,Chest,329,test/C121/Low_Dose/00000333.dcm,130.0,262144,5.9437665939331055,211,2.915575940462085,15.165876777251185,35.54502369668246,86.72985781990522,100.0,100.0,0,,,,,,,114,3.1030851665296053,13.157894736842104,29.82456140350877,85.96491228070175,100.0,100.0,97,2.695204272712629,17.52577319587629,42.2680412371134,87.62886597938144,100.0,100.0
C121,Chest,330,test/C121/Low_Dose/00000022.dcm,130.0,262144,5.947276592254639,198,2.9112986555003157,17.67676767676768,33.333333333333336,85.85858585858585,100.0,100.0,0,,,,,,,120,2.9931315104166667,15.0,31.666666666666668,85.83333333333333,100.0,100.0,78,2.7854019556290064,21.794871794871796,35.8974358974359,85.8974358974359,100.0,100.0
C121,Chest,331,test/C121/Low_Dose/00000171.dcm,130.0,262144,5.955838203430176,172,2.766136701716933,19.767441860465116,39.53488372093023,83.72093023255815,100.0,100.0,0,,,,,,,98,2.740753796635842,21.428571428571427,40.816326530612244,83.6734693877551,100.0,100.0,74,2.7997519003378377,17.56756756756757,37.83783783783784,83.78378378378379,100.0,100.0
C121,Chest,332,test/C121/Low_Dose/00000174.dcm,130.0,262144,5.9609856605529785,173,3.231383218930636,12.138728323699421,29.479768786127167,79.76878612716763,100.0,100.0,0,,,,,,,100,3.23314453125,11.0,26.0,80.0,100.0,100.0,73,3.228970462328767,13.698630136986301,34.24657534246575,79.45205479452055,100.0,100.0
C121,Chest,333,test/C121/Low_Dose/00000225.dcm,130.0,262144,5.972296237945557,167,3.1819161969030687,15.568862275449101,30.538922155688624,79.04191616766467,100.0,100.0,0,,,,,,,83,3.4217676369540664,7.228915662650603,22.89156626506024,74.6987951807229,100.0,100.0,84,2.944920131138393,23.80952380952381,38.095238095238095,83.33333333333333,100.0,100.0
C121,Chest,334,test/C121/Low_Dose/00000365.dcm,130.0,262144,5.943665981292725,157,2.9851641806827227,15.286624203821656,33.12101910828026,85.98726114649682,100.0,100.0,0,,,,,,,92,3.0880020805027173,14.130434782608695,32.608695652173914,84.78260869565217,100.0,100.0,65,2.8396089993990383,16.923076923076923,33.84615384615385,87.6923076923077,100.0,100.0
C121,Chest,335,test/C121/Low_Dose/00000169.dcm,130.0,262144,5.920582294464111,165,2.923830344460227,18.181818181818183,35.75757575757576,83.63636363636364,100.0,100.0,0,,,,,,,92,2.8776921811311142,17.391304347826086,32.608695652173914,83.69565217391305,100.0,100.0,73,2.9819770708476026,19.17808219178082,39.726027397260275,83.56164383561644,100.0,100.0
C121,Chest,336,test/C121/Low_Dose/00000272.dcm,130.0,262144,5.919227600097656,186,3.021686512936828,12.365591397849462,31.72043010752688,84.94623655913979,100.0,100.0,0,,,,,,,109,3.0266673236811927,11.926605504587156,33.944954128440365,85.3211009174312,100.0,100.0,77,3.0146357548701297,12.987012987012987,28.571428571428573,84.41558441558442,100.0,100.0
C121,Chest,337,test/C121/Low_Dose/00000135.dcm,130.0,262144,5.90831995010376,188,3.242288143076795,13.297872340425531,29.78723404255319,78.72340425531915,100.0,100.0,0,,,,,,,97,3.5062155182828607,6.185567010309279,23.711340206185568,76.28865979381443,100.0,100.0,91,2.960958962912088,20.87912087912088,36.26373626373626,81.31868131868131,100.0,100.0
C121,Chest,338,test/C121/Low_Dose/00000238.dcm,130.0,262144,5.903155326843262,203,2.8207123855064653,18.7192118226601,34.48275862068966,89.65517241379311,100.0,100.0,0,,,,,,,99,2.6838243272569446,24.242424242424242,39.39393939393939,91.91919191919192,100.0,100.0,104,2.951019287109375,13.461538461538462,29.807692307692307,87.5,100.0,100.0
C121,Chest,339,test/C121/Low_Dose/00000131.dcm,130.0,262144,5.908107280731201,200,2.7652008056640627,19.0,39.5,83.5,100.0,100.0,0,,,,,,,100,2.813289794921875,20.0,39.0,82.0,100.0,100.0,100,2.71711181640625,18.0,40.0,85.0,100.0,100.0
C121,Chest,340,test/C121/Low_Dose/00000385.dcm,130.0,262144,5.928600788116455,164,3.085650188166921,15.853658536585366,29.878048780487806,81.09756097560975,100.0,100.0,0,,,,,,,92,3.3736678413722827,13.043478260869565,23.91304347826087,78.26086956521739,100.0,100.0,72,2.7176276312934027,19.444444444444443,37.5,84.72222222222223,100.0,100.0
C121,Chest,341,test/C121/Low_Dose/00000025.dcm,130.0,262144,5.928274154663086,150,2.93292236328125,17.333333333333332,34.666666666666664,83.33333333333333,100.0,100.0,0,,,,,,,85,2.968255974264706,15.294117647058824,31.764705882352942,84.70588235294117,100.0,100.0,65,2.8867168719951923,20.0,38.46153846153846,81.53846153846153,100.0,100.0
C121,Chest,342,test/C121/Low_Dose/00000057.dcm,130.0,262144,5.891414165496826,140,3.1437447684151785,14.285714285714286,24.285714285714285,86.42857142857143,100.0,100.0,0,,,,,,,75,3.258509114583333,12.0,20.0,89.33333333333333,100.0,100.0,65,3.0113243689903846,16.923076923076923,29.23076923076923,83.07692307692308,100.0,100.0
C121,Chest,343,test/C121/Low_Dose/00000362.dcm,130.0,262144,5.88800573348999,133,2.8875429540648496,21.05263157894737,30.827067669172934,87.21804511278195,100.0,100.0,0,,,,,,,80,2.8658050537109374,18.75,30.0,87.5,100.0,100.0,53,2.9203548791273586,24.528301886792452,32.075471698113205,86.79245283018868,100.0,100.0
C121,Chest,344,test/C121/Low_Dose/00000167.dcm,130.0,262144,5.859442234039307,126,3.128111824156746,9.523809523809524,30.952380952380953,86.5079365079365,100.0,100.0,0,,,,,,,75,3.2151253255208334,8.0,26.666666666666668,86.66666666666667,100.0,100.0,51,3.0001507927389706,11.764705882352942,37.254901960784316,86.27450980392157,100.0,100.0
C121,Chest,345,test/C121/Low_Dose/00000343.dcm,130.0,262144,5.848402976989746,179,3.114345103002793,12.29050279329609,30.726256983240223,84.35754189944134,100.0,100.0,0,,,,,,,87,3.3084604548311782,10.344827586206897,26.436781609195403,80.45977011494253,100.0,100.0,92,2.9307794985563858,14.130434782608695,34.78260869565217,88.04347826086956,100.0,100.0
C121,Chest,346,test/C121/Low_Dose/00000338.dcm,130.0,262144,5.820380687713623,241,3.05820727842972,14.107883817427386,28.630705394190873,85.89211618257261,100.0,100.0,0,,,,,,,131,3.0734406682371183,13.740458015267176,28.244274809160306,85.49618320610686,100.0,100.0,110,3.0400656960227272,14.545454545454545,29.09090909090909,86.36363636363636,100.0,100.0
C121,Chest,347,test/C121/Low_Dose/00000054.dcm,130.0,262144,5.795487403869629,187,3.0107983267881018,15.508021390374331,32.62032085561497,82.3529411764706,100.0,100.0,0,,,,,,,98,3.143043985172194,11.224489795918368,29.591836734693878,79.59183673469387,100.0,100.0,89,2.8651795119382024,20.224719101123597,35.95505617977528,85.3932584269663,100.0,100.0
C121,Chest,348,test/C121/Low_Dose/00000235.dcm,130.0,262144,5.777393817901611,214,3.026570257739486,16.35514018691589,31.30841121495327,86.91588785046729,100.0,100.0,0,,,,,,,122,3.04418445024334,18.852459016393443,31.147540983606557,86.06557377049181,100.0,100.0,92,3.003212306810462,13.043478260869565,31.52173913043478,88.04347826086956,100.0,100.0
C121,Chest,349,test/C121/Low_Dose/00000126.dcm,130.0,262144,5.767875671386719,226,3.031941371681416,14.601769911504425,27.876106194690266,89.82300884955752,100.0,100.0,0,,,,,,,127,3.117190383550689,11.811023622047244,25.984251968503937,88.97637795275591,100.0,100.0,99,2.9225815281723486,18.181818181818183,30.303030303030305,90.9090909090909,100.0,100.0
C121,Chest,350,test/C121/Low_Dose/00000090.dcm,130.0,262144,5.758656024932861,220,2.816299715909091,15.454545454545455,37.72727272727273,86.36363636363636,100.0,100.0,0,,,,,,,128,2.8228111267089844,14.84375,34.375,89.0625,100.0,100.0,92,2.8072403617527173,16.304347826086957,42.391304347826086,82.6086956521739,100.0,100.0
C121,Chest,351,test/C121/Low_Dose/00000178.dcm,130.0,262144,5.708868503570557,204,2.921346627029718,17.647058823529413,34.31372549019608,88.23529411764706,100.0,100.0,0,,,,,,,112,2.941986083984375,15.178571428571429,33.92857142857143,89.28571428571429,100.0,100.0,92,2.8962203316066577,20.652173913043477,34.78260869565217,86.95652173913044,100.0,100.0
C121,Chest,352,test/C121/Low_Dose/00000193.dcm,130.0,262144,5.698409080505371,221,3.0306932268099547,16.742081447963802,29.41176470588235,86.87782805429865,100.0,100.0,0,,,,,,,120,3.2189900716145834,13.333333333333334,23.333333333333332,86.66666666666667,100.0,100.0,101,2.806974203279703,20.792079207920793,36.633663366336634,87.12871287128714,100.0,100.0
C121,Chest,353,test/C121/Low_Dose/00000100.dcm,130.0,262144,5.680558204650879,160,2.838239288330078,15.0,33.75,90.0,100.0,100.0,0,,,,,,,81,2.949367947048611,17.28395061728395,30.864197530864196,87.65432098765432,100.0,100.0,79,2.724297245846519,12.658227848101266,36.70886075949367,92.40506329113924,100.0,100.0
C121,Chest,354,test/C121/Low_Dose/00000030.dcm,130.0,262144,5.6690568923950195,155,3.000794638356855,16.129032258064516,29.677419354838708,86.45161290322581,100.0,100.0,0,,,,,,,74,2.948421993771115,18.91891891891892,32.432432432432435,85.13513513513513,100.0,100.0,81,3.0486412519290123,13.580246913580247,27.160493827160494,87.65432098765432,100.0,100.0
C121,Chest,355,test/C121/Low_Dose/00000214.dcm,130.0,262144,5.678844451904297,157,2.7589111328125,15.92356687898089,35.6687898089172,89.171974522293,100.0,100.0,0,,,,,,,94,2.582255911319814,18.085106382978722,38.297872340425535,91.48936170212765,100.0,100.0,63,3.022491939484127,12.698412698412698,31.746031746031747,85.71428571428571,100.0,100.0
C121,Chest,356,test/C121/Low_Dose/00000115.dcm,130.0,262144,5.688830375671387,166,2.432375252964985,23.49397590361446,45.18072289156626,91.56626506024097,100.0,100.0,0,,,,,,,89,2.462865936622191,24.719101123595507,42.69662921348315,89.88764044943821,100.0,100.0,77,2.3971327744521105,22.07792207792208,48.05194805194805,93.50649350649351,100.0,100.0
C121,Chest,357,test/C121/Low_Dose/00000089.dcm,130.0,262144,5.717884540557861,211,2.7277542765106637,17.061611374407583,42.18009478672986,87.20379146919431,100.0,100.0,0,,,,,,,118,2.7107750844147245,16.949152542372882,43.220338983050844,87.28813559322033,100.0,100.0,93,2.7492977675571235,17.204301075268816,40.86021505376344,87.09677419354838,100.0,100.0
C121,Chest,358,test/C121/Low_Dose/00000284.dcm,130.0,262144,5.758894920349121,197,2.9621613013562818,15.736040609137056,31.97969543147208,88.3248730964467,100.0,100.0,0,,,,,,,114,2.912362081962719,16.666666666666668,34.21052631578947,88.59649122807018,100.0,100.0,83,3.0305602291980422,14.457831325301205,28.91566265060241,87.95180722891567,100.0,100.0
C121,Chest,359,test/C121/Low_Dose/00000279.dcm,130.0,262144,5.759687900543213,218,2.6544894997133026,20.18348623853211,39.44954128440367,91.28440366972477,100.0,100.0,0,,,,,,,108,2.728321216724537,18.51851851851852,35.18518518518518,92.5925925925926,100.0,100.0,110,2.582000177556818,21.818181818181817,43.63636363636363,90.0,100.0,100.0
C121,Chest,360,test/C121/Low_Dose/00000342.dcm,130.0,262144,5.761726379394531,232,2.8164215087890625,18.96551724137931,34.91379310344828,90.08620689655173,100.0,100.0,0,,,,,,,130,2.8240497295673075,17.692307692307693,35.38461538461539,90.0,100.0,100.0,102,2.806699266620711,20.58823529411765,34.31372549019608,90.19607843137256,100.0,100.0
C121,Chest,361,test/C121/Low_Dose/00000015.dcm,130.0,262144,5.768631458282471,206,3.148286986119539,12.135922330097088,27.66990291262136,83.49514563106796,100.0,100.0,0,,,,,,,104,3.2556868333082933,10.576923076923077,24.03846153846154,81.73076923076923,100.0,100.0,102,3.0387812595741424,13.72549019607843,31.372549019607842,85.29411764705883,100.0,100.0
C121,Chest,362,test/C121/Low_Dose/00000239.dcm,130.0,262144,5.768518924713135,158,2.8265164532238924,21.518987341772153,32.278481012658226,89.24050632911393,100.0,100.0,0,,,,,,,89,2.809992758075843,17.97752808988764,30.337078651685392,89.88764044943821,100.0,100.0,69,2.8478296252264492,26.08695652173913,34.78260869565217,88.40579710144928,100.0,100.0
C121,Chest,363,test/C121/Low_Dose/00000024.dcm,130.0,262144,5.766138553619385,160,3.026103973388672,12.5,30.625,85.0,100.0,100.0,0,,,,,,,91,2.9686453683035716,14.285714285714286,29.67032967032967,83.51648351648352,100.0,100.0,69,3.101882713428442,10.144927536231885,31.884057971014492,86.95652173913044,100.0,100.0
C121,Chest,364,test/C121/Low_Dose/00000037.dcm,130.0,262144,5.803891658782959,172,2.868507562681686,13.372093023255815,36.04651162790697,89.53488372093024,100.0,100.0,0,,,,,,,97,2.792408736710696,15.463917525773196,37.11340206185567,89.69072164948453,100.0,100.0,75,2.9669287109375,10.666666666666666,34.666666666666664,89.33333333333333,100.0,100.0
C121,Chest,365,test/C121/Low_Dose/00000309.dcm,130.0,262144,5.789337158203125,176,2.8453209616921167,19.318181818181817,38.63636363636363,88.63636363636364,100.0,100.0,0,,,,,,,92,2.897738249405571,17.391304347826086,36.95652173913044,89.1304347826087,100.0,100.0,84,2.7879115513392856,21.428571428571427,40.476190476190474,88.0952380952381,100.0,100.0
C121,Chest,366,test/C121/Low_Dose/00000068.dcm,130.0,262144,5.790259838104248,181,2.9827509927486187,16.022099447513813,33.149171270718234,84.5303867403315,100.0,100.0,0,,,,,,,111,2.929667704814189,18.91891891891892,32.432432432432435,86.48648648648648,100.0,100.0,70,3.0669259207589286,11.428571428571429,34.285714285714285,81.42857142857143,100.0,100.0
C121,Chest,367,test/C121/Low_Dose/00000366.dcm,130.0,262144,5.826852321624756,195,2.9912159455128204,18.46153846153846,30.256410256410255,84.1025641025641,100.0,100.0,0,,,,,,,111,3.271341409769144,10.81081081081081,21.62162162162162,83.78378378378379,100.0,100.0,84,2.6210501534598216,28.571428571428573,41.666666666666664,84.52380952380952,100.0,100.0
C121,Chest,368,test/C121/Low_Dose/00000014.dcm,130.0,262144,5.836188316345215,163,2.9141456276361195,19.01840490797546,32.515337423312886,85.2760736196319,100.0,100.0,0,,,,,,,87,2.8681163568606323,14.942528735632184,29.885057471264368,90.80459770114942,100.0,100.0,76,2.966837029708059,23.68421052631579,35.526315789473685,78.94736842105263,100.0,100.0
C121,Chest,369,test/C121/Low_Dose/00000128.dcm,130.0,262144,5.838220596313477,163,3.0054325033550615,15.950920245398773,31.901840490797547,85.2760736196319,100.0,100.0,0,,,,,,,95,3.092948190789474,15.789473684210526,31.57894736842105,82.10526315789474,100.0,100.0,68,2.8831679400275734,16.176470588235293,32.35294117647059,89.70588235294117,100.0,100.0
C121,Chest,370,test/C121/Low_Dose/00000328.dcm,130.0,262144,5.827356815338135,156,3.003589336688702,16.666666666666668,30.128205128205128,84.61538461538461,100.0,100.0,0,,,,,,,86,3.1072870298873547,10.465116279069768,26.74418604651163,87.20930232558139,100.0,100.0,70,2.8761893136160714,24.285714285714285,34.285714285714285,81.42857142857143,100.0,100.0
C121,Chest,371,test/C121/Low_Dose/00000227.dcm,130.0,262144,5.855916976928711,124,2.9576632591985885,17.741935483870968,33.064516129032256,88.70967741935483,100.0,100.0,0,,,,,,,67,2.797049906716418,23.880597014925375,38.80597014925373,88.05970149253731,100.0,100.0,57,3.1464543928179824,10.526315789473685,26.31578947368421,89.47368421052632,100.0,100.0
C121,Chest,372,test/C121/Low_Dose/00000369.dcm,130.0,262144,5.861670970916748,139,2.925934057441547,15.107913669064748,35.25179856115108,87.05035971223022,100.0,100.0,0,,,,,,,83,3.1257971338478914,13.25301204819277,27.710843373493976,85.5421686746988,100.0,100.0,56,2.6297084263392856,17.857142857142858,46.42857142857143,89.28571428571429,100.0,100.0
C121,Chest,373,test/C121/Low_Dose/00000273.dcm,130.0,262144,5.863890171051025,122,2.655180383901127,22.131147540983605,39.34426229508197,91.80327868852459,100.0,100.0,0,,,,,,,67,2.6204159864738807,22.388059701492537,38.80597014925373,94.02985074626865,100.0,100.0,55,2.6975297407670453,21.818181818181817,40.0,89.0909090909091,100.0,100.0
C121,Chest,374,test/C121/Low_Dose/00000067.dcm,130.0,262144,5.876688480377197,122,2.9934322169569674,14.754098360655737,30.327868852459016,83.60655737704919,100.0,100.0,0,,,,,,,68,3.011709774241728,17.647058823529413,29.41176470588235,79.41176470588235,100.0,100.0,54,2.970416033709491,11.11111111111111,31.48148148148148,88.88888888888889,100.0,100.0
C121,Chest,375,test/C121/Low_Dose/00000020.dcm,130.0,262144,5.820945739746094,154,2.9146680955762987,13.636363636363637,34.41558441558441,83.76623376623377,100.0,100.0,0,,,,,,,89,3.018092466204354,8.98876404494382,31.46067415730337,85.3932584269663,100.0,100.0,65,2.7730562650240387,20.0,38.46153846153846,81.53846153846153,100.0,100.0
C121,Chest,376,test/C121/Low_Dose/00000220.dcm,130.0,262144,5.732878684997559,123,2.6881550114329267,21.13821138211382,43.08943089430894,88.6178861788618,100.0,100.0,0,,,,,,,70,2.828322056361607,18.571428571428573,38.57142857142857,88.57142857142857,100.0,100.0,53,2.503028725678066,24.528301886792452,49.056603773584904,88.67924528301887,100.0,100.0
C121,Chest,377,test/C121/Low_Dose/00000182.dcm,130.0,262144,5.710495471954346,120,2.9469329833984377,15.833333333333334,31.666666666666668,85.0,100.0,100.0,0,,,,,,,63,3.0638330853174605,11.11111111111111,30.158730158730158,85.71428571428571,100.0,100.0,57,2.8177276075932016,21.05263157894737,33.333333333333336,84.21052631578948,100.0,100.0
C121,Chest,378,test/C121/Low_Dose/00000390.dcm,130.0,262144,5.71159029006958,94,2.8190021920711437,18.085106382978722,34.04255319148936,86.17021276595744,100.0,100.0,0,,,,,,,54,2.836337619357639,16.666666666666668,29.62962962962963,85.18518518518519,100.0,100.0,40,2.795599365234375,20.0,40.0,87.5,100.0,100.0
C121,Chest,379,test/C121/Low_Dose/00000110.dcm,130.0,262144,5.783011436462402,94,2.6877142723570477,27.659574468085108,40.42553191489362,87.23404255319149,100.0,100.0,0,,,,,,,60,2.6366170247395835,28.333333333333332,43.333333333333336,88.33333333333333,100.0,100.0,34,2.7778858857996322,26.470588235294116,35.294117647058826,85.29411764705883,100.0,100.0
C121,Chest,380,test/C121/Low_Dose/00000370.dcm,130.0,262144,5.893658638000488,83,2.9057249505835845,16.867469879518072,37.34939759036145,86.74698795180723,100.0,100.0,0,,,,,,,44,3.1360529119318183,9.090909090909092,31.818181818181817,86.36363636363636,100.0,100.0,39,2.6458677634214745,25.641025641025642,43.58974358974359,87.17948717948718,100.0,100.0
C121,Chest,381,test/C121/Low_Dose/00000212.dcm,130.0,262144,6.047162055969238,107,2.8402555946991823,14.018691588785046,37.38317757009346,89.7196261682243,100.0,100.0,0,,,,,,,59,2.7156961731991527,16.949152542372882,38.983050847457626,91.52542372881356,100.0,100.0,48,2.9933598836263022,10.416666666666666,35.416666666666664,87.5,100.0,100.0
C121,Chest,382,test/C121/Low_Dose/00000237.dcm,130.0,262144,6.190789699554443,97,2.9575358911887886,19.587628865979383,32.98969072164948,82.47422680412372,100.0,100.0,0,,,,,,,57,3.0544390762061404,19.29824561403509,29.82456140350877,80.70175438596492,100.0,100.0,40,2.8194488525390624,20.0,37.5,85.0,100.0,100.0
C121,Chest,383,test/C121/Low_Dose/00000021.dcm,130.0,262144,6.405396461486816,82,3.277424137766768,12.195121951219512,23.170731707317074,79.26829268292683,100.0,100.0,0,,,,,,,46,3.441838803498641,8.695652173913043,15.217391304347826,76.08695652173913,100.0,100.0,36,3.0673387315538196,16.666666666666668,33.333333333333336,83.33333333333333,100.0,100.0
C121,Chest,384,test/C121/Low_Dose/00000095.dcm,130.0,262144,6.541191577911377,45,3.4311659071180554,13.333333333333334,20.0,71.11111111111111,100.0,100.0,0,,,,,,,23,3.666578209918478,4.3478260869565215,13.043478260869565,69.56521739130434,100.0,100.0,22,3.1850530450994317,22.727272727272727,27.272727272727273,72.72727272727273,100.0,100.0
C121,Chest,385,test/C121/Low_Dose/00000156.dcm,130.0,262144,6.570200443267822,47,2.6342020237699466,23.404255319148938,44.680851063829785,87.23404255319149,100.0,100.0,0,,,,,,,26,2.262493426983173,23.076923076923077,57.69230769230769,96.15384615384616,100.0,100.0,21,3.0944126674107144,23.80952380952381,28.571428571428573,76.19047619047619,100.0,100.0
C121,Chest,386,test/C121/Low_Dose/00000266.dcm,130.0,262144,6.5705037117004395,42,3.241396949404762,11.904761904761905,30.952380952380953,78.57142857142857,100.0,100.0,0,,,,,,,27,3.217158564814815,11.11111111111111,29.62962962962963,81.48148148148148,100.0,100.0,15,3.285026041666667,13.333333333333334,33.333333333333336,73.33333333333333,100.0,100.0
C121,Chest,387,test/C121/Low_Dose/00000055.dcm,130.0,262144,6.502401828765869,35,3.377943638392857,11.428571428571429,28.571428571428573,80.0,100.0,100.0,0,,,,,,,17,3.1621237362132355,5.882352941176471,35.294117647058826,82.3529411764706,100.0,100.0,18,3.5817735460069446,16.666666666666668,22.22222222222222,77.77777777777777,100.0,100.0
C121,Chest,388,test/C121/Low_Dose/00000270.dcm,130.0,262144,6.372947692871094,22,3.288552024147727,4.545454545454546,22.727272727272727,90.9090909090909,100.0,100.0,0,,,,,,,10,3.29700927734375,0.0,30.0,100.0,100.0,100.0,12,3.2815043131510415,8.333333333333334,16.666666666666668,83.33333333333333,100.0,100.0
C121,Chest,389,test/C121/Low_Dose/00000358.dcm,130.0,262144,6.226545333862305,24,2.5083719889322915,33.333333333333336,54.166666666666664,87.5,100.0,100.0,0,,,,,,,17,2.6899773092830883,35.294117647058826,47.05882352941177,88.23529411764706,100.0,100.0,7,2.0673304966517856,28.571428571428573,71.42857142857143,85.71428571428571,100.0,100.0
C121,Chest,390,test/C121/Low_Dose/00000181.dcm,130.0,262144,6.0081610679626465,11,3.2757013494318183,27.272727272727273,27.272727272727273,63.63636363636363,100.0,100.0,0,,,,,,,10,3.30582275390625,30.0,30.0,60.0,100.0,100.0,1,2.9744873046875,0.0,0.0,100.0,100.0,100.0
C121,Chest,391,test/C121/Low_Dose/00000318.dcm,130.0,262144,5.681762218475342,7,2.6475830078125,14.285714285714286,28.571428571428573,85.71428571428571,100.0,100.0,0,,,,,,,3,3.4702962239583335,0.0,33.333333333333336,66.66666666666667,100.0,100.0,4,2.030548095703125,25.0,25.0,100.0,100.0,100.0
C135,Chest,0,test/C135/Low_Dose/00000082.dcm,130.0,262144,5.180964946746826,248,2.580358689831149,18.951612903225808,39.516129032258064,97.58064516129032,100.0,100.0,0,,,,,,,96,2.586803436279297,19.791666666666668,37.5,100.0,100.0,100.0,152,2.5762883236533716,18.42105263157895,40.78947368421053,96.05263157894737,100.0,100.0
C135,Chest,1,test/C135/Low_Dose/00000174.dcm,130.0,262144,5.208322048187256,247,2.573127036152581,16.194331983805668,38.05668016194332,96.35627530364373,100.0,100.0,0,,,,,,,92,2.580649997877038,15.217391304347826,36.95652173913044,96.73913043478261,100.0,100.0,155,2.568661794354839,16.774193548387096,38.70967741935484,96.12903225806451,100.0,100.0
C135,Chest,2,test/C135/Low_Dose/00000355.dcm,130.0,262144,5.18848991394043,283,2.4989233657243815,19.434628975265017,40.28268551236749,99.64664310954063,100.0,100.0,0,,,,,,,95,2.6537841796875,12.631578947368421,34.73684210526316,100.0,100.0,100.0,188,2.420669231008976,22.872340425531913,43.08510638297872,99.46808510638297,100.0,100.0
C135,Chest,3,test/C135/Low_Dose/00000295.dcm,130.0,262144,5.200038909912109,282,2.541914703152704,19.858156028368793,39.716312056737586,98.22695035460993,100.0,100.0,0,,,,,,,114,2.4226888020833335,21.92982456140351,44.73684210526316,96.49122807017544,100.0,100.0,168,2.6228179931640625,18.452380952380953,36.30952380952381,99.4047619047619,100.0,100.0
C135,Chest,4,test/C135/Low_Dose/00000070.dcm,130.0,262144,5.186660289764404,291,2.5391598206615122,21.305841924398624,39.51890034364261,98.96907216494846,100.0,100.0,0,,,,,,,103,2.6054047519720873,15.533980582524272,41.74757281553398,100.0,100.0,100.0,188,2.5028660551030586,24.46808510638298,38.297872340425535,98.40425531914893,100.0,100.0
C135,Chest,5,test/C135/Low_Dose/00000026.dcm,130.0,262144,5.154086112976074,308,2.416591099330357,20.12987012987013,39.285714285714285,98.7012987012987,100.0,100.0,0,,,,,,,106,2.4636276533018866,21.69811320754717,40.56603773584906,97.16981132075472,100.0,100.0,202,2.3919085512066833,19.306930693069308,38.613861386138616,99.5049504950495,100.0,100.0
C135,Chest,6,test/C135/Low_Dose/00000219.dcm,130.0,262144,5.177417278289795,300,2.577001139322917,17.333333333333332,37.666666666666664,97.0,100.0,100.0,0,,,,,,,82,2.8442874071074695,13.414634146341463,29.26829268292683,93.90243902439025,100.0,100.0,218,2.4764622679544153,18.807339449541285,40.825688073394495,98.1651376146789,100.0,100.0
C135,Chest,7,test/C135/Low_Dose/00000131.dcm,130.0,262144,5.180322647094727,287,2.523148274172474,18.81533101045296,39.02439024390244,97.5609756097561,100.0,100.0,0,,,,,,,105,2.4689569382440477,20.952380952380953,41.904761904761905,96.19047619047619,100.0,100.0,182,2.5544125064388736,17.582417582417584,37.362637362637365,98.35164835164835,100.0,100.0
C135,Chest,8,test/C135/Low_Dose/00000272.dcm,130.0,262144,5.22493314743042,292,2.578020905795163,20.89041095890411,37.32876712328767,97.26027397260275,100.0,100.0,0,,,,,,,115,2.7362081776494565,17.391304347826086,34.78260869565217,97.3913043478261,100.0,100.0,177,2.475243864759887,23.163841807909606,38.983050847457626,97.17514124293785,100.0,100.0
C135,Chest,9,test/C135/Low_Dose/00000204.dcm,130.0,262144,5.277248382568359,244,2.558285072201588,19.262295081967213,39.75409836065574,95.49180327868852,100.0,100.0,0,,,,,,,102,2.5476672602634802,19.607843137254903,37.254901960784316,96.07843137254902,100.0,100.0,142,2.565911951199384,19.014084507042252,41.54929577464789,95.07042253521126,100.0,100.0
C135,Chest,10,test/C135/Low_Dose/00000281.dcm,130.0,262144,5.344583034515381,273,2.6904211917639653,17.582417582417584,35.53113553113553,94.50549450549451,100.0,100.0,0,,,,,,,112,2.7030301775251115,17.857142857142858,33.035714285714285,92.85714285714286,100.0,100.0,161,2.681649723408385,17.391304347826086,37.267080745341616,95.65217391304348,100.0,100.0
C135,Chest,11,test/C135/Low_Dose/00000157.dcm,130.0,262144,5.398867607116699,283,2.6380408189321995,22.261484098939928,40.98939929328622,93.28621908127208,100.0,100.0,0,,,,,,,116,2.713727227572737,18.103448275862068,38.793103448275865,93.10344827586206,100.0,100.0,167,2.5854682237088324,25.149700598802394,42.51497005988024,93.41317365269461,100.0,100.0
C135,Chest,12,test/C135/Low_Dose/00000083.dcm,130.0,262144,5.461266994476318,324,2.4992430887104553,24.382716049382715,42.901234567901234,93.82716049382717,100.0,100.0,0,,,,,,,143,2.4988168569711537,23.776223776223777,41.95804195804196,93.7062937062937,100.0,100.0,181,2.4995798353332184,24.861878453038674,43.646408839779006,93.92265193370166,100.0,100.0
C135,Chest,13,test/C135/Low_Dose/00000249.dcm,130.0,262144,5.523041725158691,293,2.8411473609481654,17.406143344709896,33.78839590443686,90.44368600682594,100.0,100.0,0,,,,,,,123,2.8294747205284554,14.634146341463415,32.520325203252035,93.4959349593496,100.0,100.0,170,2.8495928596047793,19.41176470588235,34.705882352941174,88.23529411764706,100.0,100.0
C135,Chest,14,test/C135/Low_Dose/00000245.dcm,130.0,262144,5.56022834777832,309,2.8276813593497168,19.41747572815534,36.89320388349515,88.9967637540453,100.0,100.0,0,,,,,,,116,2.9190747491244613,16.379310344827587,35.3448275862069,88.79310344827586,100.0,100.0,193,2.772750617308938,21.243523316062177,37.82383419689119,89.11917098445596,100.0,100.0
C135,Chest,15,test/C135/Low_Dose/00000202.dcm,130.0,262144,5.5777153968811035,303,2.5288617728960396,22.77227722772277,40.59405940594059,93.06930693069307,100.0,100.0,0,,,,,,,134,2.5831244169776117,19.402985074626866,37.3134328358209,93.28358208955224,100.0,100.0,169,2.4858369545118344,25.443786982248522,43.19526627218935,92.89940828402366,100.0,100.0
C135,Chest,16,test/C135/Low_Dose/00000123.dcm,130.0,262144,5.605914115905762,347,2.849540424621758,18.73198847262248,34.00576368876081,87.89625360230548,100.0,100.0,0,,,,,,,152,3.084001239977385,13.157894736842104,30.263157894736842,88.15789473684211,100.0,100.0,195,2.666781224959936,23.076923076923077,36.92307692307692,87.6923076923077,100.0,100.0
C135,Chest,17,test/C135/Low_Dose/00000164.dcm,130.0,262144,5.613162517547607,340,2.7570294548483454,16.764705882352942,38.529411764705884,90.0,100.0,100.0,0,,,,,,,152,2.6869747764185856,16.44736842105263,40.78947368421053,89.47368421052632,100.0,100.0,188,2.813669407621343,17.02127659574468,36.702127659574465,90.42553191489361,100.0,100.0
C135,Chest,18,test/C135/Low_Dose/00000011.dcm,130.0,262144,5.616995334625244,272,2.6948165893554688,18.38235294117647,37.13235294117647,90.80882352941177,100.0,100.0,0,,,,,,,123,2.8204405249618905,13.821138211382113,31.70731707317073,90.2439024390244,100.0,100.0,149,2.591113608955537,22.14765100671141,41.61073825503356,91.2751677852349,100.0,100.0
C135,Chest,19,test/C135/Low_Dose/00000155.dcm,130.0,262144,5.625001907348633,261,2.7401787184207373,19.157088122605366,37.93103448275862,87.35632183908046,100.0,100.0,0,,,,,,,102,2.7871464748008576,19.607843137254903,34.31372549019608,89.2156862745098,100.0,100.0,159,2.710048459610849,18.867924528301888,40.25157232704402,86.16352201257861,100.0,100.0
C135,Chest,20,test/C135/Low_Dose/00000086.dcm,130.0,262144,5.586938381195068,263,2.70451697287904,17.870722433460077,34.22053231939164,91.63498098859316,100.0,100.0,0,,,,,,,110,2.6283203125,21.818181818181817,36.36363636363637,91.81818181818181,100.0,100.0,153,2.759298885569853,15.032679738562091,32.6797385620915,91.50326797385621,100.0,100.0
C135,Chest,21,test/C135/Low_Dose/00000265.dcm,130.0,262144,5.591843605041504,275,2.680913973721591,15.636363636363637,37.45454545454545,92.0,100.0,100.0,0,,,,,,,125,2.6042490234375,18.4,42.4,90.4,100.0,100.0,150,2.7448014322916667,13.333333333333334,33.333333333333336,93.33333333333333,100.0,100.0
C135,Chest,22,test/C135/Low_Dose/00000115.dcm,130.0,262144,5.5945305824279785,285,2.818775270696272,18.94736842105263,34.03508771929825,89.82456140350877,100.0,100.0,0,,,,,,,115,2.7225957455842393,23.47826086956522,33.91304347826087,93.04347826086956,100.0,100.0,170,2.883837890625,15.882352941176471,34.11764705882353,87.6470588235294,100.0,100.0
C135,Chest,23,test/C135/Low_Dose/00000335.dcm,130.0,262144,5.58355712890625,284,2.7526429941956425,18.309859154929576,33.45070422535211,92.6056338028169,100.0,100.0,0,,,,,,,130,2.90078125,15.384615384615385,30.76923076923077,90.0,100.0,100.0,154,2.627591219815341,20.77922077922078,35.714285714285715,94.8051948051948,100.0,100.0
C135,Chest,24,test/C135/Low_Dose/00000139.dcm,130.0,262144,5.587804317474365,286,2.68348789881993,20.27972027972028,37.41258741258741,93.00699300699301,100.0,100.0,0,,,,,,,122,2.722320056352459,18.852459016393443,35.24590163934426,95.08196721311475,100.0,100.0,164,2.6546005621189024,21.341463414634145,39.02439024390244,91.46341463414635,100.0,100.0
C135,Chest,25,test/C135/Low_Dose/00000241.dcm,130.0,262144,5.589763164520264,278,2.8115866681654675,17.62589928057554,35.611510791366904,88.84892086330935,100.0,100.0,0,,,,,,,120,2.7703765869140624,13.333333333333334,39.166666666666664,90.0,100.0,100.0,158,2.842885464052611,20.88607594936709,32.91139240506329,87.9746835443038,100.0,100.0
C135,Chest,26,test/C135/Low_Dose/00000273.dcm,130.0,262144,5.596884727478027,249,2.73595750188253,20.481927710843372,36.94779116465863,90.36144578313252,100.0,100.0,0,,,,,,,114,2.8108477676123904,17.54385964912281,34.21052631578947,89.47368421052632,100.0,100.0,135,2.6727168330439817,22.962962962962962,39.25925925925926,91.11111111111111,100.0,100.0
C135,Chest,27,test/C135/Low_Dose/00000179.dcm,130.0,262144,5.613850116729736,245,2.659449238679847,19.183673469387756,37.142857142857146,92.24489795918367,100.0,100.0,0,,,,,,,118,2.6256631107653603,18.64406779661017,41.52542372881356,93.22033898305085,100.0,100.0,127,2.6908410740649606,19.68503937007874,33.07086614173228,91.33858267716535,100.0,100.0
C135,Chest,28,test/C135/Low_Dose/00000293.dcm,130.0,262144,5.641345024108887,283,2.668308648962014,19.78798586572438,38.51590106007067,91.51943462897526,100.0,100.0,0,,,,,,,130,2.62158203125,19.23076923076923,40.76923076923077,91.53846153846153,100.0,100.0,153,2.708011003880719,20.26143790849673,36.60130718954248,91.50326797385621,100.0,100.0
C135,Chest,29,test/C135/Low_Dose/00000057.dcm,130.0,262144,5.644735336303711,305,2.518062804175205,20.0,44.91803278688525,91.47540983606558,100.0,100.0,0,,,,,,,158,2.569369159167326,16.455696202531644,43.67088607594937,93.0379746835443,100.0,100.0,147,2.4629171981292517,23.80952380952381,46.25850340136054,89.79591836734694,100.0,100.0
C135,Chest,30,test/C135/Low_Dose/00000039.dcm,130.0,262144,5.659748077392578,299,2.8460921986047243,16.722408026755854,34.11371237458194,86.62207357859532,100.0,100.0,0,,,,,,,136,2.9993654138901653,15.441176470588236,32.35294117647059,82.3529411764706,100.0,100.0,163,2.7182077981211656,17.791411042944784,35.58282208588957,90.1840490797546,100.0,100.0
C135,Chest,31,test/C135/Low_Dose/00000127.dcm,130.0,262144,5.68143892288208,324,2.919131808810764,14.814814814814815,33.95061728395062,85.18518518518519,100.0,100.0,0,,,,,,,143,2.9449573863636362,14.685314685314685,32.86713286713287,84.61538461538461,100.0,100.0,181,2.8987281757165055,14.917127071823204,34.806629834254146,85.6353591160221,100.0,100.0
C135,Chest,32,test/C135/Low_Dose/00000004.dcm,130.0,262144,5.67112922668457,321,2.878491363050039,19.626168224299064,35.202492211838006,86.29283489096574,100.0,100.0,0,,,,,,,148,2.8782901248416386,18.243243243243242,35.810810810810814,86.48648648648648,100.0,100.0,173,2.8786635205924855,20.809248554913296,34.68208092485549,86.1271676300578,100.0,100.0
C135,Chest,33,test/C135/Low_Dose/00000105.dcm,130.0,262144,5.652082443237305,289,2.8941291360294117,16.262975778546714,32.8719723183391,87.19723183391004,100.0,100.0,0,,,,,,,139,2.9779948502135793,14.388489208633093,29.496402877697843,86.33093525179856,100.0,100.0,150,2.81641357421875,18.0,36.0,88.0,100.0,100.0
C135,Chest,34,test/C135/Low_Dose/00000049.dcm,130.0,262144,5.646412372589111,303,2.631009646374794,21.782178217821784,42.9042904290429,90.0990099009901,100.0,100.0,0,,,,,,,146,2.623169781410531,22.602739726027398,43.15068493150685,89.72602739726027,100.0,100.0,157,2.638300221437102,21.019108280254777,42.67515923566879,90.44585987261146,100.0,100.0
C135,Chest,35,test/C135/Low_Dose/00000213.dcm,130.0,262144,5.615455150604248,315,2.8309268043154763,16.19047619047619,33.96825396825397,90.7936507936508,100.0,100.0,0,,,,,,,169,2.7636213133321004,17.75147928994083,34.9112426035503,90.53254437869822,100.0,100.0,146,2.9088352151113015,14.383561643835616,32.87671232876713,91.0958904109589,100.0,100.0
C135,Chest,36,test/C135/Low_Dose/00000090.dcm,130.0,262144,5.580565929412842,297,2.6893692787247474,22.55892255892256,39.73063973063973,92.5925925925926,100.0,100.0,0,,,,,,,145,2.702922952586207,22.75862068965517,41.37931034482759,91.72413793103448,100.0,100.0,152,2.6764397872121712,22.36842105263158,38.1578947368421,93.42105263157895,100.0,100.0
C135,Chest,37,test/C135/Low_Dose/00000283.dcm,130.0,262144,5.571927070617676,301,2.6992791768324333,17.940199335548172,37.541528239202655,90.69767441860465,100.0,100.0,0,,,,,,,154,2.732611321783685,15.584415584415584,35.064935064935064,88.96103896103897,100.0,100.0,147,2.6643597868835034,20.408163265306122,40.136054421768705,92.51700680272108,100.0,100.0
C135,Chest,38,test/C135/Low_Dose/00000126.dcm,130.0,262144,5.523020267486572,322,2.8116337557016693,17.391304347826086,35.40372670807454,90.6832298136646,100.0,100.0,0,,,,,,,156,2.849693102714343,19.23076923076923,31.41025641025641,92.3076923076923,100.0,100.0,166,2.775867140436747,15.662650602409638,39.1566265060241,89.1566265060241,100.0,100.0
C135,Chest,39,test/C135/Low_Dose/00000092.dcm,130.0,262144,5.509968280792236,319,2.636273709957876,20.37617554858934,40.125391849529784,91.22257053291536,100.0,100.0,0,,,,,,,179,2.6137811245199023,18.435754189944134,36.87150837988827,92.17877094972067,100.0,100.0,140,2.6650320870535715,22.857142857142858,44.285714285714285,90.0,100.0,100.0
C135,Chest,40,test/C135/Low_Dose/00000027.dcm,130.0,262144,5.4925665855407715,356,2.728833830758427,17.97752808988764,35.1123595505618,93.53932584269663,100.0,100.0,0,,,,,,,185,2.7894867768158784,17.83783783783784,34.054054054054056,92.97297297297297,100.0,100.0,171,2.663215146427266,18.128654970760234,36.25730994152047,94.15204678362574,100.0,100.0
C135,Chest,41,test/C135/Low_Dose/00000079.dcm,130.0,262144,5.444949626922607,324,2.707881221064815,21.91358024691358,38.58024691358025,91.9753086419753,100.0,100.0,0,,,,,,,144,2.6756693522135415,23.61111111111111,38.19444444444444,91.66666666666667,100.0,100.0,180,2.733650716145833,20.555555555555557,38.888888888888886,92.22222222222223,100.0,100.0
C135,Chest,42,test/C135/Low_Dose/00000072.dcm,130.0,262144,5.428606033325195,359,2.6386195105762535,21.72701949860724,38.99721448467967,92.75766016713092,100.0,100.0,0,,,,,,,164,2.6392829708936736,21.341463414634145,41.46341463414634,91.46341463414635,100.0,100.0,195,2.6380615234375,22.05128205128205,36.92307692307692,93.84615384615384,100.0,100.0
C135,Chest,43,test/C135/Low_Dose/00000270.dcm,130.0,262144,5.412722110748291,301,2.7214525799418605,22.591362126245848,35.880398671096344,91.36212624584718,100.0,100.0,0,,,,,,,146,2.5912291644370717,26.027397260273972,37.67123287671233,91.0958904109589,100.0,100.0,155,2.8441146358366933,19.35483870967742,34.193548387096776,91.61290322580645,100.0,100.0
C135,Chest,44,test/C135/Low_Dose/00000089.dcm,130.0,262144,5.390113353729248,248,2.624416228263609,20.161290322580644,41.53225806451613,93.14516129032258,100.0,100.0,0,,,,,,,117,2.61534914196047,20.512820512820515,44.44444444444444,94.01709401709402,100.0,100.0,131,2.6325143129770994,19.84732824427481,38.93129770992366,92.36641221374046,100.0,100.0
C135,Chest,45,test/C135/Low_Dose/00000299.dcm,130.0,262144,5.386498928070068,275,2.6588960404829547,16.363636363636363,36.36363636363637,96.36363636363636,100.0,100.0,0,,,,,,,155,2.658304719002016,16.129032258064516,33.54838709677419,96.7741935483871,100.0,100.0,120,2.659659830729167,16.666666666666668,40.0,95.83333333333333,100.0,100.0
C135,Chest,46,test/C135/Low_Dose/00000064.dcm,130.0,262144,5.402575492858887,255,2.6433660768995098,21.96078431372549,41.96078431372549,90.98039215686275,100.0,100.0,0,,,,,,,114,2.434193393640351,24.56140350877193,48.24561403508772,89.47368421052632,100.0,100.0,141,2.812484416555851,19.858156028368793,36.87943262411348,92.19858156028369,100.0,100.0
C135,Chest,47,test/C135/Low_Dose/00000172.dcm,130.0,262144,5.369663715362549,241,2.5557836002334025,21.991701244813278,40.66390041493776,92.9460580912863,100.0,100.0,0,,,,,,,118,2.7447789079051907,17.796610169491526,38.13559322033898,91.52542372881356,100.0,100.0,123,2.3744710286458335,26.016260162601625,43.08943089430894,94.3089430894309,100.0,100.0
C135,Chest,48,test/C135/Low_Dose/00000165.dcm,130.0,262144,5.353202819824219,280,2.5967607770647323,18.214285714285715,38.57142857142857,95.0,100.0,100.0,0,,,,,,,138,2.7403971354166665,15.942028985507246,34.05797101449275,94.92753623188406,100.0,100.0,142,2.4571705133142605,20.422535211267604,42.95774647887324,95.07042253521126,100.0,100.0
C135,Chest,49,test/C135/Low_Dose/00000237.dcm,130.0,262144,5.357864856719971,284,2.704466054137324,16.901408450704224,34.859154929577464,94.36619718309859,100.0,100.0,0,,,,,,,113,2.749786106886062,15.044247787610619,29.20353982300885,97.34513274336283,100.0,100.0,171,2.6745177151864037,18.128654970760234,38.59649122807018,92.39766081871345,100.0,100.0
C135,Chest,50,test/C135/Low_Dose/00000239.dcm,130.0,262144,5.333207130432129,301,2.5954512789399917,20.930232558139537,39.53488372093023,94.6843853820598,100.0,100.0,0,,,,,,,156,2.522822453425481,23.076923076923077,39.743589743589745,94.87179487179488,100.0,100.0,145,2.6735898774245688,18.620689655172413,39.310344827586206,94.48275862068965,100.0,100.0
C135,Chest,51,test/C135/Low_Dose/00000320.dcm,130.0,262144,5.301571369171143,280,2.589203316824777,19.642857142857142,40.0,95.35714285714286,100.0,100.0,0,,,,,,,129,2.6309076353561047,16.27906976744186,37.98449612403101,95.34883720930233,100.0,100.0,151,2.5535751241721854,22.516556291390728,41.72185430463576,95.36423841059603,100.0,100.0
C135,Chest,52,test/C135/Low_Dose/00000181.dcm,130.0,262144,5.307685852050781,288,2.5162196689181857,18.75,39.236111111111114,96.18055555555556,100.0,100.0,0,,,,,,,157,2.563780572004379,15.92356687898089,38.21656050955414,95.54140127388536,100.0,100.0,131,2.459219197280534,22.137404580152673,40.458015267175576,96.94656488549619,100.0,100.0
C135,Chest,53,test/C135/Low_Dose/00000238.dcm,130.0,262144,5.286536693572998,270,2.5877753363715277,17.40740740740741,37.77777777777778,94.81481481481481,100.0,100.0,0,,,,,,,126,2.472110808841766,16.666666666666668,42.06349206349206,95.23809523809524,100.0,100.0,144,2.6889817979600696,18.055555555555557,34.02777777777778,94.44444444444444,100.0,100.0
C135,Chest,54,test/C135/Low_Dose/00000170.dcm,130.0,262144,5.275055408477783,251,2.7311394072148905,15.936254980079681,34.26294820717131,96.81274900398407,100.0,100.0,0,,,,,,,130,2.8104454627403848,14.615384615384615,33.07692307692308,96.15384615384616,100.0,100.0,121,2.645934554170971,17.355371900826448,35.53719008264463,97.52066115702479,100.0,100.0
C135,Chest,55,test/C135/Low_Dose/00000101.dcm,130.0,262144,5.269124507904053,256,2.596097469329834,16.796875,39.84375,96.875,100.0,100.0,0,,,,,,,130,2.638132887620192,16.153846153846153,40.0,96.92307692307692,100.0,100.0,126,2.5527275933159723,17.46031746031746,39.682539682539684,96.82539682539682,100.0,100.0
C135,Chest,56,test/C135/Low_Dose/00000047.dcm,130.0,262144,5.263768672943115,246,2.6188473585175305,20.73170731707317,37.39837398373984,96.7479674796748,100.0,100.0,0,,,,,,,117,2.6639414730235043,20.512820512820515,37.60683760683761,94.87179487179488,100.0,100.0,129,2.57794804536095,20.930232558139537,37.2093023255814,98.44961240310077,100.0,100.0
C135,Chest,57,test/C135/Low_Dose/00000296.dcm,130.0,262144,5.255362033843994,269,2.560246917838058,19.33085501858736,39.405204460966544,98.51301115241635,100.0,100.0,0,,,,,,,132,2.645657626065341,18.939393939393938,35.60606060606061,98.48484848484848,100.0,100.0,137,2.477953388743157,19.708029197080293,43.065693430656935,98.54014598540147,100.0,100.0
C135,Chest,58,test/C135/Low_Dose/00000191.dcm,130.0,262144,5.235474109649658,239,2.594298039520136,16.736401673640167,35.56485355648535,96.65271966527196,100.0,100.0,0,,,,,,,126,2.780213371155754,14.285714285714286,27.77777777777778,96.03174603174604,100.0,100.0,113,2.3869942184043142,19.469026548672566,44.24778761061947,97.34513274336283,100.0,100.0
C135,Chest,59,test/C135/Low_Dose/00000254.dcm,130.0,262144,5.245363712310791,262,2.56997890326813,20.610687022900763,38.16793893129771,98.47328244274809,100.0,100.0,0,,,,,,,124,2.578153548702117,16.93548387096774,37.903225806451616,99.19354838709677,100.0,100.0,138,2.5626335696897646,23.91304347826087,38.405797101449274,97.82608695652173,100.0,100.0
C135,Chest,60,test/C135/Low_Dose/00000305.dcm,130.0,262144,5.2454938888549805,215,2.6223053688226745,20.0,37.674418604651166,96.74418604651163,100.0,100.0,0,,,,,,,103,2.6592448706765777,21.359223300970875,34.95145631067961,97.0873786407767,100.0,100.0,112,2.588334219796317,18.75,40.17857142857143,96.42857142857143,100.0,100.0
C135,Chest,61,test/C135/Low_Dose/00000074.dcm,130.0,262144,5.254180908203125,224,2.6028224400111606,24.553571428571427,39.732142857142854,93.75,100.0,100.0,0,,,,,,,107,2.6618435583382007,28.037383177570092,39.25233644859813,88.78504672897196,100.0,100.0,117,2.548845861712073,21.367521367521366,40.17094017094017,98.2905982905983,100.0,100.0
C135,Chest,62,test/C135/Low_Dose/00000176.dcm,130.0,262144,5.260178565979004,239,2.6629858296286613,17.573221757322177,37.23849372384937,95.81589958158996,100.0,100.0,0,,,,,,,116,2.5539898050242456,19.82758620689655,38.793103448275865,95.6896551724138,100.0,100.0,123,2.7657788284425813,15.447154471544716,35.77235772357724,95.9349593495935,100.0,100.0
C135,Chest,63,test/C135/Low_Dose/00000214.dcm,130.0,262144,5.276169776916504,167,2.4684634636976046,21.55688622754491,43.712574850299404,95.80838323353294,100.0,100.0,0,,,,,,,92,2.419355309527853,21.73913043478261,44.56521739130435,94.56521739130434,100.0,100.0,75,2.528702799479167,21.333333333333332,42.666666666666664,97.33333333333333,100.0,100.0
C135,Chest,64,test/C135/Low_Dose/00000138.dcm,130.0,262144,5.313910961151123,245,2.427469806281888,23.6734693877551,43.265306122448976,96.3265306122449,100.0,100.0,0,,,,,,,132,2.4651535496567236,25.0,41.666666666666664,94.6969696969697,100.0,100.0,113,2.3834498582688055,22.123893805309734,45.13274336283186,98.23008849557522,100.0,100.0
C135,Chest,65,test/C135/Low_Dose/00000217.dcm,130.0,262144,5.317564964294434,253,2.7145180683362153,17.391304347826086,36.36363636363637,96.44268774703558,100.0,100.0,0,,,,,,,135,2.736455620659722,16.296296296296298,35.55555555555556,95.55555555555556,100.0,100.0,118,2.6894200211864407,18.64406779661017,37.28813559322034,97.45762711864407,100.0,100.0
C135,Chest,66,test/C135/Low_Dose/00000266.dcm,130.0,262144,5.321111679077148,237,2.5868610108452006,16.877637130801688,39.24050632911393,94.9367088607595,100.0,100.0,0,,,,,,,109,2.5229704970613533,13.761467889908257,40.36697247706422,93.57798165137615,100.0,100.0,128,2.641267776489258,19.53125,38.28125,96.09375,100.0,100.0
C135,Chest,67,test/C135/Low_Dose/00000216.dcm,130.0,262144,5.3246989250183105,277,2.5816059869979693,20.938628158844764,39.711191335740075,94.94584837545126,100.0,100.0,0,,,,,,,135,2.5775598596643516,22.22222222222222,39.25925925925926,95.55555555555556,100.0,100.0,142,2.585452657350352,19.718309859154928,40.140845070422536,94.36619718309859,100.0,100.0
C135,Chest,68,test/C135/Low_Dose/00000114.dcm,130.0,262144,5.302870750427246,258,2.659821266351744,17.829457364341085,36.434108527131784,96.51162790697674,100.0,100.0,0,,,,,,,123,2.798542301829268,14.634146341463415,32.520325203252035,95.1219512195122,100.0,100.0,135,2.533430989583333,20.74074074074074,40.0,97.77777777777777,100.0,100.0
C135,Chest,69,test/C135/Low_Dose/00000160.dcm,130.0,262144,5.266254901885986,240,2.8645039876302083,13.75,29.583333333333332,93.75,100.0,100.0,0,,,,,,,113,2.92064457446073,12.389380530973451,27.43362831858407,92.03539823008849,100.0,100.0,127,2.814552126906988,14.960629921259843,31.496062992125985,95.2755905511811,100.0,100.0
C135,Chest,70,test/C135/Low_Dose/00000012.dcm,130.0,262144,5.24456787109375,243,2.501994819798097,20.16460905349794,39.91769547325103,97.53086419753086,100.0,100.0,0,,,,,,,126,2.4280860537574407,21.428571428571427,39.682539682539684,98.41269841269842,100.0,100.0,117,2.5815888755341883,18.803418803418804,40.17094017094017,96.58119658119658,100.0,100.0
C135,Chest,71,test/C135/Low_Dose/00000084.dcm,130.0,262144,5.195304870605469,255,2.5763509114583334,18.03921568627451,39.6078431372549,98.43137254901961,100.0,100.0,0,,,,,,,112,2.533587864467076,21.428571428571427,41.964285714285715,98.21428571428571,100.0,100.0,143,2.609843647563374,15.384615384615385,37.76223776223776,98.6013986013986,100.0,100.0
C135,Chest,72,test/C135/Low_Dose/00000268.dcm,130.0,262144,5.180155277252197,248,2.476586618731099,23.387096774193548,40.725806451612904,97.98387096774194,100.0,100.0,0,,,,,,,127,2.359658549151083,23.62204724409449,41.732283464566926,99.21259842519684,100.0,100.0,121,2.5993127744059916,23.140495867768596,39.66942148760331,96.69421487603306,100.0,100.0
C135,Chest,73,test/C135/Low_Dose/00000231.dcm,130.0,262144,5.162815093994141,284,2.647859815140845,18.309859154929576,37.32394366197183,97.53521126760563,100.0,100.0,0,,,,,,,160,2.803252410888672,14.375,34.375,98.125,100.0,100.0,124,2.447353239982359,23.387096774193548,41.12903225806452,96.7741935483871,100.0,100.0
C135,Chest,74,test/C135/Low_Dose/00000194.dcm,130.0,262144,5.160630226135254,228,2.3895392166940788,22.36842105263158,42.54385964912281,98.24561403508773,100.0,100.0,0,,,,,,,106,2.329952599867335,27.358490566037737,45.283018867924525,96.22641509433963,100.0,100.0,122,2.441311195248463,18.0327868852459,40.16393442622951,100.0,100.0,100.0
C135,Chest,75,test/C135/Low_Dose/00000071.dcm,130.0,262144,5.157154083251953,273,2.632571042239011,16.483516483516482,31.86813186813187,99.63369963369964,100.0,100.0,0,,,,,,,125,2.847345703125,12.8,25.6,100.0,100.0,100.0,148,2.4511735245988175,19.594594594594593,37.16216216216216,99.32432432432432,100.0,100.0
C135,Chest,76,test/C135/Low_Dose/00000129.dcm,130.0,262144,5.151859283447266,236,2.4344710010593222,25.0,41.52542372881356,98.72881355932203,100.0,100.0,0,,,,,,,118,2.5642576056011652,21.1864406779661,38.13559322033898,98.30508474576271,100.0,100.0,118,2.304684396517479,28.8135593220339,44.91525423728814,99.15254237288136,100.0,100.0
C135,Chest,77,test/C135/Low_Dose/00000192.dcm,130.0,262144,5.1452250480651855,231,2.5406029110863093,17.748917748917748,38.96103896103896,99.13419913419914,100.0,100.0,0,,,,,,,118,2.6317645574020125,12.711864406779661,35.59322033898305,99.15254237288136,100.0,100.0,113,2.4454075636061945,23.008849557522122,42.47787610619469,99.11504424778761,100.0,100.0
C135,Chest,78,test/C135/Low_Dose/00000113.dcm,130.0,262144,5.154423236846924,219,2.4817903422873857,19.634703196347033,38.35616438356164,98.63013698630137,100.0,100.0,0,,,,,,,111,2.542976448127815,16.216216216216218,36.93693693693694,100.0,100.0,100.0,108,2.4189046223958335,23.14814814814815,39.81481481481482,97.22222222222223,100.0,100.0
C135,Chest,79,test/C135/Low_Dose/00000292.dcm,130.0,262144,5.177452087402344,213,2.7415633940360915,14.553990610328638,35.68075117370892,97.65258215962442,100.0,100.0,0,,,,,,,109,2.769851544581422,14.678899082568808,33.944954128440365,98.1651376146789,100.0,100.0,104,2.711915236253005,14.423076923076923,37.5,97.11538461538461,100.0,100.0
C135,Chest,80,test/C135/Low_Dose/00000328.dcm,130.0,262144,5.187572956085205,184,2.465185414189878,21.73913043478261,44.56521739130435,95.65217391304348,100.0,100.0,0,,,,,,,94,2.364343521442819,24.46808510638298,46.808510638297875,96.80851063829788,100.0,100.0,90,2.5705091688368054,18.88888888888889,42.22222222222222,94.44444444444444,100.0,100.0
C135,Chest,81,test/C135/Low_Dose/00000038.dcm,130.0,262144,5.199434280395508,193,2.430170088852008,24.870466321243523,41.45077720207254,97.40932642487047,100.0,100.0,0,,,,,,,98,2.42452317841199,27.551020408163264,41.83673469387755,98.9795918367347,100.0,100.0,95,2.4359953227796054,22.105263157894736,41.05263157894737,95.78947368421052,100.0,100.0
C135,Chest,82,test/C135/Low_Dose/00000227.dcm,130.0,262144,5.218003749847412,224,2.518019539969308,19.196428571428573,41.07142857142857,98.66071428571429,100.0,100.0,0,,,,,,,108,2.4726799858940973,20.37037037037037,39.81481481481482,99.07407407407408,100.0,100.0,116,2.5602322282462286,18.103448275862068,42.241379310344826,98.27586206896552,100.0,100.0
C135,Chest,83,test/C135/Low_Dose/00000352.dcm,130.0,262144,5.2273125648498535,183,2.4730898330771858,18.579234972677597,42.622950819672134,98.90710382513662,100.0,100.0,0,,,,,,,88,2.317037409002131,26.136363636363637,47.72727272727273,100.0,100.0,100.0,95,2.6176436574835527,11.578947368421053,37.89473684210526,97.89473684210526,100.0,100.0
C135,Chest,84,test/C135/Low_Dose/00000095.dcm,130.0,262144,5.2395710945129395,171,2.5564778645833335,18.128654970760234,38.59649122807018,97.6608187134503,100.0,100.0,0,,,,,,,81,2.6620490933641974,16.049382716049383,37.03703703703704,97.53086419753086,100.0,100.0,90,2.4614637586805554,20.0,40.0,97.77777777777777,100.0,100.0
C135,Chest,85,test/C135/Low_Dose/00000337.dcm,130.0,262144,5.2469706535339355,156,2.8499693259214745,12.820512820512821,32.69230769230769,96.7948717948718,100.0,100.0,0,,,,,,,79,2.8696582649327533,11.39240506329114,32.91139240506329,97.46835443037975,100.0,100.0,77,2.8297689858969157,14.285714285714286,32.467532467532465,96.1038961038961,100.0,100.0
C135,Chest,86,test/C135/Low_Dose/00000223.dcm,130.0,262144,5.2431416511535645,185,2.612934834248311,20.0,38.37837837837838,94.05405405405405,100.0,100.0,0,,,,,,,103,2.493237541717233,23.300970873786408,40.77669902912621,97.0873786407767,100.0,100.0,82,2.763286311451982,15.853658536585366,35.36585365853659,90.2439024390244,100.0,100.0
C135,Chest,87,test/C135/Low_Dose/00000240.dcm,130.0,262144,5.2438483238220215,219,2.2761498020119864,25.570776255707763,50.68493150684932,97.26027397260275,100.0,100.0,0,,,,,,,111,2.332909936303491,21.62162162162162,49.549549549549546,97.29729729729729,100.0,100.0,108,2.2178129973234952,29.62962962962963,51.851851851851855,97.22222222222223,100.0,100.0
C135,Chest,88,test/C135/Low_Dose/00000118.dcm,130.0,262144,5.2498579025268555,253,2.597000061758893,18.57707509881423,33.59683794466403,97.62845849802372,100.0,100.0,0,,,,,,,126,2.5615912543402777,21.428571428571427,37.301587301587304,97.61904761904762,100.0,100.0,127,2.6321300596702755,15.748031496062993,29.921259842519685,97.63779527559055,100.0,100.0
C135,Chest,89,test/C135/Low_Dose/00000317.dcm,130.0,262144,5.224274635314941,265,2.673270747346698,17.358490566037737,35.094339622641506,98.11320754716981,100.0,100.0,0,,,,,,,132,2.479088060783617,21.21212121212121,41.666666666666664,99.24242424242425,100.0,100.0,133,2.8659934137100564,13.533834586466165,28.571428571428573,96.99248120300751,100.0,100.0
C135,Chest,90,test/C135/Low_Dose/00000087.dcm,130.0,262144,5.244831085205078,261,2.5686596399066093,21.0727969348659,35.632183908045974,95.40229885057471,100.0,100.0,0,,,,,,,146,2.5695207151648116,23.972602739726028,36.986301369863014,94.52054794520548,100.0,100.0,115,2.5675664487092393,17.391304347826086,33.91304347826087,96.52173913043478,100.0,100.0
C135,Chest,91,test/C135/Low_Dose/00000190.dcm,130.0,262144,5.2620062828063965,278,2.673836467935027,17.26618705035971,37.76978417266187,96.76258992805755,100.0,100.0,0,,,,,,,149,2.7607151517932045,16.778523489932887,34.899328859060404,95.97315436241611,100.0,100.0,129,2.5734882206879846,17.829457364341085,41.08527131782946,97.67441860465117,100.0,100.0
C135,Chest,92,test/C135/Low_Dose/00000258.dcm,130.0,262144,5.260044097900391,256,2.7174935340881348,16.40625,35.546875,96.09375,100.0,100.0,0,,,,,,,129,2.802952019743217,16.27906976744186,33.333333333333336,96.12403100775194,100.0,100.0,127,2.6306892455093505,16.53543307086614,37.79527559055118,96.06299212598425,100.0,100.0
C135,Chest,93,test/C135/Low_Dose/00000009.dcm,130.0,262144,5.2691264152526855,233,2.6353199185219958,16.30901287553648,34.76394849785408,98.28326180257511,100.0,100.0,0,,,,,,,111,2.5005179740287162,17.117117117117118,38.73873873873874,99.09909909909909,100.0,100.0,122,2.757967589331455,15.573770491803279,31.147540983606557,97.54098360655738,100.0,100.0
C135,Chest,94,test/C135/Low_Dose/00000330.dcm,130.0,262144,5.280646800994873,232,2.6453894253434806,19.396551724137932,37.06896551724138,94.82758620689656,100.0,100.0,0,,,,,,,129,2.6926402010658914,19.37984496124031,34.10852713178294,94.57364341085271,100.0,100.0,103,2.5862112693416264,19.41747572815534,40.77669902912621,95.14563106796116,100.0,100.0
C135,Chest,95,test/C135/Low_Dose/00000019.dcm,130.0,262144,5.294959545135498,239,2.665907855811977,14.644351464435147,34.72803347280335,94.97907949790795,100.0,100.0,0,,,,,,,127,2.724340243602362,14.173228346456693,33.07086614173228,96.85039370078741,100.0,100.0,112,2.5996497017996654,15.178571428571429,36.607142857142854,92.85714285714286,100.0,100.0
C135,Chest,96,test/C135/Low_Dose/00000078.dcm,130.0,262144,5.311825275421143,233,2.6558319222773603,20.600858369098713,38.197424892703864,97.42489270386267,100.0,100.0,0,,,,,,,115,2.8693815811820653,16.52173913043478,32.17391304347826,96.52173913043478,100.0,100.0,118,2.447711491988877,24.576271186440678,44.067796610169495,98.30508474576271,100.0,100.0
C135,Chest,97,test/C135/Low_Dose/00000205.dcm,130.0,262144,5.343606472015381,238,2.5909562311252627,18.48739495798319,38.65546218487395,94.95798319327731,100.0,100.0,0,,,,,,,125,2.6579638671875,20.8,39.2,93.6,100.0,100.0,113,2.5168327399059733,15.929203539823009,38.05309734513274,96.46017699115045,100.0,100.0
C135,Chest,98,test/C135/Low_Dose/00000322.dcm,130.0,262144,5.380816459655762,245,2.553068698182398,22.040816326530614,42.04081632653061,93.06122448979592,100.0,100.0,0,,,,,,,128,2.298736572265625,27.34375,50.0,92.96875,100.0,100.0,117,2.8313123914930554,16.23931623931624,33.333333333333336,93.16239316239316,100.0,100.0
C135,Chest,99,test/C135/Low_Dose/00000023.dcm,130.0,262144,5.425036907196045,235,2.761469414893617,16.595744680851062,35.319148936170215,93.61702127659575,100.0,100.0,0,,,,,,,106,2.810150722287736,13.20754716981132,33.9622641509434,95.28301886792453,100.0,100.0,129,2.7214677204457365,19.37984496124031,36.434108527131784,92.24806201550388,100.0,100.0
C135,Chest,100,test/C135/Low_Dose/00000112.dcm,130.0,262144,5.450173854827881,242,2.7708825986247416,18.181818181818183,33.47107438016529,92.97520661157024,100.0,100.0,0,,,,,,,113,2.7098820779175883,18.58407079646018,35.39823008849557,92.92035398230088,100.0,100.0,129,2.824317163275194,17.829457364341085,31.782945736434108,93.02325581395348,100.0,100.0
C135,Chest,101,test/C135/Low_Dose/00000106.dcm,130.0,262144,5.473281383514404,255,2.7698840571384804,16.862745098039216,37.254901960784316,92.15686274509804,100.0,100.0,0,,,,,,,127,2.6369840366633857,20.47244094488189,40.15748031496063,92.91338582677166,100.0,100.0,128,2.9017457962036133,13.28125,34.375,91.40625,100.0,100.0
C135,Chest,102,test/C135/Low_Dose/00000098.dcm,130.0,262144,5.455672264099121,261,2.776336319145115,16.85823754789272,36.39846743295019,91.18773946360153,100.0,100.0,0,,,,,,,126,2.727939181857639,18.253968253968253,38.095238095238095,91.26984126984127,100.0,100.0,135,2.821506980613426,15.555555555555555,34.81481481481482,91.11111111111111,100.0,100.0
C135,Chest,103,test/C135/Low_Dose/00000267.dcm,130.0,262144,5.452610492706299,232,2.5187467377761315,19.396551724137932,40.51724137931034,94.39655172413794,100.0,100.0,0,,,,,,,127,2.375462329293799,20.47244094488189,44.881889763779526,95.2755905511811,100.0,100.0,105,2.6920526413690475,18.095238095238095,35.23809523809524,93.33333333333333,100.0,100.0
C135,Chest,104,test/C135/Low_Dose/00000228.dcm,130.0,262144,5.427115440368652,253,2.7169078480113638,18.181818181818183,37.54940711462451,93.67588932806323,100.0,100.0,0,,,,,,,129,2.668805262839147,17.829457364341085,37.98449612403101,93.7984496124031,100.0,100.0,124,2.7669500535534275,18.548387096774192,37.096774193548384,93.54838709677419,100.0,100.0
C135,Chest,105,test/C135/Low_Dose/00000346.dcm,130.0,262144,5.389138698577881,268,2.477601919601213,23.880597014925375,40.298507462686565,95.8955223880597,100.0,100.0,0,,,,,,,144,2.4469723171657987,26.38888888888889,41.666666666666664,94.44444444444444,100.0,100.0,124,2.5131717804939515,20.967741935483872,38.70967741935484,97.58064516129032,100.0,100.0
C135,Chest,106,test/C135/Low_Dose/00000134.dcm,130.0,262144,5.365443229675293,251,2.7237378610557768,17.92828685258964,35.85657370517928,96.81274900398407,100.0,100.0,0,,,,,,,134,2.7852355046058768,18.65671641791045,35.82089552238806,97.76119402985074,100.0,100.0,117,2.6533046624599357,17.094017094017094,35.8974358974359,95.72649572649573,100.0,100.0
C135,Chest,107,test/C135/Low_Dose/00000148.dcm,130.0,262144,5.340737819671631,241,2.5823381985866183,24.066390041493776,41.07883817427386,93.7759336099585,100.0,100.0,0,,,,,,,128,2.5146560668945312,23.4375,42.96875,94.53125,100.0,100.0,113,2.6590046840431416,24.778761061946902,38.93805309734513,92.92035398230088,100.0,100.0
C135,Chest,108,test/C135/Low_Dose/00000028.dcm,130.0,262144,5.337019443511963,253,2.5281639853013833,22.92490118577075,42.29249011857708,94.46640316205534,100.0,100.0,0,,,,,,,127,2.421994186761811,23.62204724409449,48.031496062992126,94.48818897637796,100.0,100.0,126,2.6351764012896823,22.22222222222222,36.507936507936506,94.44444444444444,100.0,100.0
C135,Chest,109,test/C135/Low_Dose/00000150.dcm,130.0,262144,5.334593296051025,246,2.6408582237677845,18.29268292682927,35.77235772357724,95.52845528455285,100.0,100.0,0,,,,,,,120,2.7194834391276044,17.5,32.5,95.0,100.0,100.0,126,2.565977066282242,19.047619047619047,38.888888888888886,96.03174603174604,100.0,100.0
C135,Chest,110,test/C135/Low_Dose/00000037.dcm,130.0,262144,5.306344985961914,246,2.6193673978976117,19.91869918699187,38.21138211382114,94.3089430894309,100.0,100.0,0,,,,,,,130,2.615106670673077,17.692307692307693,37.69230769230769,95.38461538461539,100.0,100.0,116,2.6241423508216597,22.413793103448278,38.793103448275865,93.10344827586206,100.0,100.0
C135,Chest,111,test/C135/Low_Dose/00000354.dcm,130.0,262144,5.292319297790527,253,2.706452260375494,18.181818181818183,36.36363636363637,94.46640316205534,100.0,100.0,0,,,,,,,134,2.61810302734375,19.402985074626866,35.82089552238806,98.50746268656717,100.0,100.0,119,2.805937951352416,16.80672268907563,36.97478991596638,89.91596638655462,100.0,100.0
C135,Chest,112,test/C135/Low_Dose/00000242.dcm,130.0,262144,5.309924602508545,275,2.564074041193182,19.272727272727273,39.27272727272727,97.81818181818181,100.0,100.0,0,,,,,,,147,2.5949266913796767,17.687074829931973,38.095238095238095,96.59863945578232,100.0,100.0,128,2.528641700744629,21.09375,40.625,99.21875,100.0,100.0
C135,Chest,113,test/C135/Low_Dose/00000255.dcm,130.0,262144,5.291166305541992,247,2.712943011449899,18.62348178137652,35.22267206477733,94.33198380566802,100.0,100.0,0,,,,,,,130,2.9071946364182693,13.076923076923077,30.0,93.07692307692308,100.0,100.0,117,2.4971078725961537,24.786324786324787,41.02564102564103,95.72649572649573,100.0,100.0
C135,Chest,114,test/C135/Low_Dose/00000161.dcm,130.0,262144,5.326183319091797,252,2.7201993427579363,18.253968253968253,35.714285714285715,94.44444444444444,100.0,100.0,0,,,,,,,137,2.568639156592153,20.437956204379564,40.14598540145985,95.62043795620438,100.0,100.0,115,2.9007536514945653,15.652173913043478,30.434782608695652,93.04347826086956,100.0,100.0
C135,Chest,115,test/C135/Low_Dose/00000271.dcm,130.0,262144,5.341945171356201,292,2.4891048065603596,17.80821917808219,41.78082191780822,95.20547945205479,100.0,100.0,0,,,,,,,141,2.5999089234264185,15.602836879432624,41.843971631205676,94.32624113475177,100.0,100.0,151,2.385638710678808,19.867549668874172,41.72185430463576,96.02649006622516,100.0,100.0
C135,Chest,116,test/C135/Low_Dose/00000347.dcm,130.0,262144,5.357138633728027,261,2.541192416487069,19.157088122605366,39.84674329501916,95.78544061302682,100.0,100.0,0,,,,,,,131,2.577140050989981,19.083969465648856,39.69465648854962,95.41984732824427,100.0,100.0,130,2.50496826171875,19.23076923076923,40.0,96.15384615384616,100.0,100.0
C135,Chest,117,test/C135/Low_Dose/00000353.dcm,130.0,262144,5.348315238952637,224,2.640092577253069,18.75,36.160714285714285,95.53571428571429,100.0,100.0,0,,,,,,,115,2.520268979279891,22.608695652173914,40.0,96.52173913043478,100.0,100.0,109,2.7665119696100917,14.678899082568808,32.11009174311926,94.4954128440367,100.0,100.0
C135,Chest,118,test/C135/Low_Dose/00000314.dcm,130.0,262144,5.346115589141846,228,2.614262631064967,21.49122807017544,41.228070175438596,93.85964912280701,100.0,100.0,0,,,,,,,115,2.529411514945652,25.217391304347824,44.34782608695652,93.91304347826087,100.0,100.0,113,2.7006155368501106,17.699115044247787,38.05309734513274,93.80530973451327,100.0,100.0
C135,Chest,119,test/C135/Low_Dose/00000056.dcm,130.0,262144,5.348717212677002,297,2.661264747080177,21.54882154882155,38.04713804713805,94.61279461279462,100.0,100.0,0,,,,,,,145,2.7367667362607757,20.0,36.55172413793103,94.48275862068965,100.0,100.0,152,2.5892398231907894,23.026315789473685,39.473684210526315,94.73684210526316,100.0,100.0
C135,Chest,120,test/C135/Low_Dose/00000018.dcm,130.0,262144,5.323154449462891,299,2.620890027304557,20.735785953177256,37.123745819397996,96.65551839464882,100.0,100.0,0,,,,,,,161,2.4765389957783386,21.73913043478261,40.993788819875775,98.13664596273291,100.0,100.0,138,2.789299564085145,19.565217391304348,32.608695652173914,94.92753623188406,100.0,100.0
C135,Chest,121,test/C135/Low_Dose/00000323.dcm,130.0,262144,5.339662551879883,339,2.5217468801852876,20.94395280235988,41.5929203539823,93.21533923303835,100.0,100.0,0,,,,,,,169,2.618096887712648,17.75147928994083,39.053254437869825,93.49112426035504,100.0,100.0,170,2.4259636374080884,24.11764705882353,44.11764705882353,92.94117647058823,100.0,100.0
C135,Chest,122,test/C135/Low_Dose/00000099.dcm,130.0,262144,5.329300403594971,302,2.614129679092508,18.211920529801326,38.41059602649007,94.03973509933775,100.0,100.0,0,,,,,,,157,2.5803572539311306,19.745222929936304,40.76433121019108,92.99363057324841,100.0,100.0,145,2.6506970635775864,16.551724137931036,35.86206896551724,95.17241379310344,100.0,100.0
C135,Chest,123,test/C135/Low_Dose/00000048.dcm,130.0,262144,5.322701930999756,238,2.745222332096901,14.285714285714286,32.773109243697476,93.27731092436974,100.0,100.0,0,,,,,,,122,2.7966988985655736,9.836065573770492,27.868852459016395,95.08196721311475,100.0,100.0,116,2.691083184603987,18.96551724137931,37.93103448275862,91.37931034482759,100.0,100.0
C135,Chest,124,test/C135/Low_Dose/00000054.dcm,130.0,262144,5.334676742553711,269,2.671871369656134,16.728624535315983,34.572490706319705,95.91078066914498,100.0,100.0,0,,,,,,,127,2.841702679010827,12.598425196850394,28.346456692913385,96.06299212598425,100.0,100.0,142,2.5199799873459505,20.422535211267604,40.140845070422536,95.77464788732394,100.0,100.0
C135,Chest,125,test/C135/Low_Dose/00000315.dcm,130.0,262144,5.3608551025390625,266,2.739765826920818,18.42105263157895,36.8421052631579,94.3609022556391,100.0,100.0,0,,,,,,,130,2.7591271033653846,16.923076923076923,36.15384615384615,95.38461538461539,100.0,100.0,136,2.7212587244370403,19.852941176470587,37.5,93.38235294117646,100.0,100.0
C135,Chest,126,test/C135/Low_Dose/00000342.dcm,130.0,262144,5.374533653259277,272,2.559188393985524,19.852941176470587,38.970588235294116,94.11764705882354,100.0,100.0,0,,,,,,,126,2.6857445126488093,17.46031746031746,32.53968253968254,92.85714285714286,100.0,100.0,146,2.4499687299336474,21.91780821917808,44.52054794520548,95.20547945205479,100.0,100.0
C135,Chest,127,test/C135/Low_Dose/00000243.dcm,130.0,262144,5.376639366149902,262,2.7436118089515746,15.648854961832061,35.11450381679389,95.41984732824427,100.0,100.0,0,,,,,,,131,2.759634236343034,14.50381679389313,34.35114503816794,96.18320610687023,100.0,100.0,131,2.7275893815601147,16.793893129770993,35.87786259541985,94.65648854961832,100.0,100.0
C135,Chest,128,test/C135/Low_Dose/00000286.dcm,130.0,262144,5.39023494720459,258,2.717296984768653,17.05426356589147,35.27131782945737,92.63565891472868,100.0,100.0,0,,,,,,,130,2.7476985051081733,16.153846153846153,34.61538461538461,90.76923076923077,100.0,100.0,128,2.686420440673828,17.96875,35.9375,94.53125,100.0,100.0
C135,Chest,129,test/C135/Low_Dose/00000339.dcm,130.0,262144,5.411908149719238,277,2.8711065299244134,15.16245487364621,31.768953068592058,91.33574007220217,100.0,100.0,0,,,,,,,154,2.979171951095779,11.688311688311689,29.22077922077922,90.9090909090909,100.0,100.0,123,2.7358051082952235,19.51219512195122,34.959349593495936,91.869918699187,100.0,100.0
C135,Chest,130,test/C135/Low_Dose/00000104.dcm,130.0,262144,5.4451422691345215,274,2.8377293496236313,16.05839416058394,34.306569343065696,91.24087591240875,100.0,100.0,0,,,,,,,141,2.691447805851064,18.43971631205674,39.716312056737586,93.61702127659575,100.0,100.0,133,2.9928097832471803,13.533834586466165,28.571428571428573,88.7218045112782,100.0,100.0
C135,Chest,131,test/C135/Low_Dose/00000197.dcm,130.0,262144,5.461690902709961,269,2.847377167315288,15.613382899628252,33.82899628252788,91.44981412639405,100.0,100.0,0,,,,,,,135,2.804733615451389,17.77777777777778,40.0,90.37037037037037,100.0,100.0,134,2.890338954640858,13.432835820895523,27.611940298507463,92.53731343283582,100.0,100.0
C135,Chest,132,test/C135/Low_Dose/00000171.dcm,130.0,262144,5.482841968536377,278,2.661091976028552,20.503597122302157,40.28776978417266,91.72661870503597,100.0,100.0,0,,,,,,,139,2.4906734768435252,22.302158273381295,46.76258992805755,94.24460431654676,100.0,100.0,139,2.8315104752135793,18.705035971223023,33.81294964028777,89.20863309352518,100.0,100.0
C135,Chest,133,test/C135/Low_Dose/00000261.dcm,130.0,262144,5.524820804595947,246,2.750164249079014,17.073170731707318,33.333333333333336,93.08943089430895,100.0,100.0,0,,,,,,,126,2.567289806547619,19.841269841269842,38.095238095238095,94.44444444444444,100.0,100.0,120,2.942182413736979,14.166666666666666,28.333333333333332,91.66666666666667,100.0,100.0
C135,Chest,134,test/C135/Low_Dose/00000142.dcm,130.0,262144,5.5203728675842285,275,2.756044034090909,19.272727272727273,33.09090909090909,91.27272727272727,100.0,100.0,0,,,,,,,145,2.7928298424030173,19.310344827586206,33.793103448275865,91.72413793103448,100.0,100.0,130,2.7150137094350963,19.23076923076923,32.30769230769231,90.76923076923077,100.0,100.0
C135,Chest,135,test/C135/Low_Dose/00000253.dcm,130.0,262144,5.552937030792236,255,2.6932411343443627,16.862745098039216,37.254901960784316,93.72549019607843,100.0,100.0,0,,,,,,,139,2.6640756730553057,16.546762589928058,34.53237410071942,97.12230215827338,100.0,100.0,116,2.7281894026131464,17.24137931034483,40.51724137931034,89.65517241379311,100.0,100.0
C135,Chest,136,test/C135/Low_Dose/00000144.dcm,130.0,262144,5.550766944885254,273,2.8405457660828755,16.117216117216117,34.798534798534796,91.94139194139194,100.0,100.0,0,,,,,,,137,2.9247244953239053,13.138686131386862,33.57664233576642,92.7007299270073,100.0,100.0,136,2.7557480755974266,19.11764705882353,36.029411764705884,91.17647058823529,100.0,100.0
C135,Chest,137,test/C135/Low_Dose/00000318.dcm,130.0,262144,5.52921199798584,301,2.5534943742213456,20.26578073089701,41.19601328903654,94.01993355481727,100.0,100.0,0,,,,,,,151,2.544384280577401,27.1523178807947,41.72185430463576,93.37748344370861,100.0,100.0,150,2.5626652018229166,13.333333333333334,40.666666666666664,94.66666666666667,100.0,100.0
C135,Chest,138,test/C135/Low_Dose/00000010.dcm,130.0,262144,5.505073070526123,281,2.7307780527135233,21.708185053380785,35.94306049822064,91.1032028469751,100.0,100.0,0,,,,,,,150,2.75062255859375,18.666666666666668,34.0,91.33333333333333,100.0,100.0,131,2.7080553360567747,25.19083969465649,38.16793893129771,90.83969465648855,100.0,100.0
C135,Chest,139,test/C135/Low_Dose/00000032.dcm,130.0,262144,5.485118865966797,221,2.7831639078407804,14.93212669683258,30.76923076923077,95.02262443438914,100.0,100.0,0,,,,,,,108,2.8665703667534723,12.037037037037036,30.555555555555557,92.5925925925926,100.0,100.0,113,2.7034480002074117,17.699115044247787,30.97345132743363,97.34513274336283,100.0,100.0
C135,Chest,140,test/C135/Low_Dose/00000107.dcm,130.0,262144,5.442641258239746,176,2.810034318403764,17.045454545454547,33.52272727272727,87.5,100.0,100.0,0,,,,,,,96,2.898474375406901,14.583333333333334,30.208333333333332,87.5,100.0,100.0,80,2.70390625,20.0,37.5,87.5,100.0,100.0
C135,Chest,141,test/C135/Low_Dose/00000235.dcm,130.0,262144,5.441027641296387,204,2.7284563849954044,17.15686274509804,35.78431372549019,92.6470588235294,100.0,100.0,0,,,,,,,92,2.865442690641984,15.217391304347826,34.78260869565217,90.21739130434783,100.0,100.0,112,2.615931919642857,18.75,36.607142857142854,94.64285714285714,100.0,100.0
C135,Chest,142,test/C135/Low_Dose/00000008.dcm,130.0,262144,5.440258502960205,304,2.7735993234734786,17.105263157894736,34.86842105263158,92.10526315789474,100.0,100.0,0,,,,,,,144,2.9148585001627603,13.88888888888889,30.555555555555557,91.66666666666667,100.0,100.0,160,2.646466064453125,20.0,38.75,92.5,100.0,100.0
C135,Chest,143,test/C135/Low_Dose/00000066.dcm,130.0,262144,5.42128849029541,333,2.6950998850412913,17.71771771771772,36.93693693693694,94.29429429429429,100.0,100.0,0,,,,,,,178,2.51214325294066,22.471910112359552,42.69662921348315,95.50561797752809,100.0,100.0,155,2.9052049206149193,12.258064516129032,30.322580645161292,92.90322580645162,100.0,100.0
C135,Chest,144,test/C135/Low_Dose/00000040.dcm,130.0,262144,5.4066925048828125,331,2.6445570654739425,18.12688821752266,38.972809667673715,93.35347432024169,100.0,100.0,0,,,,,,,169,2.6566826634153107,18.34319526627219,40.23668639053255,92.89940828402366,100.0,100.0,162,2.6319075219425154,17.901234567901234,37.65432098765432,93.82716049382717,100.0,100.0
C135,Chest,145,test/C135/Low_Dose/00000097.dcm,130.0,262144,5.3997392654418945,352,2.787601124156605,16.477272727272727,34.09090909090909,93.4659090909091,100.0,100.0,0,,,,,,,183,2.808473013789276,18.0327868852459,33.333333333333336,92.89617486338798,100.0,100.0,169,2.7650002022466715,14.792899408284024,34.9112426035503,94.0828402366864,100.0,100.0
C135,Chest,146,test/C135/Low_Dose/00000289.dcm,130.0,262144,5.375126838684082,279,2.696568205365143,17.204301075268816,34.40860215053763,95.3405017921147,100.0,100.0,0,,,,,,,143,2.6114758044689683,16.783216783216783,35.66433566433567,95.8041958041958,100.0,100.0,136,2.786040362189798,17.647058823529413,33.088235294117645,94.8529411764706,100.0,100.0
C135,Chest,147,test/C135/Low_Dose/00000336.dcm,130.0,262144,5.372783184051514,267,2.6777874092930714,18.352059925093634,34.831460674157306,95.1310861423221,100.0,100.0,0,,,,,,,133,2.8805610828829886,13.533834586466165,30.075187969924812,93.23308270676692,100.0,100.0,134,2.4765269720732275,23.134328358208954,39.55223880597015,97.01492537313433,100.0,100.0
C135,Chest,148,test/C135/Low_Dose/00000177.dcm,130.0,262144,5.381253242492676,240,2.7342849731445313,14.583333333333334,33.333333333333336,92.91666666666667,100.0,100.0,0,,,,,,,112,2.9050685337611606,13.392857142857142,26.785714285714285,91.07142857142857,100.0,100.0,128,2.5848493576049805,15.625,39.0625,94.53125,100.0,100.0
C135,Chest,149,test/C135/Low_Dose/00000208.dcm,130.0,262144,5.385524272918701,381,2.6692602603141404,18.89763779527559,38.32020997375328,93.1758530183727,100.0,100.0,0,,,,,,,196,2.69890174087213,19.897959183673468,36.734693877551024,93.87755102040816,100.0,100.0,185,2.6378563133445945,17.83783783783784,40.0,92.43243243243244,100.0,100.0
C135,Chest,150,test/C135/Low_Dose/00000151.dcm,130.0,262144,5.394370079040527,333,2.6357300904420047,18.61861861861862,39.93993993993994,92.49249249249249,100.0,100.0,0,,,,,,,169,2.6867372411242605,14.792899408284024,39.053254437869825,92.3076923076923,100.0,100.0,164,2.5831678437023626,22.5609756097561,40.853658536585364,92.6829268292683,100.0,100.0
C135,Chest,151,test/C135/Low_Dose/00000081.dcm,130.0,262144,5.398326873779297,325,2.7202835787259616,17.23076923076923,34.46153846153846,94.15384615384616,100.0,100.0,0,,,,,,,157,2.6909482919486467,18.471337579617835,35.6687898089172,94.90445859872611,100.0,100.0,168,2.7476981026785716,16.071428571428573,33.333333333333336,93.45238095238095,100.0,100.0
C135,Chest,152,test/C135/Low_Dose/00000215.dcm,130.0,262144,5.405981063842773,352,2.701718070290305,19.318181818181817,36.64772727272727,94.31818181818181,100.0,100.0,0,,,,,,,180,2.7905836317274306,15.555555555555555,35.0,94.44444444444444,100.0,100.0,172,2.608719226925872,23.25581395348837,38.372093023255815,94.18604651162791,100.0,100.0
C135,Chest,153,test/C135/Low_Dose/00000034.dcm,130.0,262144,5.414533615112305,360,2.739176771375868,19.444444444444443,35.55555555555556,91.66666666666667,100.0,100.0,0,,,,,,,191,2.673236307673429,21.465968586387433,37.17277486910995,91.09947643979058,100.0,100.0,169,2.813701200767382,17.159763313609467,33.72781065088758,92.3076923076923,100.0,100.0
C135,Chest,154,test/C135/Low_Dose/00000225.dcm,130.0,262144,5.436976432800293,316,2.7057788704015033,19.303797468354432,35.44303797468354,92.40506329113924,100.0,100.0,0,,,,,,,164,2.7879087866806405,17.073170731707318,34.146341463414636,92.6829268292683,100.0,100.0,152,2.6171650133634867,21.710526315789473,36.8421052631579,92.10526315789474,100.0,100.0
C135,Chest,155,test/C135/Low_Dose/00000350.dcm,130.0,262144,5.423227310180664,326,2.694127369512078,19.938650306748468,37.423312883435585,92.02453987730061,100.0,100.0,0,,,,,,,159,2.583892246462264,20.12578616352201,38.36477987421384,94.33962264150944,100.0,100.0,167,2.7990817681044162,19.760479041916167,36.52694610778443,89.82035928143712,100.0,100.0
C135,Chest,156,test/C135/Low_Dose/00000145.dcm,130.0,262144,5.408252239227295,314,2.5320259628781847,18.78980891719745,42.038216560509554,95.85987261146497,100.0,100.0,0,,,,,,,176,2.4702571522105825,20.454545454545453,45.45454545454545,94.31818181818181,100.0,100.0,138,2.6108035764832427,16.666666666666668,37.68115942028985,97.82608695652173,100.0,100.0
C135,Chest,157,test/C135/Low_Dose/00000278.dcm,130.0,262144,5.420797348022461,318,2.868108017639544,12.578616352201259,30.18867924528302,94.65408805031447,100.0,100.0,0,,,,,,,173,2.827389755690029,14.45086705202312,29.479768786127167,95.95375722543352,100.0,100.0,145,2.9166891163793105,10.344827586206897,31.03448275862069,93.10344827586206,100.0,100.0
C135,Chest,158,test/C135/Low_Dose/00000076.dcm,130.0,262144,5.414397239685059,366,2.6309117384947065,18.579234972677597,36.885245901639344,93.71584699453553,100.0,100.0,0,,,,,,,173,2.4910818111000723,21.387283236994218,42.774566473988436,94.79768786127168,100.0,100.0,193,2.7562515179727978,16.06217616580311,31.60621761658031,92.74611398963731,100.0,100.0
C135,Chest,159,test/C135/Low_Dose/00000137.dcm,130.0,262144,5.407386779785156,356,2.725882540927844,19.9438202247191,33.98876404494382,94.9438202247191,100.0,100.0,0,,,,,,,182,2.768930959177541,19.23076923076923,32.967032967032964,95.6043956043956,100.0,100.0,174,2.6808548850574714,20.689655172413794,35.05747126436781,94.25287356321839,100.0,100.0
C135,Chest,160,test/C135/Low_Dose/00000091.dcm,130.0,262144,5.423165798187256,311,2.860782144920619,15.434083601286174,29.260450160771704,91.31832797427653,100.0,100.0,0,,,,,,,158,2.8096838842464398,15.822784810126583,31.645569620253166,90.50632911392405,100.0,100.0,153,2.9135502833946076,15.032679738562091,26.797385620915033,92.15686274509804,100.0,100.0
C135,Chest,161,test/C135/Low_Dose/00000015.dcm,130.0,262144,5.41749382019043,284,2.5697206309143925,20.070422535211268,42.25352112676056,93.30985915492958,100.0,100.0,0,,,,,,,153,2.6172776565053106,19.607843137254903,42.48366013071895,92.81045751633987,100.0,100.0,131,2.514176929270038,20.610687022900763,41.98473282442748,93.89312977099236,100.0,100.0
C135,Chest,162,test/C135/Low_Dose/00000260.dcm,130.0,262144,5.422861576080322,245,2.5687036631058673,21.632653061224488,45.30612244897959,95.10204081632654,100.0,100.0,0,,,,,,,121,2.484272097753099,19.00826446280992,44.62809917355372,96.69421487603306,100.0,100.0,124,2.651092529296875,24.193548387096776,45.96774193548387,93.54838709677419,100.0,100.0
C135,Chest,163,test/C135/Low_Dose/00000201.dcm,130.0,262144,5.424142837524414,256,2.6289072036743164,21.09375,39.0625,93.359375,100.0,100.0,0,,,,,,,136,2.578138463637408,22.794117647058822,39.705882352941174,92.6470588235294,100.0,100.0,120,2.686445109049479,19.166666666666668,38.333333333333336,94.16666666666667,100.0,100.0
C135,Chest,164,test/C135/Low_Dose/00000193.dcm,130.0,262144,5.416692733764648,217,2.761132587485599,14.746543778801843,35.02304147465438,94.93087557603687,100.0,100.0,0,,,,,,,120,2.80570068359375,16.666666666666668,35.0,95.83333333333333,100.0,100.0,97,2.705996798485825,12.371134020618557,35.05154639175258,93.81443298969072,100.0,100.0
C135,Chest,165,test/C135/Low_Dose/00000080.dcm,130.0,262144,5.420919418334961,233,2.7045086381773067,16.30901287553648,37.33905579399141,93.99141630901288,100.0,100.0,0,,,,,,,120,2.7323394775390626,15.833333333333334,35.0,94.16666666666667,100.0,100.0,113,2.6749537645188055,16.8141592920354,39.823008849557525,93.80530973451327,100.0,100.0
C135,Chest,166,test/C135/Low_Dose/00000135.dcm,130.0,262144,5.442316055297852,284,2.871311671297315,16.901408450704224,34.50704225352113,91.90140845070422,100.0,100.0,0,,,,,,,143,2.862519804414336,14.685314685314685,32.86713286713287,90.9090909090909,100.0,100.0,141,2.880228245511968,19.148936170212767,36.170212765957444,92.90780141843972,100.0,100.0
C135,Chest,167,test/C135/Low_Dose/00000251.dcm,130.0,262144,5.45936918258667,347,2.7886449280664625,13.832853025936599,35.15850144092219,91.93083573487031,100.0,100.0,0,,,,,,,182,2.9305795522836537,14.285714285714286,31.86813186813187,91.20879120879121,100.0,100.0,165,2.632086736505682,13.333333333333334,38.78787878787879,92.72727272727273,100.0,100.0
C135,Chest,168,test/C135/Low_Dose/00000062.dcm,130.0,262144,5.4572930335998535,316,2.6945476290545884,18.9873417721519,37.65822784810127,93.35443037974683,100.0,100.0,0,,,,,,,170,2.935885081571691,15.882352941176471,32.35294117647059,90.58823529411765,100.0,100.0,146,2.4135382665346747,22.602739726027398,43.83561643835616,96.57534246575342,100.0,100.0
C135,Chest,169,test/C135/Low_Dose/00000120.dcm,130.0,262144,5.474376678466797,291,2.631374083843428,20.274914089347078,38.144329896907216,93.12714776632302,100.0,100.0,0,,,,,,,152,2.7517732319078947,19.736842105263158,37.5,90.13157894736842,100.0,100.0,139,2.4997145838017087,20.863309352517987,38.84892086330935,96.40287769784173,100.0,100.0
C135,Chest,170,test/C135/Low_Dose/00000035.dcm,130.0,262144,5.467333793640137,228,2.7610537880345394,17.105263157894736,33.771929824561404,91.2280701754386,100.0,100.0,0,,,,,,,130,2.748149226262019,18.46153846153846,32.30769230769231,91.53846153846153,100.0,100.0,98,2.778172084263393,15.306122448979592,35.714285714285715,90.81632653061224,100.0,100.0
C135,Chest,171,test/C135/Low_Dose/00000121.dcm,130.0,262144,5.4580183029174805,235,2.844742665392287,19.574468085106382,31.48936170212766,91.91489361702128,100.0,100.0,0,,,,,,,124,2.922553277784778,18.548387096774192,32.25806451612903,92.74193548387096,100.0,100.0,111,2.75781909839527,20.72072072072072,30.63063063063063,90.990990990991,100.0,100.0
C135,Chest,172,test/C135/Low_Dose/00000195.dcm,130.0,262144,5.454536437988281,192,2.713456471761068,15.625,36.979166666666664,92.1875,100.0,100.0,0,,,,,,,94,2.756450247257314,15.957446808510639,37.234042553191486,89.36170212765957,100.0,100.0,98,2.67221754424426,15.306122448979592,36.734693877551024,94.89795918367346,100.0,100.0
C135,Chest,173,test/C135/Low_Dose/00000077.dcm,130.0,262144,5.445148944854736,220,2.631485262784091,25.454545454545453,42.27272727272727,91.81818181818181,100.0,100.0,0,,,,,,,124,2.730870400705645,23.387096774193548,42.74193548387097,92.74193548387096,100.0,100.0,96,2.50311279296875,28.125,41.666666666666664,90.625,100.0,100.0
C135,Chest,174,test/C135/Low_Dose/00000096.dcm,130.0,262144,5.44783878326416,222,2.7705061629011825,18.46846846846847,33.333333333333336,94.5945945945946,100.0,100.0,0,,,,,,,121,2.8252185159478307,17.355371900826448,32.231404958677686,93.38842975206612,100.0,100.0,101,2.704959680538366,19.801980198019802,34.65346534653465,96.03960396039604,100.0,100.0
C135,Chest,175,test/C135/Low_Dose/00000302.dcm,130.0,262144,5.452301979064941,256,2.8133645057678223,18.75,33.203125,90.234375,100.0,100.0,0,,,,,,,132,2.911800500118371,17.424242424242426,31.818181818181817,90.9090909090909,100.0,100.0,124,2.7085778021043345,20.161290322580644,34.67741935483871,89.51612903225806,100.0,100.0
C135,Chest,176,test/C135/Low_Dose/00000304.dcm,130.0,262144,5.425065517425537,230,2.683846913213315,19.130434782608695,34.78260869565217,93.91304347826087,100.0,100.0,0,,,,,,,109,2.7483548505590596,16.513761467889907,32.11009174311926,93.57798165137615,100.0,100.0,121,2.6257364572572315,21.487603305785125,37.1900826446281,94.21487603305785,100.0,100.0
C135,Chest,177,test/C135/Low_Dose/00000146.dcm,130.0,262144,5.42918062210083,270,2.611973289207176,20.74074074074074,40.370370370370374,95.18518518518519,100.0,100.0,0,,,,,,,140,2.738576834542411,18.571428571428573,36.42857142857143,95.71428571428571,100.0,100.0,130,2.4756310096153844,23.076923076923077,44.61538461538461,94.61538461538461,100.0,100.0
C135,Chest,178,test/C135/Low_Dose/00000294.dcm,130.0,262144,5.429443359375,259,2.747054287825772,18.53281853281853,35.13513513513514,91.5057915057915,100.0,100.0,0,,,,,,,133,2.8815238780545114,14.285714285714286,33.83458646616541,90.22556390977444,100.0,100.0,126,2.6051141648065474,23.015873015873016,36.507936507936506,92.85714285714286,100.0,100.0
C135,Chest,179,test/C135/Low_Dose/00000338.dcm,130.0,262144,5.421757221221924,249,2.860158897307982,13.25301204819277,33.333333333333336,90.76305220883535,100.0,100.0,0,,,,,,,119,2.8301417246586134,14.285714285714286,36.134453781512605,90.75630252100841,100.0,100.0,130,2.8876361553485577,12.307692307692308,30.76923076923077,90.76923076923077,100.0,100.0
C135,Chest,180,test/C135/Low_Dose/00000221.dcm,130.0,262144,5.4005818367004395,212,2.698994186689269,21.22641509433962,34.905660377358494,94.33962264150944,100.0,100.0,0,,,,,,,117,2.737099150307158,18.803418803418804,34.18803418803419,93.16239316239316,100.0,100.0,95,2.652064915707237,24.210526315789473,35.78947368421053,95.78947368421052,100.0,100.0
C135,Chest,181,test/C135/Low_Dose/00000021.dcm,130.0,262144,5.403326034545898,233,2.7180856860246783,18.88412017167382,35.1931330472103,93.13304721030043,100.0,100.0,0,,,,,,,106,2.7447717054834904,18.867924528301888,33.9622641509434,90.56603773584905,100.0,100.0,127,2.695812315452756,18.89763779527559,36.22047244094488,95.2755905511811,100.0,100.0
C135,Chest,182,test/C135/Low_Dose/00000073.dcm,130.0,262144,5.417508125305176,201,2.5683381189754355,17.412935323383085,41.29353233830846,97.01492537313433,100.0,100.0,0,,,,,,,97,2.6092755819104383,19.587628865979383,38.144329896907216,96.90721649484536,100.0,100.0,104,2.530156062199519,15.384615384615385,44.23076923076923,97.11538461538461,100.0,100.0
C135,Chest,183,test/C135/Low_Dose/00000211.dcm,130.0,262144,5.412060737609863,224,2.712125505719866,12.5,37.5,95.53571428571429,100.0,100.0,0,,,,,,,118,2.6783726579051907,13.559322033898304,37.28813559322034,95.76271186440678,100.0,100.0,106,2.7496994306456366,11.320754716981131,37.735849056603776,95.28301886792453,100.0,100.0
C135,Chest,184,test/C135/Low_Dose/00000282.dcm,130.0,262144,5.445805549621582,183,2.4934135395321038,18.0327868852459,39.89071038251366,97.26775956284153,100.0,100.0,0,,,,,,,90,2.586309136284722,16.666666666666668,38.888888888888886,97.77777777777777,100.0,100.0,93,2.4035145749327955,19.35483870967742,40.86021505376344,96.7741935483871,100.0,100.0
C135,Chest,185,test/C135/Low_Dose/00000184.dcm,130.0,262144,5.433465003967285,215,2.7337941724200583,17.674418604651162,33.95348837209303,91.62790697674419,100.0,100.0,0,,,,,,,116,2.8190518083243536,18.103448275862068,31.896551724137932,90.51724137931035,100.0,100.0,99,2.633896336410985,17.171717171717173,36.36363636363637,92.92929292929293,100.0,100.0
C135,Chest,186,test/C135/Low_Dose/00000199.dcm,130.0,262144,5.436811923980713,216,2.5286887839988426,21.296296296296298,41.2037037037037,95.37037037037037,100.0,100.0,0,,,,,,,122,2.5216154504994877,19.672131147540984,42.622950819672134,95.90163934426229,100.0,100.0,94,2.537869067902261,23.404255319148938,39.361702127659576,94.68085106382979,100.0,100.0
C135,Chest,187,test/C135/Low_Dose/00000058.dcm,130.0,262144,5.4482574462890625,233,2.7738634363264487,17.59656652360515,32.18884120171674,91.84549356223177,100.0,100.0,0,,,,,,,125,2.64933203125,20.0,36.0,90.4,100.0,100.0,108,2.9179970070167824,14.814814814814815,27.77777777777778,93.51851851851852,100.0,100.0
C135,Chest,188,test/C135/Low_Dose/00000307.dcm,130.0,262144,5.445430278778076,216,2.6958691632306135,20.833333333333332,37.03703703703704,91.20370370370371,100.0,100.0,0,,,,,,,110,2.8267411665482953,19.09090909090909,33.63636363636363,90.0,100.0,100.0,106,2.56005859375,22.641509433962263,40.56603773584906,92.45283018867924,100.0,100.0
C135,Chest,189,test/C135/Low_Dose/00000178.dcm,130.0,262144,5.442433834075928,222,2.667260522240991,18.01801801801802,36.03603603603604,90.54054054054055,100.0,100.0,0,,,,,,,89,2.5812398503335676,20.224719101123597,41.57303370786517,89.88764044943821,100.0,100.0,133,2.7248232275023496,16.541353383458645,32.330827067669176,90.97744360902256,100.0,100.0
C135,Chest,190,test/C135/Low_Dose/00000244.dcm,130.0,262144,5.447775363922119,238,2.8646245363379728,16.386554621848738,34.03361344537815,92.43697478991596,100.0,100.0,0,,,,,,,122,2.9609785236296107,13.934426229508198,32.78688524590164,93.44262295081967,100.0,100.0,116,2.763286722117457,18.96551724137931,35.3448275862069,91.37931034482759,100.0,100.0
C135,Chest,191,test/C135/Low_Dose/00000110.dcm,130.0,262144,5.449014663696289,250,2.73973486328125,18.0,36.8,92.0,100.0,100.0,0,,,,,,,121,2.74563371642562,16.52892561983471,37.1900826446281,93.38842975206612,100.0,100.0,129,2.7342018304869184,19.37984496124031,36.434108527131784,90.69767441860465,100.0,100.0
C135,Chest,192,test/C135/Low_Dose/00000220.dcm,130.0,262144,5.44002628326416,290,2.88217562971444,14.482758620689655,32.06896551724138,93.10344827586206,100.0,100.0,0,,,,,,,135,2.8814037181712964,15.555555555555555,31.85185185185185,94.07407407407408,100.0,100.0,155,2.882847939768145,13.548387096774194,32.25806451612903,92.25806451612904,100.0,100.0
C135,Chest,193,test/C135/Low_Dose/00000030.dcm,130.0,262144,5.437084197998047,282,2.764631555435505,17.73049645390071,36.52482269503546,92.55319148936171,100.0,100.0,0,,,,,,,156,2.7930149176181893,17.307692307692307,35.256410256410255,91.66666666666667,100.0,100.0,126,2.729490249875992,18.253968253968253,38.095238095238095,93.65079365079364,100.0,100.0
C135,Chest,194,test/C135/Low_Dose/00000348.dcm,130.0,262144,5.432769775390625,282,2.6126704655640514,20.56737588652482,36.52482269503546,94.32624113475177,100.0,100.0,0,,,,,,,143,2.516390713778409,23.076923076923077,42.65734265734266,93.7062937062937,100.0,100.0,139,2.711720857688849,17.985611510791365,30.215827338129497,94.96402877697842,100.0,100.0
C135,Chest,195,test/C135/Low_Dose/00000044.dcm,130.0,262144,5.419690132141113,233,2.6128804612057404,18.88412017167382,37.76824034334764,93.99141630901288,100.0,100.0,0,,,,,,,112,2.7087598528180803,17.857142857142858,36.607142857142854,90.17857142857143,100.0,100.0,121,2.5241325945893593,19.834710743801654,38.84297520661157,97.52066115702479,100.0,100.0
C135,Chest,196,test/C135/Low_Dose/00000247.dcm,130.0,262144,5.417055606842041,233,2.5893009824302573,18.88412017167382,40.772532188841204,90.12875536480686,100.0,100.0,0,,,,,,,129,2.6994581592175386,19.37984496124031,37.98449612403101,89.14728682170542,100.0,100.0,104,2.4526637150691104,18.26923076923077,44.23076923076923,91.34615384615384,100.0,100.0
C135,Chest,197,test/C135/Low_Dose/00000033.dcm,130.0,262144,5.410048961639404,235,2.7896235039893615,17.872340425531913,34.46808510638298,94.46808510638297,100.0,100.0,0,,,,,,,135,2.7795319733796298,17.037037037037038,34.074074074074076,94.81481481481481,100.0,100.0,100,2.8032470703125,19.0,35.0,94.0,100.0,100.0
C135,Chest,198,test/C135/Low_Dose/00000187.dcm,130.0,262144,5.4067063331604,219,2.6681621673444633,16.894977168949772,37.44292237442922,93.15068493150685,100.0,100.0,0,,,,,,,118,2.8637633242849576,11.864406779661017,32.20338983050848,94.0677966101695,100.0,100.0,101,2.4396380433941833,22.77227722772277,43.56435643564357,92.07920792079207,100.0,100.0
C135,Chest,199,test/C135/Low_Dose/00000333.dcm,130.0,262144,5.433130264282227,240,2.7397740681966147,13.75,37.083333333333336,92.08333333333333,100.0,100.0,0,,,,,,,119,2.7724794019170167,10.92436974789916,36.97478991596638,90.75630252100841,100.0,100.0,121,2.7076093185046486,16.52892561983471,37.1900826446281,93.38842975206612,100.0,100.0
C135,Chest,200,test/C135/Low_Dose/00000284.dcm,130.0,262144,5.425851345062256,274,2.6754070198448905,22.62773722627737,37.956204379562045,91.60583941605839,100.0,100.0,0,,,,,,,150,2.7450138346354165,18.0,36.0,90.66666666666667,100.0,100.0,124,2.5912052277595765,28.225806451612904,40.32258064516129,92.74193548387096,100.0,100.0
C135,Chest,201,test/C135/Low_Dose/00000334.dcm,130.0,262144,5.429775238037109,282,2.629341720689273,21.27659574468085,40.780141843971634,92.55319148936171,100.0,100.0,0,,,,,,,147,2.85941236846301,19.047619047619047,35.374149659863946,90.47619047619048,100.0,100.0,135,2.3788203486689814,23.703703703703702,46.666666666666664,94.81481481481481,100.0,100.0
C135,Chest,202,test/C135/Low_Dose/00000321.dcm,130.0,262144,5.425192356109619,285,2.781180184347588,14.736842105263158,35.08771929824562,92.63157894736842,100.0,100.0,0,,,,,,,143,2.7477404187609267,14.685314685314685,37.76223776223776,92.3076923076923,100.0,100.0,142,2.814855441241197,14.788732394366198,32.394366197183096,92.95774647887323,100.0,100.0
C135,Chest,203,test/C135/Low_Dose/00000003.dcm,130.0,262144,5.412359237670898,273,2.763466635903159,17.94871794871795,34.43223443223443,92.67399267399267,100.0,100.0,0,,,,,,,145,2.835029128502155,15.172413793103448,30.344827586206897,91.03448275862068,100.0,100.0,128,2.6823997497558594,21.09375,39.0625,94.53125,100.0,100.0
C135,Chest,204,test/C135/Low_Dose/00000316.dcm,130.0,262144,5.406497001647949,281,2.696987600088968,17.437722419928825,37.01067615658363,92.88256227758008,100.0,100.0,0,,,,,,,144,2.5613428751627603,17.36111111111111,38.888888888888886,97.22222222222223,100.0,100.0,137,2.839563077383668,17.51824817518248,35.03649635036496,88.32116788321167,100.0,100.0
C135,Chest,205,test/C135/Low_Dose/00000327.dcm,130.0,262144,5.4221601486206055,337,2.832121082158754,14.540059347181009,32.640949554896146,94.06528189910979,100.0,100.0,0,,,,,,,164,2.935919784918064,13.414634146341463,29.26829268292683,93.29268292682927,100.0,100.0,173,2.7337223119129335,15.606936416184972,35.83815028901734,94.79768786127168,100.0,100.0
C135,Chest,206,test/C135/Low_Dose/00000236.dcm,130.0,262144,5.422769546508789,283,2.7875959308745584,18.021201413427562,34.628975265017665,93.63957597173145,100.0,100.0,0,,,,,,,141,2.8452711172983154,19.148936170212767,33.333333333333336,92.90780141843972,100.0,100.0,142,2.7303269077354755,16.901408450704224,35.91549295774648,94.36619718309859,100.0,100.0
C135,Chest,207,test/C135/Low_Dose/00000287.dcm,130.0,262144,5.417844772338867,324,2.6411780840084877,16.97530864197531,38.888888888888886,94.44444444444444,100.0,100.0,0,,,,,,,165,2.669592655066288,17.575757575757574,37.57575757575758,94.54545454545455,100.0,100.0,159,2.6116912649862423,16.352201257861637,40.25157232704402,94.33962264150944,100.0,100.0
C135,Chest,208,test/C135/Low_Dose/00000124.dcm,130.0,262144,5.43053674697876,289,2.6510951692257785,19.72318339100346,35.98615916955017,94.80968858131487,100.0,100.0,0,,,,,,,134,2.5848215587103547,21.64179104477612,35.82089552238806,95.5223880597015,100.0,100.0,155,2.7083897744455645,18.06451612903226,36.12903225806452,94.19354838709677,100.0,100.0
C135,Chest,209,test/C135/Low_Dose/00000153.dcm,130.0,262144,5.411903381347656,262,2.6865108577349712,19.84732824427481,37.02290076335878,95.0381679389313,100.0,100.0,0,,,,,,,126,2.688201419890873,21.428571428571427,35.714285714285715,94.44444444444444,100.0,100.0,136,2.6849446016199447,18.38235294117647,38.23529411764706,95.58823529411765,100.0,100.0
C135,Chest,210,test/C135/Low_Dose/00000226.dcm,130.0,262144,5.413101673126221,243,2.6996271580825617,14.814814814814815,35.80246913580247,92.5925925925926,100.0,100.0,0,,,,,,,112,2.8005469185965404,10.714285714285714,33.92857142857143,91.96428571428571,100.0,100.0,131,2.6133446147423665,18.3206106870229,37.404580152671755,93.12977099236642,100.0,100.0
C135,Chest,211,test/C135/Low_Dose/00000130.dcm,130.0,262144,5.411859512329102,267,2.5638537460498596,23.220973782771537,41.19850187265918,94.00749063670412,100.0,100.0,0,,,,,,,139,2.568101183116007,22.302158273381295,39.568345323741006,92.80575539568345,100.0,100.0,128,2.55924129486084,24.21875,42.96875,95.3125,100.0,100.0
C135,Chest,212,test/C135/Low_Dose/00000186.dcm,130.0,262144,5.419355392456055,237,2.8413456784018987,16.455696202531644,30.379746835443036,95.35864978902954,100.0,100.0,0,,,,,,,121,2.856817576510847,17.355371900826448,28.09917355371901,96.69421487603306,100.0,100.0,116,2.825206888133082,15.517241379310345,32.758620689655174,93.96551724137932,100.0,100.0
C135,Chest,213,test/C135/Low_Dose/00000152.dcm,130.0,262144,5.4178595542907715,208,2.6907325157752404,22.115384615384617,37.01923076923077,90.86538461538461,100.0,100.0,0,,,,,,,103,2.761595494538835,22.33009708737864,33.00970873786408,93.20388349514563,100.0,100.0,105,2.6212193080357142,21.904761904761905,40.95238095238095,88.57142857142857,100.0,100.0
C135,Chest,214,test/C135/Low_Dose/00000166.dcm,130.0,262144,5.437058448791504,196,2.497001803651148,20.918367346938776,42.857142857142854,95.91836734693878,100.0,100.0,0,,,,,,,92,2.4888716987941577,20.652173913043477,43.47826086956522,96.73913043478261,100.0,100.0,104,2.504193819486178,21.153846153846153,42.30769230769231,95.1923076923077,100.0,100.0
C135,Chest,215,test/C135/Low_Dose/00000140.dcm,130.0,262144,5.427332401275635,183,2.9375433583077184,13.66120218579235,29.508196721311474,94.53551912568307,100.0,100.0,0,,,,,,,88,2.8575064919211646,19.318181818181817,34.09090909090909,95.45454545454545,100.0,100.0,95,3.011682771381579,8.421052631578947,25.263157894736842,93.6842105263158,100.0,100.0
C135,Chest,216,test/C135/Low_Dose/00000093.dcm,130.0,262144,5.418078422546387,186,2.618073494203629,19.892473118279568,37.096774193548384,95.16129032258064,100.0,100.0,0,,,,,,,99,2.6994394629892677,16.161616161616163,33.333333333333336,92.92929292929293,100.0,100.0,87,2.5254846331716956,24.137931034482758,41.37931034482759,97.70114942528735,100.0,100.0
C135,Chest,217,test/C135/Low_Dose/00000230.dcm,130.0,262144,5.396536350250244,216,2.823215060763889,13.88888888888889,29.62962962962963,95.83333333333333,100.0,100.0,0,,,,,,,100,2.6508642578125,20.0,34.0,97.0,100.0,100.0,116,2.9717933391702585,8.620689655172415,25.862068965517242,94.82758620689656,100.0,100.0
C135,Chest,218,test/C135/Low_Dose/00000313.dcm,130.0,262144,5.3730621337890625,178,2.6261006901773176,17.415730337078653,38.20224719101124,94.9438202247191,100.0,100.0,0,,,,,,,93,2.5614315566196235,19.35483870967742,38.70967741935484,96.7741935483871,100.0,100.0,85,2.696856330422794,15.294117647058824,37.64705882352941,92.94117647058823,100.0,100.0
C135,Chest,219,test/C135/Low_Dose/00000324.dcm,130.0,262144,5.373555660247803,217,2.5711062382992513,20.276497695852534,36.866359447004605,93.54838709677419,100.0,100.0,0,,,,,,,117,2.4351337139423075,23.076923076923077,44.44444444444444,94.01709401709402,100.0,100.0,100,2.730194091796875,17.0,28.0,93.0,100.0,100.0
C135,Chest,220,test/C135/Low_Dose/00000332.dcm,130.0,262144,5.343337535858154,222,2.716261305250563,13.513513513513514,35.13513513513514,94.14414414414415,100.0,100.0,0,,,,,,,118,2.849629030389301,14.40677966101695,30.508474576271187,91.52542372881356,100.0,100.0,104,2.564940232496995,12.5,40.38461538461539,97.11538461538461,100.0,100.0
C135,Chest,221,test/C135/Low_Dose/00000168.dcm,130.0,262144,5.33276891708374,212,2.6520293613649764,21.22641509433962,38.20754716981132,94.33962264150944,100.0,100.0,0,,,,,,,108,2.5728092900028936,23.14814814814815,39.81481481481482,98.14814814814815,100.0,100.0,104,2.734296358548678,19.23076923076923,36.53846153846154,90.38461538461539,100.0,100.0
C135,Chest,222,test/C135/Low_Dose/00000210.dcm,130.0,262144,5.32639217376709,197,2.582756236119924,21.31979695431472,39.59390862944162,96.95431472081218,100.0,100.0,0,,,,,,,101,2.695334255105198,22.77227722772277,38.613861386138616,96.03960396039604,100.0,100.0,96,2.4643147786458335,19.791666666666668,40.625,97.91666666666667,100.0,100.0
C135,Chest,223,test/C135/Low_Dose/00000025.dcm,130.0,262144,5.335361003875732,189,2.750060066344246,15.343915343915343,33.86243386243386,92.5925925925926,100.0,100.0,0,,,,,,,92,2.781863005264946,13.043478260869565,31.52173913043478,93.47826086956522,100.0,100.0,97,2.7198964541720363,17.52577319587629,36.08247422680412,91.75257731958763,100.0,100.0
C135,Chest,224,test/C135/Low_Dose/00000185.dcm,130.0,262144,5.336684703826904,237,2.688676407568565,19.40928270042194,38.39662447257384,95.78059071729957,100.0,100.0,0,,,,,,,136,2.6742670395795036,19.11764705882353,37.5,96.32352941176471,100.0,100.0,101,2.708079120900371,19.801980198019802,39.603960396039604,95.04950495049505,100.0,100.0
C135,Chest,225,test/C135/Low_Dose/00000325.dcm,130.0,262144,5.336087703704834,232,2.6569897881869613,18.96551724137931,33.62068965517241,97.41379310344827,100.0,100.0,0,,,,,,,114,2.635535524602522,17.54385964912281,34.21052631578947,99.12280701754386,100.0,100.0,118,2.6777167885990467,20.338983050847457,33.05084745762712,95.76271186440678,100.0,100.0
C135,Chest,226,test/C135/Low_Dose/00000250.dcm,130.0,262144,5.368669509887695,214,2.6178868373977804,16.822429906542055,37.850467289719624,94.39252336448598,100.0,100.0,0,,,,,,,126,2.663943336123512,13.492063492063492,37.301587301587304,95.23809523809524,100.0,100.0,88,2.551942305131392,21.59090909090909,38.63636363636363,93.18181818181819,100.0,100.0
C135,Chest,227,test/C135/Low_Dose/00000264.dcm,130.0,262144,5.356065273284912,240,2.6899673461914064,19.583333333333332,35.416666666666664,93.75,100.0,100.0,0,,,,,,,132,2.8152789491595644,16.666666666666668,29.545454545454547,93.18181818181819,100.0,100.0,108,2.536808720341435,23.14814814814815,42.592592592592595,94.44444444444444,100.0,100.0
C135,Chest,228,test/C135/Low_Dose/00000345.dcm,130.0,262144,5.378537654876709,266,2.625047726738722,15.037593984962406,40.6015037593985,95.11278195488721,100.0,100.0,0,,,,,,,129,2.694267805232558,15.503875968992247,39.53488372093023,93.02325581395348,100.0,100.0,137,2.5598696966240877,14.598540145985401,41.605839416058394,97.08029197080292,100.0,100.0
C135,Chest,229,test/C135/Low_Dose/00000233.dcm,130.0,262144,5.403402328491211,246,2.723497344226372,17.88617886178862,37.80487804878049,94.3089430894309,100.0,100.0,0,,,,,,,126,2.7049492730034723,13.492063492063492,38.095238095238095,95.23809523809524,100.0,100.0,120,2.742972819010417,22.5,37.5,93.33333333333333,100.0,100.0
C135,Chest,230,test/C135/Low_Dose/00000094.dcm,130.0,262144,5.434837341308594,300,2.645615234375,20.666666666666668,38.666666666666664,94.66666666666667,100.0,100.0,0,,,,,,,152,2.6195975855777136,23.026315789473685,40.13157894736842,94.07894736842105,100.0,100.0,148,2.67233606286951,18.243243243243242,37.16216216216216,95.27027027027027,100.0,100.0
C135,Chest,231,test/C135/Low_Dose/00000117.dcm,130.0,262144,5.468875408172607,300,2.6021598307291667,18.0,39.0,95.33333333333333,100.0,100.0,0,,,,,,,150,2.5910384114583334,18.0,39.333333333333336,94.66666666666667,100.0,100.0,150,2.61328125,18.0,38.666666666666664,96.0,100.0,100.0
C135,Chest,232,test/C135/Low_Dose/00000045.dcm,130.0,262144,5.506932735443115,318,2.8867552175461872,17.61006289308176,32.075471698113205,90.25157232704403,100.0,100.0,0,,,,,,,161,2.8772018148291925,17.391304347826086,31.677018633540374,87.5776397515528,100.0,100.0,157,2.896552019058519,17.8343949044586,32.48407643312102,92.99363057324841,100.0,100.0
C135,Chest,233,test/C135/Low_Dose/00000203.dcm,130.0,262144,5.521946907043457,363,2.7258579895187673,16.804407713498623,37.74104683195592,92.56198347107438,100.0,100.0,0,,,,,,,186,2.881322060861895,13.440860215053764,35.483870967741936,91.39784946236558,100.0,100.0,177,2.56248896539548,20.338983050847457,40.112994350282484,93.78531073446328,100.0,100.0
C135,Chest,234,test/C135/Low_Dose/00000248.dcm,130.0,262144,5.541153430938721,305,2.892510886270492,15.081967213114755,31.80327868852459,90.1639344262295,100.0,100.0,0,,,,,,,159,2.9494605874115565,16.9811320754717,31.446540880503143,89.937106918239,100.0,100.0,146,2.8304903213291954,13.013698630136986,32.19178082191781,90.41095890410959,100.0,100.0
C135,Chest,235,test/C135/Low_Dose/00000059.dcm,130.0,262144,5.5645432472229,280,3.0136465890066964,14.642857142857142,27.142857142857142,90.35714285714286,100.0,100.0,0,,,,,,,149,2.959966672346896,16.107382550335572,29.530201342281877,89.26174496644295,100.0,100.0,131,3.074702372077767,12.977099236641221,24.427480916030536,91.6030534351145,100.0,100.0
C135,Chest,236,test/C135/Low_Dose/00000311.dcm,130.0,262144,5.587613582611084,271,2.8435716241928044,16.605166051660518,32.103321033210335,91.88191881918819,100.0,100.0,0,,,,,,,137,3.052994554060219,14.598540145985401,28.467153284671532,88.32116788321167,100.0,100.0,134,2.629460121268657,18.65671641791045,35.82089552238806,95.5223880597015,100.0,100.0
C135,Chest,237,test/C135/Low_Dose/00000016.dcm,130.0,262144,5.609423637390137,253,2.8127465530817686,16.600790513833992,34.387351778656125,90.51383399209486,100.0,100.0,0,,,,,,,134,2.889999161905317,13.432835820895523,32.83582089552239,88.05970149253731,100.0,100.0,119,2.7257562204569328,20.168067226890756,36.134453781512605,93.27731092436974,100.0,100.0
C135,Chest,238,test/C135/Low_Dose/00000331.dcm,130.0,262144,5.634317398071289,231,2.8816050079477815,17.748917748917748,33.76623376623377,88.74458874458874,100.0,100.0,0,,,,,,,132,2.810439601089015,15.909090909090908,35.60606060606061,90.9090909090909,100.0,100.0,99,2.976492217092803,20.2020202020202,31.31313131313131,85.85858585858585,100.0,100.0
C135,Chest,239,test/C135/Low_Dose/00000125.dcm,130.0,262144,5.673057556152344,253,3.0179269662487647,16.205533596837945,32.015810276679844,85.7707509881423,100.0,100.0,0,,,,,,,126,2.936336456783234,15.873015873015873,32.53968253968254,86.5079365079365,100.0,100.0,127,3.098875030757874,16.53543307086614,31.496062992125985,85.03937007874016,100.0,100.0
C135,Chest,240,test/C135/Low_Dose/00000005.dcm,130.0,262144,5.672657489776611,226,2.9199812897538715,14.601769911504425,34.95575221238938,88.49557522123894,100.0,100.0,0,,,,,,,111,2.9499819643862613,13.513513513513514,33.333333333333336,88.28828828828829,100.0,100.0,115,2.891024116847826,15.652173913043478,36.52173913043478,88.69565217391305,100.0,100.0
C135,Chest,241,test/C135/Low_Dose/00000159.dcm,130.0,262144,5.7092790603637695,217,2.8046886250720044,16.589861751152075,31.797235023041473,88.94009216589862,100.0,100.0,0,,,,,,,121,2.7882231404958677,19.00826446280992,33.88429752066116,86.77685950413223,100.0,100.0,96,2.8254419962565103,13.541666666666666,29.166666666666668,91.66666666666667,100.0,100.0
C135,Chest,242,test/C135/Low_Dose/00000088.dcm,130.0,262144,5.715850830078125,180,3.072772216796875,12.222222222222221,25.555555555555557,85.55555555555556,100.0,100.0,0,,,,,,,93,3.183957335769489,11.827956989247312,23.655913978494624,84.94623655913979,100.0,100.0,87,2.95391915858477,12.64367816091954,27.586206896551722,86.20689655172414,100.0,100.0
C135,Chest,243,test/C135/Low_Dose/00000306.dcm,130.0,262144,5.728520393371582,201,2.7817085228156095,19.402985074626866,34.82587064676617,89.55223880597015,100.0,100.0,0,,,,,,,102,2.967946968826593,14.705882352941176,28.431372549019606,86.27450980392157,100.0,100.0,99,2.5898264875315657,24.242424242424242,41.41414141414141,92.92929292929293,100.0,100.0
C135,Chest,244,test/C135/Low_Dose/00000297.dcm,130.0,262144,5.76276969909668,184,3.0547856869904892,17.934782608695652,32.06521739130435,82.6086956521739,100.0,100.0,0,,,,,,,93,3.041124569472446,19.35483870967742,32.25806451612903,86.02150537634408,100.0,100.0,91,3.068747048849588,16.483516483516482,31.86813186813187,79.12087912087912,100.0,100.0
C135,Chest,245,test/C135/Low_Dose/00000063.dcm,130.0,262144,5.7721476554870605,189,2.945270518146495,12.698412698412698,31.746031746031747,87.83068783068784,100.0,100.0,0,,,,,,,97,3.1451126570554124,12.371134020618557,27.835051546391753,84.5360824742268,100.0,100.0,92,2.7345673934273096,13.043478260869565,35.869565217391305,91.30434782608695,100.0,100.0
C135,Chest,246,test/C135/Low_Dose/00000309.dcm,130.0,262144,5.764465808868408,214,2.765559401467582,17.757009345794394,34.57943925233645,91.1214953271028,100.0,100.0,0,,,,,,,112,2.839156014578683,20.535714285714285,33.92857142857143,91.07142857142857,100.0,100.0,102,2.684747434129902,14.705882352941176,35.294117647058826,91.17647058823529,100.0,100.0
C135,Chest,247,test/C135/Low_Dose/00000103.dcm,130.0,262144,5.788487434387207,252,2.6523800804501487,20.238095238095237,38.888888888888886,90.87301587301587,100.0,100.0,0,,,,,,,129,2.7155553536821704,19.37984496124031,37.2093023255814,90.69767441860465,100.0,100.0,123,2.5861230865726625,21.13821138211382,40.65040650406504,91.0569105691057,100.0,100.0
C135,Chest,248,test/C135/Low_Dose/00000017.dcm,130.0,262144,5.801998615264893,225,2.9154926215277777,13.777777777777779,31.11111111111111,89.77777777777777,100.0,100.0,0,,,,,,,127,2.9500309501107282,12.598425196850394,29.133858267716537,90.55118110236221,100.0,100.0,98,2.870733767139668,15.306122448979592,33.673469387755105,88.77551020408163,100.0,100.0
C135,Chest,249,test/C135/Low_Dose/00000128.dcm,130.0,262144,5.815638542175293,229,2.915101963359716,17.467248908296945,33.18777292576419,86.46288209606988,100.0,100.0,0,,,,,,,124,3.0022701140372985,13.709677419354838,29.032258064516128,88.70967741935483,100.0,100.0,105,2.8121605282738096,21.904761904761905,38.095238095238095,83.80952380952381,100.0,100.0
C135,Chest,250,test/C135/Low_Dose/00000029.dcm,130.0,262144,5.849637031555176,211,2.719060093305687,21.327014218009477,38.86255924170616,87.20379146919431,100.0,100.0,0,,,,,,,116,2.7119098531788794,22.413793103448278,39.6551724137931,87.06896551724138,100.0,100.0,95,2.7277909128289473,20.0,37.89473684210526,87.36842105263158,100.0,100.0
C135,Chest,251,test/C135/Low_Dose/00000275.dcm,130.0,262144,5.906257152557373,216,2.903777511031539,12.962962962962964,30.09259259259259,87.03703703703704,100.0,100.0,0,,,,,,,108,2.9512577763310186,9.25925925925926,27.77777777777778,87.03703703703704,100.0,100.0,108,2.85629724573206,16.666666666666668,32.407407407407405,87.03703703703704,100.0,100.0
C135,Chest,252,test/C135/Low_Dose/00000042.dcm,130.0,262144,5.9627814292907715,205,2.8901123046875,17.5609756097561,37.5609756097561,83.41463414634147,100.0,100.0,0,,,,,,,100,2.983714599609375,17.0,39.0,79.0,100.0,100.0,105,2.800967261904762,18.095238095238095,36.19047619047619,87.61904761904762,100.0,100.0
C135,Chest,253,test/C135/Low_Dose/00000111.dcm,130.0,262144,6.029265880584717,201,2.85132078863495,16.915422885572138,35.32338308457712,84.07960199004975,100.0,100.0,0,,,,,,,108,2.750981083622685,19.444444444444443,38.888888888888886,85.18518518518519,100.0,100.0,93,2.9678443170362905,13.978494623655914,31.182795698924732,82.79569892473118,100.0,100.0
C135,Chest,254,test/C135/Low_Dose/00000298.dcm,130.0,262144,6.15780782699585,201,3.1773493372978856,14.925373134328359,32.83582089552239,75.62189054726367,100.0,100.0,0,,,,,,,95,3.2620823910361842,12.631578947368421,29.473684210526315,74.73684210526316,100.0,100.0,106,3.101409336306014,16.9811320754717,35.84905660377358,76.41509433962264,100.0,100.0
C135,Chest,255,test/C135/Low_Dose/00000209.dcm,130.0,262144,6.241471767425537,231,3.0854354792343073,17.316017316017316,33.76623376623377,80.95238095238095,100.0,100.0,0,,,,,,,115,2.875350288722826,22.608695652173914,40.0,82.6086956521739,100.0,100.0,116,3.2937095905172415,12.068965517241379,27.586206896551722,79.3103448275862,100.0,100.0
C135,Chest,256,test/C135/Low_Dose/00000001.dcm,130.0,262144,6.339969635009766,232,3.2678696204876077,12.931034482758621,28.879310344827587,77.58620689655173,100.0,100.0,0,,,,,,,122,3.4374269579277663,11.475409836065573,25.40983606557377,72.95081967213115,100.0,100.0,110,3.0798151189630683,14.545454545454545,32.72727272727273,82.72727272727273,100.0,100.0
C135,Chest,257,test/C135/Low_Dose/00000002.dcm,130.0,262144,6.446285247802734,226,3.2510705458379423,13.716814159292035,27.43362831858407,77.43362831858407,100.0,100.0,0,,,,,,,116,3.2251723716998923,16.379310344827587,29.310344827586206,76.72413793103448,100.0,100.0,110,3.27838134765625,10.909090909090908,25.454545454545453,78.18181818181819,100.0,100.0
C135,Chest,258,test/C135/Low_Dose/00000303.dcm,130.0,262144,6.551302909851074,224,3.2723056248256137,14.732142857142858,29.017857142857142,76.33928571428571,100.0,100.0,0,,,,,,,108,3.330096209490741,13.88888888888889,26.85185185185185,75.0,100.0,100.0,116,3.218500597723599,15.517241379310345,31.03448275862069,77.58620689655173,100.0,100.0
C135,Chest,259,test/C135/Low_Dose/00000326.dcm,130.0,262144,6.624430179595947,233,3.117523848243026,16.30901287553648,30.472103004291846,80.25751072961373,100.0,100.0,0,,,,,,,118,2.962230617717161,20.338983050847457,33.05084745762712,84.7457627118644,100.0,100.0,115,3.276868206521739,12.173913043478262,27.82608695652174,75.65217391304348,100.0,100.0
C135,Chest,260,test/C135/Low_Dose/00000196.dcm,130.0,262144,6.70656156539917,229,3.435225440945688,12.22707423580786,25.76419213973799,74.67248908296943,100.0,100.0,0,,,,,,,127,3.3302770899975394,16.53543307086614,30.708661417322833,75.59055118110236,100.0,100.0,102,3.565896426930147,6.862745098039215,19.607843137254903,73.52941176470588,100.0,100.0
C135,Chest,261,test/C135/Low_Dose/00000274.dcm,130.0,262144,6.775894641876221,246,3.459017621792429,16.260162601626018,29.26829268292683,72.76422764227642,100.0,100.0,0,,,,,,,124,3.4791062878024195,16.93548387096774,29.032258064516128,70.96774193548387,100.0,100.0,122,3.438599633388832,15.573770491803279,29.508196721311474,74.59016393442623,100.0,100.0
C135,Chest,262,test/C135/Low_Dose/00000052.dcm,130.0,262144,6.8294901847839355,222,3.4344795845650338,13.513513513513514,29.72972972972973,72.52252252252252,100.0,100.0,0,,,,,,,124,3.435062531502016,11.290322580645162,32.25806451612903,74.19354838709677,100.0,100.0,98,3.433741978236607,16.3265306122449,26.53061224489796,70.40816326530613,100.0,100.0
C135,Chest,263,test/C135/Low_Dose/00000232.dcm,130.0,262144,6.89356803894043,236,3.531859834315413,12.711864406779661,27.54237288135593,71.61016949152543,100.0,100.0,0,,,,,,,128,3.5475006103515625,14.0625,26.5625,72.65625,100.0,100.0,108,3.5133226182725696,11.11111111111111,28.703703703703702,70.37037037037037,100.0,100.0
C135,Chest,264,test/C135/Low_Dose/00000133.dcm,130.0,262144,6.875607490539551,235,3.481204808011968,13.617021276595745,24.25531914893617,73.19148936170212,100.0,100.0,0,,,,,,,137,3.461039076756387,16.78832116788321,24.817518248175183,73.72262773722628,100.0,100.0,98,3.509395677216199,9.183673469387756,23.46938775510204,72.44897959183673,100.0,100.0
C135,Chest,265,test/C135/Low_Dose/00000051.dcm,130.0,262144,6.860052585601807,232,3.4785840264682113,11.637931034482758,27.586206896551722,70.25862068965517,100.0,100.0,0,,,,,,,123,3.488328887195122,11.382113821138212,25.203252032520325,71.54471544715447,100.0,100.0,109,3.4675875322534404,11.926605504587156,30.275229357798164,68.80733944954129,100.0,100.0
C135,Chest,266,test/C135/Low_Dose/00000169.dcm,130.0,262144,6.871741771697998,285,3.6073173656798247,12.280701754385966,26.666666666666668,69.47368421052632,100.0,100.0,0,,,,,,,153,3.59329203686683,10.457516339869281,28.104575163398692,70.58823529411765,100.0,100.0,132,3.623573996803977,14.393939393939394,25.0,68.18181818181819,100.0,100.0
C135,Chest,267,test/C135/Low_Dose/00000188.dcm,130.0,262144,6.845491409301758,297,3.350014631997054,17.171717171717173,29.62962962962963,75.75757575757575,100.0,100.0,0,,,,,,,141,3.36103203956117,15.602836879432624,26.24113475177305,77.30496453900709,100.0,100.0,156,3.340056590544872,18.58974358974359,32.69230769230769,74.35897435897436,100.0,100.0
C135,Chest,268,test/C135/Low_Dose/00000173.dcm,130.0,262144,6.790246486663818,299,3.6018417511496654,12.37458193979933,23.076923076923077,70.90301003344482,100.0,100.0,0,,,,,,,171,3.530537566246345,11.695906432748538,23.976608187134502,73.6842105263158,100.0,100.0,128,3.6970996856689453,13.28125,21.875,67.1875,100.0,100.0
C135,Chest,269,test/C135/Low_Dose/00000182.dcm,130.0,262144,6.845030307769775,271,3.5204298856953415,14.391143911439114,28.04428044280443,70.84870848708488,100.0,100.0,0,,,,,,,146,3.742895675032106,15.068493150684931,23.972602739726028,65.06849315068493,100.0,100.0,125,3.26058984375,13.6,32.8,77.6,100.0,100.0
C135,Chest,270,test/C135/Low_Dose/00000288.dcm,130.0,262144,6.83693265914917,316,3.4544380284562894,13.291139240506329,27.531645569620252,73.73417721518987,100.0,100.0,0,,,,,,,171,3.3414535076297516,15.2046783625731,32.16374269005848,74.85380116959064,100.0,100.0,145,3.587681842672414,11.03448275862069,22.06896551724138,72.41379310344827,100.0,100.0
C135,Chest,271,test/C135/Low_Dose/00000256.dcm,130.0,262144,6.833369255065918,320,3.3091148376464843,17.5,31.5625,74.0625,100.0,100.0,0,,,,,,,155,2.943202652469758,21.29032258064516,38.064516129032256,80.0,100.0,100.0,165,3.652850526751894,13.93939393939394,25.454545454545453,68.48484848484848,100.0,100.0
C135,Chest,272,test/C135/Low_Dose/00000234.dcm,130.0,262144,6.873805999755859,327,3.6116521526185017,12.844036697247706,28.134556574923547,68.80733944954129,100.0,100.0,0,,,,,,,152,3.7468984503495064,10.526315789473685,26.973684210526315,64.47368421052632,100.0,100.0,175,3.494181082589286,14.857142857142858,29.142857142857142,72.57142857142857,100.0,100.0
C135,Chest,273,test/C135/Low_Dose/00000119.dcm,130.0,262144,6.900340557098389,295,3.38453803628178,17.28813559322034,31.52542372881356,72.54237288135593,100.0,100.0,0,,,,,,,166,3.4931706807699547,17.46987951807229,29.518072289156628,72.28915662650603,100.0,100.0,129,3.244747191436531,17.05426356589147,34.10852713178294,72.86821705426357,100.0,100.0
C135,Chest,274,test/C135/Low_Dose/00000100.dcm,130.0,262144,6.88799524307251,252,3.6294628324962797,12.698412698412698,26.19047619047619,66.66666666666667,100.0,100.0,0,,,,,,,143,3.759184297148164,11.188811188811188,25.174825174825173,63.63636363636363,100.0,100.0,109,3.4592777917144497,14.678899082568808,27.522935779816514,70.64220183486239,100.0,100.0
C135,Chest,275,test/C135/Low_Dose/00000308.dcm,130.0,262144,6.90980863571167,236,3.4210789567333157,13.983050847457626,27.966101694915253,74.57627118644068,100.0,100.0,0,,,,,,,119,3.3587164357930672,15.966386554621849,28.571428571428573,73.94957983193277,100.0,100.0,117,3.4845075036725426,11.965811965811966,27.35042735042735,75.21367521367522,100.0,100.0
C135,Chest,276,test/C135/Low_Dose/00000291.dcm,130.0,262144,6.925289154052734,264,3.6684930974786933,12.121212121212121,25.757575757575758,68.93939393939394,100.0,100.0,0,,,,,,,140,3.518715122767857,12.857142857142858,29.285714285714285,69.28571428571429,100.0,100.0,124,3.8375972624747985,11.290322580645162,21.774193548387096,68.54838709677419,100.0,100.0
C135,Chest,277,test/C135/Low_Dose/00000276.dcm,130.0,262144,6.887537002563477,259,3.667422497134411,12.741312741312742,22.00772200772201,69.4980694980695,100.0,100.0,0,,,,,,,149,3.6772329855285233,12.751677852348994,21.476510067114095,71.81208053691275,100.0,100.0,110,3.6541337446732953,12.727272727272727,22.727272727272727,66.36363636363636,100.0,100.0
C135,Chest,278,test/C135/Low_Dose/00000041.dcm,130.0,262144,6.906165599822998,254,3.5158667376660926,13.385826771653543,29.133858267716537,68.89763779527559,100.0,100.0,0,,,,,,,124,3.467192619077621,14.516129032258064,30.64516129032258,69.35483870967742,100.0,100.0,130,3.5622943584735576,12.307692307692308,27.692307692307693,68.46153846153847,100.0,100.0
C135,Chest,279,test/C135/Low_Dose/00000141.dcm,130.0,262144,6.93044376373291,258,3.34853392608406,20.155038759689923,32.17054263565891,70.54263565891473,100.0,100.0,0,,,,,,,139,3.358921846897482,18.705035971223023,33.81294964028777,69.06474820143885,100.0,100.0,119,3.3364001362263656,21.84873949579832,30.252100840336134,72.26890756302521,100.0,100.0
C135,Chest,280,test/C135/Low_Dose/00000116.dcm,130.0,262144,6.929360866546631,248,3.55084720734627,13.709677419354838,27.016129032258064,68.14516129032258,100.0,100.0,0,,,,,,,134,3.680988368703358,12.686567164179104,24.62686567164179,64.92537313432835,100.0,100.0,114,3.3978742632949563,14.912280701754385,29.82456140350877,71.9298245614035,100.0,100.0
C135,Chest,281,test/C135/Low_Dose/00000069.dcm,130.0,262144,7.022978782653809,242,3.5104516399793386,12.809917355371901,27.68595041322314,69.83471074380165,100.0,100.0,0,,,,,,,131,3.5418095479484735,12.977099236641221,29.00763358778626,69.46564885496183,100.0,100.0,111,3.4734436585022523,12.612612612612613,26.126126126126128,70.27027027027027,100.0,100.0
C135,Chest,282,test/C135/Low_Dose/00000300.dcm,130.0,262144,7.049503326416016,328,3.7430058921255718,10.670731707317072,22.25609756097561,67.6829268292683,100.0,100.0,0,,,,,,,169,3.9228407278568787,8.875739644970414,19.526627218934912,63.905325443786985,100.0,100.0,159,3.5518606893671385,12.578616352201259,25.157232704402517,71.69811320754717,100.0,100.0
C135,Chest,283,test/C135/Low_Dose/00000279.dcm,130.0,262144,7.059717655181885,281,3.6554398180326957,15.658362989323843,29.181494661921707,66.54804270462634,100.0,100.0,0,,,,,,,166,3.5974900578878013,15.662650602409638,31.325301204819276,67.46987951807229,100.0,100.0,115,3.7390890370244567,15.652173913043478,26.08695652173913,65.21739130434783,100.0,100.0
C135,Chest,284,test/C135/Low_Dose/00000007.dcm,130.0,262144,7.111420154571533,250,3.8063134765625,12.0,24.4,68.0,100.0,100.0,0,,,,,,,130,3.8546781099759615,10.0,23.846153846153847,68.46153846153847,100.0,100.0,120,3.75391845703125,14.166666666666666,25.0,67.5,100.0,100.0
C135,Chest,285,test/C135/Low_Dose/00000341.dcm,130.0,262144,7.166083335876465,211,3.827046037285249,9.004739336492891,22.274881516587676,67.29857819905213,100.0,100.0,0,,,,,,,111,4.04481080201295,9.00900900900901,19.81981981981982,60.36036036036036,100.0,100.0,100,3.5853271484375,9.0,25.0,75.0,100.0,100.0
C135,Chest,286,test/C135/Low_Dose/00000312.dcm,130.0,262144,7.213086128234863,274,3.4428737668225367,14.233576642335766,27.37226277372263,76.27737226277372,100.0,100.0,0,,,,,,,151,3.479584346543874,15.894039735099337,25.827814569536425,76.15894039735099,100.0,100.0,123,3.3978063071646343,12.195121951219512,29.26829268292683,76.42276422764228,100.0,100.0
C135,Chest,287,test/C135/Low_Dose/00000022.dcm,130.0,262144,7.289677143096924,291,3.7874067902974655,11.34020618556701,25.77319587628866,65.97938144329896,100.0,100.0,0,,,,,,,168,3.895392281668527,11.904761904761905,24.404761904761905,61.904761904761905,100.0,100.0,123,3.639914411839431,10.56910569105691,27.642276422764226,71.54471544715447,100.0,100.0
C135,Chest,288,test/C135/Low_Dose/00000340.dcm,130.0,262144,7.326076984405518,300,3.6115372721354166,12.666666666666666,28.333333333333332,69.66666666666667,100.0,100.0,0,,,,,,,158,3.7487978392009493,8.227848101265822,24.68354430379747,67.72151898734177,100.0,100.0,142,3.4588107256822185,17.6056338028169,32.394366197183096,71.83098591549296,100.0,100.0
C135,Chest,289,test/C135/Low_Dose/00000061.dcm,130.0,262144,7.3461222648620605,301,3.820010771387043,10.96345514950166,25.249169435215947,65.78073089700996,100.0,100.0,0,,,,,,,165,3.660913825757576,13.333333333333334,30.90909090909091,69.6969696969697,100.0,100.0,136,4.013032801011029,8.088235294117647,18.38235294117647,61.029411764705884,100.0,100.0
C135,Chest,290,test/C135/Low_Dose/00000180.dcm,130.0,262144,7.422748565673828,263,3.957699619771863,13.307984790874524,22.813688212927758,63.11787072243346,100.0,100.0,0,,,,,,,123,4.028394745617378,13.008130081300813,19.51219512195122,61.78861788617886,100.0,100.0,140,3.8955889020647323,13.571428571428571,25.714285714285715,64.28571428571429,100.0,100.0
C135,Chest,291,test/C135/Low_Dose/00000031.dcm,130.0,262144,7.434478282928467,257,3.7192734299002916,14.396887159533074,28.404669260700388,64.2023346303502,100.0,100.0,0,,,,,,,132,3.7863640062736743,13.636363636363637,28.78787878787879,62.121212121212125,100.0,100.0,125,3.64842578125,15.2,28.0,66.4,100.0,100.0
C135,Chest,292,test/C135/Low_Dose/00000206.dcm,130.0,262144,7.42141580581665,251,3.743577934356325,10.756972111553784,25.89641434262948,65.73705179282868,100.0,100.0,0,,,,,,,139,3.892868810420414,10.79136690647482,23.741007194244606,62.589928057553955,100.0,100.0,112,3.5582972935267856,10.714285714285714,28.571428571428573,69.64285714285714,100.0,100.0
C135,Chest,293,test/C135/Low_Dose/00000136.dcm,130.0,262144,7.459885120391846,251,4.066318709536852,9.163346613545817,22.709163346613547,60.55776892430279,100.0,100.0,0,,,,,,,143,4.1750104143902975,8.391608391608392,21.678321678321677,58.04195804195804,100.0,100.0,108,3.9224028410734952,10.185185185185185,24.074074074074073,63.888888888888886,100.0,100.0
C135,Chest,294,test/C135/Low_Dose/00000043.dcm,130.0,262144,7.46952486038208,221,3.9382224794966065,11.764705882352942,21.266968325791854,65.61085972850678,100.0,100.0,0,,,,,,,124,3.8362515357232865,9.67741935483871,20.967741935483872,69.35483870967742,100.0,100.0,97,4.068577088031573,14.43298969072165,21.649484536082475,60.824742268041234,100.0,100.0
C135,Chest,295,test/C135/Low_Dose/00000252.dcm,130.0,262144,7.441233158111572,227,3.8914111973430616,11.45374449339207,23.348017621145374,64.31718061674009,100.0,100.0,0,,,,,,,124,4.118610997353831,9.67741935483871,17.741935483870968,61.29032258064516,100.0,100.0,103,3.6178891080097086,13.592233009708737,30.097087378640776,67.96116504854369,100.0,100.0
C135,Chest,296,test/C135/Low_Dose/00000218.dcm,130.0,262144,7.464453220367432,252,3.7301810128348216,13.492063492063492,28.174603174603174,66.26984126984127,100.0,100.0,0,,,,,,,133,3.8156215122767856,16.541353383458645,27.06766917293233,60.902255639097746,100.0,100.0,119,3.6346886899290967,10.084033613445378,29.41176470588235,72.26890756302521,100.0,100.0
C135,Chest,297,test/C135/Low_Dose/00000183.dcm,130.0,262144,7.464316368103027,253,3.8619268967700098,12.25296442687747,22.92490118577075,64.82213438735178,100.0,100.0,0,,,,,,,128,3.8458709716796875,10.15625,21.09375,64.0625,100.0,100.0,125,3.8783681640625,14.4,24.8,65.6,100.0,100.0
C135,Chest,298,test/C135/Low_Dose/00000344.dcm,130.0,262144,7.430880546569824,223,3.777183361652186,12.556053811659194,24.663677130044842,68.16143497757848,100.0,100.0,0,,,,,,,119,3.756432797728466,10.92436974789916,24.369747899159663,69.74789915966386,100.0,100.0,104,3.8009267953725963,14.423076923076923,25.0,66.34615384615384,100.0,100.0
C135,Chest,299,test/C135/Low_Dose/00000349.dcm,130.0,262144,7.459673881530762,234,3.8702413444845085,12.393162393162394,27.77777777777778,62.39316239316239,100.0,100.0,0,,,,,,,124,4.050682806199597,7.258064516129032,25.0,58.87096774193548,100.0,100.0,110,3.6668346058238637,18.181818181818183,30.90909090909091,66.36363636363636,100.0,100.0
C135,Chest,300,test/C135/Low_Dose/00000108.dcm,130.0,262144,7.456065654754639,212,3.9539581874631486,10.377358490566039,22.169811320754718,65.09433962264151,100.0,100.0,0,,,,,,,107,4.020163277599299,12.149532710280374,20.560747663551403,61.6822429906542,100.0,100.0,105,3.8864920479910716,8.571428571428571,23.80952380952381,68.57142857142857,100.0,100.0
C135,Chest,301,test/C135/Low_Dose/00000006.dcm,130.0,262144,7.420725345611572,204,3.8708454206878065,13.235294117647058,24.50980392156863,65.68627450980392,100.0,100.0,0,,,,,,,99,4.055401426373106,9.090909090909092,19.19191919191919,63.63636363636363,100.0,100.0,105,3.696835472470238,17.142857142857142,29.523809523809526,67.61904761904762,100.0,100.0
C135,Chest,302,test/C135/Low_Dose/00000065.dcm,130.0,262144,7.42393159866333,213,3.800741132995892,10.7981220657277,23.004694835680752,67.6056338028169,100.0,100.0,0,,,,,,,103,3.8050134158828883,11.650485436893204,23.300970873786408,68.93203883495146,100.0,100.0,110,3.79674072265625,10.0,22.727272727272727,66.36363636363636,100.0,100.0
C135,Chest,303,test/C135/Low_Dose/00000222.dcm,130.0,262144,7.408499717712402,271,3.650809537880535,13.653136531365314,29.52029520295203,67.52767527675277,100.0,100.0,0,,,,,,,130,3.660637958233173,14.615384615384615,32.30769230769231,67.6923076923077,100.0,100.0,141,3.6417478737256204,12.76595744680851,26.95035460992908,67.37588652482269,100.0,100.0
C135,Chest,304,test/C135/Low_Dose/00000132.dcm,130.0,262144,7.373753547668457,254,3.5514137087844486,12.204724409448819,27.95275590551181,68.50393700787401,100.0,100.0,0,,,,,,,119,3.6120246438419117,9.243697478991596,28.571428571428573,64.70588235294117,100.0,100.0,135,3.4979862919560185,14.814814814814815,27.40740740740741,71.85185185185185,100.0,100.0
C135,Chest,305,test/C135/Low_Dose/00000224.dcm,130.0,262144,7.3868842124938965,235,3.7759547456781917,9.787234042553191,24.25531914893617,66.80851063829788,100.0,100.0,0,,,,,,,124,3.801145492061492,10.483870967741936,20.967741935483872,66.93548387096774,100.0,100.0,111,3.7478137317004503,9.00900900900901,27.92792792792793,66.66666666666667,100.0,100.0
C135,Chest,306,test/C135/Low_Dose/00000075.dcm,130.0,262144,7.386293888092041,186,3.8328109248991935,10.75268817204301,24.731182795698924,62.903225806451616,100.0,100.0,0,,,,,,,113,3.7669796563882745,9.734513274336283,23.893805309734514,65.48672566371681,100.0,100.0,73,3.9347141213613015,12.32876712328767,26.027397260273972,58.9041095890411,100.0,100.0
C135,Chest,307,test/C135/Low_Dose/00000156.dcm,130.0,262144,7.350661277770996,205,3.5617604325457317,14.634146341463415,28.29268292682927,67.8048780487805,100.0,100.0,0,,,,,,,96,3.4769617716471353,14.583333333333334,29.166666666666668,70.83333333333333,100.0,100.0,109,3.63644549168578,14.678899082568808,27.522935779816514,65.13761467889908,100.0,100.0
C135,Chest,308,test/C135/Low_Dose/00000143.dcm,130.0,262144,7.381208896636963,192,3.6935113271077475,13.541666666666666,24.479166666666668,71.875,100.0,100.0,0,,,,,,,103,3.9161803606644416,10.679611650485437,22.33009708737864,67.96116504854369,100.0,100.0,89,3.435815704002809,16.853932584269664,26.96629213483146,76.40449438202248,100.0,100.0
C135,Chest,309,test/C135/Low_Dose/00000246.dcm,130.0,262144,7.38077974319458,171,3.4358259948373537,18.71345029239766,31.57894736842105,71.34502923976608,100.0,100.0,0,,,,,,,93,3.516849640877016,17.204301075268816,30.107526881720432,68.81720430107526,100.0,100.0,78,3.339220878405449,20.512820512820515,33.333333333333336,74.35897435897436,100.0,100.0
C135,Chest,310,test/C135/Low_Dose/00000013.dcm,130.0,262144,7.344430446624756,181,3.8058421098066297,13.812154696132596,24.861878453038674,67.40331491712708,100.0,100.0,0,,,,,,,102,4.0003662109375,10.784313725490197,23.529411764705884,62.745098039215684,100.0,100.0,79,3.5546844096123418,17.72151898734177,26.582278481012658,73.41772151898734,100.0,100.0
C135,Chest,311,test/C135/Low_Dose/00000351.dcm,130.0,262144,7.353529930114746,206,3.750132144076153,12.62135922330097,22.815533980582526,66.01941747572816,100.0,100.0,0,,,,,,,117,3.678119365985577,11.965811965811966,23.076923076923077,68.37606837606837,100.0,100.0,89,3.844800627633427,13.48314606741573,22.471910112359552,62.92134831460674,100.0,100.0
C135,Chest,312,test/C135/Low_Dose/00000167.dcm,130.0,262144,7.3640618324279785,203,3.6336152776708746,14.77832512315271,31.03448275862069,69.45812807881774,100.0,100.0,0,,,,,,,107,3.692114714150117,14.018691588785046,28.037383177570092,70.09345794392523,100.0,100.0,96,3.5684127807617188,15.625,34.375,68.75,100.0,100.0
C135,Chest,313,test/C135/Low_Dose/00000162.dcm,130.0,262144,7.345057487487793,212,3.6673641564711086,12.735849056603774,28.77358490566038,68.86792452830188,100.0,100.0,0,,,,,,,113,3.66675776928927,14.15929203539823,28.31858407079646,69.91150442477876,100.0,100.0,99,3.6680562953756315,11.11111111111111,29.292929292929294,67.67676767676768,100.0,100.0
C135,Chest,314,test/C135/Low_Dose/00000263.dcm,130.0,262144,7.38663387298584,231,3.7133730933779763,12.554112554112555,26.83982683982684,66.66666666666667,100.0,100.0,0,,,,,,,108,3.915546558521412,11.11111111111111,25.0,62.96296296296296,100.0,100.0,123,3.5358549288617884,13.821138211382113,28.45528455284553,69.91869918699187,100.0,100.0
C135,Chest,315,test/C135/Low_Dose/00000068.dcm,130.0,262144,7.390244960784912,233,3.749710279472908,13.733905579399142,27.03862660944206,66.52360515021459,100.0,100.0,0,,,,,,,143,3.8026660839160837,12.587412587412587,24.475524475524477,66.43356643356644,100.0,100.0,90,3.665569390190972,15.555555555555555,31.11111111111111,66.66666666666667,100.0,100.0
C135,Chest,316,test/C135/Low_Dose/00000200.dcm,130.0,262144,7.388568878173828,247,3.744257753194585,12.955465587044534,24.291497975708502,67.61133603238866,100.0,100.0,0,,,,,,,133,3.7760349359727443,14.285714285714286,24.06015037593985,66.9172932330827,100.0,100.0,114,3.7071843732867324,11.403508771929825,24.56140350877193,68.42105263157895,100.0,100.0
C135,Chest,317,test/C135/Low_Dose/00000046.dcm,130.0,262144,7.433188438415527,226,3.6451086533808077,13.716814159292035,24.778761061946902,68.14159292035399,100.0,100.0,0,,,,,,,126,3.705043247767857,11.11111111111111,23.015873015873016,67.46031746031746,100.0,100.0,100,3.569591064453125,17.0,27.0,69.0,100.0,100.0
C135,Chest,318,test/C135/Low_Dose/00000158.dcm,130.0,262144,7.472585201263428,210,3.77252197265625,11.428571428571429,24.761904761904763,70.95238095238095,100.0,100.0,0,,,,,,,118,3.7234579829846397,12.711864406779661,26.271186440677965,69.49152542372882,100.0,100.0,92,3.835451872452446,9.782608695652174,22.82608695652174,72.82608695652173,100.0,100.0
C135,Chest,319,test/C135/Low_Dose/00000212.dcm,130.0,262144,7.457444190979004,197,3.826732035215736,14.213197969543147,23.3502538071066,63.95939086294416,100.0,100.0,0,,,,,,,99,3.8981440380366164,12.121212121212121,21.21212121212121,61.61616161616162,100.0,100.0,98,3.7545913384885203,16.3265306122449,25.510204081632654,66.3265306122449,100.0,100.0
C135,Chest,320,test/C135/Low_Dose/00000343.dcm,130.0,262144,7.515901565551758,203,3.743123773283559,12.807881773399014,21.67487684729064,69.45812807881774,100.0,100.0,0,,,,,,,108,3.6789765534577548,12.962962962962964,20.37037037037037,73.14814814814815,100.0,100.0,95,3.816049033717105,12.631578947368421,23.157894736842106,65.26315789473684,100.0,100.0
C135,Chest,321,test/C135/Low_Dose/00000147.dcm,130.0,262144,7.552445888519287,257,3.8463339007782102,15.17509727626459,25.291828793774318,59.53307392996109,100.0,100.0,0,,,,,,,134,3.714139568271922,17.16417910447761,27.611940298507463,61.19402985074627,100.0,100.0,123,3.9903504906631095,13.008130081300813,22.764227642276424,57.72357723577236,100.0,100.0
C135,Chest,322,test/C135/Low_Dose/00000207.dcm,130.0,262144,7.571263790130615,232,3.8848429712755927,12.068965517241379,24.137931034482758,63.793103448275865,100.0,100.0,0,,,,,,,117,4.10832018729968,11.11111111111111,18.803418803418804,59.82905982905983,100.0,100.0,115,3.6574791949728263,13.043478260869565,29.565217391304348,67.82608695652173,100.0,100.0
C135,Chest,323,test/C135/Low_Dose/00000149.dcm,130.0,262144,7.648340225219727,241,3.5724272035464213,18.672199170124482,32.780082987551864,69.70954356846472,100.0,100.0,0,,,,,,,123,3.5743408203125,21.13821138211382,32.520325203252035,70.73170731707317,100.0,100.0,118,3.5704325013241527,16.10169491525424,33.05084745762712,68.64406779661017,100.0,100.0
C135,Chest,324,test/C135/Low_Dose/00000262.dcm,130.0,262144,7.701137065887451,191,4.066413919339006,10.471204188481675,18.848167539267017,63.87434554973822,100.0,100.0,0,,,,,,,106,4.028384802476415,8.49056603773585,18.867924528301888,65.09433962264151,100.0,100.0,85,4.113838465073529,12.941176470588236,18.823529411764707,62.35294117647059,100.0,100.0
C135,Chest,325,test/C135/Low_Dose/00000085.dcm,130.0,262144,7.692400932312012,184,3.8951316501783286,11.956521739130435,21.73913043478261,64.67391304347827,100.0,100.0,0,,,,,,,100,3.9236328125,14.0,23.0,64.0,100.0,100.0,84,3.861201695033482,9.523809523809524,20.238095238095237,65.47619047619048,100.0,100.0
C135,Chest,326,test/C135/Low_Dose/00000036.dcm,130.0,262144,7.714634418487549,190,4.029835911800987,6.842105263157895,22.63157894736842,60.0,100.0,100.0,0,,,,,,,96,3.8938395182291665,9.375,29.166666666666668,59.375,100.0,100.0,94,4.1687258456615695,4.25531914893617,15.957446808510639,60.638297872340424,100.0,100.0
C135,Chest,327,test/C135/Low_Dose/00000102.dcm,130.0,262144,7.693810939788818,196,4.051424610371492,9.693877551020408,22.448979591836736,61.224489795918366,100.0,100.0,0,,,,,,,116,4.079422523235452,6.896551724137931,20.689655172413794,63.793103448275865,100.0,100.0,80,4.01082763671875,13.75,25.0,57.5,100.0,100.0
C135,Chest,328,test/C135/Low_Dose/00000014.dcm,130.0,262144,7.664888858795166,230,3.8946718962296196,10.0,24.782608695652176,64.34782608695652,100.0,100.0,0,,,,,,,128,4.017882347106934,8.59375,22.65625,62.5,100.0,100.0,102,3.740054859834559,11.764705882352942,27.45098039215686,66.66666666666667,100.0,100.0
C135,Chest,329,test/C135/Low_Dose/00000163.dcm,130.0,262144,7.678676605224609,230,3.7376937202785325,15.652173913043478,28.695652173913043,68.69565217391305,100.0,100.0,0,,,,,,,142,3.809511856294014,11.971830985915492,26.056338028169016,70.4225352112676,100.0,100.0,88,3.621805364435369,21.59090909090909,32.95454545454545,65.9090909090909,100.0,100.0
C135,Chest,330,test/C135/Low_Dose/00000050.dcm,130.0,262144,7.6581034660339355,238,4.039380498293068,14.285714285714286,23.949579831932773,57.142857142857146,100.0,100.0,0,,,,,,,132,4.075416333747633,13.636363636363637,23.484848484848484,56.81818181818182,100.0,100.0,106,3.9945056843307785,15.09433962264151,24.528301886792452,57.54716981132076,100.0,100.0
C135,Chest,331,test/C135/Low_Dose/00000067.dcm,130.0,262144,7.6101155281066895,217,4.166485342561924,11.981566820276498,23.04147465437788,58.064516129032256,100.0,100.0,0,,,,,,,110,3.995376864346591,14.545454545454545,26.363636363636363,60.0,100.0,100.0,107,4.342391254745912,9.345794392523365,19.626168224299064,56.074766355140184,100.0,100.0
C135,Chest,332,test/C135/Low_Dose/00000280.dcm,130.0,262144,7.602413177490234,189,3.849179222470238,12.698412698412698,23.80952380952381,63.492063492063494,100.0,100.0,0,,,,,,,101,3.834925887608292,11.881188118811881,22.77227722772277,64.35643564356435,100.0,100.0,88,3.865538163618608,13.636363636363637,25.0,62.5,100.0,100.0
C135,Chest,333,test/C135/Low_Dose/00000285.dcm,130.0,262144,7.618493556976318,201,3.6326916443174753,13.432835820895523,27.860696517412936,66.66666666666667,100.0,100.0,0,,,,,,,98,3.9021158023756377,12.244897959183673,22.448979591836736,61.224489795918366,100.0,100.0,103,3.376346328883495,14.563106796116505,33.00970873786408,71.84466019417475,100.0,100.0
C135,Chest,334,test/C135/Low_Dose/00000053.dcm,130.0,262144,7.581747531890869,197,3.550770716013642,15.736040609137056,30.96446700507614,70.05076142131979,100.0,100.0,0,,,,,,,92,3.2785525114639946,14.130434782608695,31.52173913043478,77.17391304347827,100.0,100.0,105,3.789285714285714,17.142857142857142,30.476190476190474,63.80952380952381,100.0,100.0
C135,Chest,335,test/C135/Low_Dose/00000024.dcm,130.0,262144,7.609981536865234,167,3.864013671875,14.37125748502994,26.94610778443114,62.275449101796404,100.0,100.0,0,,,,,,,92,3.7277341096297554,18.47826086956522,30.434782608695652,63.04347826086956,100.0,100.0,75,4.031183268229166,9.333333333333334,22.666666666666668,61.333333333333336,100.0,100.0
C135,Chest,336,test/C135/Low_Dose/00000257.dcm,130.0,262144,7.5987372398376465,179,3.820888753709846,15.083798882681565,26.256983240223462,63.12849162011173,100.0,100.0,0,,,,,,,85,4.045186121323529,11.764705882352942,23.529411764705884,58.8235294117647,100.0,100.0,94,3.618066665974069,18.085106382978722,28.72340425531915,67.02127659574468,100.0,100.0
C135,Chest,337,test/C135/Low_Dose/00000055.dcm,130.0,262144,7.54954719543457,258,3.8501634228137114,11.24031007751938,24.41860465116279,66.66666666666667,100.0,100.0,0,,,,,,,122,3.916505907402664,9.01639344262295,25.40983606557377,65.57377049180327,100.0,100.0,136,3.790650311638327,13.235294117647058,23.529411764705884,67.6470588235294,100.0,100.0
C135,Chest,338,test/C135/Low_Dose/00000122.dcm,130.0,262144,7.583563327789307,274,3.8303004355326187,11.313868613138686,26.277372262773724,64.5985401459854,100.0,100.0,0,,,,,,,135,3.8988380714699074,10.37037037037037,25.185185185185187,62.96296296296296,100.0,100.0,139,3.7637351056654675,12.23021582733813,27.33812949640288,66.18705035971223,100.0,100.0
C135,Chest,339,test/C135/Low_Dose/00000109.dcm,130.0,262144,7.60450553894043,225,3.6796695963541666,12.0,26.666666666666668,68.88888888888889,100.0,100.0,0,,,,,,,116,3.9306177599676726,10.344827586206897,20.689655172413794,66.37931034482759,100.0,100.0,109,3.412605495627867,13.761467889908257,33.027522935779814,71.55963302752293,100.0,100.0
C135,Chest,340,test/C135/Low_Dose/00000290.dcm,130.0,262144,7.574254035949707,175,3.89033203125,13.142857142857142,22.285714285714285,63.42857142857143,100.0,100.0,0,,,,,,,82,3.8301406488185976,10.975609756097562,21.951219512195124,67.07317073170732,100.0,100.0,93,3.943404002856183,15.053763440860216,22.580645161290324,60.215053763440864,100.0,100.0
C135,Chest,341,test/C135/Low_Dose/00000060.dcm,130.0,262144,7.589041709899902,188,3.717563061003989,13.297872340425531,29.78723404255319,64.8936170212766,100.0,100.0,0,,,,,,,91,3.590356177026099,10.989010989010989,28.571428571428573,68.13186813186813,100.0,100.0,97,3.836901477931701,15.463917525773196,30.927835051546392,61.855670103092784,100.0,100.0
C135,Chest,342,test/C135/Low_Dose/00000259.dcm,130.0,262144,7.601580619812012,136,3.523957196403952,16.176470588235293,33.8235294117647,66.91176470588235,100.0,100.0,0,,,,,,,65,3.1685039813701925,24.615384615384617,40.0,70.76923076923077,100.0,100.0,71,3.849372111575704,8.450704225352112,28.169014084507044,63.38028169014085,100.0,100.0
C135,Chest,343,test/C135/Low_Dose/00000175.dcm,130.0,262144,7.582520961761475,118,3.6372401350635593,11.864406779661017,29.661016949152543,69.49152542372882,100.0,100.0,0,,,,,,,59,3.8015674655720337,10.169491525423728,27.11864406779661,66.10169491525424,100.0,100.0,59,3.4729128045550848,13.559322033898304,32.20338983050848,72.88135593220339,100.0,100.0
C135,Chest,344,test/C135/Low_Dose/00000310.dcm,130.0,262144,7.598633289337158,140,3.6580775669642858,11.428571428571429,25.714285714285715,68.57142857142857,100.0,100.0,0,,,,,,,82,3.709088581364329,14.634146341463415,21.951219512195124,70.73170731707317,100.0,100.0,58,3.5859585466056036,6.896551724137931,31.03448275862069,65.51724137931035,100.0,100.0
C135,Chest,345,test/C135/Low_Dose/00000319.dcm,130.0,262144,7.601900577545166,112,3.8275658743722096,13.392857142857142,28.571428571428573,64.28571428571429,100.0,100.0,0,,,,,,,64,4.189441680908203,12.5,26.5625,54.6875,100.0,100.0,48,3.3450647989908853,14.583333333333334,31.25,77.08333333333333,100.0,100.0
C135,Chest,346,test/C135/Low_Dose/00000329.dcm,130.0,262144,7.567167282104492,108,4.080361825448495,7.407407407407407,20.37037037037037,64.81481481481481,100.0,100.0,0,,,,,,,53,4.12780070754717,7.547169811320755,22.641509433962263,64.15094339622641,100.0,100.0,55,4.034647993607955,7.2727272727272725,18.181818181818183,65.45454545454545,100.0,100.0
C135,Chest,347,test/C135/Low_Dose/00000277.dcm,130.0,262144,7.595652103424072,98,3.45065992705676,14.285714285714286,29.591836734693878,72.44897959183673,100.0,100.0,0,,,,,,,58,3.6744174299568964,6.896551724137931,24.137931034482758,72.41379310344827,100.0,100.0,40,3.1262115478515624,25.0,37.5,72.5,100.0,100.0
C135,Chest,348,test/C135/Low_Dose/00000198.dcm,130.0,262144,7.6108245849609375,112,3.9029617309570312,15.178571428571429,25.0,61.607142857142854,100.0,100.0,0,,,,,,,65,4.077099609375,12.307692307692308,24.615384615384617,58.46153846153846,100.0,100.0,47,3.6621327501662235,19.148936170212767,25.53191489361702,65.95744680851064,100.0,100.0
C135,Chest,349,test/C135/Low_Dose/00000154.dcm,130.0,262144,7.580591678619385,103,3.8209074446298543,14.563106796116505,30.097087378640776,62.13592233009709,100.0,100.0,0,,,,,,,46,3.8113748301630435,21.73913043478261,30.434782608695652,60.869565217391305,100.0,100.0,57,3.8286004317434212,8.771929824561404,29.82456140350877,63.1578947368421,100.0,100.0
C135,Chest,350,test/C135/Low_Dose/00000269.dcm,130.0,262144,7.582825660705566,130,3.9483548677884617,10.76923076923077,22.307692307692307,65.38461538461539,100.0,100.0,0,,,,,,,68,4.073877671185662,7.352941176470588,17.647058823529413,64.70588235294117,100.0,100.0,62,3.8106846963205645,14.516129032258064,27.419354838709676,66.12903225806451,100.0,100.0
C135,Chest,351,test/C135/Low_Dose/00000229.dcm,130.0,262144,7.609179973602295,202,3.5962971602336014,17.326732673267326,29.207920792079207,67.32673267326733,100.0,100.0,0,,,,,,,101,3.7769134823638613,15.841584158415841,24.752475247524753,65.34653465346534,100.0,100.0,101,3.4156808381033414,18.81188118811881,33.663366336633665,69.3069306930693,100.0,100.0
C135,Chest,352,test/C135/Low_Dose/00000301.dcm,130.0,262144,7.575597763061523,178,3.7568887431969804,13.48314606741573,28.089887640449437,66.85393258426966,100.0,100.0,0,,,,,,,92,3.777918276579484,10.869565217391305,27.17391304347826,67.3913043478261,100.0,100.0,86,3.7343920330668605,16.27906976744186,29.069767441860463,66.27906976744185,100.0,100.0
C135,Chest,353,test/C135/Low_Dose/00000189.dcm,130.0,262144,7.631527900695801,231,3.802087032433712,14.718614718614718,25.974025974025974,63.2034632034632,100.0,100.0,0,,,,,,,113,3.6756483770049777,13.274336283185841,28.31858407079646,65.48672566371681,100.0,100.0,118,3.923168117717161,16.10169491525424,23.728813559322035,61.016949152542374,100.0,100.0
C135,Chest,354,test/C135/Low_Dose/00000020.dcm,130.0,262144,7.64236307144165,193,3.691036244130505,14.507772020725389,29.015544041450777,65.28497409326425,100.0,100.0,0,,,,,,,93,3.866776661206317,13.978494623655914,25.806451612903224,61.29032258064516,100.0,100.0,100,3.52759765625,15.0,32.0,69.0,100.0,100.0
C170,Chest,0,test/C170/Low_Dose/00000338.dcm,130.0,262144,3.9071056842803955,254,1.8771035502276083,25.19685039370079,51.968503937007874,100.0,100.0,100.0,0,,,,,,,178,1.9646057814694522,20.786516853932586,47.752808988764045,100.0,100.0,100.0,76,1.6721641138980263,35.526315789473685,61.8421052631579,100.0,100.0,100.0
C170,Chest,1,test/C170/Low_Dose/00000302.dcm,130.0,262144,3.942974328994751,242,2.02679443359375,25.619834710743802,49.17355371900826,100.0,100.0,100.0,0,,,,,,,168,2.1143740699404763,23.214285714285715,46.42857142857143,100.0,100.0,100.0,74,1.827964988914696,31.08108108108108,55.4054054054054,100.0,100.0,100.0
C170,Chest,2,test/C170/Low_Dose/00000096.dcm,130.0,262144,4.041121959686279,239,2.1866317174424688,19.665271966527197,42.67782426778243,100.0,100.0,100.0,0,,,,,,,148,2.148329451277449,20.945945945945947,43.91891891891892,100.0,100.0,100.0,91,2.248925512963599,17.582417582417584,40.65934065934066,100.0,100.0,100.0
C170,Chest,3,test/C170/Low_Dose/00000091.dcm,130.0,262144,4.103577136993408,179,1.9458164662622206,30.16759776536313,53.63128491620112,100.0,100.0,100.0,0,,,,,,,101,1.9562275197246286,32.67326732673267,50.495049504950494,100.0,100.0,100.0,78,1.9323354867788463,26.923076923076923,57.69230769230769,100.0,100.0,100.0
C170,Chest,4,test/C170/Low_Dose/00000092.dcm,130.0,262144,4.1592793464660645,131,2.1620506694298665,18.3206106870229,45.80152671755725,100.0,100.0,100.0,0,,,,,,,66,2.1265869140625,24.242424242424242,46.96969696969697,100.0,100.0,100.0,65,2.198060021033654,12.307692307692308,44.61538461538461,100.0,100.0,100.0
C170,Chest,5,test/C170/Low_Dose/00000145.dcm,130.0,262144,4.246326446533203,158,2.182456487341772,23.417721518987342,44.936708860759495,100.0,100.0,100.0,0,,,,,,,74,2.4506852433488175,20.27027027027027,36.486486486486484,100.0,100.0,100.0,84,1.9461597260974703,26.19047619047619,52.38095238095238,100.0,100.0,100.0
C170,Chest,6,test/C170/Low_Dose/00000022.dcm,130.0,262144,4.2758002281188965,155,2.0873306766633064,24.516129032258064,49.03225806451613,100.0,100.0,100.0,0,,,,,,,98,2.01718824736926,27.551020408163264,50.0,100.0,100.0,100.0,57,2.2079264322916665,19.29824561403509,47.36842105263158,100.0,100.0,100.0
C170,Chest,7,test/C170/Low_Dose/00000134.dcm,130.0,262144,4.274113655090332,136,2.0804586971507355,24.264705882352942,49.26470588235294,100.0,100.0,100.0,0,,,,,,,59,2.0838871325476696,23.728813559322035,49.152542372881356,100.0,100.0,100.0,77,2.0778317141842533,24.675324675324674,49.35064935064935,100.0,100.0,100.0
C170,Chest,8,test/C170/Low_Dose/00000359.dcm,130.0,262144,4.304605960845947,183,2.1210744055242485,25.683060109289617,46.44808743169399,100.0,100.0,100.0,0,,,,,,,77,2.1761918501420454,25.974025974025974,45.45454545454545,100.0,100.0,100.0,106,2.0810362617924527,25.471698113207548,47.16981132075472,100.0,100.0,100.0
C170,Chest,9,test/C170/Low_Dose/00000291.dcm,130.0,262144,4.297094821929932,175,2.1971763392857144,20.571428571428573,42.857142857142854,100.0,100.0,100.0,0,,,,,,,92,1.993782375169837,25.0,48.91304347826087,100.0,100.0,100.0,83,2.4226250705948793,15.662650602409638,36.144578313253014,100.0,100.0,100.0
C170,Chest,10,test/C170/Low_Dose/00000340.dcm,130.0,262144,4.303167343139648,171,2.1564484534904973,21.05263157894737,45.6140350877193,100.0,100.0,100.0,0,,,,,,,83,2.194394766566265,20.481927710843372,39.75903614457831,100.0,100.0,100.0,88,2.120658180930398,21.59090909090909,51.13636363636363,100.0,100.0,100.0
C170,Chest,11,test/C170/Low_Dose/00000059.dcm,130.0,262144,4.3629279136657715,170,2.3149981330422795,16.470588235294116,41.76470588235294,100.0,100.0,100.0,0,,,,,,,82,2.295438440834604,19.51219512195122,41.46341463414634,100.0,100.0,100.0,88,2.333224209872159,13.636363636363637,42.04545454545455,100.0,100.0,100.0
C170,Chest,12,test/C170/Low_Dose/00000343.dcm,130.0,262144,4.385377407073975,207,2.261457507737017,20.28985507246377,41.54589371980676,100.0,100.0,100.0,0,,,,,,,86,2.37334353424782,17.441860465116278,38.372093023255815,100.0,100.0,100.0,121,2.1819352079028924,22.31404958677686,43.80165289256198,100.0,100.0,100.0
C170,Chest,13,test/C170/Low_Dose/00000226.dcm,130.0,262144,4.335841178894043,212,2.0610507029407428,25.471698113207548,48.113207547169814,100.0,100.0,100.0,0,,,,,,,89,2.1204052185744384,26.96629213483146,46.06741573033708,100.0,100.0,100.0,123,2.0181031265879064,24.390243902439025,49.59349593495935,100.0,100.0,100.0
C170,Chest,14,test/C170/Low_Dose/00000030.dcm,130.0,262144,4.347154140472412,202,2.0177213461092203,25.742574257425744,50.495049504950494,100.0,100.0,100.0,0,,,,,,,87,2.0903909617456895,25.28735632183908,50.57471264367816,100.0,100.0,100.0,115,1.9627452021059784,26.08695652173913,50.43478260869565,100.0,100.0,100.0
C170,Chest,15,test/C170/Low_Dose/00000164.dcm,130.0,262144,4.336006164550781,193,2.1497979831201426,24.870466321243523,43.523316062176164,100.0,100.0,100.0,0,,,,,,,85,2.074508846507353,29.41176470588235,45.88235294117647,100.0,100.0,100.0,108,2.209053322120949,21.296296296296298,41.666666666666664,100.0,100.0,100.0
C170,Chest,16,test/C170/Low_Dose/00000032.dcm,130.0,262144,4.334003925323486,251,2.1629512224539345,17.92828685258964,45.0199203187251,100.0,100.0,100.0,0,,,,,,,127,2.2093207892470472,18.89763779527559,42.51968503937008,100.0,100.0,100.0,124,2.1154598113029235,16.93548387096774,47.58064516129032,100.0,100.0,100.0
C170,Chest,17,test/C170/Low_Dose/00000053.dcm,130.0,262144,4.383563995361328,219,2.199323540953196,18.264840182648403,45.662100456621005,100.0,100.0,100.0,0,,,,,,,109,2.241387883457569,17.431192660550458,45.87155963302752,100.0,100.0,100.0,110,2.1576416015625,19.09090909090909,45.45454545454545,100.0,100.0,100.0
C170,Chest,18,test/C170/Low_Dose/00000086.dcm,130.0,262144,4.4140119552612305,203,2.3286637931034484,19.704433497536947,39.90147783251231,100.0,100.0,100.0,0,,,,,,,94,2.4045293280418885,19.148936170212767,41.48936170212766,100.0,100.0,100.0,109,2.263238469395069,20.18348623853211,38.53211009174312,100.0,100.0,100.0
C170,Chest,19,test/C170/Low_Dose/00000152.dcm,130.0,262144,4.444628715515137,237,2.2658341162315403,20.675105485232066,44.72573839662447,100.0,100.0,100.0,0,,,,,,,109,2.3385894495412844,21.10091743119266,43.11926605504587,100.0,100.0,100.0,128,2.203878402709961,20.3125,46.09375,100.0,100.0,100.0
C170,Chest,20,test/C170/Low_Dose/00000342.dcm,130.0,262144,4.541411399841309,204,2.3202957452512254,21.07843137254902,40.68627450980392,100.0,100.0,100.0,0,,,,,,,82,2.2045675138147867,25.609756097560975,45.1219512195122,100.0,100.0,100.0,122,2.3980802942494877,18.0327868852459,37.704918032786885,100.0,100.0,100.0
C170,Chest,21,test/C170/Low_Dose/00000015.dcm,130.0,262144,4.581480979919434,223,2.0744590588214686,26.905829596412556,50.224215246636774,100.0,100.0,100.0,0,,,,,,,96,2.1557795206705728,25.0,50.0,100.0,100.0,100.0,127,2.0129884734867125,28.346456692913385,50.39370078740158,100.0,100.0,100.0
C170,Chest,22,test/C170/Low_Dose/00000301.dcm,130.0,262144,4.668874740600586,262,2.244451857705153,20.99236641221374,47.70992366412214,100.0,100.0,100.0,0,,,,,,,118,2.239741955773305,22.88135593220339,46.610169491525426,100.0,100.0,100.0,144,2.2483113606770835,19.444444444444443,48.611111111111114,100.0,100.0,100.0
C170,Chest,23,test/C170/Low_Dose/00000287.dcm,130.0,262144,4.715830326080322,269,2.390050951876162,20.44609665427509,42.75092936802974,100.0,100.0,100.0,0,,,,,,,105,2.5783726283482142,14.285714285714286,36.19047619047619,100.0,100.0,100.0,164,2.2694791468178352,24.390243902439025,46.951219512195124,100.0,100.0,100.0
C170,Chest,24,test/C170/Low_Dose/00000220.dcm,130.0,262144,4.748412132263184,246,2.2882159473450203,19.51219512195122,41.86991869918699,100.0,100.0,100.0,0,,,,,,,97,2.3375583923969074,18.556701030927837,45.36082474226804,100.0,100.0,100.0,149,2.2560936844588926,20.13422818791946,39.59731543624161,100.0,100.0,100.0
C170,Chest,25,test/C170/Low_Dose/00000004.dcm,130.0,262144,4.78032922744751,262,2.326254342348521,20.610687022900763,43.89312977099237,100.0,100.0,100.0,0,,,,,,,112,2.452319553920201,17.857142857142858,42.857142857142854,100.0,100.0,100.0,150,2.2321256510416667,22.666666666666668,44.666666666666664,100.0,100.0,100.0
C170,Chest,26,test/C170/Low_Dose/00000124.dcm,130.0,262144,4.799805164337158,207,2.354985776154891,20.77294685990338,45.410628019323674,100.0,100.0,100.0,0,,,,,,,85,2.356649241727941,20.0,43.529411764705884,100.0,100.0,100.0,122,2.3538268042392416,21.311475409836067,46.721311475409834,100.0,100.0,100.0
C170,Chest,27,test/C170/Low_Dose/00000072.dcm,130.0,262144,4.816309452056885,222,2.5852276226421735,17.56756756756757,36.486486486486484,100.0,100.0,100.0,0,,,,,,,83,2.865159367940512,10.843373493975903,27.710843373493976,100.0,100.0,100.0,139,2.418074134442446,21.58273381294964,41.726618705035975,100.0,100.0,100.0
C170,Chest,28,test/C170/Low_Dose/00000048.dcm,130.0,262144,4.840704917907715,230,2.5219179899796194,20.869565217391305,38.69565217391305,100.0,100.0,100.0,0,,,,,,,93,2.5757413474462365,18.27956989247312,35.483870967741936,100.0,100.0,100.0,137,2.4853809662979014,22.62773722627737,40.87591240875913,100.0,100.0,100.0
C170,Chest,29,test/C170/Low_Dose/00000316.dcm,130.0,262144,4.835644721984863,210,2.3346290225074404,21.904761904761905,44.76190476190476,100.0,100.0,100.0,0,,,,,,,77,2.315472491375812,19.48051948051948,46.753246753246756,100.0,100.0,100.0,133,2.345719645794173,23.30827067669173,43.609022556390975,100.0,100.0,100.0
C170,Chest,30,test/C170/Low_Dose/00000063.dcm,130.0,262144,4.833000659942627,195,2.3185509314903845,22.05128205128205,43.07692307692308,100.0,100.0,100.0,0,,,,,,,90,2.429299587673611,14.444444444444445,34.44444444444444,100.0,100.0,100.0,105,2.223623511904762,28.571428571428573,50.476190476190474,100.0,100.0,100.0
C170,Chest,31,test/C170/Low_Dose/00000189.dcm,130.0,262144,4.841094017028809,175,2.2561202566964287,25.714285714285715,50.285714285714285,100.0,100.0,100.0,0,,,,,,,81,2.337473174672068,25.925925925925927,44.44444444444444,100.0,100.0,100.0,94,2.186018274185505,25.53191489361702,55.319148936170215,100.0,100.0,100.0
C170,Chest,32,test/C170/Low_Dose/00000187.dcm,130.0,262144,4.823513031005859,206,2.424307517635012,15.048543689320388,41.74757281553398,100.0,100.0,100.0,0,,,,,,,101,2.4291569171565595,18.81188118811881,39.603960396039604,100.0,100.0,100.0,105,2.419642857142857,11.428571428571429,43.80952380952381,100.0,100.0,100.0
C170,Chest,33,test/C170/Low_Dose/00000069.dcm,130.0,262144,4.855409622192383,260,2.387462439903846,22.692307692307693,42.30769230769231,100.0,100.0,100.0,0,,,,,,,134,2.533658611240672,21.64179104477612,39.55223880597015,100.0,100.0,100.0,126,2.2319839719742065,23.80952380952381,45.23809523809524,100.0,100.0,100.0
C170,Chest,34,test/C170/Low_Dose/00000128.dcm,130.0,262144,4.896342754364014,217,2.358322495139689,23.963133640552996,46.08294930875576,100.0,100.0,100.0,0,,,,,,,103,2.454542437803398,22.33009708737864,42.71844660194175,100.0,100.0,100.0,114,2.271386932908443,25.43859649122807,49.12280701754386,100.0,100.0,100.0
C170,Chest,35,test/C170/Low_Dose/00000146.dcm,130.0,262144,4.905709743499756,229,2.2796844082628276,22.707423580786028,43.23144104803494,100.0,100.0,100.0,0,,,,,,,111,2.3852835990287162,19.81981981981982,42.34234234234234,100.0,100.0,100.0,118,2.1803495762711864,25.423728813559322,44.067796610169495,100.0,100.0,100.0
C170,Chest,36,test/C170/Low_Dose/00000011.dcm,130.0,262144,4.934964656829834,219,2.521473227026256,17.35159817351598,39.269406392694066,100.0,100.0,100.0,0,,,,,,,86,2.67259890534157,10.465116279069768,36.04651162790697,100.0,100.0,100.0,133,2.4237528636043235,21.804511278195488,41.35338345864662,100.0,100.0,100.0
C170,Chest,37,test/C170/Low_Dose/00000269.dcm,130.0,262144,4.951632976531982,216,2.333386456524884,24.074074074074073,42.129629629629626,100.0,100.0,100.0,0,,,,,,,105,2.393501209077381,22.857142857142858,40.0,100.0,100.0,100.0,111,2.2765211500563063,25.225225225225227,44.14414414414414,100.0,100.0,100.0
C170,Chest,38,test/C170/Low_Dose/00000345.dcm,130.0,262144,4.959239482879639,164,2.5181594476467226,20.121951219512194,42.68292682926829,100.0,100.0,100.0,0,,,,,,,76,2.4595658151726973,19.736842105263158,47.36842105263158,100.0,100.0,100.0,88,2.5687630393288354,20.454545454545453,38.63636363636363,100.0,100.0,100.0
C170,Chest,39,test/C170/Low_Dose/00000049.dcm,130.0,262144,4.9492316246032715,172,2.3445881688317587,22.093023255813954,47.093023255813954,100.0,100.0,100.0,0,,,,,,,86,2.56671142578125,16.27906976744186,41.86046511627907,100.0,100.0,100.0,86,2.1224649118822674,27.906976744186046,52.325581395348834,100.0,100.0,100.0
C170,Chest,40,test/C170/Low_Dose/00000357.dcm,130.0,262144,4.980663776397705,188,2.6034214750249336,16.48936170212766,35.1063829787234,100.0,100.0,100.0,0,,,,,,,95,2.8414280941611842,10.526315789473685,26.31578947368421,100.0,100.0,100.0,93,2.360296433971774,22.580645161290324,44.086021505376344,100.0,100.0,100.0
C170,Chest,41,test/C170/Low_Dose/00000244.dcm,130.0,262144,4.9666523933410645,166,2.5343127882624246,15.662650602409638,36.144578313253014,100.0,100.0,100.0,0,,,,,,,67,2.7871585675139925,11.940298507462687,23.880597014925375,100.0,100.0,100.0,99,2.3631949376578283,18.181818181818183,44.44444444444444,100.0,100.0,100.0
C170,Chest,42,test/C170/Low_Dose/00000241.dcm,130.0,262144,4.965015411376953,171,2.458379020467836,20.46783625730994,37.42690058479532,100.0,100.0,100.0,0,,,,,,,77,2.480720817268669,16.883116883116884,37.66233766233766,100.0,100.0,100.0,94,2.4400777613863034,23.404255319148938,37.234042553191486,100.0,100.0,100.0
C170,Chest,43,test/C170/Low_Dose/00000009.dcm,130.0,262144,4.982597351074219,169,2.5665528788369083,18.34319526627219,37.8698224852071,100.0,100.0,100.0,0,,,,,,,78,2.5386602939703526,20.512820512820515,39.743589743589745,100.0,100.0,100.0,91,2.5904608087225274,16.483516483516482,36.26373626373626,100.0,100.0,100.0
C170,Chest,44,test/C170/Low_Dose/00000216.dcm,130.0,262144,4.946220397949219,193,2.198180836099417,24.870466321243523,49.22279792746114,100.0,100.0,100.0,0,,,,,,,90,2.196843804253472,26.666666666666668,50.0,100.0,100.0,100.0,103,2.1993491163531553,23.300970873786408,48.54368932038835,100.0,100.0,100.0
C170,Chest,45,test/C170/Low_Dose/00000185.dcm,130.0,262144,4.950482368469238,213,2.3032547498532865,20.657276995305164,43.1924882629108,100.0,100.0,100.0,0,,,,,,,105,2.3898356119791666,17.142857142857142,42.857142857142854,100.0,100.0,100.0,108,2.2190789116753473,24.074074074074073,43.51851851851852,100.0,100.0,100.0
C170,Chest,46,test/C170/Low_Dose/00000116.dcm,130.0,262144,4.953457832336426,202,2.667262313389542,17.821782178217823,33.663366336633665,100.0,100.0,100.0,0,,,,,,,90,2.5417982313368057,22.22222222222222,35.55555555555556,100.0,100.0,100.0,112,2.7680816650390625,14.285714285714286,32.142857142857146,100.0,100.0,100.0
C170,Chest,47,test/C170/Low_Dose/00000138.dcm,130.0,262144,4.912846088409424,224,2.417309897286551,20.089285714285715,40.625,100.0,100.0,100.0,0,,,,,,,98,2.4550756337691326,22.448979591836736,43.87755102040816,100.0,100.0,100.0,126,2.387936546688988,18.253968253968253,38.095238095238095,100.0,100.0,100.0
C170,Chest,48,test/C170/Low_Dose/00000060.dcm,130.0,262144,4.884692192077637,194,2.4640421129993557,19.587628865979383,41.75257731958763,100.0,100.0,100.0,0,,,,,,,98,2.27117919921875,18.367346938775512,48.97959183673469,100.0,100.0,100.0,96,2.6609230041503906,20.833333333333332,34.375,100.0,100.0,100.0
C170,Chest,49,test/C170/Low_Dose/00000200.dcm,130.0,262144,4.867677211761475,214,2.5804591669100465,19.1588785046729,34.11214953271028,100.0,100.0,100.0,0,,,,,,,103,2.5722561438106797,20.388349514563107,33.980582524271846,100.0,100.0,100.0,111,2.5880709811373874,18.01801801801802,34.234234234234236,100.0,100.0,100.0
C170,Chest,50,test/C170/Low_Dose/00000250.dcm,130.0,262144,4.799267292022705,189,2.28056472697586,21.693121693121693,42.857142857142854,100.0,100.0,100.0,0,,,,,,,90,2.2422620985243054,24.444444444444443,45.55555555555556,100.0,100.0,100.0,99,2.3153852982954546,19.19191919191919,40.4040404040404,100.0,100.0,100.0
C170,Chest,51,test/C170/Low_Dose/00000275.dcm,130.0,262144,4.76706600189209,186,2.0885606991347445,26.344086021505376,49.46236559139785,100.0,100.0,100.0,0,,,,,,,86,2.2853336777797963,23.25581395348837,41.86046511627907,100.0,100.0,100.0,100,1.9193359375,29.0,56.0,100.0,100.0,100.0
C170,Chest,52,test/C170/Low_Dose/00000348.dcm,130.0,262144,4.783078193664551,151,2.2853187409457782,23.841059602649008,39.735099337748345,100.0,100.0,100.0,0,,,,,,,77,2.52895602932224,15.584415584415584,33.76623376623377,100.0,100.0,100.0,74,2.0318042652027026,32.432432432432435,45.945945945945944,100.0,100.0,100.0
C170,Chest,53,test/C170/Low_Dose/00000127.dcm,130.0,262144,4.766159534454346,166,2.4363785709243224,18.072289156626507,43.975903614457835,100.0,100.0,100.0,0,,,,,,,89,2.412723841292135,16.853932584269664,47.19101123595506,100.0,100.0,100.0,77,2.46371975192776,19.48051948051948,40.25974025974026,100.0,100.0,100.0
C170,Chest,54,test/C170/Low_Dose/00000131.dcm,130.0,262144,4.761300563812256,167,2.3363409898952097,22.15568862275449,43.11377245508982,100.0,100.0,100.0,0,,,,,,,97,2.3345632651417527,20.61855670103093,45.36082474226804,100.0,100.0,100.0,70,2.338804408482143,24.285714285714285,40.0,100.0,100.0,100.0
C170,Chest,55,test/C170/Low_Dose/00000308.dcm,130.0,262144,4.7962541580200195,183,2.289185904414276,20.218579234972676,43.169398907103826,100.0,100.0,100.0,0,,,,,,,85,2.3194479549632354,20.0,45.88235294117647,100.0,100.0,100.0,98,2.2629382075095665,20.408163265306122,40.816326530612244,100.0,100.0,100.0
C170,Chest,56,test/C170/Low_Dose/00000110.dcm,130.0,262144,4.794511795043945,183,2.340891686945014,23.497267759562842,42.076502732240435,100.0,100.0,100.0,0,,,,,,,83,2.3777782026543677,25.301204819277107,40.963855421686745,100.0,100.0,100.0,100,2.31027587890625,22.0,43.0,100.0,100.0,100.0
C170,Chest,57,test/C170/Low_Dose/00000315.dcm,130.0,262144,4.802088737487793,184,2.2246087115743887,25.0,46.73913043478261,100.0,100.0,100.0,0,,,,,,,89,2.1792403660463484,25.84269662921348,47.19101123595506,100.0,100.0,100.0,95,2.2671116879111843,24.210526315789473,46.31578947368421,100.0,100.0,100.0
C170,Chest,58,test/C170/Low_Dose/00000259.dcm,130.0,262144,4.828256607055664,193,2.289492592292746,24.870466321243523,43.523316062176164,100.0,100.0,100.0,0,,,,,,,88,2.2343944202769888,28.40909090909091,45.45454545454545,100.0,100.0,100.0,105,2.3356701078869047,21.904761904761905,41.904761904761905,100.0,100.0,100.0
C170,Chest,59,test/C170/Low_Dose/00000180.dcm,130.0,262144,4.832206726074219,154,2.258810464437906,22.727272727272727,45.45454545454545,100.0,100.0,100.0,0,,,,,,,72,2.137602064344618,26.38888888888889,48.611111111111114,100.0,100.0,100.0,82,2.3652373523246952,19.51219512195122,42.68292682926829,100.0,100.0,100.0
C170,Chest,60,test/C170/Low_Dose/00000176.dcm,130.0,262144,4.851441860198975,192,2.554040273030599,19.791666666666668,36.979166666666664,100.0,100.0,100.0,0,,,,,,,82,2.6909804925685976,17.073170731707318,32.926829268292686,100.0,100.0,100.0,110,2.4519575639204545,21.818181818181817,40.0,100.0,100.0,100.0
C170,Chest,61,test/C170/Low_Dose/00000182.dcm,130.0,262144,4.895981788635254,187,2.4370743858622994,19.78609625668449,40.106951871657756,100.0,100.0,100.0,0,,,,,,,92,2.410231880519701,19.565217391304348,39.130434782608695,100.0,100.0,100.0,95,2.4630692331414474,20.0,41.05263157894737,100.0,100.0,100.0
C170,Chest,62,test/C170/Low_Dose/00000190.dcm,130.0,262144,4.875890254974365,194,2.415309630718428,18.556701030927837,40.20618556701031,100.0,100.0,100.0,0,,,,,,,86,2.4097488758175873,17.441860465116278,41.86046511627907,100.0,100.0,100.0,108,2.4197376392505787,19.444444444444443,38.888888888888886,100.0,100.0,100.0
C170,Chest,63,test/C170/Low_Dose/00000228.dcm,130.0,262144,4.903510093688965,222,2.3452720298423424,22.07207207207207,44.14414414414414,100.0,100.0,100.0,0,,,,,,,111,2.308370504293356,23.423423423423422,45.04504504504504,100.0,100.0,100.0,111,2.382173555391329,20.72072072072072,43.24324324324324,100.0,100.0,100.0
C170,Chest,64,test/C170/Low_Dose/00000174.dcm,130.0,262144,4.935362815856934,214,2.233821120217582,21.02803738317757,49.06542056074766,100.0,100.0,100.0,0,,,,,,,91,2.4226651034512363,14.285714285714286,39.56043956043956,100.0,100.0,100.0,123,2.0941072789634148,26.016260162601625,56.09756097560975,100.0,100.0,100.0
C170,Chest,65,test/C170/Low_Dose/00000117.dcm,130.0,262144,4.936800003051758,249,2.4129658281563753,16.867469879518072,41.76706827309237,100.0,100.0,100.0,0,,,,,,,124,2.452874952746976,13.709677419354838,40.32258064516129,100.0,100.0,100.0,125,2.3733759765625,20.0,43.2,100.0,100.0,100.0
C170,Chest,66,test/C170/Low_Dose/00000266.dcm,130.0,262144,4.944591522216797,237,2.434144869132384,19.40928270042194,45.14767932489451,100.0,100.0,100.0,0,,,,,,,115,2.5540272588315216,20.0,41.73913043478261,100.0,100.0,100.0,122,2.321140977202869,18.852459016393443,48.36065573770492,100.0,100.0,100.0
C170,Chest,67,test/C170/Low_Dose/00000062.dcm,130.0,262144,4.974735736846924,241,2.4685539783778525,17.42738589211618,44.81327800829875,100.0,100.0,100.0,0,,,,,,,116,2.5396265490301726,17.24137931034483,40.51724137931034,100.0,100.0,100.0,125,2.4025986328125,17.6,48.8,100.0,100.0,100.0
C170,Chest,68,test/C170/Low_Dose/00000258.dcm,130.0,262144,4.961288928985596,248,2.469546410345262,19.758064516129032,41.935483870967744,100.0,100.0,100.0,0,,,,,,,120,2.4275553385416666,19.166666666666668,40.833333333333336,100.0,100.0,100.0,128,2.508913040161133,20.3125,42.96875,100.0,100.0,100.0
C170,Chest,69,test/C170/Low_Dose/00000141.dcm,130.0,262144,4.970849990844727,235,2.4898551778590425,21.70212765957447,40.851063829787236,100.0,100.0,100.0,0,,,,,,,123,2.4733777550177845,21.13821138211382,42.27642276422764,100.0,100.0,100.0,112,2.507950919015067,22.321428571428573,39.285714285714285,100.0,100.0,100.0
C170,Chest,70,test/C170/Low_Dose/00000020.dcm,130.0,262144,5.004612922668457,195,2.503817357772436,17.435897435897434,37.43589743589744,100.0,100.0,100.0,0,,,,,,,88,2.410336581143466,22.727272727272727,39.77272727272727,100.0,100.0,100.0,107,2.5806987441588785,13.08411214953271,35.51401869158879,100.0,100.0,100.0
C170,Chest,71,test/C170/Low_Dose/00000310.dcm,130.0,262144,5.001402854919434,198,2.4131827306265783,21.21212121212121,38.888888888888886,100.0,100.0,100.0,0,,,,,,,93,2.3020702074932795,23.655913978494624,43.01075268817204,100.0,100.0,100.0,105,2.5115966796875,19.047619047619047,35.23809523809524,100.0,100.0,100.0
C170,Chest,72,test/C170/Low_Dose/00000195.dcm,130.0,262144,5.0160064697265625,218,2.386419173774369,22.477064220183486,43.11926605504587,100.0,100.0,100.0,0,,,,,,,114,2.2731751559073463,24.56140350877193,49.12280701754386,100.0,100.0,100.0,104,2.5105520395132213,20.192307692307693,36.53846153846154,100.0,100.0,100.0
C170,Chest,73,test/C170/Low_Dose/00000311.dcm,130.0,262144,5.045302867889404,199,2.4947522033998117,21.105527638190956,45.22613065326633,100.0,100.0,100.0,0,,,,,,,98,2.4425322863520407,16.3265306122449,46.93877551020408,100.0,100.0,100.0,101,2.545421033802599,25.742574257425744,43.56435643564357,100.0,100.0,100.0
C170,Chest,74,test/C170/Low_Dose/00000282.dcm,130.0,262144,5.031058311462402,201,2.6077455738883706,18.90547263681592,36.318407960199,100.0,100.0,100.0,0,,,,,,,93,2.5315938970094085,21.50537634408602,36.55913978494624,100.0,100.0,100.0,108,2.673320628978588,16.666666666666668,36.111111111111114,100.0,100.0,100.0
C170,Chest,75,test/C170/Low_Dose/00000209.dcm,130.0,262144,5.049424648284912,176,2.5738032947887075,18.75,38.06818181818182,100.0,100.0,100.0,0,,,,,,,87,2.5899700296336206,18.39080459770115,41.37931034482759,100.0,100.0,100.0,89,2.557999857356039,19.10112359550562,34.831460674157306,100.0,100.0,100.0
C170,Chest,76,test/C170/Low_Dose/00000056.dcm,130.0,262144,5.076566696166992,172,2.362587862236555,22.093023255813954,43.604651162790695,100.0,100.0,100.0,0,,,,,,,81,2.222487461419753,22.22222222222222,46.91358024691358,100.0,100.0,100.0,91,2.4872926146119507,21.978021978021978,40.65934065934066,100.0,100.0,100.0
C170,Chest,77,test/C170/Low_Dose/00000186.dcm,130.0,262144,5.071321487426758,146,2.5107346626177227,25.34246575342466,38.35616438356164,100.0,100.0,100.0,0,,,,,,,79,2.6174625445015822,22.78481012658228,36.70886075949367,100.0,100.0,100.0,67,2.3848913392024254,28.35820895522388,40.298507462686565,100.0,100.0,100.0
C170,Chest,78,test/C170/Low_Dose/00000052.dcm,130.0,262144,5.07050895690918,167,2.3094021917103293,25.748502994011975,43.11377245508982,100.0,100.0,100.0,0,,,,,,,87,2.1968250493893677,31.03448275862069,47.12643678160919,100.0,100.0,100.0,80,2.431829833984375,20.0,38.75,100.0,100.0,100.0
C170,Chest,79,test/C170/Low_Dose/00000035.dcm,130.0,262144,5.065622329711914,178,2.4026194368855336,18.53932584269663,41.01123595505618,100.0,100.0,100.0,0,,,,,,,89,2.561356105161517,14.606741573033707,34.831460674157306,100.0,100.0,100.0,89,2.2438827686095504,22.471910112359552,47.19101123595506,100.0,100.0,100.0
C170,Chest,80,test/C170/Low_Dose/00000341.dcm,130.0,262144,5.028970718383789,170,2.5260052849264705,19.41176470588235,40.0,100.0,100.0,100.0,0,,,,,,,91,2.471101530305632,24.175824175824175,45.05494505494506,100.0,100.0,100.0,79,2.589248850375791,13.924050632911392,34.177215189873415,100.0,100.0,100.0
C170,Chest,81,test/C170/Low_Dose/00000194.dcm,130.0,262144,4.985037803649902,198,2.1420146287089645,26.262626262626263,49.494949494949495,100.0,100.0,100.0,0,,,,,,,96,2.1951395670572915,20.833333333333332,43.75,100.0,100.0,100.0,102,2.0920146867340685,31.372549019607842,54.90196078431372,100.0,100.0,100.0
C170,Chest,82,test/C170/Low_Dose/00000212.dcm,130.0,262144,4.948057651519775,169,2.4479604867788463,23.076923076923077,44.97041420118343,100.0,100.0,100.0,0,,,,,,,82,2.814785096703506,18.29268292682927,35.36585365853659,100.0,100.0,100.0,87,2.1022177509877875,27.586206896551722,54.02298850574713,100.0,100.0,100.0
C170,Chest,83,test/C170/Low_Dose/00000136.dcm,130.0,262144,4.898137092590332,175,2.5752483258928573,17.714285714285715,35.42857142857143,100.0,100.0,100.0,0,,,,,,,98,2.42879563934949,17.346938775510203,37.755102040816325,100.0,100.0,100.0,77,2.761642654220779,18.181818181818183,32.467532467532465,100.0,100.0,100.0
C170,Chest,84,test/C170/Low_Dose/00000118.dcm,130.0,262144,4.894184589385986,238,2.54759408646271,19.747899159663866,38.23529411764706,100.0,100.0,100.0,0,,,,,,,110,2.627683327414773,20.0,37.27272727272727,100.0,100.0,100.0,128,2.4787673950195312,19.53125,39.0625,100.0,100.0,100.0
C170,Chest,85,test/C170/Low_Dose/00000292.dcm,130.0,262144,4.891386985778809,184,2.578385726265285,17.391304347826086,30.97826086956522,100.0,100.0,100.0,0,,,,,,,101,2.5308040203434405,17.821782178217823,30.693069306930692,100.0,100.0,100.0,83,2.6362863563629517,16.867469879518072,31.325301204819276,100.0,100.0,100.0
C170,Chest,86,test/C170/Low_Dose/00000235.dcm,130.0,262144,4.87306022644043,210,2.550405738467262,17.142857142857142,35.714285714285715,100.0,100.0,100.0,0,,,,,,,111,2.733785543355856,13.513513513513514,31.53153153153153,100.0,100.0,100.0,99,2.3447980784406566,21.21212121212121,40.4040404040404,100.0,100.0,100.0
C170,Chest,87,test/C170/Low_Dose/00000057.dcm,130.0,262144,4.866140842437744,167,2.407844954622006,24.550898203592816,41.31736526946108,100.0,100.0,100.0,0,,,,,,,87,2.5334921650502875,21.839080459770116,36.7816091954023,100.0,100.0,100.0,80,2.27120361328125,27.5,46.25,100.0,100.0,100.0
C170,Chest,88,test/C170/Low_Dose/00000121.dcm,130.0,262144,4.890259265899658,173,2.35294337630961,19.07514450867052,41.040462427745666,100.0,100.0,100.0,0,,,,,,,97,2.379210796552835,21.649484536082475,37.11340206185567,100.0,100.0,100.0,76,2.319417853104441,15.789473684210526,46.05263157894737,100.0,100.0,100.0
C170,Chest,89,test/C170/Low_Dose/00000029.dcm,130.0,262144,4.873898029327393,176,2.506440596147017,16.477272727272727,38.06818181818182,100.0,100.0,100.0,0,,,,,,,76,2.6228573447779606,18.42105263157895,36.8421052631579,100.0,100.0,100.0,100,2.4179638671875,15.0,39.0,100.0,100.0,100.0
C170,Chest,90,test/C170/Low_Dose/00000330.dcm,130.0,262144,4.876731872558594,160,2.2870643615722654,18.75,47.5,100.0,100.0,100.0,0,,,,,,,74,2.489647117820946,8.108108108108109,44.5945945945946,100.0,100.0,100.0,86,2.1127489666606105,27.906976744186046,50.0,100.0,100.0,100.0
C170,Chest,91,test/C170/Low_Dose/00000277.dcm,130.0,262144,4.919246196746826,155,2.506954857610887,17.419354838709676,33.54838709677419,100.0,100.0,100.0,0,,,,,,,81,2.727804301697531,12.345679012345679,25.925925925925927,100.0,100.0,100.0,74,2.265214249894426,22.972972972972972,41.891891891891895,100.0,100.0,100.0
C170,Chest,92,test/C170/Low_Dose/00000276.dcm,130.0,262144,4.921757698059082,177,2.4751514499470337,22.598870056497177,36.15819209039548,100.0,100.0,100.0,0,,,,,,,98,2.554645149075255,19.387755102040817,33.673469387755105,100.0,100.0,100.0,79,2.3765390130537973,26.582278481012658,39.24050632911393,100.0,100.0,100.0
C170,Chest,93,test/C170/Low_Dose/00000326.dcm,130.0,262144,4.927440643310547,184,2.5338565992272417,17.934782608695652,34.78260869565217,100.0,100.0,100.0,0,,,,,,,89,2.6031837034761236,10.112359550561798,30.337078651685392,100.0,100.0,100.0,95,2.468908048930921,25.263157894736842,38.94736842105263,100.0,100.0,100.0
C170,Chest,94,test/C170/Low_Dose/00000233.dcm,130.0,262144,4.957640647888184,189,2.524145378637566,15.873015873015873,39.15343915343915,100.0,100.0,100.0,0,,,,,,,96,2.4643948872884116,14.583333333333334,40.625,100.0,100.0,100.0,93,2.5858233051915325,17.204301075268816,37.634408602150536,100.0,100.0,100.0
C170,Chest,95,test/C170/Low_Dose/00000163.dcm,130.0,262144,4.9486470222473145,203,2.5197651679879924,22.167487684729064,37.4384236453202,100.0,100.0,100.0,0,,,,,,,99,2.6069890802556817,20.2020202020202,33.333333333333336,100.0,100.0,100.0,104,2.4367347130408654,24.03846153846154,41.34615384615385,100.0,100.0,100.0
C170,Chest,96,test/C170/Low_Dose/00000067.dcm,130.0,262144,4.954008102416992,228,2.4417365893983005,20.614035087719298,42.98245614035088,100.0,100.0,100.0,0,,,,,,,122,2.5474933561731556,18.0327868852459,36.885245901639344,100.0,100.0,100.0,106,2.3200165370725236,23.58490566037736,50.0,100.0,100.0,100.0
C170,Chest,97,test/C170/Low_Dose/00000034.dcm,130.0,262144,4.961727619171143,217,2.5663719353038594,18.433179723502302,37.78801843317972,100.0,100.0,100.0,0,,,,,,,109,2.5501820975487384,20.18348623853211,37.61467889908257,100.0,100.0,100.0,108,2.5827116789641202,16.666666666666668,37.96296296296296,100.0,100.0,100.0
C170,Chest,98,test/C170/Low_Dose/00000143.dcm,130.0,262144,4.95717191696167,217,2.5129163891489057,17.972350230414747,40.55299539170507,100.0,100.0,100.0,0,,,,,,,131,2.638104387822042,16.03053435114504,36.6412213740458,100.0,100.0,100.0,86,2.322223042332849,20.930232558139537,46.51162790697674,100.0,100.0,100.0
C170,Chest,99,test/C170/Low_Dose/00000017.dcm,130.0,262144,4.950760364532471,231,2.3830323322510822,22.943722943722943,41.125541125541126,100.0,100.0,100.0,0,,,,,,,124,2.3876549505418345,21.774193548387096,40.32258064516129,100.0,100.0,100.0,107,2.3776752792786215,24.299065420560748,42.05607476635514,100.0,100.0,100.0
C170,Chest,100,test/C170/Low_Dose/00000355.dcm,130.0,262144,4.953613758087158,201,2.4623270366915424,18.90547263681592,43.78109452736319,100.0,100.0,100.0,0,,,,,,,110,2.4963955965909093,17.272727272727273,42.72727272727273,100.0,100.0,100.0,91,2.421145260989011,20.87912087912088,45.05494505494506,100.0,100.0,100.0
C170,Chest,101,test/C170/Low_Dose/00000044.dcm,130.0,262144,4.941709518432617,187,2.417184758313837,19.25133689839572,42.780748663101605,100.0,100.0,100.0,0,,,,,,,87,2.3850448433010056,19.54022988505747,41.37931034482759,100.0,100.0,100.0,100,2.445146484375,19.0,44.0,100.0,100.0,100.0
C170,Chest,102,test/C170/Low_Dose/00000329.dcm,130.0,262144,4.933430194854736,155,2.5565067414314515,12.258064516129032,36.774193548387096,100.0,100.0,100.0,0,,,,,,,84,2.6106363932291665,9.523809523809524,32.142857142857146,100.0,100.0,100.0,71,2.492466026628521,15.492957746478874,42.25352112676056,100.0,100.0,100.0
C170,Chest,103,test/C170/Low_Dose/00000331.dcm,130.0,262144,4.950601577758789,162,2.604725025318287,17.28395061728395,37.03703703703704,100.0,100.0,100.0,0,,,,,,,83,2.6597988634224397,15.662650602409638,32.53012048192771,100.0,100.0,100.0,79,2.546862638449367,18.9873417721519,41.77215189873418,100.0,100.0,100.0
C170,Chest,104,test/C170/Low_Dose/00000088.dcm,130.0,262144,4.95760440826416,149,2.480663734794463,22.818791946308725,38.92617449664429,100.0,100.0,100.0,0,,,,,,,73,2.5479067449700343,20.54794520547945,35.61643835616438,100.0,100.0,100.0,76,2.4160750539679277,25.0,42.10526315789474,100.0,100.0,100.0
C170,Chest,105,test/C170/Low_Dose/00000008.dcm,130.0,262144,4.952909469604492,153,2.5079521229064543,20.26143790849673,42.48366013071895,100.0,100.0,100.0,0,,,,,,,79,2.5346494264240507,17.72151898734177,41.77215189873418,100.0,100.0,100.0,74,2.479450947529561,22.972972972972972,43.24324324324324,100.0,100.0,100.0
C170,Chest,106,test/C170/Low_Dose/00000236.dcm,130.0,262144,4.975326061248779,143,2.5082521238527096,19.58041958041958,39.16083916083916,100.0,100.0,100.0,0,,,,,,,82,2.491004013433689,24.390243902439025,39.02439024390244,100.0,100.0,100.0,61,2.53143810835041,13.114754098360656,39.34426229508197,100.0,100.0,100.0
C170,Chest,107,test/C170/Low_Dose/00000081.dcm,130.0,262144,4.9579877853393555,145,2.3167648841594826,22.75862068965517,44.13793103448276,100.0,100.0,100.0,0,,,,,,,74,2.3603614600929053,21.62162162162162,39.189189189189186,100.0,100.0,100.0,71,2.271326199383803,23.943661971830984,49.29577464788732,100.0,100.0,100.0
C170,Chest,108,test/C170/Low_Dose/00000064.dcm,130.0,262144,4.970669746398926,156,2.602226061698718,16.666666666666668,37.17948717948718,100.0,100.0,100.0,0,,,,,,,78,2.5596751677684293,15.384615384615385,39.743589743589745,100.0,100.0,100.0,78,2.6447769556290064,17.94871794871795,34.61538461538461,100.0,100.0,100.0
C170,Chest,109,test/C170/Low_Dose/00000295.dcm,130.0,262144,4.998446464538574,154,2.6944199599228895,12.987012987012987,33.116883116883116,100.0,100.0,100.0,0,,,,,,,78,2.6138023963341346,12.820512820512821,39.743589743589745,100.0,100.0,100.0,76,2.7771590383429277,13.157894736842104,26.31578947368421,100.0,100.0,100.0
C170,Chest,110,test/C170/Low_Dose/00000274.dcm,130.0,262144,5.002643585205078,174,2.3808860340337645,21.264367816091955,41.95402298850575,100.0,100.0,100.0,0,,,,,,,96,2.4897435506184897,17.708333333333332,37.5,100.0,100.0,100.0,78,2.2469075520833335,25.641025641025642,47.43589743589744,100.0,100.0,100.0
C170,Chest,111,test/C170/Low_Dose/00000154.dcm,130.0,262144,4.99017858505249,173,2.2579790236632946,26.01156069364162,48.554913294797686,100.0,100.0,100.0,0,,,,,,,95,2.275340511924342,24.210526315789473,49.473684210526315,100.0,100.0,100.0,78,2.2368336212940707,28.205128205128204,47.43589743589744,100.0,100.0,100.0
C170,Chest,112,test/C170/Low_Dose/00000255.dcm,130.0,262144,4.998415470123291,171,2.376167877375731,23.391812865497077,39.1812865497076,100.0,100.0,100.0,0,,,,,,,88,2.4839324951171875,15.909090909090908,35.22727272727273,100.0,100.0,100.0,83,2.261911415192018,31.325301204819276,43.373493975903614,100.0,100.0,100.0
C170,Chest,113,test/C170/Low_Dose/00000306.dcm,130.0,262144,4.955809116363525,150,2.7038590494791666,16.666666666666668,35.333333333333336,100.0,100.0,100.0,0,,,,,,,73,2.6572984669306505,19.17808219178082,36.986301369863014,100.0,100.0,100.0,77,2.748000900466721,14.285714285714286,33.76623376623377,100.0,100.0,100.0
C170,Chest,114,test/C170/Low_Dose/00000066.dcm,130.0,262144,4.927975654602051,152,2.387180529142681,23.026315789473685,42.76315789473684,100.0,100.0,100.0,0,,,,,,,67,2.6990474871735075,14.925373134328359,35.82089552238806,100.0,100.0,100.0,85,2.1413559857536764,29.41176470588235,48.23529411764706,100.0,100.0,100.0
C170,Chest,115,test/C170/Low_Dose/00000028.dcm,130.0,262144,4.894037246704102,141,2.4659493087876774,15.602836879432624,39.716312056737586,100.0,100.0,100.0,0,,,,,,,64,2.5599899291992188,12.5,39.0625,100.0,100.0,100.0,77,2.387785676237825,18.181818181818183,40.25974025974026,100.0,100.0,100.0
C170,Chest,116,test/C170/Low_Dose/00000242.dcm,130.0,262144,4.846337795257568,150,2.4481136067708333,18.0,38.0,100.0,100.0,100.0,0,,,,,,,75,2.5210091145833333,17.333333333333332,36.0,100.0,100.0,100.0,75,2.3752180989583334,18.666666666666668,40.0,100.0,100.0,100.0
C170,Chest,117,test/C170/Low_Dose/00000344.dcm,130.0,262144,4.825138092041016,147,2.4214049877763606,22.448979591836736,44.21768707482993,100.0,100.0,100.0,0,,,,,,,73,2.679204235338185,19.17808219178082,36.986301369863014,100.0,100.0,100.0,74,2.1670895138302364,25.675675675675677,51.351351351351354,100.0,100.0,100.0
C170,Chest,118,test/C170/Low_Dose/00000192.dcm,130.0,262144,4.816891670227051,149,2.495695587772651,16.778523489932887,34.899328859060404,100.0,100.0,100.0,0,,,,,,,72,2.4680718315972223,19.444444444444443,36.111111111111114,100.0,100.0,100.0,77,2.5215255935470777,14.285714285714286,33.76623376623377,100.0,100.0,100.0
C170,Chest,119,test/C170/Low_Dose/00000087.dcm,130.0,262144,4.819353103637695,105,2.0903204055059526,27.61904761904762,49.523809523809526,100.0,100.0,100.0,0,,,,,,,47,2.1855598612034575,21.27659574468085,44.680851063829785,100.0,100.0,100.0,58,2.0131436051993536,32.758620689655174,53.44827586206897,100.0,100.0,100.0
C170,Chest,120,test/C170/Low_Dose/00000253.dcm,130.0,262144,4.811046600341797,130,2.4755108173076925,19.23076923076923,39.23076923076923,100.0,100.0,100.0,0,,,,,,,77,2.482209440949675,18.181818181818183,40.25974025974026,100.0,100.0,100.0,53,2.465778854658019,20.754716981132077,37.735849056603776,100.0,100.0,100.0
C170,Chest,121,test/C170/Low_Dose/00000026.dcm,130.0,262144,4.821181297302246,115,2.379424252717391,21.73913043478261,44.34782608695652,100.0,100.0,100.0,0,,,,,,,66,2.668203642874053,15.151515151515152,36.36363636363637,100.0,100.0,100.0,49,1.9904560945471939,30.612244897959183,55.10204081632653,100.0,100.0,100.0
C170,Chest,122,test/C170/Low_Dose/00000082.dcm,130.0,262144,4.8016557693481445,133,2.2103611078477443,24.81203007518797,46.61654135338346,100.0,100.0,100.0,0,,,,,,,61,2.3030005283043034,22.950819672131146,44.26229508196721,100.0,100.0,100.0,72,2.13187493218316,26.38888888888889,48.611111111111114,100.0,100.0,100.0
C170,Chest,123,test/C170/Low_Dose/00000171.dcm,130.0,262144,4.81483268737793,124,2.4709571100050405,19.35483870967742,40.32258064516129,100.0,100.0,100.0,0,,,,,,,64,2.4333343505859375,20.3125,43.75,100.0,100.0,100.0,60,2.5110880533854165,18.333333333333332,36.666666666666664,100.0,100.0,100.0
C170,Chest,124,test/C170/Low_Dose/00000070.dcm,130.0,262144,4.828214645385742,125,2.3195673828125,20.8,43.2,100.0,100.0,100.0,0,,,,,,,61,2.4108346407530736,18.0327868852459,42.622950819672134,100.0,100.0,100.0,64,2.2325782775878906,23.4375,43.75,100.0,100.0,100.0
C170,Chest,125,test/C170/Low_Dose/00000147.dcm,130.0,262144,4.821128845214844,142,2.2147337147887325,26.056338028169016,47.183098591549296,100.0,100.0,100.0,0,,,,,,,67,2.189673580340485,26.865671641791046,47.76119402985075,100.0,100.0,100.0,75,2.2371207682291665,25.333333333333332,46.666666666666664,100.0,100.0,100.0
C170,Chest,126,test/C170/Low_Dose/00000262.dcm,130.0,262144,4.851839065551758,151,2.43322026334851,17.880794701986755,40.397350993377486,100.0,100.0,100.0,0,,,,,,,66,2.542160496567235,15.151515151515152,36.36363636363637,100.0,100.0,100.0,85,2.3486313763786764,20.0,43.529411764705884,100.0,100.0,100.0
C170,Chest,127,test/C170/Low_Dose/00000278.dcm,130.0,262144,4.87185001373291,149,2.5294549929215604,16.778523489932887,39.59731543624161,100.0,100.0,100.0,0,,,,,,,74,2.345569507495777,20.27027027027027,44.5945945945946,100.0,100.0,100.0,75,2.710888671875,13.333333333333334,34.666666666666664,100.0,100.0,100.0
C170,Chest,128,test/C170/Low_Dose/00000318.dcm,130.0,262144,4.866870403289795,182,2.4970669589199863,15.934065934065934,40.65934065934066,100.0,100.0,100.0,0,,,,,,,87,2.6109212239583335,11.494252873563218,35.632183908045974,100.0,100.0,100.0,95,2.3928004214638157,20.0,45.26315789473684,100.0,100.0,100.0
C170,Chest,129,test/C170/Low_Dose/00000135.dcm,130.0,262144,4.891298294067383,175,2.4348625837053572,20.0,42.857142857142854,100.0,100.0,100.0,0,,,,,,,87,2.488640445402299,18.39080459770115,43.67816091954023,100.0,100.0,100.0,88,2.3816958340731533,21.59090909090909,42.04545454545455,100.0,100.0,100.0
C170,Chest,130,test/C170/Low_Dose/00000109.dcm,130.0,262144,4.915585517883301,179,2.4605931116881985,18.99441340782123,40.22346368715084,100.0,100.0,100.0,0,,,,,,,91,2.598500010731456,17.582417582417584,34.065934065934066,100.0,100.0,100.0,88,2.317984841086648,20.454545454545453,46.59090909090909,100.0,100.0,100.0
C170,Chest,131,test/C170/Low_Dose/00000120.dcm,130.0,262144,4.8917951583862305,200,2.34870361328125,19.0,45.0,100.0,100.0,100.0,0,,,,,,,105,2.4576241629464284,19.047619047619047,41.904761904761905,100.0,100.0,100.0,95,2.2283177425986844,18.94736842105263,48.421052631578945,100.0,100.0,100.0
C170,Chest,132,test/C170/Low_Dose/00000335.dcm,130.0,262144,4.890304088592529,214,2.4017373913916473,19.1588785046729,40.654205607476634,100.0,100.0,100.0,0,,,,,,,118,2.33195366293697,19.491525423728813,43.220338983050844,100.0,100.0,100.0,96,2.487513224283854,18.75,37.5,100.0,100.0,100.0
C170,Chest,133,test/C170/Low_Dose/00000101.dcm,130.0,262144,4.889784336090088,228,2.410040069044682,20.17543859649123,40.35087719298246,100.0,100.0,100.0,0,,,,,,,128,2.588777542114258,18.75,32.03125,100.0,100.0,100.0,100,2.181256103515625,22.0,51.0,100.0,100.0,100.0
C170,Chest,134,test/C170/Low_Dose/00000217.dcm,130.0,262144,4.91715669631958,285,2.5606269702576756,22.45614035087719,38.24561403508772,100.0,100.0,100.0,0,,,,,,,162,2.4676197193287037,26.54320987654321,41.358024691358025,100.0,100.0,100.0,123,2.683124325139736,17.073170731707318,34.146341463414636,100.0,100.0,100.0
C170,Chest,135,test/C170/Low_Dose/00000071.dcm,130.0,262144,4.901059627532959,263,2.473387279437975,22.813688212927758,40.3041825095057,100.0,100.0,100.0,0,,,,,,,137,2.5027096045278285,23.357664233576642,40.14598540145985,100.0,100.0,100.0,126,2.4415050688244047,22.22222222222222,40.476190476190474,100.0,100.0,100.0
C170,Chest,136,test/C170/Low_Dose/00000045.dcm,130.0,262144,4.929880142211914,249,2.485437845130522,18.072289156626507,38.55421686746988,100.0,100.0,100.0,0,,,,,,,133,2.485249684269267,21.05263157894737,38.34586466165413,100.0,100.0,100.0,116,2.4856535812904097,14.655172413793103,38.793103448275865,100.0,100.0,100.0
C170,Chest,137,test/C170/Low_Dose/00000065.dcm,130.0,262144,4.939922332763672,236,2.3133167331501587,24.152542372881356,47.03389830508475,100.0,100.0,100.0,0,,,,,,,119,2.3784866974133405,21.84873949579832,44.53781512605042,100.0,100.0,100.0,117,2.2470327524038463,26.495726495726494,49.572649572649574,100.0,100.0,100.0
C170,Chest,138,test/C170/Low_Dose/00000219.dcm,130.0,262144,4.952082633972168,221,2.499696205104638,19.004524886877828,40.723981900452486,100.0,100.0,100.0,0,,,,,,,117,2.5915819477831197,15.384615384615385,40.17094017094017,100.0,100.0,100.0,104,2.3963247445913463,23.076923076923077,41.34615384615385,100.0,100.0,100.0
C170,Chest,139,test/C170/Low_Dose/00000333.dcm,130.0,262144,4.95955228805542,198,2.425371882891414,22.22222222222222,40.4040404040404,100.0,100.0,100.0,0,,,,,,,109,2.386126317015482,23.853211009174313,43.11926605504587,100.0,100.0,100.0,89,2.473436677054073,20.224719101123597,37.07865168539326,100.0,100.0,100.0
C170,Chest,140,test/C170/Low_Dose/00000230.dcm,130.0,262144,4.975889682769775,162,2.6190125265239197,19.135802469135804,38.27160493827161,100.0,100.0,100.0,0,,,,,,,85,2.7776295381433824,15.294117647058824,34.11764705882353,100.0,100.0,100.0,77,2.443915825385552,23.376623376623378,42.857142857142854,100.0,100.0,100.0
C170,Chest,141,test/C170/Low_Dose/00000218.dcm,130.0,262144,5.007106304168701,140,2.5837245396205355,20.0,38.57142857142857,100.0,100.0,100.0,0,,,,,,,63,2.792056129092262,19.047619047619047,36.507936507936506,100.0,100.0,100.0,77,2.4132714209618507,20.77922077922078,40.25974025974026,100.0,100.0,100.0
C170,Chest,142,test/C170/Low_Dose/00000007.dcm,130.0,262144,5.011763095855713,127,2.3946965735728347,23.62204724409449,39.37007874015748,100.0,100.0,100.0,0,,,,,,,69,2.5599665987318843,17.391304347826086,34.78260869565217,100.0,100.0,100.0,58,2.1980822332974137,31.03448275862069,44.827586206896555,100.0,100.0,100.0
C170,Chest,143,test/C170/Low_Dose/00000104.dcm,130.0,262144,5.040008544921875,144,2.1991500854492188,26.38888888888889,47.916666666666664,100.0,100.0,100.0,0,,,,,,,76,2.393691213507401,26.31578947368421,40.78947368421053,100.0,100.0,100.0,68,1.9817217658547794,26.470588235294116,55.88235294117647,100.0,100.0,100.0
C170,Chest,144,test/C170/Low_Dose/00000073.dcm,130.0,262144,5.068374156951904,154,2.4304230925324677,23.376623376623378,46.103896103896105,100.0,100.0,100.0,0,,,,,,,78,2.280987079326923,29.487179487179485,50.0,100.0,100.0,100.0,76,2.583791632401316,17.105263157894736,42.10526315789474,100.0,100.0,100.0
C170,Chest,145,test/C170/Low_Dose/00000113.dcm,130.0,262144,5.101587772369385,130,2.27303466796875,23.076923076923077,48.46153846153846,100.0,100.0,100.0,0,,,,,,,68,2.3381293801700367,20.58823529411765,47.05882352941177,100.0,100.0,100.0,62,2.2016404674899195,25.806451612903224,50.0,100.0,100.0,100.0
C170,Chest,146,test/C170/Low_Dose/00000114.dcm,130.0,262144,5.104989051818848,153,2.4508838528901142,22.875816993464053,45.751633986928105,98.69281045751634,100.0,100.0,0,,,,,,,69,2.458351024682971,24.63768115942029,47.82608695652174,98.55072463768116,100.0,100.0,84,2.4447501046316966,21.428571428571427,44.04761904761905,98.80952380952381,100.0,100.0
C170,Chest,147,test/C170/Low_Dose/00000003.dcm,130.0,262144,5.08427095413208,152,2.4495472155119242,19.736842105263158,42.76315789473684,100.0,100.0,100.0,0,,,,,,,76,2.4418463456003288,18.42105263157895,44.73684210526316,100.0,100.0,100.0,76,2.4572480854235197,21.05263157894737,40.78947368421053,100.0,100.0,100.0
C170,Chest,148,test/C170/Low_Dose/00000207.dcm,130.0,262144,5.089343070983887,137,2.274233184591697,18.248175182481752,46.715328467153284,100.0,100.0,100.0,0,,,,,,,70,2.41270751953125,12.857142857142858,44.285714285714285,100.0,100.0,100.0,67,2.129558506296642,23.880597014925375,49.25373134328358,100.0,100.0,100.0
C170,Chest,149,test/C170/Low_Dose/00000204.dcm,130.0,262144,5.033293724060059,145,2.4880640490301724,18.620689655172413,39.310344827586206,100.0,100.0,100.0,0,,,,,,,81,2.4081096884645063,20.987654320987655,40.74074074074074,100.0,100.0,100.0,64,2.5892562866210938,15.625,37.5,100.0,100.0,100.0
C170,Chest,150,test/C170/Low_Dose/00000243.dcm,130.0,262144,5.0229105949401855,152,2.6036352860300163,15.131578947368421,38.1578947368421,100.0,100.0,100.0,0,,,,,,,75,2.5084537760416667,18.666666666666668,37.333333333333336,100.0,100.0,100.0,77,2.6963445490056817,11.688311688311689,38.96103896103896,100.0,100.0,100.0
C170,Chest,151,test/C170/Low_Dose/00000123.dcm,130.0,262144,4.997852802276611,156,2.5351726825420675,15.384615384615385,37.82051282051282,100.0,100.0,100.0,0,,,,,,,84,2.5264195033482144,16.666666666666668,34.523809523809526,100.0,100.0,100.0,72,2.545384724934896,13.88888888888889,41.666666666666664,100.0,100.0,100.0
C170,Chest,152,test/C170/Low_Dose/00000089.dcm,130.0,262144,4.967862129211426,175,2.273779296875,24.571428571428573,42.857142857142854,100.0,100.0,100.0,0,,,,,,,79,2.4155860611155062,22.78481012658228,37.9746835443038,100.0,100.0,100.0,96,2.1570841471354165,26.041666666666668,46.875,100.0,100.0,100.0
C170,Chest,153,test/C170/Low_Dose/00000043.dcm,130.0,262144,4.94334602355957,164,2.509929377858232,17.682926829268293,39.63414634146341,100.0,100.0,100.0,0,,,,,,,86,2.4572924236918605,18.6046511627907,41.86046511627907,100.0,100.0,100.0,78,2.5679649939903846,16.666666666666668,37.17948717948718,100.0,100.0,100.0
C170,Chest,154,test/C170/Low_Dose/00000181.dcm,130.0,262144,4.910346031188965,185,2.261336043074324,27.56756756756757,44.32432432432432,100.0,100.0,100.0,0,,,,,,,98,2.0831996372767856,33.673469387755105,51.02040816326531,100.0,100.0,100.0,87,2.4619954427083335,20.689655172413794,36.7816091954023,100.0,100.0,100.0
C170,Chest,155,test/C170/Low_Dose/00000354.dcm,130.0,262144,4.903037071228027,159,2.5783138635023586,17.61006289308176,35.22012578616352,100.0,100.0,100.0,0,,,,,,,93,2.546365717405914,19.35483870967742,35.483870967741936,100.0,100.0,100.0,66,2.6233317057291665,15.151515151515152,34.84848484848485,100.0,100.0,100.0
C170,Chest,156,test/C170/Low_Dose/00000137.dcm,130.0,262144,4.903034210205078,186,2.435225291918683,21.50537634408602,41.39784946236559,100.0,100.0,100.0,0,,,,,,,91,2.4317050137362637,20.87912087912088,42.857142857142854,100.0,100.0,100.0,95,2.438597347861842,22.105263157894736,40.0,100.0,100.0,100.0
C170,Chest,157,test/C170/Low_Dose/00000097.dcm,130.0,262144,4.9033708572387695,241,2.3928617738589213,22.821576763485478,41.90871369294606,100.0,100.0,100.0,0,,,,,,,118,2.4644040899761652,20.338983050847457,37.28813559322034,100.0,100.0,100.0,123,2.3242276819740852,25.203252032520325,46.34146341463415,100.0,100.0,100.0
C170,Chest,158,test/C170/Low_Dose/00000012.dcm,130.0,262144,4.909873962402344,274,2.4234837441548813,17.51824817518248,42.7007299270073,100.0,100.0,100.0,0,,,,,,,151,2.2931619606270695,19.867549668874172,47.019867549668874,100.0,100.0,100.0,123,2.583472275152439,14.634146341463415,37.39837398373984,100.0,100.0,100.0
C170,Chest,159,test/C170/Low_Dose/00000261.dcm,130.0,262144,4.931763172149658,266,2.5265457038592576,20.30075187969925,34.962406015037594,100.0,100.0,100.0,0,,,,,,,141,2.704150044326241,17.73049645390071,29.078014184397162,100.0,100.0,100.0,125,2.3262080078125,23.2,41.6,100.0,100.0,100.0
C170,Chest,160,test/C170/Low_Dose/00000211.dcm,130.0,262144,4.955559730529785,250,2.5581015625,19.2,36.8,100.0,100.0,100.0,0,,,,,,,133,2.577311809797932,18.045112781954888,34.58646616541353,100.0,100.0,100.0,117,2.5362642728365383,20.512820512820515,39.31623931623932,100.0,100.0,100.0
C170,Chest,161,test/C170/Low_Dose/00000227.dcm,130.0,262144,4.9786810874938965,257,2.4362674223309826,19.06614785992218,40.856031128404666,100.0,100.0,100.0,0,,,,,,,145,2.43558139143319,19.310344827586206,42.758620689655174,100.0,100.0,100.0,112,2.4371555873325894,18.75,38.392857142857146,100.0,100.0,100.0
C170,Chest,162,test/C170/Low_Dose/00000005.dcm,130.0,262144,4.984950542449951,241,2.400382520746888,21.16182572614108,42.738589211618255,100.0,100.0,100.0,0,,,,,,,130,2.5653160682091345,19.23076923076923,36.15384615384615,100.0,100.0,100.0,111,2.2072171048001126,23.423423423423422,50.450450450450454,100.0,100.0,100.0
C170,Chest,163,test/C170/Low_Dose/00000325.dcm,130.0,262144,5.006258487701416,230,2.5389759893002717,17.82608695652174,40.0,100.0,100.0,100.0,0,,,,,,,109,2.605240288130734,15.596330275229358,40.36697247706422,100.0,100.0,100.0,121,2.4792833564695247,19.834710743801654,39.66942148760331,100.0,100.0,100.0
C170,Chest,164,test/C170/Low_Dose/00000050.dcm,130.0,262144,5.05779504776001,264,2.6025885379675664,20.454545454545453,35.60606060606061,100.0,100.0,100.0,0,,,,,,,138,2.474609375,24.63768115942029,39.85507246376812,100.0,100.0,100.0,126,2.7427561926463295,15.873015873015873,30.952380952380953,100.0,100.0,100.0
C170,Chest,165,test/C170/Low_Dose/00000158.dcm,130.0,262144,5.093581676483154,267,2.690234923630618,17.97752808988764,34.831460674157306,100.0,100.0,100.0,0,,,,,,,141,2.7344459912455674,20.56737588652482,32.6241134751773,100.0,100.0,100.0,126,2.6407606336805554,15.079365079365079,37.301587301587304,100.0,100.0,100.0
C170,Chest,166,test/C170/Low_Dose/00000313.dcm,130.0,262144,5.1180596351623535,266,2.5733353464226973,19.172932330827066,36.090225563909776,99.62406015037594,100.0,100.0,0,,,,,,,130,2.3905902569110578,23.076923076923077,40.0,100.0,100.0,100.0,136,2.7480181525735294,15.441176470588236,32.35294117647059,99.26470588235294,100.0,100.0
C170,Chest,167,test/C170/Low_Dose/00000068.dcm,130.0,262144,5.1253180503845215,299,2.614930219873537,18.729096989966557,36.45484949832776,98.99665551839465,100.0,100.0,0,,,,,,,135,2.8924895109953703,11.11111111111111,26.666666666666668,98.51851851851852,100.0,100.0,164,2.3864515351086126,25.0,44.51219512195122,99.39024390243902,100.0,100.0
C170,Chest,168,test/C170/Low_Dose/00000252.dcm,130.0,262144,5.090884208679199,316,2.435781358163568,22.151898734177216,42.08860759493671,100.0,100.0,100.0,0,,,,,,,172,2.4456496127816134,25.58139534883721,41.86046511627907,100.0,100.0,100.0,144,2.4239942762586804,18.055555555555557,42.361111111111114,100.0,100.0,100.0
C170,Chest,169,test/C170/Low_Dose/00000140.dcm,130.0,262144,5.117008686065674,287,2.6559292995971253,16.027874564459932,36.23693379790941,98.95470383275261,100.0,100.0,0,,,,,,,166,2.6429781626506026,18.072289156626507,37.95180722891566,98.79518072289157,100.0,100.0,121,2.6736969750774793,13.223140495867769,33.88429752066116,99.17355371900827,100.0,100.0
C170,Chest,170,test/C170/Low_Dose/00000094.dcm,130.0,262144,5.120255470275879,268,2.4124136398087686,22.388059701492537,44.40298507462686,99.25373134328358,100.0,100.0,0,,,,,,,131,2.364434861044847,21.374045801526716,49.61832061068702,99.23664122137404,100.0,100.0,137,2.4582911581888687,23.357664233576642,39.416058394160586,99.27007299270073,100.0,100.0
C170,Chest,171,test/C170/Low_Dose/00000108.dcm,130.0,262144,5.163571357727051,228,2.646656772546601,11.842105263157896,32.89473684210526,97.36842105263158,100.0,100.0,0,,,,,,,116,2.7509302599676726,12.068965517241379,30.17241379310345,97.41379310344827,100.0,100.0,112,2.538659232003348,11.607142857142858,35.714285714285715,97.32142857142857,100.0,100.0
C170,Chest,172,test/C170/Low_Dose/00000358.dcm,130.0,262144,5.187779903411865,293,2.5714973736134814,18.77133105802048,37.8839590443686,97.26962457337883,100.0,100.0,0,,,,,,,161,2.6359567582977483,19.25465838509317,34.78260869565217,96.8944099378882,100.0,100.0,132,2.4928764574455493,18.181818181818183,41.666666666666664,97.72727272727273,100.0,100.0
C170,Chest,173,test/C170/Low_Dose/00000294.dcm,130.0,262144,5.194972991943359,253,2.7136823933115117,17.786561264822133,34.387351778656125,95.25691699604744,100.0,100.0,0,,,,,,,123,2.6790324885670733,16.260162601626018,32.520325203252035,95.1219512195122,100.0,100.0,130,2.746466533954327,19.23076923076923,36.15384615384615,95.38461538461539,100.0,100.0
C170,Chest,174,test/C170/Low_Dose/00000240.dcm,130.0,262144,5.219220161437988,252,2.532349117218502,19.841269841269842,39.682539682539684,96.42857142857143,100.0,100.0,0,,,,,,,139,2.790110196998651,15.827338129496402,33.093525179856115,95.68345323741008,100.0,100.0,113,2.215280178373894,24.778761061946902,47.78761061946903,97.34513274336283,100.0,100.0
C170,Chest,175,test/C170/Low_Dose/00000334.dcm,130.0,262144,5.244827747344971,251,2.6770637177851095,20.717131474103585,35.85657370517928,95.2191235059761,100.0,100.0,0,,,,,,,128,2.7229843139648438,22.65625,35.15625,95.3125,100.0,100.0,123,2.62927643070376,18.69918699186992,36.58536585365854,95.1219512195122,100.0,100.0
C170,Chest,176,test/C170/Low_Dose/00000033.dcm,130.0,262144,5.237312316894531,236,2.5495284775556146,20.338983050847457,40.67796610169491,94.91525423728814,100.0,100.0,0,,,,,,,130,2.6994760366586537,18.46153846153846,38.46153846153846,93.07692307692308,100.0,100.0,106,2.365630527712264,22.641509433962263,43.39622641509434,97.16981132075472,100.0,100.0
C170,Chest,177,test/C170/Low_Dose/00000111.dcm,130.0,262144,5.250899314880371,240,2.6802159627278646,19.166666666666668,32.5,97.08333333333333,100.0,100.0,0,,,,,,,115,2.783168096127717,19.130434782608695,30.434782608695652,95.65217391304348,100.0,100.0,125,2.5855,19.2,34.4,98.4,100.0,100.0
C170,Chest,178,test/C170/Low_Dose/00000142.dcm,130.0,262144,5.278045177459717,233,2.5713147339391096,19.742489270386265,37.33905579399141,95.70815450643777,100.0,100.0,0,,,,,,,126,2.7371399894593256,17.46031746031746,34.12698412698413,92.85714285714286,100.0,100.0,107,2.376043872298481,22.429906542056074,41.12149532710281,99.06542056074767,100.0,100.0
C170,Chest,179,test/C170/Low_Dose/00000201.dcm,130.0,262144,5.278025150299072,226,2.514421041032909,18.141592920353983,39.823008849557525,97.34513274336283,100.0,100.0,0,,,,,,,120,2.5097330729166667,15.833333333333334,38.333333333333336,100.0,100.0,100.0,106,2.5197281747494102,20.754716981132077,41.509433962264154,94.33962264150944,100.0,100.0
C170,Chest,180,test/C170/Low_Dose/00000356.dcm,130.0,262144,5.295825958251953,206,2.6328267217839807,18.932038834951456,36.89320388349515,97.0873786407767,100.0,100.0,0,,,,,,,116,2.6031094255118536,21.551724137931036,40.51724137931034,95.6896551724138,100.0,100.0,90,2.6711290147569446,15.555555555555555,32.22222222222222,98.88888888888889,100.0,100.0
C170,Chest,181,test/C170/Low_Dose/00000352.dcm,130.0,262144,5.2913689613342285,191,2.8010260297365837,17.801047120418847,29.842931937172775,96.8586387434555,100.0,100.0,0,,,,,,,92,2.6771041206691577,20.652173913043477,33.69565217391305,97.82608695652173,100.0,100.0,99,2.9161857836174243,15.151515151515152,26.262626262626263,95.95959595959596,100.0,100.0
C170,Chest,182,test/C170/Low_Dose/00000320.dcm,130.0,262144,5.277731418609619,211,2.6814878924763033,19.90521327014218,38.86255924170616,95.73459715639811,100.0,100.0,0,,,,,,,114,2.7328009354440788,17.54385964912281,35.96491228070175,96.49122807017544,100.0,100.0,97,2.6211818419780926,22.68041237113402,42.2680412371134,94.84536082474227,100.0,100.0
C170,Chest,183,test/C170/Low_Dose/00000084.dcm,130.0,262144,5.2699737548828125,233,2.688022335199839,18.025751072961373,34.76394849785408,96.99570815450643,100.0,100.0,0,,,,,,,112,2.6143297467912947,18.75,36.607142857142854,98.21428571428571,100.0,100.0,121,2.756233656701963,17.355371900826448,33.05785123966942,95.86776859504133,100.0,100.0
C170,Chest,184,test/C170/Low_Dose/00000263.dcm,130.0,262144,5.238410472869873,263,2.6311531792122147,19.39163498098859,36.50190114068441,96.57794676806084,100.0,100.0,0,,,,,,,134,2.7579646324043843,15.671641791044776,32.83582089552239,94.77611940298507,100.0,100.0,129,2.499426553415698,23.25581395348837,40.310077519379846,98.44961240310077,100.0,100.0
C170,Chest,185,test/C170/Low_Dose/00000214.dcm,130.0,262144,5.20639181137085,219,2.5149282516409817,21.004566210045663,42.465753424657535,97.26027397260275,100.0,100.0,0,,,,,,,130,2.6321805513822114,18.46153846153846,36.92307692307692,97.6923076923077,100.0,100.0,89,2.343660847524579,24.719101123595507,50.561797752808985,96.62921348314607,100.0,100.0
C170,Chest,186,test/C170/Low_Dose/00000155.dcm,130.0,262144,5.179403305053711,220,2.525846169211648,20.90909090909091,39.54545454545455,98.18181818181819,100.0,100.0,0,,,,,,,105,2.5825846354166666,20.0,37.142857142857146,98.0952380952381,100.0,100.0,115,2.4740414826766304,21.73913043478261,41.73913043478261,98.26086956521739,100.0,100.0
C170,Chest,187,test/C170/Low_Dose/00000327.dcm,130.0,262144,5.158389568328857,204,2.58879119274663,20.098039215686274,37.254901960784316,97.54901960784314,100.0,100.0,0,,,,,,,115,2.541307532269022,22.608695652173914,39.130434782608695,99.1304347826087,100.0,100.0,89,2.650146484375,16.853932584269664,34.831460674157306,95.50561797752809,100.0,100.0
C170,Chest,188,test/C170/Low_Dose/00000126.dcm,130.0,262144,5.137720584869385,174,2.7068804159931754,17.24137931034483,34.48275862068966,99.42528735632185,100.0,100.0,0,,,,,,,94,2.7727440367353724,14.893617021276595,34.04255319148936,98.93617021276596,100.0,100.0,80,2.6294906616210936,20.0,35.0,100.0,100.0,100.0
C170,Chest,189,test/C170/Low_Dose/00000309.dcm,130.0,262144,5.1435017585754395,216,2.5888219762731484,18.51851851851852,38.888888888888886,99.07407407407408,100.0,100.0,0,,,,,,,116,2.6146924249057113,18.96551724137931,40.51724137931034,100.0,100.0,100.0,100,2.558812255859375,18.0,37.0,98.0,100.0,100.0
C170,Chest,190,test/C170/Low_Dose/00000019.dcm,130.0,262144,5.112078666687012,259,2.581105589406371,19.305019305019304,39.38223938223938,99.22779922779922,100.0,100.0,0,,,,,,,118,2.4904298943988348,22.033898305084747,42.3728813559322,98.30508474576271,100.0,100.0,141,2.6569902135970747,17.02127659574468,36.87943262411348,100.0,100.0,100.0
C170,Chest,191,test/C170/Low_Dose/00000024.dcm,130.0,262144,5.10598611831665,279,2.487004980818772,21.14695340501792,42.65232974910394,99.2831541218638,100.0,100.0,0,,,,,,,136,2.6718552533318016,18.38235294117647,39.705882352941174,99.26470588235294,100.0,100.0,143,2.3112033230441433,23.776223776223777,45.45454545454545,99.3006993006993,100.0,100.0
C170,Chest,192,test/C170/Low_Dose/00000305.dcm,130.0,262144,5.099379539489746,231,2.6656214065882033,16.450216450216452,35.497835497835496,99.56709956709956,100.0,100.0,0,,,,,,,101,2.5703221689356437,19.801980198019802,37.62376237623762,99.00990099009901,100.0,100.0,130,2.7396615835336537,13.846153846153847,33.84615384615385,100.0,100.0,100.0
C170,Chest,193,test/C170/Low_Dose/00000170.dcm,130.0,262144,5.080026626586914,244,2.5133516905737703,19.672131147540984,40.98360655737705,100.0,100.0,100.0,0,,,,,,,115,2.5468240489130434,18.26086956521739,41.73913043478261,100.0,100.0,100.0,129,2.48351199127907,20.930232558139537,40.310077519379846,100.0,100.0,100.0
C170,Chest,194,test/C170/Low_Dose/00000237.dcm,130.0,262144,5.065127372741699,250,2.5895517578125,20.8,38.0,100.0,100.0,100.0,0,,,,,,,132,2.6315927216500947,18.939393939393938,36.36363636363637,100.0,100.0,100.0,118,2.542522883011123,22.88135593220339,39.83050847457627,100.0,100.0,100.0
C170,Chest,195,test/C170/Low_Dose/00000273.dcm,130.0,262144,5.050325393676758,213,2.5109330298195425,16.431924882629108,38.028169014084504,100.0,100.0,100.0,0,,,,,,,118,2.6722815562102755,10.169491525423728,33.898305084745765,100.0,100.0,100.0,95,2.310521175986842,24.210526315789473,43.1578947368421,100.0,100.0,100.0
C170,Chest,196,test/C170/Low_Dose/00000347.dcm,130.0,262144,5.0497283935546875,265,2.5659488318101413,16.60377358490566,39.24528301886792,100.0,100.0,100.0,0,,,,,,,128,2.6507081985473633,15.625,35.9375,100.0,100.0,100.0,137,2.486757598654197,17.51824817518248,42.33576642335766,100.0,100.0,100.0
C170,Chest,197,test/C170/Low_Dose/00000038.dcm,130.0,262144,5.049036026000977,254,2.6835750069205218,18.89763779527559,34.25196850393701,100.0,100.0,100.0,0,,,,,,,116,2.7911471662850214,19.82758620689655,26.724137931034484,100.0,100.0,100.0,138,2.5931520323822466,18.115942028985508,40.57971014492754,100.0,100.0,100.0
C170,Chest,198,test/C170/Low_Dose/00000213.dcm,130.0,262144,5.054934978485107,224,2.5461327689034596,17.857142857142858,38.839285714285715,100.0,100.0,100.0,0,,,,,,,119,2.729236763064601,15.966386554621849,34.45378151260504,100.0,100.0,100.0,105,2.338614908854167,20.0,43.80952380952381,100.0,100.0,100.0
C170,Chest,199,test/C170/Low_Dose/00000303.dcm,130.0,262144,5.079129695892334,257,2.458960625911965,21.011673151750973,41.24513618677043,100.0,100.0,100.0,0,,,,,,,134,2.526369009444963,22.388059701492537,39.55223880597015,100.0,100.0,100.0,123,2.3855238503556913,19.51219512195122,43.08943089430894,100.0,100.0,100.0
C170,Chest,200,test/C170/Low_Dose/00000159.dcm,130.0,262144,5.059710502624512,243,2.5519456902649176,17.695473251028808,37.03703703703704,100.0,100.0,100.0,0,,,,,,,115,2.5521611752717392,18.26086956521739,36.52173913043478,100.0,100.0,100.0,128,2.5517520904541016,17.1875,37.5,100.0,100.0,100.0
C170,Chest,201,test/C170/Low_Dose/00000272.dcm,130.0,262144,5.0324201583862305,273,2.3918076958848444,20.512820512820515,44.32234432234432,100.0,100.0,100.0,0,,,,,,,148,2.4147998706714526,18.243243243243242,44.5945945945946,100.0,100.0,100.0,125,2.3645849609375,23.2,44.0,100.0,100.0,100.0
C170,Chest,202,test/C170/Low_Dose/00000125.dcm,130.0,262144,5.048892498016357,274,2.378518654482208,22.26277372262774,44.89051094890511,100.0,100.0,100.0,0,,,,,,,134,2.3785710121268657,19.402985074626866,43.28358208955224,100.0,100.0,100.0,140,2.3784685407366073,25.0,46.42857142857143,100.0,100.0,100.0
C170,Chest,203,test/C170/Low_Dose/00000162.dcm,130.0,262144,5.0231547355651855,277,2.5160004653655235,19.855595667870038,40.07220216606498,100.0,100.0,100.0,0,,,,,,,154,2.479642001065341,19.48051948051948,42.857142857142854,100.0,100.0,100.0,123,2.561522445058435,20.32520325203252,36.58536585365854,100.0,100.0,100.0
C170,Chest,204,test/C170/Low_Dose/00000129.dcm,130.0,262144,4.999747276306152,305,2.3986656314036887,20.65573770491803,43.278688524590166,100.0,100.0,100.0,0,,,,,,,155,2.4579818233366937,23.870967741935484,41.29032258064516,100.0,100.0,100.0,150,2.3373722330729167,17.333333333333332,45.333333333333336,100.0,100.0,100.0
C170,Chest,205,test/C170/Low_Dose/00000083.dcm,130.0,262144,5.011024475097656,218,2.564648549491112,17.431192660550458,36.23853211009175,100.0,100.0,100.0,0,,,,,,,120,2.6548197428385416,14.166666666666666,35.0,100.0,100.0,100.0,98,2.454234843351403,21.428571428571427,37.755102040816325,100.0,100.0,100.0
C170,Chest,206,test/C170/Low_Dose/00000296.dcm,130.0,262144,4.991992950439453,217,2.578831545218894,16.589861751152075,36.40552995391705,100.0,100.0,100.0,0,,,,,,,110,2.503372469815341,21.818181818181817,40.90909090909091,100.0,100.0,100.0,107,2.6564062956337615,11.214953271028037,31.77570093457944,100.0,100.0,100.0
C170,Chest,207,test/C170/Low_Dose/00000210.dcm,130.0,262144,4.969293117523193,220,2.4786715420809657,20.454545454545453,39.09090909090909,100.0,100.0,100.0,0,,,,,,,122,2.5236706342853483,18.0327868852459,37.704918032786885,100.0,100.0,100.0,98,2.4226522640306123,23.46938775510204,40.816326530612244,100.0,100.0,100.0
C170,Chest,208,test/C170/Low_Dose/00000112.dcm,130.0,262144,4.990723133087158,227,2.474285108927588,23.788546255506606,40.08810572687225,100.0,100.0,100.0,0,,,,,,,124,2.478512671685988,23.387096774193548,39.516129032258064,100.0,100.0,100.0,103,2.4691956158980584,24.271844660194176,40.77669902912621,100.0,100.0,100.0
C170,Chest,209,test/C170/Low_Dose/00000177.dcm,130.0,262144,4.955366611480713,237,2.582387159645306,17.72151898734177,39.66244725738397,100.0,100.0,100.0,0,,,,,,,130,2.628626427283654,16.923076923076923,36.92307692307692,100.0,100.0,100.0,107,2.5262086101781542,18.69158878504673,42.99065420560748,100.0,100.0,100.0
C170,Chest,210,test/C170/Low_Dose/00000075.dcm,130.0,262144,4.944654941558838,261,2.45550607264727,20.306513409961685,39.08045977011494,100.0,100.0,100.0,0,,,,,,,126,2.4026043604290677,23.80952380952381,37.301587301587304,100.0,100.0,100.0,135,2.504881004050926,17.037037037037038,40.74074074074074,100.0,100.0,100.0
C170,Chest,211,test/C170/Low_Dose/00000036.dcm,130.0,262144,4.949250221252441,264,2.4925675825639204,17.803030303030305,39.39393939393939,100.0,100.0,100.0,0,,,,,,,155,2.5175639490927417,15.483870967741936,38.064516129032256,100.0,100.0,100.0,109,2.4570222907110093,21.10091743119266,41.28440366972477,100.0,100.0,100.0
C170,Chest,212,test/C170/Low_Dose/00000279.dcm,130.0,262144,4.924488544464111,276,2.4425168244735054,18.840579710144926,41.666666666666664,100.0,100.0,100.0,0,,,,,,,163,2.4876049954467025,15.337423312883436,41.717791411042946,100.0,100.0,100.0,113,2.377478135370575,23.893805309734514,41.5929203539823,100.0,100.0,100.0
C170,Chest,213,test/C170/Low_Dose/00000283.dcm,130.0,262144,4.919155120849609,274,2.4461972870095803,20.072992700729927,41.24087591240876,100.0,100.0,100.0,0,,,,,,,123,2.4410082809324187,22.764227642276424,41.46341463414634,100.0,100.0,100.0,151,2.4504240932843544,17.880794701986755,41.05960264900662,100.0,100.0,100.0
C170,Chest,214,test/C170/Low_Dose/00000167.dcm,130.0,262144,4.932397842407227,232,2.547259626717403,16.379310344827587,40.08620689655172,100.0,100.0,100.0,0,,,,,,,113,2.472233865113385,16.8141592920354,42.47787610619469,100.0,100.0,100.0,119,2.618502576811975,15.966386554621849,37.81512605042017,100.0,100.0,100.0
C170,Chest,215,test/C170/Low_Dose/00000247.dcm,130.0,262144,4.926723480224609,194,2.5562442110985826,17.52577319587629,34.5360824742268,100.0,100.0,100.0,0,,,,,,,98,2.4665776466836733,16.3265306122449,35.714285714285715,100.0,100.0,100.0,96,2.6477788289388022,18.75,33.333333333333336,100.0,100.0,100.0
C170,Chest,216,test/C170/Low_Dose/00000284.dcm,130.0,262144,4.918552398681641,186,2.3458409463205645,16.666666666666668,40.32258064516129,100.0,100.0,100.0,0,,,,,,,101,2.355254824798886,16.831683168316832,39.603960396039604,100.0,100.0,100.0,85,2.3346550436580884,16.470588235294116,41.1764705882353,100.0,100.0,100.0
C170,Chest,217,test/C170/Low_Dose/00000160.dcm,130.0,262144,4.911173343658447,232,2.4135573814655173,20.689655172413794,40.94827586206897,100.0,100.0,100.0,0,,,,,,,126,2.4215252588665677,16.666666666666668,42.857142857142854,100.0,100.0,100.0,106,2.404086130969929,25.471698113207548,38.679245283018865,100.0,100.0,100.0
C170,Chest,218,test/C170/Low_Dose/00000165.dcm,130.0,262144,4.884697914123535,177,2.4739686782750705,23.163841807909606,42.93785310734463,100.0,100.0,100.0,0,,,,,,,107,2.5571117935893692,21.49532710280374,41.12149532710281,100.0,100.0,100.0,70,2.3468784877232145,25.714285714285715,45.714285714285715,100.0,100.0,100.0
C170,Chest,219,test/C170/Low_Dose/00000324.dcm,130.0,262144,4.888457775115967,255,2.421643784466912,23.137254901960784,41.568627450980394,100.0,100.0,100.0,0,,,,,,,124,2.497867707283266,22.580645161290324,37.903225806451616,100.0,100.0,100.0,131,2.3494928956941794,23.66412213740458,45.038167938931295,100.0,100.0,100.0
C170,Chest,220,test/C170/Low_Dose/00000351.dcm,130.0,262144,4.955448150634766,257,2.4946137068336576,21.78988326848249,41.24513618677043,100.0,100.0,100.0,0,,,,,,,135,2.6764277705439814,19.25925925925926,34.074074074074076,100.0,100.0,100.0,122,2.293426013383709,24.59016393442623,49.18032786885246,100.0,100.0,100.0
C170,Chest,221,test/C170/Low_Dose/00000168.dcm,130.0,262144,4.978986740112305,270,2.3912195276331016,20.74074074074074,43.333333333333336,100.0,100.0,100.0,0,,,,,,,150,2.38067138671875,20.0,44.666666666666664,100.0,100.0,100.0,120,2.404404703776042,21.666666666666668,41.666666666666664,100.0,100.0,100.0
C170,Chest,222,test/C170/Low_Dose/00000157.dcm,130.0,262144,5.010619640350342,219,2.6065266927083335,18.264840182648403,36.529680365296805,100.0,100.0,100.0,0,,,,,,,126,2.756199428013393,15.873015873015873,34.12698412698413,100.0,100.0,100.0,93,2.4037442771337365,21.50537634408602,39.784946236559136,100.0,100.0,100.0
C170,Chest,223,test/C170/Low_Dose/00000023.dcm,130.0,262144,5.058213233947754,224,2.4656808035714284,23.214285714285715,39.285714285714285,100.0,100.0,100.0,0,,,,,,,114,2.4141706500137063,22.80701754385965,40.35087719298246,100.0,100.0,100.0,110,2.519064053622159,23.636363636363637,38.18181818181818,100.0,100.0,100.0
C170,Chest,224,test/C170/Low_Dose/00000178.dcm,130.0,262144,5.089434623718262,207,2.428179607299215,22.705314009661837,43.96135265700483,100.0,100.0,100.0,0,,,,,,,116,2.580078125,17.24137931034483,41.37931034482759,100.0,100.0,100.0,91,2.23455072759272,29.67032967032967,47.252747252747255,100.0,100.0,100.0
C170,Chest,225,test/C170/Low_Dose/00000297.dcm,130.0,262144,5.1522698402404785,200,2.5590240478515627,19.0,38.0,98.5,100.0,100.0,0,,,,,,,101,2.7863515721689356,10.891089108910892,34.65346534653465,98.01980198019803,100.0,100.0,99,2.3271040482954546,27.272727272727273,41.41414141414141,98.98989898989899,100.0,100.0
C170,Chest,226,test/C170/Low_Dose/00000314.dcm,130.0,262144,5.240322589874268,202,2.4174472317837252,22.77227722772277,43.56435643564357,95.04950495049505,100.0,100.0,0,,,,,,,102,2.362143123851103,20.58823529411765,44.11764705882353,96.07843137254902,100.0,100.0,100,2.473857421875,25.0,43.0,94.0,100.0,100.0
C170,Chest,227,test/C170/Low_Dose/00000139.dcm,130.0,262144,5.2781829833984375,187,2.7064959684157754,16.0427807486631,37.4331550802139,96.79144385026738,100.0,100.0,0,,,,,,,91,2.7797274746737637,17.582417582417584,37.362637362637365,95.6043956043956,100.0,100.0,96,2.637078603108724,14.583333333333334,37.5,97.91666666666667,100.0,100.0
C170,Chest,228,test/C170/Low_Dose/00000196.dcm,130.0,262144,5.319446086883545,223,2.7109347629974776,16.143497757847534,38.11659192825112,94.61883408071749,100.0,100.0,0,,,,,,,125,2.717115234375,16.0,37.6,94.4,100.0,100.0,98,2.703051508689413,16.3265306122449,38.775510204081634,94.89795918367346,100.0,100.0
C170,Chest,229,test/C170/Low_Dose/00000107.dcm,130.0,262144,5.3916096687316895,209,2.6849131606982657,16.267942583732058,37.79904306220096,93.77990430622009,100.0,100.0,0,,,,,,,119,2.8091384503019956,15.966386554621849,35.294117647058826,93.27731092436974,100.0,100.0,90,2.5206597222222222,16.666666666666668,41.111111111111114,94.44444444444444,100.0,100.0
C170,Chest,230,test/C170/Low_Dose/00000031.dcm,130.0,262144,5.441307544708252,270,2.743638328269676,15.185185185185185,33.7037037037037,92.22222222222223,100.0,100.0,0,,,,,,,129,2.718166144319283,17.05426356589147,37.2093023255814,91.47286821705427,100.0,100.0,141,2.7669426667774824,13.47517730496454,30.49645390070922,92.90780141843972,100.0,100.0
C170,Chest,231,test/C170/Low_Dose/00000286.dcm,130.0,262144,5.511899471282959,270,2.7662932219328704,17.037037037037038,32.96296296296296,92.22222222222223,100.0,100.0,0,,,,,,,136,2.8486561494715072,13.970588235294118,31.61764705882353,89.70588235294117,100.0,100.0,134,2.6827009969682836,20.149253731343283,34.32835820895522,94.77611940298507,100.0,100.0
C170,Chest,232,test/C170/Low_Dose/00000161.dcm,130.0,262144,5.599765777587891,256,2.89711856842041,17.1875,33.984375,85.9375,100.0,100.0,0,,,,,,,134,2.879362647213153,17.16417910447761,32.83582089552239,87.31343283582089,100.0,100.0,122,2.91662097368084,17.21311475409836,35.24590163934426,84.42622950819673,100.0,100.0
C170,Chest,233,test/C170/Low_Dose/00000191.dcm,130.0,262144,5.635574817657471,271,2.8597758951222323,21.03321033210332,34.31734317343174,88.56088560885608,100.0,100.0,0,,,,,,,150,2.8934171549479166,20.666666666666668,32.0,88.0,100.0,100.0,121,2.8180718540160123,21.487603305785125,37.1900826446281,89.25619834710744,100.0,100.0
C170,Chest,234,test/C170/Low_Dose/00000133.dcm,130.0,262144,5.685878276824951,274,2.8588421675410585,16.78832116788321,33.941605839416056,89.78102189781022,100.0,100.0,0,,,,,,,138,2.9180041326992754,13.768115942028986,33.333333333333336,86.23188405797102,100.0,100.0,136,2.798810173483456,19.852941176470587,34.55882352941177,93.38235294117646,100.0,100.0
C170,Chest,235,test/C170/Low_Dose/00000079.dcm,130.0,262144,5.7483649253845215,216,3.032667937102141,11.11111111111111,30.09259259259259,86.11111111111111,100.0,100.0,0,,,,,,,121,3.0326250564953514,13.223140495867769,33.88429752066116,84.29752066115702,100.0,100.0,95,3.0327225534539473,8.421052631578947,25.263157894736842,88.42105263157895,100.0,100.0
C170,Chest,236,test/C170/Low_Dose/00000332.dcm,130.0,262144,5.794004917144775,275,2.8560640092329543,17.454545454545453,37.09090909090909,85.0909090909091,100.0,100.0,0,,,,,,,139,3.026433052776529,13.66906474820144,30.93525179856115,85.61151079136691,100.0,100.0,136,2.681936825022978,21.323529411764707,43.38235294117647,84.55882352941177,100.0,100.0
C170,Chest,237,test/C170/Low_Dose/00000151.dcm,130.0,262144,5.833477020263672,279,2.9059336672547045,17.921146953405017,31.899641577060933,87.45519713261649,100.0,100.0,0,,,,,,,139,2.923895746683903,16.546762589928058,33.81294964028777,87.05035971223022,100.0,100.0,140,2.888099888392857,19.285714285714285,30.0,87.85714285714286,100.0,100.0
C170,Chest,238,test/C170/Low_Dose/00000047.dcm,130.0,262144,5.880338191986084,326,2.876393324027032,18.711656441717793,36.19631901840491,85.2760736196319,100.0,100.0,0,,,,,,,178,2.863788733321629,20.224719101123597,37.07865168539326,85.3932584269663,100.0,100.0,148,2.8915528993348816,16.89189189189189,35.13513513513514,85.13513513513513,100.0,100.0
C170,Chest,239,test/C170/Low_Dose/00000215.dcm,130.0,262144,5.928250312805176,289,2.9370852143706747,14.53287197231834,33.56401384083045,85.46712802768167,100.0,100.0,0,,,,,,,172,2.886951535247093,13.953488372093023,33.13953488372093,87.79069767441861,100.0,100.0,117,3.0107860076121793,15.384615384615385,34.18803418803419,82.05128205128206,100.0,100.0
C170,Chest,240,test/C170/Low_Dose/00000353.dcm,130.0,262144,5.978313446044922,276,3.1250137107959692,12.318840579710145,27.89855072463768,82.6086956521739,100.0,100.0,0,,,,,,,147,3.2224436649659864,10.884353741496598,27.891156462585034,81.63265306122449,100.0,100.0,129,3.013988879299903,13.953488372093023,27.906976744186046,83.72093023255815,100.0,100.0
C170,Chest,241,test/C170/Low_Dose/00000317.dcm,130.0,262144,6.036848068237305,335,3.0810000291511193,16.71641791044776,31.044776119402986,83.58208955223881,100.0,100.0,0,,,,,,,181,3.0826935320269335,16.022099447513813,30.939226519337016,83.42541436464089,100.0,100.0,154,3.0790096134334415,17.532467532467532,31.16883116883117,83.76623376623377,100.0,100.0
C170,Chest,242,test/C170/Low_Dose/00000006.dcm,130.0,262144,6.072792053222656,328,3.073313271127096,16.463414634146343,28.963414634146343,82.6219512195122,100.0,100.0,0,,,,,,,180,3.1944580078125,16.666666666666668,26.11111111111111,81.11111111111111,100.0,100.0,148,2.925975077861064,16.216216216216218,32.432432432432435,84.45945945945945,100.0,100.0
C170,Chest,243,test/C170/Low_Dose/00000018.dcm,130.0,262144,6.11673641204834,343,3.1605274433992347,17.20116618075802,30.612244897959183,78.42565597667638,100.0,100.0,0,,,,,,,190,3.1233334189967104,18.42105263157895,32.10526315789474,78.42105263157895,100.0,100.0,153,3.206716101154003,15.686274509803921,28.758169934640524,78.43137254901961,100.0,100.0
C170,Chest,244,test/C170/Low_Dose/00000293.dcm,130.0,262144,6.155976295471191,347,3.0341346586815563,17.002881844380404,33.429394812680115,80.69164265129683,100.0,100.0,0,,,,,,,194,2.9938562137564433,19.587628865979383,34.5360824742268,80.9278350515464,100.0,100.0,153,3.0852066738153594,13.72549019607843,32.02614379084967,80.3921568627451,100.0,100.0
C170,Chest,245,test/C170/Low_Dose/00000105.dcm,130.0,262144,6.207546234130859,317,3.101625268015576,15.772870662460567,31.861198738170348,82.96529968454259,100.0,100.0,0,,,,,,,182,3.0919766268887363,15.934065934065934,31.318681318681318,84.06593406593407,100.0,100.0,135,3.1146330656828702,15.555555555555555,32.592592592592595,81.48148148148148,100.0,100.0
C170,Chest,246,test/C170/Low_Dose/00000040.dcm,130.0,262144,6.247783184051514,357,3.150107845872724,14.84593837535014,31.092436974789916,78.71148459383754,100.0,100.0,0,,,,,,,190,3.160938142475329,14.736842105263158,30.0,80.52631578947368,100.0,100.0,167,3.1377859515344313,14.970059880239521,32.33532934131737,76.64670658682634,100.0,100.0
C170,Chest,247,test/C170/Low_Dose/00000249.dcm,130.0,262144,6.309587001800537,316,3.2505929681319223,11.075949367088608,27.21518987341772,79.11392405063292,100.0,100.0,0,,,,,,,169,3.209548498751849,10.650887573964496,27.218934911242602,81.06508875739645,100.0,100.0,147,3.297780147215136,11.564625850340136,27.210884353741495,76.87074829931973,100.0,100.0
C170,Chest,248,test/C170/Low_Dose/00000264.dcm,130.0,262144,6.338269233703613,358,3.1110481816297137,17.877094972067038,31.843575418994412,79.88826815642459,100.0,100.0,0,,,,,,,175,3.2393017578125,16.571428571428573,28.571428571428573,78.28571428571429,100.0,100.0,183,2.988401319159836,19.12568306010929,34.97267759562842,81.4207650273224,100.0,100.0
C170,Chest,249,test/C170/Low_Dose/00000239.dcm,130.0,262144,6.38841438293457,355,2.958470304247359,17.464788732394368,38.028169014084504,82.53521126760563,100.0,100.0,0,,,,,,,188,3.064656359084109,16.48936170212766,35.638297872340424,82.44680851063829,100.0,100.0,167,2.838931511976048,18.562874251497007,40.7185628742515,82.63473053892216,100.0,100.0
C170,Chest,250,test/C170/Low_Dose/00000027.dcm,130.0,262144,6.431365013122559,396,3.1630501795296717,18.434343434343436,30.80808080808081,79.04040404040404,100.0,100.0,0,,,,,,,211,3.2604592852117893,15.639810426540285,28.436018957345972,78.67298578199052,100.0,100.0,185,3.0519511454814188,21.62162162162162,33.513513513513516,79.45945945945945,100.0,100.0
C170,Chest,251,test/C170/Low_Dose/00000051.dcm,130.0,262144,6.439815044403076,384,3.2712170282999673,16.145833333333332,30.46875,76.5625,100.0,100.0,0,,,,,,,215,3.4036666515261627,16.27906976744186,26.976744186046513,75.34883720930233,100.0,100.0,169,3.102716028337648,15.976331360946746,34.9112426035503,78.10650887573965,100.0,100.0
C170,Chest,252,test/C170/Low_Dose/00000350.dcm,130.0,262144,6.433808326721191,382,3.154152116226276,18.06282722513089,34.55497382198953,75.91623036649214,100.0,100.0,0,,,,,,,195,3.276494891826923,15.897435897435898,33.84615384615385,73.84615384615384,100.0,100.0,187,3.0265754250919117,20.32085561497326,35.294117647058826,78.07486631016043,100.0,100.0
C170,Chest,253,test/C170/Low_Dose/00000115.dcm,130.0,262144,6.4257025718688965,344,3.391840380291606,11.918604651162791,28.197674418604652,76.45348837209302,100.0,100.0,0,,,,,,,188,3.5500345433011966,10.638297872340425,26.595744680851062,73.40425531914893,100.0,100.0,156,3.2011961325620995,13.461538461538462,30.128205128205128,80.12820512820512,100.0,100.0
C170,Chest,254,test/C170/Low_Dose/00000254.dcm,130.0,262144,6.412713050842285,323,3.249498113390093,15.170278637770897,30.959752321981423,73.37461300309597,100.0,100.0,0,,,,,,,180,3.22940673828125,14.444444444444445,32.22222222222222,72.77777777777777,100.0,100.0,143,3.2747879561844404,16.083916083916083,29.37062937062937,74.12587412587412,100.0,100.0
C170,Chest,255,test/C170/Low_Dose/00000172.dcm,130.0,262144,6.4081830978393555,294,3.386287767059949,12.244897959183673,25.85034013605442,76.87074829931973,100.0,100.0,0,,,,,,,159,3.330503451749214,13.20754716981132,29.559748427672957,76.1006289308176,100.0,100.0,135,3.4519892939814816,11.11111111111111,21.48148148148148,77.77777777777777,100.0,100.0
C170,Chest,256,test/C170/Low_Dose/00000246.dcm,130.0,262144,6.402902603149414,361,3.2157056813755194,16.066481994459835,31.57894736842105,77.5623268698061,100.0,100.0,0,,,,,,,187,3.2849101510277405,15.508021390374331,29.41176470588235,77.00534759358288,100.0,100.0,174,3.1413307628412355,16.666666666666668,33.9080459770115,78.16091954022988,100.0,100.0
C170,Chest,257,test/C170/Low_Dose/00000251.dcm,130.0,262144,6.416378021240234,342,3.315616362276133,15.497076023391813,26.31578947368421,76.90058479532163,100.0,100.0,0,,,,,,,190,3.3176905581825658,14.736842105263158,25.789473684210527,77.36842105263158,100.0,100.0,152,3.313023617393092,16.44736842105263,26.973684210526315,76.3157894736842,100.0,100.0
C170,Chest,258,test/C170/Low_Dose/00000268.dcm,130.0,262144,6.40109395980835,325,3.4067596905048076,15.076923076923077,26.76923076923077,75.6923076923077,100.0,100.0,0,,,,,,,187,3.3973088391961896,16.577540106951872,25.668449197860962,76.47058823529412,100.0,100.0,138,3.4195662788722827,13.043478260869565,28.26086956521739,74.6376811594203,100.0,100.0
C170,Chest,259,test/C170/Low_Dose/00000148.dcm,130.0,262144,6.397643089294434,303,3.2764715314304866,13.531353135313532,30.033003300330034,73.92739273927393,100.0,100.0,0,,,,,,,147,3.354743801817602,13.605442176870747,26.53061224489796,73.46938775510205,100.0,100.0,156,3.2027149689503207,13.461538461538462,33.333333333333336,74.35897435897436,100.0,100.0
C170,Chest,260,test/C170/Low_Dose/00000208.dcm,130.0,262144,6.415083408355713,325,3.344269456129808,16.307692307692307,28.307692307692307,73.53846153846153,100.0,100.0,0,,,,,,,180,3.5095255533854166,11.666666666666666,23.333333333333332,73.33333333333333,100.0,100.0,145,3.139123956088362,22.06896551724138,34.48275862068966,73.79310344827586,100.0,100.0
C170,Chest,261,test/C170/Low_Dose/00000166.dcm,130.0,262144,6.4327006340026855,311,3.209997440841037,15.112540192926046,31.832797427652732,79.09967845659163,100.0,100.0,0,,,,,,,177,3.21239130914548,12.429378531073446,32.20338983050848,80.22598870056497,100.0,100.0,134,3.206835390916511,18.65671641791045,31.34328358208955,77.61194029850746,100.0,100.0
C170,Chest,262,test/C170/Low_Dose/00000095.dcm,130.0,262144,6.4532341957092285,315,3.1855670262896827,14.603174603174603,29.523809523809526,80.63492063492063,100.0,100.0,0,,,,,,,176,3.2030230435458096,16.477272727272727,30.681818181818183,80.11363636363636,100.0,100.0,139,3.1634644432891186,12.23021582733813,28.057553956834532,81.29496402877697,100.0,100.0
C170,Chest,263,test/C170/Low_Dose/00000299.dcm,130.0,262144,6.515069007873535,316,3.2950169044204904,14.240506329113924,28.164556962025316,75.31645569620254,100.0,100.0,0,,,,,,,169,3.231206950351331,16.568047337278106,30.76923076923077,76.92307692307692,100.0,100.0,147,3.3683766475340136,11.564625850340136,25.170068027210885,73.46938775510205,100.0,100.0
C170,Chest,264,test/C170/Low_Dose/00000270.dcm,130.0,262144,6.5532732009887695,275,3.24345703125,18.545454545454547,30.545454545454547,78.54545454545455,100.0,100.0,0,,,,,,,157,3.381210813097134,15.92356687898089,28.02547770700637,77.70700636942675,100.0,100.0,118,3.0601744570974576,22.033898305084747,33.898305084745765,79.66101694915254,100.0,100.0
C170,Chest,265,test/C170/Low_Dose/00000304.dcm,130.0,262144,6.595797061920166,287,3.233370790913545,17.421602787456447,28.571428571428573,77.35191637630662,100.0,100.0,0,,,,,,,145,3.116856647359914,21.379310344827587,33.10344827586207,76.55172413793103,100.0,100.0,142,3.3523465008802815,13.380281690140846,23.943661971830984,78.16901408450704,100.0,100.0
C170,Chest,266,test/C170/Low_Dose/00000224.dcm,130.0,262144,6.628876209259033,278,3.446762853389164,12.23021582733813,26.618705035971225,73.38129496402878,100.0,100.0,0,,,,,,,137,3.445105782390511,15.328467153284672,25.547445255474454,75.18248175182482,100.0,100.0,141,3.4483729152814715,9.21985815602837,27.659574468085108,71.63120567375887,100.0,100.0
C170,Chest,267,test/C170/Low_Dose/00000300.dcm,130.0,262144,6.643465042114258,328,3.2551820336318595,16.76829268292683,32.01219512195122,76.52439024390245,100.0,100.0,0,,,,,,,170,3.4122149299172793,14.705882352941176,30.58823529411765,74.11764705882354,100.0,100.0,158,3.0862225882614713,18.9873417721519,33.54430379746835,79.11392405063292,100.0,100.0
C170,Chest,268,test/C170/Low_Dose/00000150.dcm,130.0,262144,6.642012119293213,320,3.406934356689453,14.6875,28.4375,73.75,100.0,100.0,0,,,,,,,180,3.585565185546875,11.666666666666666,25.555555555555557,71.11111111111111,100.0,100.0,140,3.1772661481584823,18.571428571428573,32.142857142857146,77.14285714285714,100.0,100.0
C170,Chest,269,test/C170/Low_Dose/00000349.dcm,130.0,262144,6.65061616897583,339,3.2691711605825957,10.619469026548673,27.43362831858407,79.9410029498525,100.0,100.0,0,,,,,,,197,3.3156583369685912,8.121827411167512,22.33502538071066,79.69543147208122,100.0,100.0,142,3.204678387709067,14.084507042253522,34.50704225352113,80.28169014084507,100.0,100.0
C170,Chest,270,test/C170/Low_Dose/00000198.dcm,130.0,262144,6.628146648406982,352,3.353215304287997,13.920454545454545,27.84090909090909,74.7159090909091,100.0,100.0,0,,,,,,,213,3.293380808942195,12.67605633802817,27.699530516431924,77.46478873239437,100.0,100.0,139,3.4449041352855216,15.827338129496402,28.057553956834532,70.50359712230215,100.0,100.0
C170,Chest,271,test/C170/Low_Dose/00000202.dcm,130.0,262144,6.594409465789795,322,3.3639590814246896,15.527950310559007,28.571428571428573,76.08695652173913,100.0,100.0,0,,,,,,,181,3.430506247841851,13.812154696132596,27.07182320441989,75.13812154696133,100.0,100.0,141,3.2785332862367023,17.73049645390071,30.49645390070922,77.30496453900709,100.0,100.0
C170,Chest,272,test/C170/Low_Dose/00000078.dcm,130.0,262144,6.597526550292969,336,3.302708943684896,14.583333333333334,30.05952380952381,75.5952380952381,100.0,100.0,0,,,,,,,183,3.339622289105191,12.568306010928962,27.868852459016395,78.14207650273224,100.0,100.0,153,3.2585576873978757,16.99346405228758,32.6797385620915,72.54901960784314,100.0,100.0
C170,Chest,273,test/C170/Low_Dose/00000322.dcm,130.0,262144,6.597109317779541,361,3.4374780205808517,14.681440443213296,27.700831024930746,72.02216066481995,100.0,100.0,0,,,,,,,201,3.404106785408893,15.92039800995025,29.35323383084577,70.64676616915423,100.0,100.0,160,3.479400634765625,13.125,25.625,73.75,100.0,100.0
C170,Chest,274,test/C170/Low_Dose/00000106.dcm,130.0,262144,6.595353603363037,344,3.237799356150073,13.662790697674419,32.848837209302324,77.61627906976744,100.0,100.0,0,,,,,,,199,3.247139628808103,11.557788944723619,33.165829145728644,77.8894472361809,100.0,100.0,145,3.2249806371228447,16.551724137931036,32.41379310344828,77.24137931034483,100.0,100.0
C170,Chest,275,test/C170/Low_Dose/00000188.dcm,130.0,262144,6.585692882537842,324,3.5479547948013117,11.11111111111111,23.45679012345679,72.22222222222223,100.0,100.0,0,,,,,,,173,3.63298043488078,10.404624277456648,23.69942196531792,71.67630057803468,100.0,100.0,151,3.450541313120861,11.920529801324504,23.178807947019866,72.8476821192053,100.0,100.0
C170,Chest,276,test/C170/Low_Dose/00000260.dcm,130.0,262144,6.570101737976074,368,3.225876517917799,14.130434782608695,30.706521739130434,79.34782608695652,100.0,100.0,0,,,,,,,195,3.246756059695513,13.846153846153847,31.28205128205128,78.46153846153847,100.0,100.0,173,3.2023417742955202,14.45086705202312,30.057803468208093,80.34682080924856,100.0,100.0
C170,Chest,277,test/C170/Low_Dose/00000225.dcm,130.0,262144,6.591855525970459,365,3.471241906571062,15.068493150684931,27.945205479452056,71.23287671232876,100.0,100.0,0,,,,,,,191,3.2813989129990184,16.75392670157068,29.842931937172775,75.91623036649214,100.0,100.0,174,3.679632778825431,13.218390804597702,25.862068965517242,66.0919540229885,100.0,100.0
C170,Chest,278,test/C170/Low_Dose/00000290.dcm,130.0,262144,6.613435745239258,402,3.2638191488844837,15.671641791044776,30.09950248756219,75.3731343283582,100.0,100.0,0,,,,,,,200,3.475003662109375,12.5,27.5,72.0,100.0,100.0,202,3.0547255714340964,18.81188118811881,32.67326732673267,78.7128712871287,100.0,100.0
C170,Chest,279,test/C170/Low_Dose/00000257.dcm,130.0,262144,6.603011131286621,424,3.385582114165684,14.38679245283019,28.066037735849058,74.76415094339623,100.0,100.0,0,,,,,,,230,3.2915920091711954,16.08695652173913,31.304347826086957,76.52173913043478,100.0,100.0,194,3.4970136819426547,12.371134020618557,24.22680412371134,72.68041237113403,100.0,100.0
C170,Chest,280,test/C170/Low_Dose/00000323.dcm,130.0,262144,6.603686332702637,458,3.400748307007369,15.065502183406114,29.694323144104803,72.2707423580786,100.0,100.0,0,,,,,,,250,3.3109755859375,16.0,31.6,74.8,100.0,100.0,208,3.508648212139423,13.942307692307692,27.403846153846153,69.23076923076923,100.0,100.0
C170,Chest,281,test/C170/Low_Dose/00000156.dcm,130.0,262144,6.627543926239014,390,3.419189453125,14.871794871794872,28.71794871794872,71.7948717948718,100.0,100.0,0,,,,,,,204,3.5561625162760415,12.745098039215685,26.470588235294116,69.11764705882354,100.0,100.0,186,3.268960932249664,17.204301075268816,31.182795698924732,74.73118279569893,100.0,100.0
C170,Chest,282,test/C170/Low_Dose/00000016.dcm,130.0,262144,6.63388204574585,430,3.2701895780341568,14.651162790697674,31.86046511627907,74.88372093023256,100.0,100.0,0,,,,,,,233,3.372394610883852,14.163090128755364,31.330472103004293,74.2489270386266,100.0,100.0,197,3.1493074833439088,15.228426395939087,32.48730964467005,75.63451776649747,100.0,100.0
C170,Chest,283,test/C170/Low_Dose/00000231.dcm,130.0,262144,6.628594398498535,408,3.2587758980545343,13.970588235294118,29.41176470588235,77.45098039215686,100.0,100.0,0,,,,,,,218,3.3358568663990824,11.009174311926605,25.68807339449541,78.89908256880734,100.0,100.0,190,3.1703356291118423,17.36842105263158,33.68421052631579,75.78947368421052,100.0,100.0
C170,Chest,284,test/C170/Low_Dose/00000119.dcm,130.0,262144,6.6376633644104,420,3.431531052362351,13.333333333333334,26.428571428571427,73.33333333333333,100.0,100.0,0,,,,,,,221,3.407782230981335,13.574660633484163,25.339366515837103,73.75565610859728,100.0,100.0,199,3.4579053715844847,13.06532663316583,27.63819095477387,72.8643216080402,100.0,100.0
C170,Chest,285,test/C170/Low_Dose/00000102.dcm,130.0,262144,6.612986087799072,384,3.4948501586914062,13.802083333333334,26.822916666666668,73.69791666666667,100.0,100.0,0,,,,,,,183,3.5427919815146858,13.66120218579235,27.3224043715847,73.77049180327869,100.0,100.0,201,3.4512016334343905,13.930348258706468,26.3681592039801,73.6318407960199,100.0,100.0
C170,Chest,286,test/C170/Low_Dose/00000098.dcm,130.0,262144,6.5543107986450195,395,3.2607693829113926,12.405063291139241,31.645569620253166,77.72151898734177,100.0,100.0,0,,,,,,,213,3.2943997808465375,10.328638497652582,29.577464788732396,79.81220657276995,100.0,100.0,182,3.2214107303828983,14.835164835164836,34.065934065934066,75.27472527472527,100.0,100.0
C170,Chest,287,test/C170/Low_Dose/00000337.dcm,130.0,262144,6.533632755279541,408,3.343401740579044,11.519607843137255,29.41176470588235,76.47058823529412,100.0,100.0,0,,,,,,,229,3.422792926105349,12.22707423580786,27.94759825327511,75.10917030567686,100.0,100.0,179,3.2418342462465084,10.614525139664805,31.28491620111732,78.2122905027933,100.0,100.0
C170,Chest,288,test/C170/Low_Dose/00000199.dcm,130.0,262144,6.479773044586182,466,3.20116296858235,13.51931330472103,30.257510729613735,80.47210300429184,100.0,100.0,0,,,,,,,249,3.1932951532693274,12.449799196787149,29.718875502008032,80.32128514056225,100.0,100.0,217,3.2101910147249426,14.746543778801843,30.87557603686636,80.64516129032258,100.0,100.0
C170,Chest,289,test/C170/Low_Dose/00000041.dcm,130.0,262144,6.423483848571777,469,3.272794353428172,15.35181236673774,29.424307036247335,77.18550106609808,100.0,100.0,0,,,,,,,248,3.1209559286794355,17.338709677419356,33.064516129032256,79.43548387096774,100.0,100.0,221,3.44318317396069,13.122171945701357,25.339366515837103,74.6606334841629,100.0,100.0
C170,Chest,290,test/C170/Low_Dose/00000289.dcm,130.0,262144,6.456204891204834,431,3.1771401673071344,14.617169373549883,31.322505800464036,76.79814385150812,100.0,100.0,0,,,,,,,227,3.2957279692662445,13.215859030837004,27.312775330396477,76.65198237885463,100.0,100.0,204,3.0451821719898895,16.176470588235293,35.78431372549019,76.96078431372548,100.0,100.0
C170,Chest,291,test/C170/Low_Dose/00000021.dcm,130.0,262144,6.464451789855957,433,3.364656162041715,13.394919168591224,27.25173210161663,76.905311778291,100.0,100.0,0,,,,,,,214,3.36851373119889,12.149532710280374,26.635514018691588,77.57009345794393,100.0,100.0,219,3.3608866652397262,14.61187214611872,27.85388127853881,76.25570776255708,100.0,100.0
C170,Chest,292,test/C170/Low_Dose/00000025.dcm,130.0,262144,6.434280872344971,473,3.359611140245111,12.896405919661733,29.175475687103596,74.20718816067654,100.0,100.0,0,,,,,,,261,3.4071942910380746,11.877394636015326,29.118773946360154,72.41379310344827,100.0,100.0,212,3.3010299970518866,14.150943396226415,29.245283018867923,76.41509433962264,100.0,100.0
C170,Chest,293,test/C170/Low_Dose/00000179.dcm,130.0,262144,6.452803611755371,422,3.376960356653584,11.848341232227488,25.592417061611375,76.77725118483413,100.0,100.0,0,,,,,,,234,3.3609488723624468,10.256410256410257,26.068376068376068,79.91452991452991,100.0,100.0,188,3.3968895445478724,13.829787234042554,25.0,72.87234042553192,100.0,100.0
C170,Chest,294,test/C170/Low_Dose/00000010.dcm,130.0,262144,6.426889896392822,338,3.068342039571006,17.45562130177515,32.248520710059175,78.99408284023669,100.0,100.0,0,,,,,,,169,3.127421903892382,15.976331360946746,30.17751479289941,76.92307692307692,100.0,100.0,169,3.00926217524963,18.93491124260355,34.319526627218934,81.06508875739645,100.0,100.0
C170,Chest,295,test/C170/Low_Dose/00000169.dcm,130.0,262144,6.431594371795654,310,3.318292433215726,14.516129032258064,29.677419354838708,74.19354838709677,100.0,100.0,0,,,,,,,160,3.5214889526367186,13.75,25.0,71.25,100.0,100.0,150,3.1015494791666667,15.333333333333334,34.666666666666664,77.33333333333333,100.0,100.0
C170,Chest,296,test/C170/Low_Dose/00000285.dcm,130.0,262144,6.449142932891846,339,3.3524486800562316,11.2094395280236,26.253687315634217,77.28613569321534,100.0,100.0,0,,,,,,,189,3.510030433614418,8.994708994708995,23.80952380952381,75.13227513227513,100.0,100.0,150,3.1538956705729166,14.0,29.333333333333332,80.0,100.0,100.0
C170,Chest,297,test/C170/Low_Dose/00000090.dcm,130.0,262144,6.455533504486084,368,3.3264379086701767,13.315217391304348,29.347826086956523,73.3695652173913,100.0,100.0,0,,,,,,,202,3.5496874516553216,10.396039603960396,23.26732673267327,72.27722772277228,100.0,100.0,166,3.0547728021460845,16.867469879518072,36.74698795180723,74.6987951807229,100.0,100.0
C170,Chest,298,test/C170/Low_Dose/00000037.dcm,130.0,262144,6.460391521453857,362,3.356930558852728,14.640883977900552,29.281767955801104,76.24309392265194,100.0,100.0,0,,,,,,,192,3.3998661041259766,14.0625,25.520833333333332,75.52083333333333,100.0,100.0,170,3.308438648897059,15.294117647058824,33.529411764705884,77.05882352941177,100.0,100.0
C170,Chest,299,test/C170/Low_Dose/00000346.dcm,130.0,262144,6.470597743988037,323,3.3231477058339784,15.479876160990711,29.41176470588235,78.328173374613,100.0,100.0,0,,,,,,,178,3.4216939518960676,15.730337078651685,28.651685393258425,75.84269662921348,100.0,100.0,145,3.202173693426724,15.172413793103448,30.344827586206897,81.37931034482759,100.0,100.0
C170,Chest,300,test/C170/Low_Dose/00000288.dcm,130.0,262144,6.49774694442749,308,3.346062994622565,14.61038961038961,29.545454545454547,73.05194805194805,100.0,100.0,0,,,,,,,173,3.3447964177655347,16.184971098265898,30.057803468208093,71.67630057803468,100.0,100.0,135,3.3476860894097222,12.592592592592593,28.88888888888889,74.81481481481481,100.0,100.0
C170,Chest,301,test/C170/Low_Dose/00000223.dcm,130.0,262144,6.501840591430664,379,3.5097984776962403,8.443271767810026,22.16358839050132,76.2532981530343,100.0,100.0,0,,,,,,,208,3.45152341402494,8.173076923076923,24.03846153846154,77.88461538461539,100.0,100.0,171,3.580682765670687,8.771929824561404,19.883040935672515,74.26900584795321,100.0,100.0
C170,Chest,302,test/C170/Low_Dose/00000248.dcm,130.0,262144,6.509510040283203,353,3.2654769940686967,15.01416430594901,30.311614730878187,78.75354107648725,100.0,100.0,0,,,,,,,197,3.1584212404822334,14.720812182741117,31.472081218274113,79.69543147208122,100.0,100.0,156,3.400669195713141,15.384615384615385,28.846153846153847,77.56410256410257,100.0,100.0
C170,Chest,303,test/C170/Low_Dose/00000206.dcm,130.0,262144,6.506148815155029,347,3.3105415981853388,12.968299711815561,29.10662824207493,76.657060518732,100.0,100.0,0,,,,,,,197,3.39346483879283,12.182741116751268,25.888324873096447,76.14213197969544,100.0,100.0,150,3.2016357421875,14.0,33.333333333333336,77.33333333333333,100.0,100.0
C170,Chest,304,test/C170/Low_Dose/00000132.dcm,130.0,262144,6.4921746253967285,316,3.2145547987539556,13.60759493670886,32.278481012658226,76.89873417721519,100.0,100.0,0,,,,,,,175,3.132949916294643,14.857142857142858,33.714285714285715,78.85714285714286,100.0,100.0,141,3.315837454288564,12.056737588652481,30.49645390070922,74.46808510638297,100.0,100.0
C170,Chest,305,test/C170/Low_Dose/00000080.dcm,130.0,262144,6.478056907653809,305,3.4479448162141395,14.754098360655737,27.868852459016395,72.78688524590164,100.0,100.0,0,,,,,,,177,3.480853581832627,15.254237288135593,28.24858757062147,74.57627118644068,100.0,100.0,128,3.402438163757324,14.0625,27.34375,70.3125,100.0,100.0
C170,Chest,306,test/C170/Low_Dose/00000144.dcm,130.0,262144,6.479497909545898,303,3.2168617374432755,14.191419141914192,29.372937293729372,77.88778877887789,100.0,100.0,0,,,,,,,166,3.3401217173381026,13.855421686746988,27.710843373493976,73.49397590361446,100.0,100.0,137,3.067510228957573,14.598540145985401,31.386861313868614,83.21167883211679,100.0,100.0
C170,Chest,307,test/C170/Low_Dose/00000122.dcm,130.0,262144,6.439528465270996,335,3.1202789762126866,17.01492537313433,34.62686567164179,78.50746268656717,100.0,100.0,0,,,,,,,176,3.189455899325284,17.613636363636363,32.95454545454545,76.70454545454545,100.0,100.0,159,3.0437057783018866,16.352201257861637,36.477987421383645,80.50314465408805,100.0,100.0
C170,Chest,308,test/C170/Low_Dose/00000173.dcm,130.0,262144,6.452605724334717,270,3.261121509693287,12.962962962962964,29.62962962962963,77.77777777777777,100.0,100.0,0,,,,,,,137,3.32526392136177,12.408759124087592,26.277372262773724,76.64233576642336,100.0,100.0,133,3.19505000293703,13.533834586466165,33.08270676691729,78.94736842105263,100.0,100.0
C170,Chest,309,test/C170/Low_Dose/00000153.dcm,130.0,262144,6.441207408905029,252,3.224278041294643,14.682539682539682,31.746031746031747,78.17460317460318,100.0,100.0,0,,,,,,,128,3.1551504135131836,16.40625,35.9375,78.125,100.0,100.0,124,3.2956355925529235,12.903225806451612,27.419354838709676,78.2258064516129,100.0,100.0
C170,Chest,310,test/C170/Low_Dose/00000149.dcm,130.0,262144,6.439711093902588,306,2.9516673368566178,19.281045751633986,36.928104575163395,81.04575163398692,100.0,100.0,0,,,,,,,144,2.8122295803493924,19.444444444444443,36.80555555555556,85.41666666666667,100.0,100.0,162,3.0756120093074846,19.135802469135804,37.03703703703704,77.1604938271605,100.0,100.0
C170,Chest,311,test/C170/Low_Dose/00000014.dcm,130.0,262144,6.432915210723877,297,3.2742295184922137,14.478114478114477,29.292929292929294,77.44107744107744,100.0,100.0,0,,,,,,,148,3.3115547798775338,14.18918918918919,30.405405405405407,77.70270270270271,100.0,100.0,149,3.2371547622168624,14.765100671140939,28.187919463087248,77.18120805369128,100.0,100.0
C170,Chest,312,test/C170/Low_Dose/00000193.dcm,130.0,262144,6.431251525878906,304,3.248086226613898,11.18421052631579,30.263157894736842,81.57894736842105,100.0,100.0,0,,,,,,,148,3.184472161370355,10.81081081081081,32.432432432432435,82.43243243243244,100.0,100.0,156,3.3084380321013622,11.538461538461538,28.205128205128204,80.76923076923077,100.0,100.0
C170,Chest,313,test/C170/Low_Dose/00000232.dcm,130.0,262144,6.4081010818481445,342,3.2661357678865133,13.157894736842104,27.77777777777778,76.90058479532163,100.0,100.0,0,,,,,,,175,3.4438839285714287,10.285714285714286,24.0,74.85714285714286,100.0,100.0,167,3.0798727252526197,16.167664670658684,31.736526946107784,79.04191616766467,100.0,100.0
C170,Chest,314,test/C170/Low_Dose/00000298.dcm,130.0,262144,6.410200595855713,324,3.3671355070891202,14.506172839506172,30.555555555555557,71.60493827160494,100.0,100.0,0,,,,,,,159,3.287503224498821,13.836477987421384,33.333333333333336,71.69811320754717,100.0,100.0,165,3.4438720703125,15.151515151515152,27.87878787878788,71.51515151515152,100.0,100.0
C170,Chest,315,test/C170/Low_Dose/00000074.dcm,130.0,262144,6.432899475097656,301,3.2558330143012872,14.950166112956811,28.903654485049834,78.40531561461793,100.0,100.0,0,,,,,,,161,3.1869510626940993,16.149068322981368,29.19254658385093,80.74534161490683,100.0,100.0,140,3.3350472586495536,13.571428571428571,28.571428571428573,75.71428571428571,100.0,100.0
C170,Chest,316,test/C170/Low_Dose/00000312.dcm,130.0,262144,6.450109958648682,330,3.280773555871212,14.848484848484848,30.606060606060606,78.48484848484848,100.0,100.0,0,,,,,,,166,3.3802990281438254,14.457831325301205,30.120481927710845,74.6987951807229,100.0,100.0,164,3.180034358326982,15.24390243902439,31.097560975609756,82.3170731707317,100.0,100.0
C170,Chest,317,test/C170/Low_Dose/00000055.dcm,130.0,262144,6.470662593841553,350,3.1386143275669642,17.714285714285715,31.428571428571427,80.28571428571429,100.0,100.0,0,,,,,,,193,3.2161074623542745,16.06217616580311,27.979274611398964,79.27461139896373,100.0,100.0,157,3.0433520663316083,19.745222929936304,35.6687898089172,81.52866242038216,100.0,100.0
C170,Chest,318,test/C170/Low_Dose/00000100.dcm,130.0,262144,6.474081039428711,319,3.302582074108542,16.614420062695924,29.780564263322884,75.23510971786834,100.0,100.0,0,,,,,,,157,3.3147089283937103,17.197452229299362,28.02547770700637,71.97452229299363,100.0,100.0,162,3.29082950544946,16.049382716049383,31.48148148148148,78.39506172839506,100.0,100.0
C170,Chest,319,test/C170/Low_Dose/00000197.dcm,130.0,262144,6.454833507537842,300,3.0272102864583332,19.333333333333332,35.333333333333336,80.0,100.0,100.0,0,,,,,,,156,3.1002291165865383,17.94871794871795,33.97435897435897,80.76923076923077,100.0,100.0,144,2.9481065538194446,20.833333333333332,36.80555555555556,79.16666666666667,100.0,100.0
C170,Chest,320,test/C170/Low_Dose/00000103.dcm,130.0,262144,6.414977550506592,332,3.0023035256259414,18.072289156626507,34.63855421686747,82.2289156626506,100.0,100.0,0,,,,,,,175,2.9990541294642856,20.0,37.142857142857146,82.28571428571429,100.0,100.0,157,3.005925464022691,15.92356687898089,31.84713375796178,82.1656050955414,100.0,100.0
C170,Chest,321,test/C170/Low_Dose/00000077.dcm,130.0,262144,6.38533878326416,315,3.128389679439484,17.46031746031746,33.96825396825397,76.19047619047619,100.0,100.0,0,,,,,,,168,3.24239749000186,15.476190476190476,30.357142857142858,75.5952380952381,100.0,100.0,147,2.9980950387967686,19.727891156462587,38.095238095238095,76.87074829931973,100.0,100.0
C170,Chest,322,test/C170/Low_Dose/00000281.dcm,130.0,262144,6.330874443054199,310,3.059593545236895,17.096774193548388,35.806451612903224,80.64516129032258,100.0,100.0,0,,,,,,,167,3.0762917524326348,19.161676646706585,36.52694610778443,80.83832335329342,100.0,100.0,143,3.0400928417285837,14.685314685314685,34.96503496503497,80.41958041958041,100.0,100.0
C170,Chest,323,test/C170/Low_Dose/00000175.dcm,130.0,262144,6.311036586761475,326,3.2472893650546397,12.883435582822086,29.447852760736197,78.83435582822086,100.0,100.0,0,,,,,,,160,3.3857048034667967,11.875,28.125,75.0,100.0,100.0,166,3.1138768942959336,13.855421686746988,30.72289156626506,82.53012048192771,100.0,100.0
C170,Chest,324,test/C170/Low_Dose/00000321.dcm,130.0,262144,6.283409595489502,371,3.1329325961295487,11.859838274932615,29.919137466307276,82.47978436657682,100.0,100.0,0,,,,,,,193,3.1805502145401556,11.917098445595855,30.569948186528496,80.31088082901555,100.0,100.0,178,3.0813022570663624,11.797752808988765,29.213483146067414,84.8314606741573,100.0,100.0
C170,Chest,325,test/C170/Low_Dose/00000039.dcm,130.0,262144,6.251295566558838,361,3.0643980073796744,16.62049861495845,33.795013850415515,81.4404432132964,100.0,100.0,0,,,,,,,175,3.147359793526786,16.0,33.142857142857146,81.14285714285714,100.0,100.0,186,2.986342563424059,17.204301075268816,34.40860215053763,81.72043010752688,100.0,100.0
C170,Chest,326,test/C170/Low_Dose/00000046.dcm,130.0,262144,6.238296031951904,351,2.951942204749822,18.233618233618234,34.75783475783476,84.04558404558405,100.0,100.0,0,,,,,,,184,2.8905553403108017,20.652173913043477,34.78260869565217,84.23913043478261,100.0,100.0,167,3.019578031437126,15.568862275449101,34.73053892215569,83.83233532934132,100.0,100.0
C170,Chest,327,test/C170/Low_Dose/00000013.dcm,130.0,262144,6.219118118286133,334,3.1465519887958457,15.269461077844312,29.940119760479043,83.23353293413173,100.0,100.0,0,,,,,,,161,3.1815359933035716,15.527950310559007,28.571428571428573,84.472049689441,100.0,100.0,173,3.113994620438945,15.028901734104046,31.213872832369944,82.08092485549133,100.0,100.0
C170,Chest,328,test/C170/Low_Dose/00000054.dcm,130.0,262144,6.197960376739502,292,2.845657975706336,19.52054794520548,35.273972602739725,85.61643835616438,100.0,100.0,0,,,,,,,148,2.810314281566723,18.243243243243242,35.810810810810814,88.51351351351352,100.0,100.0,144,2.881983439127604,20.833333333333332,34.72222222222222,82.63888888888889,100.0,100.0
C170,Chest,329,test/C170/Low_Dose/00000085.dcm,130.0,262144,6.179741859436035,265,3.1754044442806606,13.962264150943396,28.67924528301887,79.62264150943396,100.0,100.0,0,,,,,,,138,3.186693274456522,15.217391304347826,27.536231884057973,78.26086956521739,100.0,100.0,127,3.1631378414124014,12.598425196850394,29.921259842519685,81.10236220472441,100.0,100.0
C170,Chest,330,test/C170/Low_Dose/00000238.dcm,130.0,262144,6.146672248840332,216,3.1368639910662615,14.351851851851851,31.01851851851852,83.79629629629629,100.0,100.0,0,,,,,,,116,3.0443557213092673,12.931034482758621,31.03448275862069,84.48275862068965,100.0,100.0,100,3.244173583984375,16.0,31.0,83.0,100.0,100.0
C170,Chest,331,test/C170/Low_Dose/00000339.dcm,130.0,262144,6.126795768737793,251,3.174356772130229,17.131474103585656,31.07569721115538,76.89243027888446,100.0,100.0,0,,,,,,,126,3.269988529265873,14.285714285714286,30.158730158730158,75.39682539682539,100.0,100.0,125,3.0779599609375,20.0,32.0,78.4,100.0,100.0
C170,Chest,332,test/C170/Low_Dose/00000184.dcm,130.0,262144,6.110301494598389,225,2.7891802300347224,17.77777777777778,36.0,84.88888888888889,100.0,100.0,0,,,,,,,134,2.700851212686567,15.671641791044776,35.07462686567164,88.80597014925372,100.0,100.0,91,2.9192471347012363,20.87912087912088,37.362637362637365,79.12087912087912,100.0,100.0
C170,Chest,333,test/C170/Low_Dose/00000328.dcm,130.0,262144,6.122167110443115,211,3.2215541459937795,12.322274881516588,30.33175355450237,76.77725118483413,100.0,100.0,0,,,,,,,111,3.28345166455518,11.711711711711711,30.63063063063063,73.87387387387388,100.0,100.0,100,3.152847900390625,13.0,30.0,80.0,100.0,100.0
C170,Chest,334,test/C170/Low_Dose/00000205.dcm,130.0,262144,6.109949588775635,252,3.102993435329861,11.904761904761905,30.952380952380953,83.33333333333333,100.0,100.0,0,,,,,,,135,2.9841851128472223,14.074074074074074,34.81481481481482,85.92592592592592,100.0,100.0,117,3.2400799612713675,9.401709401709402,26.495726495726494,80.34188034188034,100.0,100.0
C170,Chest,335,test/C170/Low_Dose/00000222.dcm,130.0,262144,6.089176177978516,216,3.2005897804542824,13.425925925925926,26.38888888888889,83.79629629629629,100.0,100.0,0,,,,,,,119,3.3673023897058822,10.92436974789916,22.689075630252102,83.19327731092437,100.0,100.0,97,2.9960660639497423,16.49484536082474,30.927835051546392,84.5360824742268,100.0,100.0
C170,Chest,336,test/C170/Low_Dose/00000183.dcm,130.0,262144,6.062344551086426,218,3.13168194972047,16.972477064220183,32.56880733944954,81.65137614678899,100.0,100.0,0,,,,,,,124,3.307224396736391,16.129032258064516,30.64516129032258,79.83870967741936,100.0,100.0,94,2.9001153174867023,18.085106382978722,35.1063829787234,84.04255319148936,100.0,100.0
C170,Chest,337,test/C170/Low_Dose/00000307.dcm,130.0,262144,6.062918186187744,209,3.139522278708134,11.961722488038278,31.10047846889952,81.33971291866028,100.0,100.0,0,,,,,,,117,3.167728782719017,12.820512820512821,29.914529914529915,81.19658119658119,100.0,100.0,92,3.103650963824728,10.869565217391305,32.608695652173914,81.52173913043478,100.0,100.0
C170,Chest,338,test/C170/Low_Dose/00000061.dcm,130.0,262144,6.03274393081665,191,3.2859104016688483,13.612565445026178,28.272251308900522,81.67539267015707,100.0,100.0,0,,,,,,,104,3.3653341440054088,13.461538461538462,27.884615384615383,80.76923076923077,100.0,100.0,87,3.190967077496408,13.793103448275861,28.735632183908045,82.75862068965517,100.0,100.0
C170,Chest,339,test/C170/Low_Dose/00000221.dcm,130.0,262144,5.999650001525879,239,3.234079783930439,12.133891213389122,30.1255230125523,80.3347280334728,100.0,100.0,0,,,,,,,134,3.0859994461287314,14.925373134328359,33.582089552238806,81.34328358208955,100.0,100.0,105,3.4230585007440477,8.571428571428571,25.714285714285715,79.04761904761905,100.0,100.0
C170,Chest,340,test/C170/Low_Dose/00000234.dcm,130.0,262144,5.975002765655518,201,3.1646333760883083,13.930348258706468,26.865671641791046,84.57711442786069,100.0,100.0,0,,,,,,,112,3.2225418090820312,12.5,24.107142857142858,85.71428571428571,100.0,100.0,89,3.0917598424332864,15.730337078651685,30.337078651685392,83.14606741573034,100.0,100.0
C170,Chest,341,test/C170/Low_Dose/00000280.dcm,130.0,262144,5.93302059173584,244,2.9146488377305326,14.344262295081966,33.19672131147541,84.01639344262296,100.0,100.0,0,,,,,,,144,2.9408086140950522,13.88888888888889,31.944444444444443,83.33333333333333,100.0,100.0,100,2.876978759765625,15.0,35.0,85.0,100.0,100.0
C170,Chest,342,test/C170/Low_Dose/00000245.dcm,130.0,262144,5.90880823135376,243,2.962918756430041,19.34156378600823,34.97942386831276,82.71604938271605,100.0,100.0,0,,,,,,,119,3.104114692752101,16.80672268907563,31.932773109243698,81.5126050420168,100.0,100.0,124,2.827416204637097,21.774193548387096,37.903225806451616,83.87096774193549,100.0,100.0
C170,Chest,343,test/C170/Low_Dose/00000058.dcm,130.0,262144,5.882669925689697,247,2.869848336285425,15.789473684210526,30.364372469635626,85.4251012145749,100.0,100.0,0,,,,,,,128,2.851120948791504,17.96875,30.46875,85.15625,100.0,100.0,119,2.8899920808167017,13.445378151260504,30.252100840336134,85.71428571428571,100.0,100.0
C170,Chest,344,test/C170/Low_Dose/00000099.dcm,130.0,262144,5.861626625061035,222,3.0472703538499437,16.216216216216218,28.82882882882883,84.68468468468468,100.0,100.0,0,,,,,,,110,3.0637551047585228,15.454545454545455,30.0,87.27272727272727,100.0,100.0,112,3.0310799734933034,16.964285714285715,27.678571428571427,82.14285714285714,100.0,100.0
C170,Chest,345,test/C170/Low_Dose/00000130.dcm,130.0,262144,5.827404975891113,246,2.916081622364075,17.479674796747968,30.89430894308943,86.99186991869918,100.0,100.0,0,,,,,,,126,2.9718782939608137,17.46031746031746,31.746031746031747,84.92063492063492,100.0,100.0,120,2.8574951171875,17.5,30.0,89.16666666666667,100.0,100.0
C170,Chest,346,test/C170/Low_Dose/00000267.dcm,130.0,262144,5.80940580368042,229,2.8553082995019103,15.720524017467248,34.93449781659389,85.1528384279476,100.0,100.0,0,,,,,,,128,3.0172157287597656,14.0625,31.25,82.8125,100.0,100.0,101,2.6501186861850248,17.821782178217823,39.603960396039604,88.11881188118812,100.0,100.0
C170,Chest,347,test/C170/Low_Dose/00000265.dcm,130.0,262144,5.799464702606201,221,2.8875472815328056,17.647058823529413,32.57918552036199,89.59276018099547,100.0,100.0,0,,,,,,,103,2.8992872515928396,16.50485436893204,30.097087378640776,89.32038834951456,100.0,100.0,118,2.877299680548199,18.64406779661017,34.74576271186441,89.83050847457628,100.0,100.0
C170,Chest,348,test/C170/Low_Dose/00000076.dcm,130.0,262144,5.791688442230225,256,3.011167526245117,17.96875,30.078125,85.546875,100.0,100.0,0,,,,,,,134,2.855534340018657,20.149253731343283,35.07462686567164,86.56716417910448,100.0,100.0,122,3.1821088947233607,15.573770491803279,24.59016393442623,84.42622950819673,100.0,100.0
C170,Chest,349,test/C170/Low_Dose/00000229.dcm,130.0,262144,5.796087741851807,248,3.1918718891759075,10.080645161290322,27.822580645161292,85.48387096774194,100.0,100.0,0,,,,,,,126,3.391719757564484,7.142857142857143,23.80952380952381,83.33333333333333,100.0,100.0,122,2.985471631659836,13.114754098360656,31.9672131147541,87.70491803278688,100.0,100.0
C170,Chest,350,test/C170/Low_Dose/00000002.dcm,130.0,262144,5.781393527984619,267,2.9821434449613764,16.47940074906367,35.58052434456929,85.76779026217228,100.0,100.0,0,,,,,,,128,3.078282356262207,13.28125,32.8125,81.25,100.0,100.0,139,2.8936126489433454,19.424460431654676,38.1294964028777,89.92805755395683,100.0,100.0
C170,Chest,351,test/C170/Low_Dose/00000256.dcm,130.0,262144,5.77967643737793,237,3.022450636207806,14.767932489451477,29.957805907172997,87.34177215189874,100.0,100.0,0,,,,,,,117,3.268760224692842,12.820512820512821,26.495726495726494,82.05128205128206,100.0,100.0,120,2.782298787434896,16.666666666666668,33.333333333333336,92.5,100.0,100.0
C170,Chest,352,test/C170/Low_Dose/00000203.dcm,130.0,262144,5.789895057678223,245,3.0605239556760204,13.061224489795919,28.979591836734695,87.75510204081633,100.0,100.0,0,,,,,,,133,3.3050197515272557,9.774436090225564,24.06015037593985,84.9624060150376,100.0,100.0,112,2.7701851981026784,16.964285714285715,34.82142857142857,91.07142857142857,100.0,100.0
C170,Chest,353,test/C170/Low_Dose/00000001.dcm,130.0,262144,5.749574184417725,283,3.024466686450972,12.36749116607774,29.681978798586574,89.39929328621908,100.0,100.0,0,,,,,,,148,3.139514819995777,13.513513513513514,26.35135135135135,86.48648648648648,100.0,100.0,135,2.89833984375,11.11111111111111,33.333333333333336,92.5925925925926,100.0,100.0
C170,Chest,354,test/C170/Low_Dose/00000336.dcm,130.0,262144,5.734642505645752,252,2.6877359057229664,20.634920634920636,38.095238095238095,89.28571428571429,100.0,100.0,0,,,,,,,138,2.756659024003623,16.666666666666668,34.78260869565217,92.02898550724638,100.0,100.0,114,2.6043026572779606,25.43859649122807,42.10526315789474,85.96491228070175,100.0,100.0
C170,Chest,355,test/C170/Low_Dose/00000319.dcm,130.0,262144,5.72133731842041,284,2.7838212134132925,19.718309859154928,35.91549295774648,89.08450704225352,100.0,100.0,0,,,,,,,164,2.738575260813643,18.902439024390244,35.97560975609756,88.41463414634147,100.0,100.0,120,2.8456573486328125,20.833333333333332,35.833333333333336,90.0,100.0,100.0
C170,Chest,356,test/C170/Low_Dose/00000271.dcm,130.0,262144,5.677102088928223,250,2.87434228515625,18.8,33.2,87.6,100.0,100.0,0,,,,,,,121,2.864109512202996,20.66115702479339,35.53719008264463,87.60330578512396,100.0,100.0,129,2.8839404675387597,17.05426356589147,31.007751937984494,87.59689922480621,100.0,100.0
C170,Chest,357,test/C170/Low_Dose/00000042.dcm,130.0,262144,5.635791778564453,250,2.76157861328125,19.2,36.0,87.6,100.0,100.0,0,,,,,,,139,2.7972947813624103,16.546762589928058,33.81294964028777,87.05035971223022,100.0,100.0,111,2.7168529613597974,22.52252252252252,38.73873873873874,88.28828828828829,100.0,100.0
C170,Chest,358,test/C170/Low_Dose/00000093.dcm,130.0,262144,5.617794036865234,239,2.731757383466266,19.665271966527197,36.82008368200837,90.7949790794979,100.0,100.0,0,,,,,,,139,2.819035591839029,17.26618705035971,36.69064748201439,90.64748201438849,100.0,100.0,100,2.610440673828125,23.0,37.0,91.0,100.0,100.0
C249,Chest,0,test/C249/Low_Dose/00000207.dcm,130.0,262144,4.166291236877441,131,2.044938648020038,25.19083969465649,48.091603053435115,100.0,100.0,100.0,0,,,,,,,54,2.2057811595775463,24.074074074074073,37.03703703703704,100.0,100.0,100.0,77,1.9321400035511365,25.974025974025974,55.84415584415584,100.0,100.0,100.0
C249,Chest,1,test/C249/Low_Dose/00000319.dcm,130.0,262144,4.213424205780029,128,2.130556106567383,18.75,46.09375,100.0,100.0,100.0,0,,,,,,,49,2.1837208027742347,18.367346938775512,44.89795918367347,100.0,100.0,100.0,79,2.0975805355023733,18.9873417721519,46.835443037974684,100.0,100.0,100.0
C249,Chest,2,test/C249/Low_Dose/00000171.dcm,130.0,262144,4.226998329162598,156,2.111323429987981,23.076923076923077,44.23076923076923,100.0,100.0,100.0,0,,,,,,,64,1.9669780731201172,28.125,54.6875,100.0,100.0,100.0,92,2.2117375912873642,19.565217391304348,36.95652173913044,100.0,100.0,100.0
C249,Chest,3,test/C249/Low_Dose/00000182.dcm,130.0,262144,4.2478837966918945,150,2.00892578125,24.0,50.0,100.0,100.0,100.0,0,,,,,,,68,1.8117621926700367,27.941176470588236,54.411764705882355,100.0,100.0,100.0,82,2.1724272937309452,20.73170731707317,46.34146341463415,100.0,100.0,100.0
C249,Chest,4,test/C249/Low_Dose/00000223.dcm,130.0,262144,4.274133682250977,170,2.1863949046415443,23.529411764705884,45.88235294117647,100.0,100.0,100.0,0,,,,,,,72,2.406153361002604,18.055555555555557,33.333333333333336,100.0,100.0,100.0,98,2.02493971221301,27.551020408163264,55.10204081632653,100.0,100.0,100.0
C249,Chest,5,test/C249/Low_Dose/00000112.dcm,130.0,262144,4.270297050476074,134,1.9076465208138993,30.597014925373134,53.73134328358209,100.0,100.0,100.0,0,,,,,,,60,1.8095987955729167,33.333333333333336,60.0,100.0,100.0,100.0,74,1.987144676414696,28.37837837837838,48.648648648648646,100.0,100.0,100.0
C249,Chest,6,test/C249/Low_Dose/00000104.dcm,130.0,262144,4.278592586517334,133,1.9225872297932332,33.83458646616541,54.13533834586466,100.0,100.0,100.0,0,,,,,,,63,1.9198559957837302,30.158730158730158,57.142857142857146,100.0,100.0,100.0,70,1.9250453404017858,37.142857142857146,51.42857142857143,100.0,100.0,100.0
C249,Chest,7,test/C249/Low_Dose/00000288.dcm,130.0,262144,4.271430015563965,130,2.121082481971154,25.384615384615383,43.84615384615385,100.0,100.0,100.0,0,,,,,,,53,2.101871130601415,24.528301886792452,41.509433962264154,100.0,100.0,100.0,77,2.134305879667208,25.974025974025974,45.45454545454545,100.0,100.0,100.0
C249,Chest,8,test/C249/Low_Dose/00000156.dcm,130.0,262144,4.252371788024902,155,2.2031415385584676,23.225806451612904,43.225806451612904,100.0,100.0,100.0,0,,,,,,,67,2.196799207089552,22.388059701492537,38.80597014925373,100.0,100.0,100.0,88,2.2079703591086646,23.863636363636363,46.59090909090909,100.0,100.0,100.0
C249,Chest,9,test/C249/Low_Dose/00000282.dcm,130.0,262144,4.2719550132751465,173,2.309244321260838,16.184971098265898,40.46242774566474,100.0,100.0,100.0,0,,,,,,,91,2.238599169385302,15.384615384615385,41.75824175824176,100.0,100.0,100.0,82,2.3876432093178352,17.073170731707318,39.02439024390244,100.0,100.0,100.0
C249,Chest,10,test/C249/Low_Dose/00000079.dcm,130.0,262144,4.274933815002441,132,1.9973116787997158,28.03030303030303,46.96969696969697,100.0,100.0,100.0,0,,,,,,,64,2.039590835571289,25.0,45.3125,100.0,100.0,100.0,68,1.95751953125,30.88235294117647,48.529411764705884,100.0,100.0,100.0
C249,Chest,11,test/C249/Low_Dose/00000029.dcm,130.0,262144,4.314258098602295,144,2.1392890082465277,24.305555555555557,49.30555555555556,100.0,100.0,100.0,0,,,,,,,58,2.136962890625,25.862068965517242,50.0,100.0,100.0,100.0,86,2.140857785247093,23.25581395348837,48.83720930232558,100.0,100.0,100.0
C249,Chest,12,test/C249/Low_Dose/00000057.dcm,130.0,262144,4.312811851501465,145,2.1271450700431034,22.75862068965517,48.275862068965516,100.0,100.0,100.0,0,,,,,,,62,2.255768806703629,20.967741935483872,40.32258064516129,100.0,100.0,100.0,83,2.031064688441265,24.096385542168676,54.21686746987952,100.0,100.0,100.0
C249,Chest,13,test/C249/Low_Dose/00000287.dcm,130.0,262144,4.367533206939697,148,2.183875831397804,21.62162162162162,43.91891891891892,100.0,100.0,100.0,0,,,,,,,67,2.13899071536847,25.37313432835821,49.25373134328358,100.0,100.0,100.0,81,2.221003026138117,18.51851851851852,39.50617283950617,100.0,100.0,100.0
C249,Chest,14,test/C249/Low_Dose/00000190.dcm,130.0,262144,4.388664722442627,112,2.30413818359375,16.964285714285715,45.535714285714285,100.0,100.0,100.0,0,,,,,,,46,2.283025326936141,21.73913043478261,43.47826086956522,100.0,100.0,100.0,66,2.3188532049005683,13.636363636363637,46.96969696969697,100.0,100.0,100.0
C249,Chest,15,test/C249/Low_Dose/00000010.dcm,130.0,262144,4.4429030418396,141,2.0776713486258864,26.24113475177305,46.808510638297875,100.0,100.0,100.0,0,,,,,,,65,1.9972994290865385,30.76923076923077,49.23076923076923,100.0,100.0,100.0,76,2.1464104903371712,22.36842105263158,44.73684210526316,100.0,100.0,100.0
C249,Chest,16,test/C249/Low_Dose/00000100.dcm,130.0,262144,4.4959025382995605,141,2.1933507175310285,22.69503546099291,45.39007092198582,100.0,100.0,100.0,0,,,,,,,57,2.1951604475054824,22.80701754385965,43.85964912280702,100.0,100.0,100.0,84,2.1921226864769343,22.61904761904762,46.42857142857143,100.0,100.0,100.0
C249,Chest,17,test/C249/Low_Dose/00000256.dcm,130.0,262144,4.515259742736816,155,2.290430475050403,18.70967741935484,43.87096774193548,100.0,100.0,100.0,0,,,,,,,77,2.3946168577516236,16.883116883116884,38.96103896103896,100.0,100.0,100.0,78,2.187579815204327,20.512820512820515,48.717948717948715,100.0,100.0,100.0
C249,Chest,18,test/C249/Low_Dose/00000179.dcm,130.0,262144,4.532900333404541,127,2.1966024083415356,25.19685039370079,45.669291338582674,100.0,100.0,100.0,0,,,,,,,53,2.3174311799823113,24.528301886792452,45.283018867924525,100.0,100.0,100.0,74,2.110062882706926,25.675675675675677,45.945945945945944,100.0,100.0,100.0
C249,Chest,19,test/C249/Low_Dose/00000159.dcm,130.0,262144,4.582624435424805,121,2.259147202673037,21.487603305785125,42.14876033057851,100.0,100.0,100.0,0,,,,,,,43,2.2233177007630816,20.930232558139537,44.18604651162791,100.0,100.0,100.0,78,2.278899363982372,21.794871794871796,41.02564102564103,100.0,100.0,100.0
C249,Chest,20,test/C249/Low_Dose/00000088.dcm,130.0,262144,4.540045261383057,125,2.2396015625,21.6,48.0,100.0,100.0,100.0,0,,,,,,,56,2.114103044782366,25.0,53.57142857142857,100.0,100.0,100.0,69,2.3414554319519927,18.840579710144926,43.47826086956522,100.0,100.0,100.0
C249,Chest,21,test/C249/Low_Dose/00000202.dcm,130.0,262144,4.565984725952148,141,2.366901803523936,19.148936170212767,40.42553191489362,100.0,100.0,100.0,0,,,,,,,59,2.443617998543432,25.423728813559322,37.28813559322034,100.0,100.0,100.0,82,2.3117035656440548,14.634146341463415,42.68292682926829,100.0,100.0,100.0
C249,Chest,22,test/C249/Low_Dose/00000215.dcm,130.0,262144,4.583918571472168,147,2.232560553518282,19.047619047619047,44.21768707482993,100.0,100.0,100.0,0,,,,,,,73,2.4436051878210616,12.32876712328767,38.35616438356164,100.0,100.0,100.0,74,2.024367873733108,25.675675675675677,50.0,100.0,100.0,100.0
C249,Chest,23,test/C249/Low_Dose/00000125.dcm,130.0,262144,4.5567803382873535,164,2.309733321027058,18.29268292682927,43.90243902439025,100.0,100.0,100.0,0,,,,,,,70,2.2975498744419642,24.285714285714285,42.857142857142854,100.0,100.0,100.0,94,2.318806100398936,13.829787234042554,44.680851063829785,100.0,100.0,100.0
C249,Chest,24,test/C249/Low_Dose/00000292.dcm,130.0,262144,4.51685905456543,172,2.2355140863462934,25.58139534883721,44.18604651162791,100.0,100.0,100.0,0,,,,,,,78,2.1800818810096154,25.641025641025642,47.43589743589744,100.0,100.0,100.0,94,2.281511022689495,25.53191489361702,41.48936170212766,100.0,100.0,100.0
C249,Chest,25,test/C249/Low_Dose/00000040.dcm,130.0,262144,4.519780158996582,177,2.216909979696328,22.598870056497177,43.50282485875706,100.0,100.0,100.0,0,,,,,,,81,2.3553074966242282,19.753086419753085,34.5679012345679,100.0,100.0,100.0,96,2.1001370747884116,25.0,51.041666666666664,100.0,100.0,100.0
C249,Chest,26,test/C249/Low_Dose/00000148.dcm,130.0,262144,4.4739909172058105,187,2.0700448592078877,26.203208556149733,50.80213903743316,100.0,100.0,100.0,0,,,,,,,74,1.9858035525760136,25.675675675675677,50.0,100.0,100.0,100.0,113,2.1252117325774336,26.548672566371682,51.32743362831859,100.0,100.0,100.0
C249,Chest,27,test/C249/Low_Dose/00000110.dcm,130.0,262144,4.4792633056640625,208,2.3036563579852762,20.192307692307693,42.78846153846154,100.0,100.0,100.0,0,,,,,,,86,2.366192485010901,17.441860465116278,41.86046511627907,100.0,100.0,100.0,122,2.2595735143442623,22.131147540983605,43.442622950819676,100.0,100.0,100.0
C249,Chest,28,test/C249/Low_Dose/00000038.dcm,130.0,262144,4.452455520629883,154,2.0723639153814934,25.324675324675326,49.35064935064935,100.0,100.0,100.0,0,,,,,,,71,2.1286431970730635,25.35211267605634,45.070422535211264,100.0,100.0,100.0,83,2.024221397307982,25.301204819277107,53.01204819277108,100.0,100.0,100.0
C249,Chest,29,test/C249/Low_Dose/00000175.dcm,130.0,262144,4.4257307052612305,200,2.060828857421875,23.0,50.5,100.0,100.0,100.0,0,,,,,,,87,2.0817113415948274,20.689655172413794,49.42528735632184,100.0,100.0,100.0,113,2.0447511926161503,24.778761061946902,51.32743362831859,100.0,100.0,100.0
C249,Chest,30,test/C249/Low_Dose/00000027.dcm,130.0,262144,4.407098293304443,172,2.0365891567496366,26.162790697674417,51.74418604651163,100.0,100.0,100.0,0,,,,,,,80,2.0079986572265627,28.75,56.25,100.0,100.0,100.0,92,2.0614504606827446,23.91304347826087,47.82608695652174,100.0,100.0,100.0
C249,Chest,31,test/C249/Low_Dose/00000280.dcm,130.0,262144,4.415248870849609,159,2.098454697327044,26.41509433962264,50.943396226415096,100.0,100.0,100.0,0,,,,,,,69,1.9696257218070652,27.536231884057973,56.52173913043478,100.0,100.0,100.0,90,2.197223578559028,25.555555555555557,46.666666666666664,100.0,100.0,100.0
C249,Chest,32,test/C249/Low_Dose/00000284.dcm,130.0,262144,4.370736122131348,142,2.1773604272117075,18.309859154929576,42.95774647887324,100.0,100.0,100.0,0,,,,,,,65,2.3527193509615385,12.307692307692308,35.38461538461539,100.0,100.0,100.0,77,2.029330166903409,23.376623376623378,49.35064935064935,100.0,100.0,100.0
C249,Chest,33,test/C249/Low_Dose/00000195.dcm,130.0,262144,4.358076095581055,87,2.0584253771551726,20.689655172413794,47.12643678160919,100.0,100.0,100.0,0,,,,,,,48,2.259424845377604,12.5,39.583333333333336,100.0,100.0,100.0,39,1.8110414162660255,30.76923076923077,56.41025641025641,100.0,100.0,100.0
C249,Chest,34,test/C249/Low_Dose/00000160.dcm,130.0,262144,4.374871730804443,107,2.262165960864486,19.626168224299064,45.794392523364486,100.0,100.0,100.0,0,,,,,,,48,2.3749796549479165,14.583333333333334,43.75,100.0,100.0,100.0,59,2.1703853283898304,23.728813559322035,47.45762711864407,100.0,100.0,100.0
C249,Chest,35,test/C249/Low_Dose/00000213.dcm,130.0,262144,4.376870155334473,89,2.440698516502809,16.853932584269664,34.831460674157306,100.0,100.0,100.0,0,,,,,,,46,2.5178408415421196,15.217391304347826,32.608695652173914,100.0,100.0,100.0,43,2.3581741687863373,18.6046511627907,37.2093023255814,100.0,100.0,100.0
C249,Chest,36,test/C249/Low_Dose/00000145.dcm,130.0,262144,4.377513408660889,85,2.2052016314338236,24.705882352941178,42.35294117647059,100.0,100.0,100.0,0,,,,,,,40,2.1695648193359376,27.5,47.5,100.0,100.0,100.0,45,2.2368787977430555,22.22222222222222,37.77777777777778,100.0,100.0,100.0
C249,Chest,37,test/C249/Low_Dose/00000122.dcm,130.0,262144,4.391331195831299,86,1.992221566133721,30.232558139534884,51.16279069767442,100.0,100.0,100.0,0,,,,,,,49,1.8875533123405612,34.69387755102041,53.06122448979592,100.0,100.0,100.0,37,2.130836280616554,24.324324324324323,48.648648648648646,100.0,100.0,100.0
C249,Chest,38,test/C249/Low_Dose/00000001.dcm,130.0,262144,4.37373161315918,95,1.9952726665296052,20.0,50.526315789473685,100.0,100.0,100.0,0,,,,,,,44,1.9644386985085227,20.454545454545453,52.27272727272727,100.0,100.0,100.0,51,2.0218745212928924,19.607843137254903,49.01960784313726,100.0,100.0,100.0
C249,Chest,39,test/C249/Low_Dose/00000092.dcm,130.0,262144,4.378777027130127,82,2.0917745450647867,19.51219512195122,50.0,100.0,100.0,100.0,0,,,,,,,41,2.3525301305259148,17.073170731707318,39.02439024390244,100.0,100.0,100.0,41,1.8310189596036586,21.951219512195124,60.97560975609756,100.0,100.0,100.0
C249,Chest,40,test/C249/Low_Dose/00000049.dcm,130.0,262144,4.4097442626953125,75,2.2338167317708333,22.666666666666668,45.333333333333336,100.0,100.0,100.0,0,,,,,,,24,1.951904296875,29.166666666666668,50.0,100.0,100.0,100.0,51,2.3664814070159315,19.607843137254903,43.13725490196079,100.0,100.0,100.0
C249,Chest,41,test/C249/Low_Dose/00000084.dcm,130.0,262144,4.416819095611572,105,2.1286109561011903,21.904761904761905,50.476190476190474,100.0,100.0,100.0,0,,,,,,,51,2.1757764629289214,27.45098039215686,47.05882352941177,100.0,100.0,100.0,54,2.0840657552083335,16.666666666666668,53.7037037037037,100.0,100.0,100.0
C249,Chest,42,test/C249/Low_Dose/00000344.dcm,130.0,262144,4.415870189666748,99,2.4030379478377526,15.151515151515152,38.38383838383838,100.0,100.0,100.0,0,,,,,,,39,2.344172551081731,17.94871794871795,41.02564102564103,100.0,100.0,100.0,60,2.441300455729167,13.333333333333334,36.666666666666664,100.0,100.0,100.0
C249,Chest,43,test/C249/Low_Dose/00000105.dcm,130.0,262144,4.444063186645508,93,2.2150997038810485,21.50537634408602,41.935483870967744,100.0,100.0,100.0,0,,,,,,,45,2.3545491536458334,15.555555555555555,33.333333333333336,100.0,100.0,100.0,48,2.0843658447265625,27.083333333333332,50.0,100.0,100.0,100.0
C249,Chest,44,test/C249/Low_Dose/00000020.dcm,130.0,262144,4.434676647186279,88,1.898746837269176,37.5,56.81818181818182,100.0,100.0,100.0,0,,,,,,,46,1.7476143215013586,39.130434782608695,60.869565217391305,100.0,100.0,100.0,42,2.064272925967262,35.714285714285715,52.38095238095238,100.0,100.0,100.0
C249,Chest,45,test/C249/Low_Dose/00000271.dcm,130.0,262144,4.442872524261475,91,2.2298060825892856,24.175824175824175,43.956043956043956,100.0,100.0,100.0,0,,,,,,,48,2.0506668090820312,29.166666666666668,52.083333333333336,100.0,100.0,100.0,43,2.429775504178779,18.6046511627907,34.883720930232556,100.0,100.0,100.0
C249,Chest,46,test/C249/Low_Dose/00000009.dcm,130.0,262144,4.462923049926758,106,2.1114939563679247,25.471698113207548,49.056603773584904,100.0,100.0,100.0,0,,,,,,,42,2.3506004696800593,26.19047619047619,45.23809523809524,100.0,100.0,100.0,64,1.954580307006836,25.0,51.5625,100.0,100.0,100.0
C249,Chest,47,test/C249/Low_Dose/00000204.dcm,130.0,262144,4.455935955047607,113,2.053910787126659,30.088495575221238,49.557522123893804,100.0,100.0,100.0,0,,,,,,,58,1.9972913018588363,29.310344827586206,53.44827586206897,100.0,100.0,100.0,55,2.1136186079545456,30.90909090909091,45.45454545454545,100.0,100.0,100.0
C249,Chest,48,test/C249/Low_Dose/00000071.dcm,130.0,262144,4.4623823165893555,120,2.1749786376953124,23.333333333333332,45.0,100.0,100.0,100.0,0,,,,,,,58,2.080999966325431,29.310344827586206,48.275862068965516,100.0,100.0,100.0,62,2.2628941689768145,17.741935483870968,41.935483870967744,100.0,100.0,100.0
C249,Chest,49,test/C249/Low_Dose/00000014.dcm,130.0,262144,4.486491680145264,113,2.1820964982024336,20.353982300884955,45.13274336283186,100.0,100.0,100.0,0,,,,,,,62,2.1511624243951615,17.741935483870968,45.16129032258065,100.0,100.0,100.0,51,2.2197026271446076,23.529411764705884,45.09803921568628,100.0,100.0,100.0
C249,Chest,50,test/C249/Low_Dose/00000335.dcm,130.0,262144,4.463775634765625,157,2.3413396944665603,19.10828025477707,38.21656050955414,100.0,100.0,100.0,0,,,,,,,78,2.2350495167267628,23.076923076923077,39.743589743589745,100.0,100.0,100.0,79,2.4462844269185124,15.189873417721518,36.70886075949367,100.0,100.0,100.0
C249,Chest,51,test/C249/Low_Dose/00000022.dcm,130.0,262144,4.460638523101807,149,2.1995513711199663,24.161073825503355,43.624161073825505,100.0,100.0,100.0,0,,,,,,,82,2.144549113948171,23.170731707317074,45.1219512195122,100.0,100.0,100.0,67,2.266867566464552,25.37313432835821,41.791044776119406,100.0,100.0,100.0
C249,Chest,52,test/C249/Low_Dose/00000075.dcm,130.0,262144,4.477184772491455,128,2.176823616027832,25.0,50.78125,100.0,100.0,100.0,0,,,,,,,68,2.0939277200137867,26.470588235294116,54.411764705882355,100.0,100.0,100.0,60,2.2707722981770835,23.333333333333332,46.666666666666664,100.0,100.0,100.0
C249,Chest,53,test/C249/Low_Dose/00000262.dcm,130.0,262144,4.458181858062744,124,2.3499834614415325,21.774193548387096,40.32258064516129,100.0,100.0,100.0,0,,,,,,,64,2.3998470306396484,21.875,39.0625,100.0,100.0,100.0,60,2.296795654296875,21.666666666666668,41.666666666666664,100.0,100.0,100.0
C249,Chest,54,test/C249/Low_Dose/00000174.dcm,130.0,262144,4.440614700317383,115,2.144466499660326,25.217391304347824,46.95652173913044,100.0,100.0,100.0,0,,,,,,,54,2.1758739330150463,25.925925925925927,42.592592592592595,100.0,100.0,100.0,61,2.1166631980020494,24.59016393442623,50.81967213114754,100.0,100.0,100.0
C249,Chest,55,test/C249/Low_Dose/00000291.dcm,130.0,262144,4.448201656341553,107,2.0541661342727804,27.102803738317757,49.532710280373834,100.0,100.0,100.0,0,,,,,,,57,2.0928312602796053,26.31578947368421,47.36842105263158,100.0,100.0,100.0,50,2.010087890625,28.0,52.0,100.0,100.0,100.0
C249,Chest,56,test/C249/Low_Dose/00000323.dcm,130.0,262144,4.414396286010742,104,2.006108210637019,25.0,52.88461538461539,100.0,100.0,100.0,0,,,,,,,57,2.0375419750548245,24.56140350877193,50.87719298245614,100.0,100.0,100.0,47,1.967986411236702,25.53191489361702,55.319148936170215,100.0,100.0,100.0
C249,Chest,57,test/C249/Low_Dose/00000208.dcm,130.0,262144,4.38771390914917,96,2.2236353556315103,19.791666666666668,44.791666666666664,100.0,100.0,100.0,0,,,,,,,44,2.406028053977273,18.181818181818183,43.18181818181818,100.0,100.0,100.0,52,2.0693030724158654,21.153846153846153,46.15384615384615,100.0,100.0,100.0
C249,Chest,58,test/C249/Low_Dose/00000069.dcm,130.0,262144,4.371721267700195,111,2.200044649141329,24.324324324324323,45.04504504504504,100.0,100.0,100.0,0,,,,,,,60,2.229815673828125,25.0,43.333333333333336,100.0,100.0,100.0,51,2.1650199142156863,23.529411764705884,47.05882352941177,100.0,100.0,100.0
C249,Chest,59,test/C249/Low_Dose/00000334.dcm,130.0,262144,4.344958305358887,130,2.0996675931490385,23.846153846153847,47.69230769230769,100.0,100.0,100.0,0,,,,,,,61,2.3205106141137297,18.0327868852459,37.704918032786885,100.0,100.0,100.0,69,1.9044295601222827,28.985507246376812,56.52173913043478,100.0,100.0,100.0
C249,Chest,60,test/C249/Low_Dose/00000245.dcm,130.0,262144,4.305691719055176,115,2.2781387992527176,22.608695652173914,40.869565217391305,100.0,100.0,100.0,0,,,,,,,64,2.2451210021972656,25.0,42.1875,100.0,100.0,100.0,51,2.3195728975183822,19.607843137254903,39.21568627450981,100.0,100.0,100.0
C249,Chest,61,test/C249/Low_Dose/00000275.dcm,130.0,262144,4.307234764099121,112,2.149324689592634,25.892857142857142,49.107142857142854,100.0,100.0,100.0,0,,,,,,,56,2.318418230329241,23.214285714285715,46.42857142857143,100.0,100.0,100.0,56,1.9802311488560267,28.571428571428573,51.785714285714285,100.0,100.0,100.0
C249,Chest,62,test/C249/Low_Dose/00000034.dcm,130.0,262144,4.265561103820801,117,1.9519825470753205,25.641025641025642,55.55555555555556,100.0,100.0,100.0,0,,,,,,,57,2.085547731633772,19.29824561403509,47.36842105263158,100.0,100.0,100.0,60,1.8250956217447916,31.666666666666668,63.333333333333336,100.0,100.0,100.0
C249,Chest,63,test/C249/Low_Dose/00000017.dcm,130.0,262144,4.24260950088501,118,2.1702529131355934,19.491525423728813,48.30508474576271,100.0,100.0,100.0,0,,,,,,,59,2.1966180316472457,20.338983050847457,50.847457627118644,100.0,100.0,100.0,59,2.1438877946239407,18.64406779661017,45.76271186440678,100.0,100.0,100.0
C249,Chest,64,test/C249/Low_Dose/00000043.dcm,130.0,262144,4.23087215423584,113,1.9518708085591814,25.663716814159294,49.557522123893804,100.0,100.0,100.0,0,,,,,,,67,1.876969522504664,26.865671641791046,52.23880597014925,100.0,100.0,100.0,46,2.060966159986413,23.91304347826087,45.65217391304348,100.0,100.0,100.0
C249,Chest,65,test/C249/Low_Dose/00000035.dcm,130.0,262144,4.185757160186768,105,1.9237781343005953,27.61904761904762,54.285714285714285,100.0,100.0,100.0,0,,,,,,,52,2.1907278207632213,17.307692307692307,46.15384615384615,100.0,100.0,100.0,53,1.661865234375,37.735849056603776,62.264150943396224,100.0,100.0,100.0
C249,Chest,66,test/C249/Low_Dose/00000164.dcm,130.0,262144,4.164126396179199,92,1.916961669921875,30.434782608695652,53.26086956521739,100.0,100.0,100.0,0,,,,,,,46,1.923148777173913,30.434782608695652,50.0,100.0,100.0,100.0,46,1.910774562669837,30.434782608695652,56.52173913043478,100.0,100.0,100.0
C249,Chest,67,test/C249/Low_Dose/00000170.dcm,130.0,262144,4.169333457946777,108,2.2128804524739585,17.59259259259259,38.888888888888886,100.0,100.0,100.0,0,,,,,,,59,2.373005495233051,18.64406779661017,32.20338983050848,100.0,100.0,100.0,49,2.020076829559949,16.3265306122449,46.93877551020408,100.0,100.0,100.0
C249,Chest,68,test/C249/Low_Dose/00000085.dcm,130.0,262144,4.150018215179443,97,1.9530595602448453,29.896907216494846,51.54639175257732,100.0,100.0,100.0,0,,,,,,,44,2.121914950284091,22.727272727272727,47.72727272727273,100.0,100.0,100.0,53,1.812877727004717,35.84905660377358,54.716981132075475,100.0,100.0,100.0
C249,Chest,69,test/C249/Low_Dose/00000030.dcm,130.0,262144,4.157303333282471,106,2.0201059017541274,26.41509433962264,49.056603773584904,100.0,100.0,100.0,0,,,,,,,46,2.2250472359035327,19.565217391304348,43.47826086956522,100.0,100.0,100.0,60,1.8629842122395834,31.666666666666668,53.333333333333336,100.0,100.0,100.0
C249,Chest,70,test/C249/Low_Dose/00000183.dcm,130.0,262144,4.17444372177124,105,2.0087669735863094,25.714285714285715,46.666666666666664,100.0,100.0,100.0,0,,,,,,,53,1.9949720850530661,30.18867924528302,47.16981132075472,100.0,100.0,100.0,52,2.0228271484375,21.153846153846153,46.15384615384615,100.0,100.0,100.0
C249,Chest,71,test/C249/Low_Dose/00000339.dcm,130.0,262144,4.132978916168213,112,2.064884730747768,25.0,45.535714285714285,100.0,100.0,100.0,0,,,,,,,65,2.0404447115384614,24.615384615384617,47.69230769230769,100.0,100.0,100.0,47,2.09868475731383,25.53191489361702,42.5531914893617,100.0,100.0,100.0
C249,Chest,72,test/C249/Low_Dose/00000264.dcm,130.0,262144,4.123701095581055,100,2.178555908203125,15.0,44.0,100.0,100.0,100.0,0,,,,,,,49,2.126838528380102,12.244897959183673,44.89795918367347,100.0,100.0,100.0,51,2.2282451554840685,17.647058823529413,43.13725490196079,100.0,100.0,100.0
C249,Chest,73,test/C249/Low_Dose/00000241.dcm,130.0,262144,4.158345699310303,118,1.9090545137049788,31.35593220338983,55.932203389830505,100.0,100.0,100.0,0,,,,,,,61,2.0075323386270494,29.508196721311474,49.18032786885246,100.0,100.0,100.0,57,1.8036659642269737,33.333333333333336,63.1578947368421,100.0,100.0,100.0
C249,Chest,74,test/C249/Low_Dose/00000298.dcm,130.0,262144,4.1313958168029785,123,1.92102249269563,28.45528455284553,54.47154471544715,100.0,100.0,100.0,0,,,,,,,62,1.8847813760080645,35.483870967741936,56.45161290322581,100.0,100.0,100.0,61,1.957857726050205,21.311475409836067,52.459016393442624,100.0,100.0,100.0
C249,Chest,75,test/C249/Low_Dose/00000011.dcm,130.0,262144,4.134249210357666,87,2.1838028129489944,21.839080459770116,45.97701149425287,100.0,100.0,100.0,0,,,,,,,50,2.29970703125,22.0,40.0,100.0,100.0,100.0,37,2.027175490920608,21.62162162162162,54.054054054054056,100.0,100.0,100.0
C249,Chest,76,test/C249/Low_Dose/00000023.dcm,130.0,262144,4.149740695953369,62,1.9436684885332662,32.25806451612903,51.61290322580645,100.0,100.0,100.0,0,,,,,,,32,1.9524879455566406,31.25,56.25,100.0,100.0,100.0,30,1.9342610677083334,33.333333333333336,46.666666666666664,100.0,100.0,100.0
C249,Chest,77,test/C249/Low_Dose/00000119.dcm,130.0,262144,4.135929107666016,69,2.129539600317029,21.73913043478261,50.72463768115942,100.0,100.0,100.0,0,,,,,,,31,2.0649532195060485,22.580645161290324,51.61290322580645,100.0,100.0,100.0,38,2.1822284899259867,21.05263157894737,50.0,100.0,100.0,100.0
C249,Chest,78,test/C249/Low_Dose/00000074.dcm,130.0,262144,4.135100841522217,48,1.6987050374348958,37.5,62.5,100.0,100.0,100.0,0,,,,,,,23,1.8114172894021738,39.130434782608695,56.52173913043478,100.0,100.0,100.0,25,1.595009765625,36.0,68.0,100.0,100.0,100.0
C249,Chest,79,test/C249/Low_Dose/00000008.dcm,130.0,262144,4.171657085418701,58,2.247002963362069,18.96551724137931,44.827586206896555,100.0,100.0,100.0,0,,,,,,,31,2.1941744896673385,19.35483870967742,41.935483870967744,100.0,100.0,100.0,27,2.3076578776041665,18.51851851851852,48.148148148148145,100.0,100.0,100.0
C249,Chest,80,test/C249/Low_Dose/00000063.dcm,130.0,262144,4.175869941711426,75,2.1147005208333334,24.0,48.0,100.0,100.0,100.0,0,,,,,,,42,2.1209920247395835,21.428571428571427,45.23809523809524,100.0,100.0,100.0,33,2.106693152225379,27.272727272727273,51.515151515151516,100.0,100.0,100.0
C249,Chest,81,test/C249/Low_Dose/00000193.dcm,130.0,262144,4.188767910003662,67,1.9260873367537314,28.35820895522388,52.23880597014925,100.0,100.0,100.0,0,,,,,,,43,1.698429551235465,37.2093023255814,58.13953488372093,100.0,100.0,100.0,24,2.3339742024739585,12.5,41.666666666666664,100.0,100.0,100.0
C249,Chest,82,test/C249/Low_Dose/00000224.dcm,130.0,262144,4.216864585876465,76,2.083338687294408,26.31578947368421,48.68421052631579,100.0,100.0,100.0,0,,,,,,,35,2.092616489955357,28.571428571428573,51.42857142857143,100.0,100.0,100.0,41,2.0754186118521343,24.390243902439025,46.34146341463415,100.0,100.0,100.0
C249,Chest,83,test/C249/Low_Dose/00000158.dcm,130.0,262144,4.209944725036621,74,2.1953438423775338,18.91891891891892,41.891891891891895,100.0,100.0,100.0,0,,,,,,,32,2.4115638732910156,15.625,37.5,100.0,100.0,100.0,42,2.030604771205357,21.428571428571427,45.23809523809524,100.0,100.0,100.0
C249,Chest,84,test/C249/Low_Dose/00000046.dcm,130.0,262144,4.225469589233398,75,1.9678255208333333,29.333333333333332,56.0,100.0,100.0,100.0,0,,,,,,,34,1.7035953297334558,38.23529411764706,70.58823529411765,100.0,100.0,100.0,41,2.1869432402820124,21.951219512195124,43.90243902439025,100.0,100.0,100.0
C249,Chest,85,test/C249/Low_Dose/00000244.dcm,130.0,262144,4.236627578735352,77,1.9150136972402598,29.87012987012987,53.246753246753244,100.0,100.0,100.0,0,,,,,,,36,1.8647189670138888,25.0,58.333333333333336,100.0,100.0,100.0,41,1.9591749237804879,34.146341463414636,48.78048780487805,100.0,100.0,100.0
C249,Chest,86,test/C249/Low_Dose/00000234.dcm,130.0,262144,4.220505237579346,100,2.115067138671875,24.0,48.0,100.0,100.0,100.0,0,,,,,,,57,2.052134731359649,24.56140350877193,50.87719298245614,100.0,100.0,100.0,43,2.198489166969477,23.25581395348837,44.18604651162791,100.0,100.0,100.0
C249,Chest,87,test/C249/Low_Dose/00000153.dcm,130.0,262144,4.224196434020996,103,2.0623637079035193,24.271844660194176,46.601941747572816,100.0,100.0,100.0,0,,,,,,,69,1.936332370923913,31.884057971014492,50.72463768115942,100.0,100.0,100.0,34,2.318133185891544,8.823529411764707,38.23529411764706,100.0,100.0,100.0
C249,Chest,88,test/C249/Low_Dose/00000312.dcm,130.0,262144,4.245340347290039,100,2.199947509765625,23.0,46.0,100.0,100.0,100.0,0,,,,,,,51,2.137381759344363,23.529411764705884,49.01960784313726,100.0,100.0,100.0,49,2.2650669642857144,22.448979591836736,42.857142857142854,100.0,100.0,100.0
C249,Chest,89,test/C249/Low_Dose/00000048.dcm,130.0,262144,4.223994731903076,118,2.067142809851695,26.271186440677965,52.54237288135593,100.0,100.0,100.0,0,,,,,,,68,2.1353400735294117,30.88235294117647,48.529411764705884,100.0,100.0,100.0,50,1.97439453125,20.0,58.0,100.0,100.0,100.0
C249,Chest,90,test/C249/Low_Dose/00000016.dcm,130.0,262144,4.2291975021362305,138,2.0631501570991846,23.18840579710145,50.0,100.0,100.0,100.0,0,,,,,,,80,2.0831283569335937,20.0,50.0,100.0,100.0,100.0,58,2.0355940193965516,27.586206896551722,50.0,100.0,100.0,100.0
C249,Chest,91,test/C249/Low_Dose/00000082.dcm,130.0,262144,4.234005451202393,128,2.0046348571777344,28.125,52.34375,100.0,100.0,100.0,0,,,,,,,67,1.917475002915112,29.850746268656717,58.208955223880594,100.0,100.0,100.0,61,2.100367811859631,26.229508196721312,45.90163934426229,100.0,100.0,100.0
C249,Chest,92,test/C249/Low_Dose/00000058.dcm,130.0,262144,4.2147040367126465,135,2.2997386791087964,16.296296296296298,42.96296296296296,100.0,100.0,100.0,0,,,,,,,77,2.2089875456574677,16.883116883116884,45.45454545454545,100.0,100.0,100.0,58,2.4202186321390085,15.517241379310345,39.6551724137931,100.0,100.0,100.0
C249,Chest,93,test/C249/Low_Dose/00000039.dcm,130.0,262144,4.199071884155273,130,1.9940683218149038,26.153846153846153,50.76923076923077,100.0,100.0,100.0,0,,,,,,,71,1.984895947953345,29.577464788732396,50.70422535211268,100.0,100.0,100.0,59,2.0051062632415255,22.033898305084747,50.847457627118644,100.0,100.0,100.0
C249,Chest,94,test/C249/Low_Dose/00000248.dcm,130.0,262144,4.212560653686523,115,2.0732506793478263,25.217391304347824,47.82608695652174,100.0,100.0,100.0,0,,,,,,,59,2.035096249337924,27.11864406779661,47.45762711864407,100.0,100.0,100.0,56,2.1134490966796875,23.214285714285715,48.214285714285715,100.0,100.0,100.0
C249,Chest,95,test/C249/Low_Dose/00000340.dcm,130.0,262144,4.2018938064575195,134,2.0673290651236007,17.91044776119403,50.0,100.0,100.0,100.0,0,,,,,,,73,2.0242535316780823,16.438356164383563,56.16438356164384,100.0,100.0,100.0,61,2.1188784740010247,19.672131147540984,42.622950819672134,100.0,100.0,100.0
C249,Chest,96,test/C249/Low_Dose/00000252.dcm,130.0,262144,4.195213317871094,94,2.0495904151429523,27.659574468085108,47.87234042553192,100.0,100.0,100.0,0,,,,,,,44,2.147671786221591,22.727272727272727,40.90909090909091,100.0,100.0,100.0,50,1.96327880859375,32.0,54.0,100.0,100.0,100.0
C249,Chest,97,test/C249/Low_Dose/00000277.dcm,130.0,262144,4.209610939025879,75,1.7730094401041667,36.0,56.0,100.0,100.0,100.0,0,,,,,,,39,1.9207231570512822,25.641025641025642,53.84615384615385,100.0,100.0,100.0,36,1.6129862467447917,47.22222222222222,58.333333333333336,100.0,100.0,100.0
C249,Chest,98,test/C249/Low_Dose/00000076.dcm,130.0,262144,4.196744441986084,60,2.5025899251302084,11.666666666666666,35.0,100.0,100.0,100.0,0,,,,,,,30,2.45675048828125,16.666666666666668,36.666666666666664,100.0,100.0,100.0,30,2.5484293619791667,6.666666666666667,33.333333333333336,100.0,100.0,100.0
C249,Chest,99,test/C249/Low_Dose/00000098.dcm,130.0,262144,4.179569721221924,72,1.7969089084201388,33.333333333333336,66.66666666666667,100.0,100.0,100.0,0,,,,,,,36,2.1490546332465277,27.77777777777778,52.77777777777778,100.0,100.0,100.0,36,1.44476318359375,38.888888888888886,80.55555555555556,100.0,100.0,100.0
C249,Chest,100,test/C249/Low_Dose/00000141.dcm,130.0,262144,4.1864142417907715,62,2.145811019405242,22.580645161290324,53.225806451612904,100.0,100.0,100.0,0,,,,,,,34,2.399044261259191,17.647058823529413,38.23529411764706,100.0,100.0,100.0,28,1.8383135114397322,28.571428571428573,71.42857142857143,100.0,100.0,100.0
C249,Chest,101,test/C249/Low_Dose/00000257.dcm,130.0,262144,4.176474094390869,55,2.090598366477273,23.636363636363637,52.72727272727273,100.0,100.0,100.0,0,,,,,,,26,2.075556828425481,26.923076923076923,57.69230769230769,100.0,100.0,100.0,29,2.104083883351293,20.689655172413794,48.275862068965516,100.0,100.0,100.0
C249,Chest,102,test/C249/Low_Dose/00000231.dcm,130.0,262144,4.175995349884033,57,2.071265505071272,26.31578947368421,47.36842105263158,100.0,100.0,100.0,0,,,,,,,23,2.1629904042119565,26.08695652173913,43.47826086956522,100.0,100.0,100.0,34,2.00921630859375,26.470588235294116,50.0,100.0,100.0,100.0
C249,Chest,103,test/C249/Low_Dose/00000189.dcm,130.0,262144,4.186018466949463,55,1.9600430575284091,21.818181818181817,54.54545454545455,100.0,100.0,100.0,0,,,,,,,21,1.884248279389881,28.571428571428573,52.38095238095238,100.0,100.0,100.0,34,2.006857479319853,17.647058823529413,55.88235294117647,100.0,100.0,100.0
C249,Chest,104,test/C249/Low_Dose/00000239.dcm,130.0,262144,4.172853469848633,60,2.111895751953125,23.333333333333332,51.666666666666664,100.0,100.0,100.0,0,,,,,,,33,2.189327355587121,27.272727272727273,48.484848484848484,100.0,100.0,100.0,27,2.0172571252893516,18.51851851851852,55.55555555555556,100.0,100.0,100.0
C249,Chest,105,test/C249/Low_Dose/00000185.dcm,130.0,262144,4.176787376403809,53,2.1024607532429247,18.867924528301888,45.283018867924525,100.0,100.0,100.0,0,,,,,,,33,2.1607222123579546,21.21212121212121,39.39393939393939,100.0,100.0,100.0,20,2.006329345703125,15.0,55.0,100.0,100.0,100.0
C249,Chest,106,test/C249/Low_Dose/00000296.dcm,130.0,262144,4.211170673370361,64,2.065378189086914,26.5625,50.0,100.0,100.0,100.0,0,,,,,,,34,2.026385139016544,29.41176470588235,50.0,100.0,100.0,100.0,30,2.1095703125,23.333333333333332,50.0,100.0,100.0,100.0
C249,Chest,107,test/C249/Low_Dose/00000021.dcm,130.0,262144,4.206847667694092,72,1.8630421956380208,30.555555555555557,51.388888888888886,100.0,100.0,100.0,0,,,,,,,29,1.8650702114762931,31.03448275862069,48.275862068965516,100.0,100.0,100.0,43,1.8616744640261629,30.232558139534884,53.48837209302326,100.0,100.0,100.0
C249,Chest,108,test/C249/Low_Dose/00000281.dcm,130.0,262144,4.230522632598877,52,1.8909818209134615,23.076923076923077,53.84615384615385,100.0,100.0,100.0,0,,,,,,,27,1.6469952618634258,29.62962962962963,66.66666666666667,100.0,100.0,100.0,25,2.1544873046875,16.0,40.0,100.0,100.0,100.0
C249,Chest,109,test/C249/Low_Dose/00000161.dcm,130.0,262144,4.241915702819824,52,2.1784597543569713,19.23076923076923,44.23076923076923,100.0,100.0,100.0,0,,,,,,,24,2.434209187825521,12.5,33.333333333333336,100.0,100.0,100.0,28,1.9592459542410714,25.0,53.57142857142857,100.0,100.0,100.0
C249,Chest,110,test/C249/Low_Dose/00000308.dcm,130.0,262144,4.2460808753967285,72,2.0971561008029513,27.77777777777778,51.388888888888886,100.0,100.0,100.0,0,,,,,,,35,1.77607421875,34.285714285714285,65.71428571428571,100.0,100.0,100.0,37,2.400882205447635,21.62162162162162,37.83783783783784,100.0,100.0,100.0
C249,Chest,111,test/C249/Low_Dose/00000313.dcm,130.0,262144,4.257908344268799,76,2.050466437088816,21.05263157894737,48.68421052631579,100.0,100.0,100.0,0,,,,,,,42,2.1194545200892856,19.047619047619047,50.0,100.0,100.0,100.0,34,1.9652458639705883,23.529411764705884,47.05882352941177,100.0,100.0,100.0
C249,Chest,112,test/C249/Low_Dose/00000151.dcm,130.0,262144,4.28294038772583,86,2.1318146461664242,25.58139534883721,47.674418604651166,100.0,100.0,100.0,0,,,,,,,52,2.1867840106670675,23.076923076923077,48.07692307692308,100.0,100.0,100.0,34,2.0477438534007355,29.41176470588235,47.05882352941177,100.0,100.0,100.0
C249,Chest,113,test/C249/Low_Dose/00000081.dcm,130.0,262144,4.282819747924805,78,2.1448332957732372,26.923076923076923,47.43589743589744,100.0,100.0,100.0,0,,,,,,,36,2.1596306694878473,30.555555555555557,44.44444444444444,100.0,100.0,100.0,42,2.1321498325892856,23.80952380952381,50.0,100.0,100.0,100.0
C249,Chest,114,test/C249/Low_Dose/00000045.dcm,130.0,262144,4.294068813323975,81,2.159274631076389,19.753086419753085,48.148148148148145,100.0,100.0,100.0,0,,,,,,,48,1.9816182454427083,22.916666666666668,54.166666666666664,100.0,100.0,100.0,33,2.4176839192708335,15.151515151515152,39.39393939393939,100.0,100.0,100.0
C249,Chest,115,test/C249/Low_Dose/00000261.dcm,130.0,262144,4.316449165344238,86,2.120349972747093,19.767441860465116,45.348837209302324,100.0,100.0,100.0,0,,,,,,,34,2.249874339384191,14.705882352941176,47.05882352941177,100.0,100.0,100.0,52,2.0356609637920675,23.076923076923077,44.23076923076923,100.0,100.0,100.0
C249,Chest,116,test/C249/Low_Dose/00000107.dcm,130.0,262144,4.306924343109131,103,2.0128233085558254,23.300970873786408,52.42718446601942,100.0,100.0,100.0,0,,,,,,,50,2.07468017578125,22.0,50.0,100.0,100.0,100.0,53,1.9544677734375,24.528301886792452,54.716981132075475,100.0,100.0,100.0
C249,Chest,117,test/C249/Low_Dose/00000184.dcm,130.0,262144,4.325361251831055,123,2.1768401851498984,26.016260162601625,41.46341463414634,100.0,100.0,100.0,0,,,,,,,53,2.4069156286851414,24.528301886792452,35.84905660377358,100.0,100.0,100.0,70,2.0026402064732145,27.142857142857142,45.714285714285715,100.0,100.0,100.0
C249,Chest,118,test/C249/Low_Dose/00000320.dcm,130.0,262144,4.354047775268555,160,2.2357711791992188,22.5,43.125,100.0,100.0,100.0,0,,,,,,,83,2.2946527320218375,26.50602409638554,36.144578313253014,100.0,100.0,100.0,77,2.172301453429383,18.181818181818183,50.64935064935065,100.0,100.0,100.0
C249,Chest,119,test/C249/Low_Dose/00000036.dcm,130.0,262144,4.378305912017822,123,2.322345020325203,17.073170731707318,39.02439024390244,100.0,100.0,100.0,0,,,,,,,67,2.349277781016791,16.417910447761194,40.298507462686565,100.0,100.0,100.0,56,2.2901218959263394,17.857142857142858,37.5,100.0,100.0,100.0
C249,Chest,120,test/C249/Low_Dose/00000221.dcm,130.0,262144,4.421563148498535,135,2.241716399016204,22.22222222222222,42.96296296296296,100.0,100.0,100.0,0,,,,,,,71,2.4130120075924295,19.718309859154928,38.028169014084504,100.0,100.0,100.0,64,2.051685333251953,25.0,48.4375,100.0,100.0,100.0
C249,Chest,121,test/C249/Low_Dose/00000065.dcm,130.0,262144,4.469654560089111,105,2.2093575613839285,23.80952380952381,46.666666666666664,100.0,100.0,100.0,0,,,,,,,54,2.39471435546875,18.51851851851852,42.592592592592595,100.0,100.0,100.0,51,2.0130974264705883,29.41176470588235,50.98039215686274,100.0,100.0,100.0
C249,Chest,122,test/C249/Low_Dose/00000031.dcm,130.0,262144,4.483859062194824,97,2.497910961662371,16.49484536082474,36.08247422680412,100.0,100.0,100.0,0,,,,,,,56,2.470888410295759,17.857142857142858,37.5,100.0,100.0,100.0,41,2.5348198123094514,14.634146341463415,34.146341463414636,100.0,100.0,100.0
C249,Chest,123,test/C249/Low_Dose/00000056.dcm,130.0,262144,4.4983086585998535,77,2.179482992593344,22.07792207792208,46.753246753246756,100.0,100.0,100.0,0,,,,,,,37,2.06810863597973,29.72972972972973,51.351351351351354,100.0,100.0,100.0,40,2.2825042724609377,15.0,42.5,100.0,100.0,100.0
C249,Chest,124,test/C249/Low_Dose/00000286.dcm,130.0,262144,4.50998067855835,95,1.8730789987664473,30.526315789473685,58.94736842105263,100.0,100.0,100.0,0,,,,,,,39,2.055717272636218,25.641025641025642,51.282051282051285,100.0,100.0,100.0,56,1.7458844866071428,33.92857142857143,64.28571428571429,100.0,100.0,100.0
C249,Chest,125,test/C249/Low_Dose/00000177.dcm,130.0,262144,4.510641574859619,119,2.429535681460084,20.168067226890756,38.65546218487395,100.0,100.0,100.0,0,,,,,,,47,2.4353572764295213,17.02127659574468,38.297872340425535,100.0,100.0,100.0,72,2.4257354736328125,22.22222222222222,38.888888888888886,100.0,100.0,100.0
C249,Chest,126,test/C249/Low_Dose/00000166.dcm,130.0,262144,4.517302989959717,107,2.4301826263142523,14.953271028037383,38.3177570093458,100.0,100.0,100.0,0,,,,,,,56,2.482448032924107,16.071428571428573,37.5,100.0,100.0,100.0,51,2.372793160232843,13.72549019607843,39.21568627450981,100.0,100.0,100.0
C249,Chest,127,test/C249/Low_Dose/00000032.dcm,130.0,262144,4.525454044342041,107,2.392132054979556,20.560747663551403,38.3177570093458,100.0,100.0,100.0,0,,,,,,,56,2.322453090122768,19.642857142857142,41.07142857142857,100.0,100.0,100.0,51,2.4686422909007355,21.568627450980394,35.294117647058826,100.0,100.0,100.0
C249,Chest,128,test/C249/Low_Dose/00000283.dcm,130.0,262144,4.484062671661377,92,2.1984929623811142,23.91304347826087,45.65217391304348,100.0,100.0,100.0,0,,,,,,,51,2.4872113396139706,25.49019607843137,33.333333333333336,100.0,100.0,100.0,41,1.83935546875,21.951219512195124,60.97560975609756,100.0,100.0,100.0
C249,Chest,129,test/C249/Low_Dose/00000060.dcm,130.0,262144,4.4799909591674805,107,2.2962749160338785,21.49532710280374,40.18691588785047,100.0,100.0,100.0,0,,,,,,,56,2.212677001953125,26.785714285714285,44.642857142857146,100.0,100.0,100.0,51,2.3880687040441178,15.686274509803921,35.294117647058826,100.0,100.0,100.0
C249,Chest,130,test/C249/Low_Dose/00000137.dcm,130.0,262144,4.4770708084106445,108,2.412861011646412,23.14814814814815,36.111111111111114,100.0,100.0,100.0,0,,,,,,,64,2.4090538024902344,21.875,37.5,100.0,100.0,100.0,44,2.418398770419034,25.0,34.09090909090909,100.0,100.0,100.0
C249,Chest,131,test/C249/Low_Dose/00000025.dcm,130.0,262144,4.46697473526001,108,2.4695366753472223,14.814814814814815,37.03703703703704,100.0,100.0,100.0,0,,,,,,,65,2.4551663912259616,13.846153846153847,38.46153846153846,100.0,100.0,100.0,43,2.4912591978561047,16.27906976744186,34.883720930232556,100.0,100.0,100.0
C249,Chest,132,test/C249/Low_Dose/00000093.dcm,130.0,262144,4.464097023010254,83,2.229149508189006,20.481927710843372,42.16867469879518,100.0,100.0,100.0,0,,,,,,,40,2.251068115234375,22.5,40.0,100.0,100.0,100.0,43,2.2087601062863373,18.6046511627907,44.18604651162791,100.0,100.0,100.0
C249,Chest,133,test/C249/Low_Dose/00000220.dcm,130.0,262144,4.456737041473389,88,2.286600286310369,23.863636363636363,37.5,100.0,100.0,100.0,0,,,,,,,39,2.2740447215544872,17.94871794871795,38.46153846153846,100.0,100.0,100.0,49,2.29659349091199,28.571428571428573,36.734693877551024,100.0,100.0,100.0
C249,Chest,134,test/C249/Low_Dose/00000130.dcm,130.0,262144,4.421192646026611,101,2.3625331161045793,17.821782178217823,35.64356435643565,100.0,100.0,100.0,0,,,,,,,53,2.3688780586674527,15.09433962264151,33.9622641509434,100.0,100.0,100.0,48,2.3555272420247397,20.833333333333332,37.5,100.0,100.0,100.0
C249,Chest,135,test/C249/Low_Dose/00000318.dcm,130.0,262144,4.426232814788818,88,2.176455411044034,25.0,50.0,100.0,100.0,100.0,0,,,,,,,43,2.26268679596657,25.58139534883721,46.51162790697674,100.0,100.0,100.0,45,2.0940565321180555,24.444444444444443,53.333333333333336,100.0,100.0,100.0
C249,Chest,136,test/C249/Low_Dose/00000243.dcm,130.0,262144,4.424396991729736,81,2.179468979070216,28.395061728395063,46.91358024691358,100.0,100.0,100.0,0,,,,,,,40,2.377398681640625,22.5,42.5,100.0,100.0,100.0,41,1.9863668302210367,34.146341463414636,51.21951219512195,100.0,100.0,100.0
C249,Chest,137,test/C249/Low_Dose/00000236.dcm,130.0,262144,4.409523010253906,106,2.353030798570165,20.754716981132077,34.905660377358494,100.0,100.0,100.0,0,,,,,,,52,2.304962158203125,21.153846153846153,38.46153846153846,100.0,100.0,100.0,54,2.399319118923611,20.37037037037037,31.48148148148148,100.0,100.0,100.0
C249,Chest,138,test/C249/Low_Dose/00000226.dcm,130.0,262144,4.414393424987793,100,2.336865234375,19.0,37.0,100.0,100.0,100.0,0,,,,,,,55,2.24033203125,25.454545454545453,40.0,100.0,100.0,100.0,45,2.454850260416667,11.11111111111111,33.333333333333336,100.0,100.0,100.0
C249,Chest,139,test/C249/Low_Dose/00000072.dcm,130.0,262144,4.458672523498535,99,2.392135465988005,19.19191919191919,40.4040404040404,100.0,100.0,100.0,0,,,,,,,53,2.3262686099646226,22.641509433962263,43.39622641509434,100.0,100.0,100.0,46,2.468025539232337,15.217391304347826,36.95652173913044,100.0,100.0,100.0
C249,Chest,140,test/C249/Low_Dose/00000338.dcm,130.0,262144,4.448813438415527,143,2.1531359265734267,22.377622377622377,43.35664335664335,100.0,100.0,100.0,0,,,,,,,71,2.235079913072183,19.718309859154928,39.436619718309856,100.0,100.0,100.0,72,2.072330050998264,25.0,47.22222222222222,100.0,100.0,100.0
C249,Chest,141,test/C249/Low_Dose/00000042.dcm,130.0,262144,4.462246894836426,110,2.1775435014204545,17.272727272727273,44.54545454545455,100.0,100.0,100.0,0,,,,,,,59,2.3155186539989407,11.864406779661017,42.3728813559322,100.0,100.0,100.0,51,2.0179251876531863,23.529411764705884,47.05882352941177,100.0,100.0,100.0
C249,Chest,142,test/C249/Low_Dose/00000086.dcm,130.0,262144,4.477954864501953,118,2.2903949284957625,15.254237288135593,38.983050847457626,100.0,100.0,100.0,0,,,,,,,58,2.327245251885776,12.068965517241379,41.37931034482759,100.0,100.0,100.0,60,2.25477294921875,18.333333333333332,36.666666666666664,100.0,100.0,100.0
C249,Chest,143,test/C249/Low_Dose/00000167.dcm,130.0,262144,4.479323387145996,136,2.3609457576976105,16.91176470588235,41.911764705882355,100.0,100.0,100.0,0,,,,,,,74,2.2397213497677364,22.972972972972972,40.54054054054054,100.0,100.0,100.0,62,2.5056329542590725,9.67741935483871,43.54838709677419,100.0,100.0,100.0
C249,Chest,144,test/C249/Low_Dose/00000297.dcm,130.0,262144,4.485743045806885,114,2.298566851699561,22.80701754385965,35.96491228070175,100.0,100.0,100.0,0,,,,,,,51,2.471504959405637,17.647058823529413,33.333333333333336,100.0,100.0,100.0,63,2.1585693359375,26.984126984126984,38.095238095238095,100.0,100.0,100.0
C249,Chest,145,test/C249/Low_Dose/00000341.dcm,130.0,262144,4.495431423187256,129,2.1258384054021318,24.031007751937985,48.83720930232558,100.0,100.0,100.0,0,,,,,,,64,2.1743087768554688,25.0,42.1875,100.0,100.0,100.0,65,2.078113731971154,23.076923076923077,55.38461538461539,100.0,100.0,100.0
C249,Chest,146,test/C249/Low_Dose/00000144.dcm,130.0,262144,4.4826226234436035,95,2.428844572368421,16.842105263157894,36.8421052631579,100.0,100.0,100.0,0,,,,,,,44,2.5035955255681817,15.909090909090908,31.818181818181817,100.0,100.0,100.0,51,2.3643535539215685,17.647058823529413,41.1764705882353,100.0,100.0,100.0
C249,Chest,147,test/C249/Low_Dose/00000120.dcm,130.0,262144,4.480617523193359,98,2.4404396524234695,21.428571428571427,35.714285714285715,100.0,100.0,100.0,0,,,,,,,47,2.323205826130319,27.659574468085108,36.170212765957444,100.0,100.0,100.0,51,2.5484786688112746,15.686274509803921,35.294117647058826,100.0,100.0,100.0
C249,Chest,148,test/C249/Low_Dose/00000317.dcm,130.0,262144,4.491190433502197,103,2.2100427127578883,25.24271844660194,46.601941747572816,100.0,100.0,100.0,0,,,,,,,54,2.3678385416666665,18.51851851851852,42.592592592592595,100.0,100.0,100.0,49,2.036145268654337,32.6530612244898,51.02040816326531,100.0,100.0,100.0
C249,Chest,149,test/C249/Low_Dose/00000129.dcm,130.0,262144,4.482522964477539,94,2.492512155086436,17.02127659574468,36.170212765957444,100.0,100.0,100.0,0,,,,,,,45,2.614767795138889,11.11111111111111,31.11111111111111,100.0,100.0,100.0,49,2.380236567283163,22.448979591836736,40.816326530612244,100.0,100.0,100.0
C249,Chest,150,test/C249/Low_Dose/00000168.dcm,130.0,262144,4.4964985847473145,111,2.2030348219313063,21.62162162162162,47.747747747747745,100.0,100.0,100.0,0,,,,,,,55,2.3276722301136363,18.181818181818183,43.63636363636363,100.0,100.0,100.0,56,2.080623081752232,25.0,51.785714285714285,100.0,100.0,100.0
C249,Chest,151,test/C249/Low_Dose/00000053.dcm,130.0,262144,4.535985946655273,95,2.061050575657895,25.263157894736842,52.63157894736842,100.0,100.0,100.0,0,,,,,,,46,2.031751549762228,19.565217391304348,58.69565217391305,100.0,100.0,100.0,49,2.088555783641582,30.612244897959183,46.93877551020408,100.0,100.0,100.0
C249,Chest,152,test/C249/Low_Dose/00000324.dcm,130.0,262144,4.558454990386963,117,2.2954383263221154,21.367521367521366,44.44444444444444,100.0,100.0,100.0,0,,,,,,,67,2.207944044426306,26.865671641791046,50.74626865671642,100.0,100.0,100.0,50,2.4126806640625,14.0,36.0,100.0,100.0,100.0
C249,Chest,153,test/C249/Low_Dose/00000012.dcm,130.0,262144,4.570159912109375,134,2.337556298099347,20.149253731343283,42.53731343283582,100.0,100.0,100.0,0,,,,,,,68,2.2611012178308822,20.58823529411765,42.64705882352941,100.0,100.0,100.0,66,2.416328198982008,19.696969696969695,42.42424242424242,100.0,100.0,100.0
C249,Chest,154,test/C249/Low_Dose/00000114.dcm,130.0,262144,4.625434398651123,111,2.39257592553491,14.414414414414415,39.63963963963964,100.0,100.0,100.0,0,,,,,,,69,2.2310295657835146,17.391304347826086,42.028985507246375,100.0,100.0,100.0,42,2.6579735165550593,9.523809523809524,35.714285714285715,100.0,100.0,100.0
C249,Chest,155,test/C249/Low_Dose/00000325.dcm,130.0,262144,4.617244243621826,108,2.1731171784577548,27.77777777777778,47.22222222222222,100.0,100.0,100.0,0,,,,,,,62,2.055205314390121,27.419354838709676,51.61290322580645,100.0,100.0,100.0,46,2.3320418648097827,28.26086956521739,41.30434782608695,100.0,100.0,100.0
C249,Chest,156,test/C249/Low_Dose/00000142.dcm,130.0,262144,4.631471157073975,110,2.0701804421164773,27.272727272727273,49.09090909090909,100.0,100.0,100.0,0,,,,,,,54,1.9919162326388888,31.48148148148148,50.0,100.0,100.0,100.0,56,2.1456495012555803,23.214285714285715,48.214285714285715,100.0,100.0,100.0
C249,Chest,157,test/C249/Low_Dose/00000274.dcm,130.0,262144,4.665419101715088,105,2.2252604166666665,29.523809523809526,45.714285714285715,100.0,100.0,100.0,0,,,,,,,50,2.22095703125,26.0,46.0,100.0,100.0,100.0,55,2.2291725852272726,32.72727272727273,45.45454545454545,100.0,100.0,100.0
C249,Chest,158,test/C249/Low_Dose/00000068.dcm,130.0,262144,4.655280590057373,115,2.452038043478261,14.782608695652174,40.869565217391305,100.0,100.0,100.0,0,,,,,,,59,2.456615383342161,16.949152542372882,40.67796610169491,100.0,100.0,100.0,56,2.4472154889787947,12.5,41.07142857142857,100.0,100.0,100.0
C249,Chest,159,test/C249/Low_Dose/00000139.dcm,130.0,262144,4.643642902374268,118,2.4350110070180087,20.338983050847457,40.67796610169491,100.0,100.0,100.0,0,,,,,,,64,2.609498977661133,20.3125,35.9375,100.0,100.0,100.0,54,2.22821044921875,20.37037037037037,46.2962962962963,100.0,100.0,100.0
C249,Chest,160,test/C249/Low_Dose/00000306.dcm,130.0,262144,4.642659664154053,119,2.2908166196165967,22.689075630252102,42.016806722689076,100.0,100.0,100.0,0,,,,,,,68,2.2043690400965072,23.529411764705884,44.11764705882353,100.0,100.0,100.0,51,2.4060800589767157,21.568627450980394,39.21568627450981,100.0,100.0,100.0
C249,Chest,161,test/C249/Low_Dose/00000096.dcm,130.0,262144,4.619215965270996,129,2.249968772710756,17.829457364341085,43.41085271317829,100.0,100.0,100.0,0,,,,,,,68,2.489001105813419,11.764705882352942,39.705882352941174,100.0,100.0,100.0,61,1.9835064997438525,24.59016393442623,47.540983606557376,100.0,100.0,100.0
C249,Chest,162,test/C249/Low_Dose/00000106.dcm,130.0,262144,4.613076210021973,140,2.5293997628348213,11.428571428571429,32.142857142857146,100.0,100.0,100.0,0,,,,,,,73,2.5813623715753424,10.95890410958904,30.136986301369863,100.0,100.0,100.0,67,2.4727837861473883,11.940298507462687,34.32835820895522,100.0,100.0,100.0
C249,Chest,163,test/C249/Low_Dose/00000028.dcm,130.0,262144,4.594245910644531,110,2.2338068181818183,18.181818181818183,44.54545454545455,100.0,100.0,100.0,0,,,,,,,65,2.4310678335336537,13.846153846153847,36.92307692307692,100.0,100.0,100.0,45,1.9488742404513888,24.444444444444443,55.55555555555556,100.0,100.0,100.0
C249,Chest,164,test/C249/Low_Dose/00000342.dcm,130.0,262144,4.564606666564941,112,2.171358380998884,18.75,44.642857142857146,100.0,100.0,100.0,0,,,,,,,54,2.123989529079861,16.666666666666668,50.0,100.0,100.0,100.0,58,2.215460415544181,20.689655172413794,39.6551724137931,100.0,100.0,100.0
C249,Chest,165,test/C249/Low_Dose/00000305.dcm,130.0,262144,4.562081813812256,121,2.20138776794938,21.487603305785125,48.760330578512395,100.0,100.0,100.0,0,,,,,,,60,2.174637858072917,18.333333333333332,46.666666666666664,100.0,100.0,100.0,61,2.2276991547131146,24.59016393442623,50.81967213114754,100.0,100.0,100.0
C249,Chest,166,test/C249/Low_Dose/00000091.dcm,130.0,262144,4.57933235168457,144,2.2513834635416665,21.52777777777778,45.138888888888886,100.0,100.0,100.0,0,,,,,,,66,2.5371149236505683,15.151515151515152,31.818181818181817,100.0,100.0,100.0,78,2.0096106896033654,26.923076923076923,56.41025641025641,100.0,100.0,100.0
C249,Chest,167,test/C249/Low_Dose/00000127.dcm,130.0,262144,4.547150135040283,154,2.340751350700081,20.77922077922078,44.15584415584416,100.0,100.0,100.0,0,,,,,,,90,2.3606024848090277,21.11111111111111,42.22222222222222,100.0,100.0,100.0,64,2.312835693359375,20.3125,46.875,100.0,100.0,100.0
C249,Chest,168,test/C249/Low_Dose/00000004.dcm,130.0,262144,4.536113262176514,152,2.139908640008224,23.026315789473685,48.026315789473685,100.0,100.0,100.0,0,,,,,,,80,2.3240386962890627,23.75,42.5,100.0,100.0,100.0,72,1.9353196885850694,22.22222222222222,54.166666666666664,100.0,100.0,100.0
C249,Chest,169,test/C249/Low_Dose/00000024.dcm,130.0,262144,4.541236877441406,160,2.1017837524414062,28.125,47.5,100.0,100.0,100.0,0,,,,,,,70,1.8404767717633927,35.714285714285715,57.142857142857146,100.0,100.0,100.0,90,2.3050225151909722,22.22222222222222,40.0,100.0,100.0,100.0
C249,Chest,170,test/C249/Low_Dose/00000302.dcm,130.0,262144,4.5257463455200195,159,2.14631240172956,26.41509433962264,48.42767295597484,100.0,100.0,100.0,0,,,,,,,92,2.084274955417799,30.434782608695652,51.08695652173913,100.0,100.0,100.0,67,2.231498148903918,20.895522388059703,44.776119402985074,100.0,100.0,100.0
C249,Chest,171,test/C249/Low_Dose/00000123.dcm,130.0,262144,4.507440090179443,104,2.4324751633864183,19.23076923076923,36.53846153846154,100.0,100.0,100.0,0,,,,,,,53,2.435871628095519,18.867924528301888,35.84905660377358,100.0,100.0,100.0,51,2.428945503982843,19.607843137254903,37.254901960784316,100.0,100.0,100.0
C249,Chest,172,test/C249/Low_Dose/00000152.dcm,130.0,262144,4.513326168060303,100,2.0821044921875,29.0,49.0,100.0,100.0,100.0,0,,,,,,,53,2.133639353626179,26.41509433962264,49.056603773584904,100.0,100.0,100.0,47,2.0239907122672873,31.914893617021278,48.93617021276596,100.0,100.0,100.0
C249,Chest,173,test/C249/Low_Dose/00000180.dcm,130.0,262144,4.5128254890441895,111,2.4586489565737613,15.315315315315315,38.73873873873874,100.0,100.0,100.0,0,,,,,,,51,2.4260565065870097,13.72549019607843,37.254901960784316,100.0,100.0,100.0,60,2.4863525390625,16.666666666666668,40.0,100.0,100.0,100.0
C249,Chest,174,test/C249/Low_Dose/00000013.dcm,130.0,262144,4.51858377456665,119,2.30520245207458,23.529411764705884,42.857142857142854,100.0,100.0,100.0,0,,,,,,,54,2.565533673321759,14.814814814814815,37.03703703703704,100.0,100.0,100.0,65,2.088927283653846,30.76923076923077,47.69230769230769,100.0,100.0,100.0
C249,Chest,175,test/C249/Low_Dose/00000304.dcm,130.0,262144,4.504292011260986,117,2.3860489282852564,17.94871794871795,41.02564102564103,100.0,100.0,100.0,0,,,,,,,65,2.5286846454326923,16.923076923076923,33.84615384615385,100.0,100.0,100.0,52,2.2077542818509617,19.23076923076923,50.0,100.0,100.0,100.0
C249,Chest,176,test/C249/Low_Dose/00000217.dcm,130.0,262144,4.491508960723877,102,2.1428414139093137,22.54901960784314,45.09803921568628,100.0,100.0,100.0,0,,,,,,,55,2.0909379438920452,20.0,47.27272727272727,100.0,100.0,100.0,47,2.203579517121011,25.53191489361702,42.5531914893617,100.0,100.0,100.0
C249,Chest,177,test/C249/Low_Dose/00000260.dcm,130.0,262144,4.503561973571777,135,2.249166304976852,25.185185185185187,45.925925925925924,100.0,100.0,100.0,0,,,,,,,66,2.2113148082386362,24.242424242424242,51.515151515151516,100.0,100.0,100.0,69,2.2853720844655796,26.08695652173913,40.57971014492754,100.0,100.0,100.0
C249,Chest,178,test/C249/Low_Dose/00000233.dcm,130.0,262144,4.512737274169922,117,2.35070070446047,19.65811965811966,41.88034188034188,100.0,100.0,100.0,0,,,,,,,73,2.36586479291524,17.80821917808219,42.465753424657535,100.0,100.0,100.0,44,2.3255421031605112,22.727272727272727,40.90909090909091,100.0,100.0,100.0
C249,Chest,179,test/C249/Low_Dose/00000194.dcm,130.0,262144,4.50121545791626,88,2.2942449396306817,19.318181818181817,39.77272727272727,100.0,100.0,100.0,0,,,,,,,46,2.202039635699728,15.217391304347826,41.30434782608695,100.0,100.0,100.0,42,2.395231701078869,23.80952380952381,38.095238095238095,100.0,100.0,100.0
C249,Chest,180,test/C249/Low_Dose/00000300.dcm,130.0,262144,4.5128397941589355,114,2.2980882075794957,24.56140350877193,44.73684210526316,100.0,100.0,100.0,0,,,,,,,68,2.401119456571691,22.058823529411764,44.11764705882353,100.0,100.0,100.0,46,2.1457811438519023,28.26086956521739,45.65217391304348,100.0,100.0,100.0
C249,Chest,181,test/C249/Low_Dose/00000015.dcm,130.0,262144,4.53661584854126,108,2.4450061939380787,22.22222222222222,35.18518518518518,100.0,100.0,100.0,0,,,,,,,52,2.5161531888521633,28.846153846153847,38.46153846153846,100.0,100.0,100.0,56,2.378941127232143,16.071428571428573,32.142857142857146,100.0,100.0,100.0
C249,Chest,182,test/C249/Low_Dose/00000150.dcm,130.0,262144,4.536177158355713,101,2.2707156946163365,19.801980198019802,46.53465346534654,100.0,100.0,100.0,0,,,,,,,50,2.20997314453125,22.0,50.0,100.0,100.0,100.0,51,2.330267214307598,17.647058823529413,43.13725490196079,100.0,100.0,100.0
C249,Chest,183,test/C249/Low_Dose/00000047.dcm,130.0,262144,4.544821262359619,111,2.4498433980855854,18.91891891891892,36.93693693693694,100.0,100.0,100.0,0,,,,,,,57,2.338721559758772,19.29824561403509,40.35087719298246,100.0,100.0,100.0,54,2.567138671875,18.51851851851852,33.333333333333336,100.0,100.0,100.0
C249,Chest,184,test/C249/Low_Dose/00000146.dcm,130.0,262144,4.568893909454346,84,2.1398983909970237,28.571428571428573,54.76190476190476,100.0,100.0,100.0,0,,,,,,,36,2.1851671006944446,30.555555555555557,61.111111111111114,100.0,100.0,100.0,48,2.1059468587239585,27.083333333333332,50.0,100.0,100.0,100.0
C249,Chest,185,test/C249/Low_Dose/00000267.dcm,130.0,262144,4.565728664398193,111,2.098249005841779,20.72072072072072,52.252252252252255,100.0,100.0,100.0,0,,,,,,,49,2.1772411112882653,20.408163265306122,46.93877551020408,100.0,100.0,100.0,62,2.0358197612147175,20.967741935483872,56.45161290322581,100.0,100.0,100.0
C249,Chest,186,test/C249/Low_Dose/00000330.dcm,130.0,262144,4.567109107971191,120,2.275640869140625,19.166666666666668,43.333333333333336,100.0,100.0,100.0,0,,,,,,,67,2.3903134474113807,17.91044776119403,41.791044776119406,100.0,100.0,100.0,53,2.1306774211379715,20.754716981132077,45.283018867924525,100.0,100.0,100.0
C249,Chest,187,test/C249/Low_Dose/00000080.dcm,130.0,262144,4.570512294769287,130,2.2494826096754807,20.0,41.53846153846154,100.0,100.0,100.0,0,,,,,,,70,2.29033203125,18.571428571428573,40.0,100.0,100.0,100.0,60,2.201824951171875,21.666666666666668,43.333333333333336,100.0,100.0,100.0
C249,Chest,188,test/C249/Low_Dose/00000169.dcm,130.0,262144,4.557208061218262,117,2.1492826021634617,24.786324786324787,46.15384615384615,100.0,100.0,100.0,0,,,,,,,55,2.0606733842329548,25.454545454545453,50.90909090909091,100.0,100.0,100.0,62,2.2278875535534275,24.193548387096776,41.935483870967744,100.0,100.0,100.0
C249,Chest,189,test/C249/Low_Dose/00000073.dcm,130.0,262144,4.553221702575684,112,2.3962925502232144,16.071428571428573,37.5,100.0,100.0,100.0,0,,,,,,,52,2.3904348520132213,15.384615384615385,34.61538461538461,100.0,100.0,100.0,60,2.4013692220052083,16.666666666666668,40.0,100.0,100.0,100.0
C249,Chest,190,test/C249/Low_Dose/00000315.dcm,130.0,262144,4.57775354385376,143,2.322665981479458,16.783216783216783,46.85314685314685,100.0,100.0,100.0,0,,,,,,,62,2.41015625,16.129032258064516,46.774193548387096,100.0,100.0,100.0,81,2.2556981216242282,17.28395061728395,46.91358024691358,100.0,100.0,100.0
C249,Chest,191,test/C249/Low_Dose/00000348.dcm,130.0,262144,4.572870254516602,158,2.122502966772152,27.848101265822784,48.10126582278481,100.0,100.0,100.0,0,,,,,,,78,2.2458527393830128,20.512820512820515,46.15384615384615,100.0,100.0,100.0,80,2.0022369384765626,35.0,50.0,100.0,100.0,100.0
C249,Chest,192,test/C249/Low_Dose/00000329.dcm,130.0,262144,4.574082851409912,170,2.373773552389706,17.058823529411764,44.705882352941174,100.0,100.0,100.0,0,,,,,,,82,2.3272347799161586,15.853658536585366,45.1219512195122,100.0,100.0,100.0,88,2.4171392267400567,18.181818181818183,44.31818181818182,100.0,100.0,100.0
C249,Chest,193,test/C249/Low_Dose/00000019.dcm,130.0,262144,4.593701362609863,204,2.294766893573836,22.54901960784314,44.6078431372549,100.0,100.0,100.0,0,,,,,,,108,2.231658935546875,24.074074074074073,45.370370370370374,100.0,100.0,100.0,96,2.3657633463541665,20.833333333333332,43.75,100.0,100.0,100.0
C249,Chest,194,test/C249/Low_Dose/00000196.dcm,130.0,262144,4.570847988128662,195,2.3996068709935896,19.487179487179485,39.48717948717949,100.0,100.0,100.0,0,,,,,,,94,2.3106377784242023,25.53191489361702,39.361702127659576,100.0,100.0,100.0,101,2.4824097888304455,13.861386138613861,39.603960396039604,100.0,100.0,100.0
C249,Chest,195,test/C249/Low_Dose/00000237.dcm,130.0,262144,4.540355205535889,162,2.3678739571277005,17.28395061728395,39.50617283950617,100.0,100.0,100.0,0,,,,,,,81,2.4888026861496915,18.51851851851852,35.80246913580247,100.0,100.0,100.0,81,2.24694522810571,16.049382716049383,43.20987654320987,100.0,100.0,100.0
C249,Chest,196,test/C249/Low_Dose/00000134.dcm,130.0,262144,4.541287422180176,104,2.4459979717548075,18.26923076923077,35.57692307692308,100.0,100.0,100.0,0,,,,,,,53,2.519989589475236,20.754716981132077,30.18867924528302,100.0,100.0,100.0,51,2.3691047219669117,15.686274509803921,41.1764705882353,100.0,100.0,100.0
C249,Chest,197,test/C249/Low_Dose/00000289.dcm,130.0,262144,4.513893127441406,133,2.170630433505639,24.06015037593985,47.36842105263158,100.0,100.0,100.0,0,,,,,,,76,2.3339731316817436,25.0,40.78947368421053,100.0,100.0,100.0,57,1.9528401692708333,22.80701754385965,56.14035087719298,100.0,100.0,100.0
C249,Chest,198,test/C249/Low_Dose/00000198.dcm,130.0,262144,4.518391132354736,177,2.4070817333156778,17.51412429378531,38.983050847457626,100.0,100.0,100.0,0,,,,,,,92,2.5091154679008154,14.130434782608695,33.69565217391305,100.0,100.0,100.0,85,2.2966452205882355,21.176470588235293,44.705882352941174,100.0,100.0,100.0
C249,Chest,199,test/C249/Low_Dose/00000327.dcm,130.0,262144,4.536285400390625,142,2.229737187775088,26.056338028169016,43.66197183098591,100.0,100.0,100.0,0,,,,,,,71,2.215270136443662,28.169014084507044,43.66197183098591,100.0,100.0,100.0,71,2.244204239106514,23.943661971830984,43.66197183098591,100.0,100.0,100.0
C249,Chest,200,test/C249/Low_Dose/00000124.dcm,130.0,262144,4.5160722732543945,155,2.2602688697076614,18.70967741935484,44.516129032258064,100.0,100.0,100.0,0,,,,,,,80,2.257557678222656,18.75,42.5,100.0,100.0,100.0,75,2.2631608072916665,18.666666666666668,46.666666666666664,100.0,100.0,100.0
C249,Chest,201,test/C249/Low_Dose/00000199.dcm,130.0,262144,4.494594097137451,172,2.222137451171875,22.093023255813954,44.76744186046512,100.0,100.0,100.0,0,,,,,,,85,2.2990277458639707,20.0,42.35294117647059,100.0,100.0,100.0,87,2.147014749461207,24.137931034482758,47.12643678160919,100.0,100.0,100.0
C249,Chest,202,test/C249/Low_Dose/00000143.dcm,130.0,262144,4.482645511627197,146,2.222350238120719,24.65753424657534,45.89041095890411,100.0,100.0,100.0,0,,,,,,,84,2.240843273344494,27.38095238095238,42.857142857142854,100.0,100.0,100.0,62,2.197295158140121,20.967741935483872,50.0,100.0,100.0,100.0
C249,Chest,203,test/C249/Low_Dose/00000219.dcm,130.0,262144,4.44596004486084,131,2.1476482362237594,22.137404580152673,47.32824427480916,100.0,100.0,100.0,0,,,,,,,71,2.141383211377641,22.535211267605632,45.070422535211264,100.0,100.0,100.0,60,2.1550618489583333,21.666666666666668,50.0,100.0,100.0,100.0
C249,Chest,204,test/C249/Low_Dose/00000094.dcm,130.0,262144,4.415863990783691,136,2.369306676528033,14.705882352941176,43.38235294117647,100.0,100.0,100.0,0,,,,,,,83,2.3850009412650603,14.457831325301205,39.75903614457831,100.0,100.0,100.0,53,2.3447288657134435,15.09433962264151,49.056603773584904,100.0,100.0,100.0
C249,Chest,205,test/C249/Low_Dose/00000064.dcm,130.0,262144,4.40525484085083,125,2.04315234375,25.6,53.6,100.0,100.0,100.0,0,,,,,,,65,2.2135760967548075,23.076923076923077,47.69230769230769,100.0,100.0,100.0,60,1.858526611328125,28.333333333333332,60.0,100.0,100.0,100.0
C249,Chest,206,test/C249/Low_Dose/00000343.dcm,130.0,262144,4.375754356384277,109,2.296379999283257,18.34862385321101,40.36697247706422,100.0,100.0,100.0,0,,,,,,,50,2.2721435546875,18.0,44.0,100.0,100.0,100.0,59,2.3169193591101696,18.64406779661017,37.28813559322034,100.0,100.0,100.0
C249,Chest,207,test/C249/Low_Dose/00000132.dcm,130.0,262144,4.372712135314941,110,2.229293545809659,18.181818181818183,43.63636363636363,100.0,100.0,100.0,0,,,,,,,51,2.353214039522059,11.764705882352942,41.1764705882353,100.0,100.0,100.0,59,2.12217583090572,23.728813559322035,45.76271186440678,100.0,100.0,100.0
C249,Chest,208,test/C249/Low_Dose/00000059.dcm,130.0,262144,4.367610454559326,121,2.3355218556301653,14.049586776859504,37.1900826446281,100.0,100.0,100.0,0,,,,,,,55,2.5188654119318183,10.909090909090908,30.90909090909091,100.0,100.0,100.0,66,2.182735558712121,16.666666666666668,42.42424242424242,100.0,100.0,100.0
C249,Chest,209,test/C249/Low_Dose/00000083.dcm,130.0,262144,4.35942268371582,116,2.2446373248922415,21.551724137931036,39.6551724137931,100.0,100.0,100.0,0,,,,,,,55,2.1872092507102274,25.454545454545453,38.18181818181818,100.0,100.0,100.0,61,2.296416736039959,18.0327868852459,40.98360655737705,100.0,100.0,100.0
C249,Chest,210,test/C249/Low_Dose/00000051.dcm,130.0,262144,4.340424060821533,90,2.332248263888889,15.555555555555555,41.111111111111114,100.0,100.0,100.0,0,,,,,,,46,2.3708894149116846,15.217391304347826,36.95652173913044,100.0,100.0,100.0,44,2.2918506969105112,15.909090909090908,45.45454545454545,100.0,100.0,100.0
C249,Chest,211,test/C249/Low_Dose/00000041.dcm,130.0,262144,4.358165740966797,94,1.9600920981549201,29.78723404255319,52.12765957446808,100.0,100.0,100.0,0,,,,,,,45,1.9965033637152778,28.88888888888889,48.888888888888886,100.0,100.0,100.0,49,1.9266531808035714,30.612244897959183,55.10204081632653,100.0,100.0,100.0
C249,Chest,212,test/C249/Low_Dose/00000108.dcm,130.0,262144,4.334754467010498,108,2.1618584526909723,26.85185185185185,46.2962962962963,100.0,100.0,100.0,0,,,,,,,56,2.0745849609375,25.0,48.214285714285715,100.0,100.0,100.0,52,2.2558452899639425,28.846153846153847,44.23076923076923,100.0,100.0,100.0
C249,Chest,213,test/C249/Low_Dose/00000235.dcm,130.0,262144,4.32060432434082,110,2.2387140447443183,21.818181818181817,46.36363636363637,100.0,100.0,100.0,0,,,,,,,46,2.239884086277174,23.91304347826087,50.0,100.0,100.0,100.0,64,2.237873077392578,20.3125,43.75,100.0,100.0,100.0
C249,Chest,214,test/C249/Low_Dose/00000259.dcm,130.0,262144,4.34983491897583,102,2.038809982000613,27.45098039215686,50.98039215686274,100.0,100.0,100.0,0,,,,,,,65,2.0250939002403845,29.23076923076923,50.76923076923077,100.0,100.0,100.0,37,2.0629058013091215,24.324324324324323,51.351351351351354,100.0,100.0,100.0
C249,Chest,215,test/C249/Low_Dose/00000187.dcm,130.0,262144,4.321535110473633,112,2.05072021484375,28.571428571428573,50.892857142857146,100.0,100.0,100.0,0,,,,,,,51,2.0314558440563726,35.294117647058826,54.90196078431372,100.0,100.0,100.0,61,2.0668264920594264,22.950819672131146,47.540983606557376,100.0,100.0,100.0
C249,Chest,216,test/C249/Low_Dose/00000197.dcm,130.0,262144,4.319508075714111,123,2.0316330824441056,25.203252032520325,48.78048780487805,100.0,100.0,100.0,0,,,,,,,62,1.9061141475554435,33.87096774193548,51.61290322580645,100.0,100.0,100.0,61,2.159209704789959,16.39344262295082,45.90163934426229,100.0,100.0,100.0
C249,Chest,217,test/C249/Low_Dose/00000191.dcm,130.0,262144,4.338418006896973,103,2.2154706936438107,25.24271844660194,42.71844660194175,100.0,100.0,100.0,0,,,,,,,52,2.3910240760216346,19.23076923076923,32.69230769230769,100.0,100.0,100.0,51,2.0364750880821076,31.372549019607842,52.94117647058823,100.0,100.0,100.0
C249,Chest,218,test/C249/Low_Dose/00000290.dcm,130.0,262144,4.351674556732178,167,2.244935909431138,25.748502994011975,41.91616766467066,100.0,100.0,100.0,0,,,,,,,93,2.45826901671707,20.43010752688172,34.40860215053763,100.0,100.0,100.0,74,1.9768280854096283,32.432432432432435,51.351351351351354,100.0,100.0,100.0
C249,Chest,219,test/C249/Low_Dose/00000216.dcm,130.0,262144,4.350737571716309,178,2.1423202686095504,23.03370786516854,47.752808988764045,100.0,100.0,100.0,0,,,,,,,94,2.144688383061835,24.46808510638298,48.93617021276596,100.0,100.0,100.0,84,2.1396702357700894,21.428571428571427,46.42857142857143,100.0,100.0,100.0
C249,Chest,220,test/C249/Low_Dose/00000133.dcm,130.0,262144,4.362324237823486,162,2.1753758559992282,23.45679012345679,48.148148148148145,100.0,100.0,100.0,0,,,,,,,89,2.182016436973315,25.84269662921348,50.561797752808985,100.0,100.0,100.0,73,2.1672798052226026,20.54794520547945,45.205479452054796,100.0,100.0,100.0
C249,Chest,221,test/C249/Low_Dose/00000192.dcm,130.0,262144,4.322924613952637,156,2.072875194060497,25.0,44.87179487179487,100.0,100.0,100.0,0,,,,,,,75,1.8108056640625,33.333333333333336,52.0,100.0,100.0,100.0,81,2.3155321662808643,17.28395061728395,38.27160493827161,100.0,100.0,100.0
C249,Chest,222,test/C249/Low_Dose/00000346.dcm,130.0,262144,4.2996344566345215,110,2.0406227805397728,20.90909090909091,50.90909090909091,100.0,100.0,100.0,0,,,,,,,53,1.8659345518867925,22.641509433962263,60.37735849056604,100.0,100.0,100.0,57,2.203052186129386,19.29824561403509,42.10526315789474,100.0,100.0,100.0
C249,Chest,223,test/C249/Low_Dose/00000102.dcm,130.0,262144,4.3126068115234375,96,2.1056391398111978,30.208333333333332,45.833333333333336,100.0,100.0,100.0,0,,,,,,,49,2.1443693199936225,26.53061224489796,46.93877551020408,100.0,100.0,100.0,47,2.0652608668550534,34.04255319148936,44.680851063829785,100.0,100.0,100.0
C249,Chest,224,test/C249/Low_Dose/00000295.dcm,130.0,262144,4.297039985656738,106,1.9342962301002358,31.132075471698112,52.83018867924528,100.0,100.0,100.0,0,,,,,,,46,2.0286493716032608,23.91304347826087,47.82608695652174,100.0,100.0,100.0,60,1.8619588216145833,36.666666666666664,56.666666666666664,100.0,100.0,100.0
C249,Chest,225,test/C249/Low_Dose/00000278.dcm,130.0,262144,4.306385040283203,120,2.1353973388671874,24.166666666666668,46.666666666666664,100.0,100.0,100.0,0,,,,,,,51,2.1714034734987746,23.529411764705884,45.09803921568628,100.0,100.0,100.0,69,2.1087841089221016,24.63768115942029,47.82608695652174,100.0,100.0,100.0
C249,Chest,226,test/C249/Low_Dose/00000206.dcm,130.0,262144,4.344884395599365,122,2.063264440317623,26.229508196721312,50.81967213114754,100.0,100.0,100.0,0,,,,,,,59,2.0919292902542375,22.033898305084747,52.54237288135593,100.0,100.0,100.0,63,2.0364195808531744,30.158730158730158,49.20634920634921,100.0,100.0,100.0
C249,Chest,227,test/C249/Low_Dose/00000230.dcm,130.0,262144,4.352994918823242,113,2.1972051299778763,24.778761061946902,47.78761061946903,100.0,100.0,100.0,0,,,,,,,48,2.2701441446940103,20.833333333333332,45.833333333333336,100.0,100.0,100.0,65,2.1433424729567307,27.692307692307693,49.23076923076923,100.0,100.0,100.0
C249,Chest,228,test/C249/Low_Dose/00000138.dcm,130.0,262144,4.373828411102295,114,2.2063213147615133,20.17543859649123,43.85964912280702,100.0,100.0,100.0,0,,,,,,,57,2.27123809279057,15.789473684210526,43.85964912280702,100.0,100.0,100.0,57,2.1414045367324563,24.56140350877193,43.85964912280702,100.0,100.0,100.0
C249,Chest,229,test/C249/Low_Dose/00000246.dcm,130.0,262144,4.414184093475342,123,2.189841169651931,21.951219512195124,41.46341463414634,100.0,100.0,100.0,0,,,,,,,65,2.1631328876201925,24.615384615384617,41.53846153846154,100.0,100.0,100.0,58,2.2197728650323274,18.96551724137931,41.37931034482759,100.0,100.0,100.0
C249,Chest,230,test/C249/Low_Dose/00000321.dcm,130.0,262144,4.4086785316467285,126,2.2400658017113093,25.396825396825395,43.65079365079365,100.0,100.0,100.0,0,,,,,,,69,2.1966552734375,24.63768115942029,46.3768115942029,100.0,100.0,100.0,57,2.2926153885690788,26.31578947368421,40.35087719298246,100.0,100.0,100.0
C249,Chest,231,test/C249/Low_Dose/00000294.dcm,130.0,262144,4.424014091491699,129,2.3067768895348837,18.6046511627907,42.63565891472868,100.0,100.0,100.0,0,,,,,,,59,2.325176691604873,22.033898305084747,45.76271186440678,100.0,100.0,100.0,70,2.2912684849330356,15.714285714285714,40.0,100.0,100.0,100.0
C249,Chest,232,test/C249/Low_Dose/00000265.dcm,130.0,262144,4.462854862213135,116,2.2128822063577585,21.551724137931036,46.55172413793103,100.0,100.0,100.0,0,,,,,,,62,2.320397161668347,20.967741935483872,41.935483870967744,100.0,100.0,100.0,54,2.089439109519676,22.22222222222222,51.851851851851855,100.0,100.0,100.0
C249,Chest,233,test/C249/Low_Dose/00000178.dcm,130.0,262144,4.440344333648682,134,2.127077928229944,20.149253731343283,47.76119402985075,100.0,100.0,100.0,0,,,,,,,73,2.2973800032106166,15.068493150684931,43.83561643835616,100.0,100.0,100.0,61,1.9232738057120902,26.229508196721312,52.459016393442624,100.0,100.0,100.0
C249,Chest,234,test/C249/Low_Dose/00000140.dcm,130.0,262144,4.459526062011719,134,2.242721329874067,19.402985074626866,42.53731343283582,100.0,100.0,100.0,0,,,,,,,71,2.16302060409331,23.943661971830984,43.66197183098591,100.0,100.0,100.0,63,2.3325427827380953,14.285714285714286,41.26984126984127,100.0,100.0,100.0
C249,Chest,235,test/C249/Low_Dose/00000097.dcm,130.0,262144,4.490699768066406,152,2.24696189478824,26.31578947368421,45.39473684210526,100.0,100.0,100.0,0,,,,,,,79,2.2087108756922467,25.31645569620253,45.56962025316456,100.0,100.0,100.0,73,2.2883568332619864,27.397260273972602,45.205479452054796,100.0,100.0,100.0
C249,Chest,236,test/C249/Low_Dose/00000211.dcm,130.0,262144,4.480595111846924,146,2.154259250588613,23.28767123287671,46.57534246575342,100.0,100.0,100.0,0,,,,,,,76,2.2584646124588814,19.736842105263158,43.421052631578945,100.0,100.0,100.0,70,2.0411220005580355,27.142857142857142,50.0,100.0,100.0,100.0
C249,Chest,237,test/C249/Low_Dose/00000272.dcm,130.0,262144,4.4860148429870605,150,2.2099479166666667,22.666666666666668,44.0,100.0,100.0,100.0,0,,,,,,,74,2.1493348817567566,18.91891891891892,44.5945945945946,100.0,100.0,100.0,76,2.268965871710526,26.31578947368421,43.421052631578945,100.0,100.0,100.0
C249,Chest,238,test/C249/Low_Dose/00000316.dcm,130.0,262144,4.504133224487305,163,2.023122962998466,28.834355828220858,55.214723926380366,100.0,100.0,100.0,0,,,,,,,86,1.8703088095021803,30.232558139534884,63.95348837209303,100.0,100.0,100.0,77,2.1937985110592533,27.272727272727273,45.45454545454545,100.0,100.0,100.0
C249,Chest,239,test/C249/Low_Dose/00000322.dcm,130.0,262144,4.485279083251953,166,2.2424610551581323,25.903614457831324,44.57831325301205,100.0,100.0,100.0,0,,,,,,,78,2.335480518830128,23.076923076923077,42.30769230769231,100.0,100.0,100.0,88,2.160011985085227,28.40909090909091,46.59090909090909,100.0,100.0,100.0
C249,Chest,240,test/C249/Low_Dose/00000247.dcm,130.0,262144,4.466197490692139,147,2.381608405080782,19.727891156462587,41.49659863945578,100.0,100.0,100.0,0,,,,,,,84,2.391081310453869,20.238095238095237,41.666666666666664,100.0,100.0,100.0,63,2.3689778645833335,19.047619047619047,41.26984126984127,100.0,100.0,100.0
C249,Chest,241,test/C249/Low_Dose/00000062.dcm,130.0,262144,4.485605239868164,139,2.312815275123651,22.302158273381295,42.44604316546763,100.0,100.0,100.0,0,,,,,,,73,2.160094378745719,27.397260273972602,49.31506849315068,100.0,100.0,100.0,66,2.4817338423295454,16.666666666666668,34.84848484848485,100.0,100.0,100.0
C249,Chest,242,test/C249/Low_Dose/00000155.dcm,130.0,262144,4.484435081481934,136,2.205126594094669,19.852941176470587,44.85294117647059,100.0,100.0,100.0,0,,,,,,,65,2.1615309495192307,21.53846153846154,44.61538461538461,100.0,100.0,100.0,71,2.2450380996919015,18.309859154929576,45.070422535211264,100.0,100.0,100.0
C249,Chest,243,test/C249/Low_Dose/00000266.dcm,130.0,262144,4.499649524688721,118,2.255157987950212,22.033898305084747,44.91525423728814,100.0,100.0,100.0,0,,,,,,,69,2.194887907608696,23.18840579710145,47.82608695652174,100.0,100.0,100.0,49,2.3400281010841835,20.408163265306122,40.816326530612244,100.0,100.0,100.0
C249,Chest,244,test/C249/Low_Dose/00000276.dcm,130.0,262144,4.5297698974609375,111,2.2467711852477477,18.01801801801802,47.747747747747745,100.0,100.0,100.0,0,,,,,,,64,2.1812801361083984,17.1875,51.5625,100.0,100.0,100.0,47,2.3359504862034575,19.148936170212767,42.5531914893617,100.0,100.0,100.0
C249,Chest,245,test/C249/Low_Dose/00000336.dcm,130.0,262144,4.515946865081787,126,2.2637542240203374,24.603174603174605,42.857142857142854,100.0,100.0,100.0,0,,,,,,,65,2.3205434945913463,21.53846153846154,41.53846153846154,100.0,100.0,100.0,61,2.2032410668545084,27.868852459016395,44.26229508196721,100.0,100.0,100.0
C249,Chest,246,test/C249/Low_Dose/00000255.dcm,130.0,262144,4.5323991775512695,157,2.265830264729299,19.745222929936304,45.859872611464965,100.0,100.0,100.0,0,,,,,,,88,2.2801569158380683,18.181818181818183,45.45454545454545,100.0,100.0,100.0,69,2.24755859375,21.73913043478261,46.3768115942029,100.0,100.0,100.0
C249,Chest,247,test/C249/Low_Dose/00000238.dcm,130.0,262144,4.5908942222595215,170,2.2357192095588236,22.941176470588236,42.94117647058823,100.0,100.0,100.0,0,,,,,,,93,2.252640919018817,22.580645161290324,45.16129032258065,100.0,100.0,100.0,77,2.2152813007305197,23.376623376623378,40.25974025974026,100.0,100.0,100.0
C249,Chest,248,test/C249/Low_Dose/00000212.dcm,130.0,262144,4.59464168548584,162,2.244115005304784,20.987654320987655,45.67901234567901,100.0,100.0,100.0,0,,,,,,,78,2.2687127529046474,23.076923076923077,42.30769230769231,100.0,100.0,100.0,84,2.2212742396763394,19.047619047619047,48.80952380952381,100.0,100.0,100.0
C249,Chest,249,test/C249/Low_Dose/00000172.dcm,130.0,262144,4.6445512771606445,163,2.2972149995207056,19.01840490797546,42.94478527607362,100.0,100.0,100.0,0,,,,,,,91,2.2565394810267856,17.582417582417584,46.15384615384615,100.0,100.0,100.0,72,2.348624335394965,20.833333333333332,38.888888888888886,100.0,100.0,100.0
C249,Chest,250,test/C249/Low_Dose/00000087.dcm,130.0,262144,4.716492176055908,122,2.2157662813780736,21.311475409836067,48.36065573770492,100.0,100.0,100.0,0,,,,,,,67,2.2840375757929103,22.388059701492537,46.26865671641791,100.0,100.0,100.0,55,2.132599431818182,20.0,50.90909090909091,100.0,100.0,100.0
C249,Chest,251,test/C249/Low_Dose/00000115.dcm,130.0,262144,4.7601213455200195,128,2.511651039123535,10.9375,39.0625,100.0,100.0,100.0,0,,,,,,,78,2.57977294921875,11.538461538461538,37.17948717948718,100.0,100.0,100.0,50,2.405380859375,10.0,42.0,100.0,100.0,100.0
C249,Chest,252,test/C249/Low_Dose/00000037.dcm,130.0,262144,4.808204174041748,103,2.1826823706765777,23.300970873786408,48.54368932038835,100.0,100.0,100.0,0,,,,,,,52,2.1867746206430287,26.923076923076923,50.0,100.0,100.0,100.0,51,2.178509880514706,19.607843137254903,47.05882352941177,100.0,100.0,100.0
C249,Chest,253,test/C249/Low_Dose/00000078.dcm,130.0,262144,4.887386322021484,122,2.5053790983606556,23.770491803278688,36.885245901639344,100.0,100.0,100.0,0,,,,,,,65,2.4526761568509614,24.615384615384617,38.46153846153846,100.0,100.0,100.0,57,2.565478943941886,22.80701754385965,35.08771929824562,100.0,100.0,100.0
C249,Chest,254,test/C249/Low_Dose/00000205.dcm,130.0,262144,4.909046649932861,119,2.3720077386423317,17.647058823529413,41.1764705882353,100.0,100.0,100.0,0,,,,,,,62,2.1987088111139115,20.967741935483872,43.54838709677419,100.0,100.0,100.0,57,2.5605083264802633,14.035087719298245,38.59649122807018,100.0,100.0,100.0
C249,Chest,255,test/C249/Low_Dose/00000285.dcm,130.0,262144,4.947940349578857,111,2.2875349714949325,24.324324324324323,45.04504504504504,100.0,100.0,100.0,0,,,,,,,49,2.32564622528699,22.448979591836736,46.93877551020408,100.0,100.0,100.0,62,2.257414787046371,25.806451612903224,43.54838709677419,100.0,100.0,100.0
C249,Chest,256,test/C249/Low_Dose/00000229.dcm,130.0,262144,5.012409687042236,112,2.5023345947265625,19.642857142857142,41.964285714285715,100.0,100.0,100.0,0,,,,,,,46,2.702336850373641,19.565217391304348,32.608695652173914,100.0,100.0,100.0,66,2.362939083214962,19.696969696969695,48.484848484848484,100.0,100.0,100.0
C249,Chest,257,test/C249/Low_Dose/00000066.dcm,130.0,262144,5.029762268066406,107,2.2002717490508177,22.429906542056074,48.598130841121495,100.0,100.0,100.0,0,,,,,,,50,2.3512939453125,14.0,44.0,100.0,100.0,100.0,57,2.0677961382949563,29.82456140350877,52.63157894736842,100.0,100.0,100.0
C249,Chest,258,test/C249/Low_Dose/00000310.dcm,130.0,262144,5.0715484619140625,108,2.5890785499855324,20.37037037037037,36.111111111111114,100.0,100.0,100.0,0,,,,,,,49,2.6863390864158165,22.448979591836736,34.69387755102041,100.0,100.0,100.0,59,2.5083028502383473,18.64406779661017,37.28813559322034,100.0,100.0,100.0
C249,Chest,259,test/C249/Low_Dose/00000345.dcm,130.0,262144,5.140266418457031,140,2.5136710030691964,22.142857142857142,38.57142857142857,99.28571428571429,100.0,100.0,0,,,,,,,79,2.4008974485759493,26.582278481012658,41.77215189873418,98.73417721518987,100.0,100.0,61,2.6597219998719264,16.39344262295082,34.42622950819672,100.0,100.0,100.0
C249,Chest,260,test/C249/Low_Dose/00000311.dcm,130.0,262144,5.1807684898376465,106,2.393440678434552,23.58490566037736,45.283018867924525,98.11320754716981,100.0,100.0,0,,,,,,,44,2.509671297940341,18.181818181818183,43.18181818181818,97.72727272727273,100.0,100.0,62,2.3109544323336695,27.419354838709676,46.774193548387096,98.38709677419355,100.0,100.0
C249,Chest,261,test/C249/Low_Dose/00000333.dcm,130.0,262144,5.199111461639404,101,2.583550481512995,21.782178217821784,34.65346534653465,98.01980198019803,100.0,100.0,0,,,,,,,53,2.5818953604068398,15.09433962264151,30.18867924528302,100.0,100.0,100.0,48,2.5853780110677085,29.166666666666668,39.583333333333336,95.83333333333333,100.0,100.0
C249,Chest,262,test/C249/Low_Dose/00000293.dcm,130.0,262144,5.275182723999023,92,2.759910251783288,19.565217391304348,33.69565217391305,91.30434782608695,100.0,100.0,0,,,,,,,49,2.71817701690051,18.367346938775512,34.69387755102041,91.83673469387755,100.0,100.0,43,2.8074667287427326,20.930232558139537,32.55813953488372,90.69767441860465,100.0,100.0
C249,Chest,263,test/C249/Low_Dose/00000279.dcm,130.0,262144,5.25730037689209,123,2.582104690675813,16.260162601626018,34.146341463414636,95.9349593495935,100.0,100.0,0,,,,,,,62,2.714753181703629,8.064516129032258,24.193548387096776,95.16129032258064,100.0,100.0,61,2.4472816342213113,24.59016393442623,44.26229508196721,96.72131147540983,100.0,100.0
C249,Chest,264,test/C249/Low_Dose/00000254.dcm,130.0,262144,5.28522253036499,99,2.92309693615846,15.151515151515152,27.272727272727273,95.95959595959596,100.0,100.0,0,,,,,,,55,3.0308038884943183,12.727272727272727,27.272727272727273,92.72727272727273,100.0,100.0,44,2.7884632457386362,18.181818181818183,27.272727272727273,100.0,100.0,100.0
C249,Chest,265,test/C249/Low_Dose/00000188.dcm,130.0,262144,5.322216033935547,119,2.537323767397584,20.168067226890756,37.81512605042017,94.95798319327731,100.0,100.0,0,,,,,,,77,2.5174719079748376,23.376623376623378,40.25974025974026,93.50649350649351,100.0,100.0,42,2.5737188430059526,14.285714285714286,33.333333333333336,97.61904761904762,100.0,100.0
C249,Chest,266,test/C249/Low_Dose/00000210.dcm,130.0,262144,5.326689720153809,111,2.8804612718186937,14.414414414414415,27.92792792792793,95.49549549549549,100.0,100.0,0,,,,,,,58,2.8213185277478448,17.24137931034483,25.862068965517242,100.0,100.0,100.0,53,2.94518352004717,11.320754716981131,30.18867924528302,90.56603773584905,100.0,100.0
C249,Chest,267,test/C249/Low_Dose/00000157.dcm,130.0,262144,5.338369846343994,106,2.5587952811762973,20.754716981132077,36.79245283018868,94.33962264150944,100.0,100.0,0,,,,,,,62,2.5403914913054435,24.193548387096776,33.87096774193548,93.54838709677419,100.0,100.0,44,2.5847278941761362,15.909090909090908,40.90909090909091,95.45454545454545,100.0,100.0
C249,Chest,268,test/C249/Low_Dose/00000173.dcm,130.0,262144,5.3898210525512695,107,2.745443468896028,12.149532710280374,37.38317757009346,89.7196261682243,100.0,100.0,0,,,,,,,46,2.805905549422554,10.869565217391305,34.78260869565217,91.30434782608695,100.0,100.0,61,2.6998491130891393,13.114754098360656,39.34426229508197,88.52459016393442,100.0,100.0
C249,Chest,269,test/C249/Low_Dose/00000250.dcm,130.0,262144,5.397242546081543,110,2.5708562677556817,17.272727272727273,32.72727272727273,97.27272727272727,100.0,100.0,0,,,,,,,56,2.441308157784598,25.0,41.07142857142857,98.21428571428571,100.0,100.0,54,2.7052024558738426,9.25925925925926,24.074074074074073,96.29629629629629,100.0,100.0
C249,Chest,270,test/C249/Low_Dose/00000227.dcm,130.0,262144,5.427396297454834,128,2.7741756439208984,18.75,36.71875,92.1875,100.0,100.0,0,,,,,,,70,2.6680908203125,24.285714285714285,44.285714285714285,88.57142857142857,100.0,100.0,58,2.902209051724138,12.068965517241379,27.586206896551722,96.55172413793103,100.0,100.0
C249,Chest,271,test/C249/Low_Dose/00000090.dcm,130.0,262144,5.4537200927734375,118,2.828861559851695,16.949152542372882,35.59322033898305,91.52542372881356,100.0,100.0,0,,,,,,,52,3.0184467022235575,11.538461538461538,26.923076923076923,90.38461538461539,100.0,100.0,66,2.6794914476799243,21.21212121212121,42.42424242424242,92.42424242424242,100.0,100.0
C249,Chest,272,test/C249/Low_Dose/00000128.dcm,130.0,262144,5.456841468811035,133,2.587333507107613,25.56390977443609,41.35338345864662,90.22556390977444,100.0,100.0,0,,,,,,,72,2.9261661105685763,20.833333333333332,30.555555555555557,88.88888888888889,100.0,100.0,61,2.1873999423668034,31.147540983606557,54.09836065573771,91.80327868852459,100.0,100.0
C249,Chest,273,test/C249/Low_Dose/00000222.dcm,130.0,262144,5.450581073760986,140,2.703729248046875,13.571428571428571,32.142857142857146,95.71428571428571,100.0,100.0,0,,,,,,,87,2.7547874012212645,10.344827586206897,27.586206896551722,96.55172413793103,100.0,100.0,53,2.6199168079304247,18.867924528301888,39.62264150943396,94.33962264150944,100.0,100.0
C249,Chest,274,test/C249/Low_Dose/00000099.dcm,130.0,262144,5.461124420166016,151,2.872979776748758,15.2317880794702,33.77483443708609,90.06622516556291,100.0,100.0,0,,,,,,,78,2.782519218249199,20.512820512820515,38.46153846153846,88.46153846153847,100.0,100.0,73,2.969636263912671,9.58904109589041,28.767123287671232,91.78082191780823,100.0,100.0
C249,Chest,275,test/C249/Low_Dose/00000117.dcm,130.0,262144,5.476103782653809,179,2.9112385158432263,15.083798882681565,32.402234636871505,91.62011173184358,100.0,100.0,0,,,,,,,89,2.969792398174157,12.359550561797754,30.337078651685392,91.01123595505618,100.0,100.0,90,2.853335232204861,17.77777777777778,34.44444444444444,92.22222222222223,100.0,100.0
C249,Chest,276,test/C249/Low_Dose/00000263.dcm,130.0,262144,5.50956916809082,244,2.8235248503137806,15.573770491803279,36.47540983606557,90.1639344262295,100.0,100.0,0,,,,,,,136,2.959132475011489,16.176470588235293,33.088235294117645,86.02941176470588,100.0,100.0,108,2.652759693287037,14.814814814814815,40.74074074074074,95.37037037037037,100.0,100.0
C249,Chest,277,test/C249/Low_Dose/00000218.dcm,130.0,262144,5.552988529205322,223,2.960124610250841,15.246636771300448,30.94170403587444,86.99551569506727,100.0,100.0,0,,,,,,,128,2.9763717651367188,14.0625,34.375,86.71875,100.0,100.0,95,2.938233706825658,16.842105263157894,26.31578947368421,87.36842105263158,100.0,100.0
C249,Chest,278,test/C249/Low_Dose/00000301.dcm,130.0,262144,5.549723148345947,235,2.9066115359042555,18.29787234042553,33.191489361702125,88.51063829787235,100.0,100.0,0,,,,,,,119,2.905392430409664,20.168067226890756,34.45378151260504,90.75630252100841,100.0,100.0,116,2.907862169989224,16.379310344827587,31.896551724137932,86.20689655172414,100.0,100.0
C249,Chest,279,test/C249/Low_Dose/00000269.dcm,130.0,262144,5.584113121032715,245,2.733650051817602,17.142857142857142,38.775510204081634,88.16326530612245,100.0,100.0,0,,,,,,,132,2.6926435990767046,17.424242424242426,40.15151515151515,89.39393939393939,100.0,100.0,113,2.781551394842367,16.8141592920354,37.16814159292036,86.72566371681415,100.0,100.0
C249,Chest,280,test/C249/Low_Dose/00000258.dcm,130.0,262144,5.616638660430908,181,2.8008304827779695,17.679558011049725,35.91160220994475,93.37016574585635,100.0,100.0,0,,,,,,,95,2.814035516036184,18.94736842105263,34.73684210526316,93.6842105263158,100.0,100.0,86,2.786243527434593,16.27906976744186,37.2093023255814,93.02325581395348,100.0,100.0
C249,Chest,281,test/C249/Low_Dose/00000242.dcm,130.0,262144,5.607137680053711,126,2.906832256014385,15.079365079365079,29.365079365079364,87.3015873015873,100.0,100.0,0,,,,,,,58,3.0914706526131464,15.517241379310345,25.862068965517242,81.03448275862068,100.0,100.0,68,2.749346564797794,14.705882352941176,32.35294117647059,92.6470588235294,100.0,100.0
C249,Chest,282,test/C249/Low_Dose/00000018.dcm,130.0,262144,5.618958473205566,110,3.0145585493607956,16.363636363636363,28.181818181818183,90.9090909090909,100.0,100.0,0,,,,,,,63,2.943661644345238,19.047619047619047,31.746031746031747,93.65079365079364,100.0,100.0,47,3.1095905709773937,12.76595744680851,23.404255319148938,87.23404255319149,100.0,100.0
C249,Chest,283,test/C249/Low_Dose/00000273.dcm,130.0,262144,5.671566963195801,122,2.9715466108478483,15.573770491803279,31.147540983606557,88.52459016393442,100.0,100.0,0,,,,,,,64,2.929056167602539,18.75,28.125,90.625,100.0,100.0,58,3.0184326171875,12.068965517241379,34.48275862068966,86.20689655172414,100.0,100.0
C249,Chest,284,test/C249/Low_Dose/00000200.dcm,130.0,262144,5.681530475616455,98,3.1412490533322703,13.26530612244898,25.510204081632654,84.6938775510204,100.0,100.0,0,,,,,,,54,2.9762980143229165,14.814814814814815,25.925925925925927,90.74074074074075,100.0,100.0,44,3.34368896484375,11.363636363636363,25.0,77.27272727272727,100.0,100.0
C249,Chest,285,test/C249/Low_Dose/00000331.dcm,130.0,262144,5.721139430999756,108,2.7336900499131946,19.444444444444443,35.18518518518518,90.74074074074075,100.0,100.0,0,,,,,,,58,3.0738357017780173,15.517241379310345,27.586206896551722,87.93103448275862,100.0,100.0,50,2.33912109375,24.0,44.0,94.0,100.0,100.0
C249,Chest,286,test/C249/Low_Dose/00000077.dcm,130.0,262144,5.763463020324707,134,2.8702192164179103,14.925373134328359,36.56716417910448,87.31343283582089,100.0,100.0,0,,,,,,,68,2.8427931841681984,16.176470588235293,35.294117647058826,89.70588235294117,100.0,100.0,66,2.898476340553977,13.636363636363637,37.878787878787875,84.84848484848484,100.0,100.0
C249,Chest,287,test/C249/Low_Dose/00000121.dcm,130.0,262144,5.794206619262695,139,2.895806401753597,16.546762589928058,32.37410071942446,88.48920863309353,100.0,100.0,0,,,,,,,73,3.1346452268835616,12.32876712328767,24.65753424657534,89.04109589041096,100.0,100.0,66,2.6316361860795454,21.21212121212121,40.90909090909091,87.87878787878788,100.0,100.0
C249,Chest,288,test/C249/Low_Dose/00000006.dcm,130.0,262144,5.818818092346191,94,2.663330078125,23.404255319148938,42.5531914893617,88.29787234042553,100.0,100.0,0,,,,,,,48,2.8459294637044272,18.75,35.416666666666664,85.41666666666667,100.0,100.0,46,2.472791588824728,28.26086956521739,50.0,91.30434782608695,100.0,100.0
C249,Chest,289,test/C249/Low_Dose/00000249.dcm,130.0,262144,5.844767093658447,122,3.0285784611936477,13.934426229508198,36.0655737704918,85.24590163934427,100.0,100.0,0,,,,,,,69,2.9809605695199277,14.492753623188406,39.130434782608695,85.5072463768116,100.0,100.0,53,3.0905715654481134,13.20754716981132,32.075471698113205,84.90566037735849,100.0,100.0
C249,Chest,290,test/C249/Low_Dose/00000337.dcm,130.0,262144,5.851911544799805,133,2.859542961407425,15.789473684210526,30.827067669172934,89.47368421052632,100.0,100.0,0,,,,,,,70,2.7146519252232144,15.714285714285714,34.285714285714285,91.42857142857143,100.0,100.0,63,3.0205330016121033,15.873015873015873,26.984126984126984,87.3015873015873,100.0,100.0
C249,Chest,291,test/C249/Low_Dose/00000111.dcm,130.0,262144,5.8680620193481445,110,2.971932705965909,11.818181818181818,36.36363636363637,85.45454545454545,100.0,100.0,0,,,,,,,60,2.9396321614583334,11.666666666666666,36.666666666666664,85.0,100.0,100.0,50,3.010693359375,12.0,36.0,86.0,100.0,100.0
C249,Chest,292,test/C249/Low_Dose/00000070.dcm,130.0,262144,5.909786224365234,121,2.9335584404054753,14.049586776859504,35.53719008264463,85.12396694214875,100.0,100.0,0,,,,,,,69,2.9132575435914854,10.144927536231885,36.231884057971016,88.40579710144928,100.0,100.0,52,2.9604961688701925,19.23076923076923,34.61538461538461,80.76923076923077,100.0,100.0
C249,Chest,293,test/C249/Low_Dose/00000232.dcm,130.0,262144,5.936481475830078,113,2.8629107179894913,19.469026548672566,34.51327433628319,84.95575221238938,100.0,100.0,0,,,,,,,54,3.1547602900752314,12.962962962962964,27.77777777777778,81.48148148148148,100.0,100.0,59,2.595794160487288,25.423728813559322,40.67796610169491,88.13559322033899,100.0,100.0
C249,Chest,294,test/C249/Low_Dose/00000067.dcm,130.0,262144,5.984055995941162,119,3.0037749474789917,13.445378151260504,36.97478991596638,82.3529411764706,100.0,100.0,0,,,,,,,63,2.9025704520089284,9.523809523809524,36.507936507936506,88.88888888888889,100.0,100.0,56,3.1176300048828125,17.857142857142858,37.5,75.0,100.0,100.0
C249,Chest,295,test/C249/Low_Dose/00000347.dcm,130.0,262144,6.0159220695495605,133,3.164091870300752,17.293233082706767,30.827067669172934,81.95488721804512,100.0,100.0,0,,,,,,,73,3.088562847816781,19.17808219178082,31.506849315068493,83.56164383561644,100.0,100.0,60,3.2559855143229166,15.0,30.0,80.0,100.0,100.0
C249,Chest,296,test/C249/Low_Dose/00000026.dcm,130.0,262144,6.023403644561768,120,3.1046854654947915,15.833333333333334,30.833333333333332,83.33333333333333,100.0,100.0,0,,,,,,,60,3.0673197428385417,20.0,33.333333333333336,78.33333333333333,100.0,100.0,60,3.142051188151042,11.666666666666666,28.333333333333332,88.33333333333333,100.0,100.0
C249,Chest,297,test/C249/Low_Dose/00000005.dcm,130.0,262144,6.028536319732666,128,2.971620559692383,14.84375,32.8125,82.03125,100.0,100.0,0,,,,,,,63,2.8164178757440474,17.46031746031746,33.333333333333336,84.12698412698413,100.0,100.0,65,3.1220477764423076,12.307692307692308,32.30769230769231,80.0,100.0,100.0
C249,Chest,298,test/C249/Low_Dose/00000136.dcm,130.0,262144,6.040263652801514,131,3.0412029237237594,19.083969465648856,34.35114503816794,82.44274809160305,100.0,100.0,0,,,,,,,76,3.2159905684621712,17.105263157894736,32.89473684210526,77.63157894736842,100.0,100.0,55,2.7996781782670452,21.818181818181817,36.36363636363637,89.0909090909091,100.0,100.0
C249,Chest,299,test/C249/Low_Dose/00000326.dcm,130.0,262144,6.030524730682373,133,3.1714188425164473,18.045112781954888,28.571428571428573,82.70676691729324,100.0,100.0,0,,,,,,,82,3.1549012719131095,17.073170731707318,29.26829268292683,84.14634146341463,100.0,100.0,51,3.197976505055147,19.607843137254903,27.45098039215686,80.3921568627451,100.0,100.0
C249,Chest,300,test/C249/Low_Dose/00000209.dcm,130.0,262144,6.030813217163086,133,3.087149024906015,18.045112781954888,30.075187969924812,80.45112781954887,100.0,100.0,0,,,,,,,74,3.164074047191723,14.864864864864865,28.37837837837838,81.08108108108108,100.0,100.0,59,2.9906667935646185,22.033898305084747,32.20338983050848,79.66101694915254,100.0,100.0
C249,Chest,301,test/C249/Low_Dose/00000303.dcm,130.0,262144,6.055983543395996,160,3.2358375549316407,15.0,28.125,79.375,100.0,100.0,0,,,,,,,89,3.0837265186095504,15.730337078651685,32.58426966292135,80.89887640449439,100.0,100.0,71,3.426511952574824,14.084507042253522,22.535211267605632,77.46478873239437,100.0,100.0
C249,Chest,302,test/C249/Low_Dose/00000332.dcm,130.0,262144,6.044112205505371,144,2.7972132364908853,22.22222222222222,38.888888888888886,81.94444444444444,100.0,100.0,0,,,,,,,78,2.8487001076722755,20.512820512820515,38.46153846153846,82.05128205128206,100.0,100.0,66,2.736365116003788,24.242424242424242,39.39393939393939,81.81818181818181,100.0,100.0
C249,Chest,303,test/C249/Low_Dose/00000095.dcm,130.0,262144,6.037494659423828,156,3.0813136956630607,12.820512820512821,32.69230769230769,83.33333333333333,100.0,100.0,0,,,,,,,81,3.2241271219135803,11.11111111111111,27.160493827160494,80.24691358024691,100.0,100.0,75,2.9270751953125,14.666666666666666,38.666666666666664,86.66666666666667,100.0,100.0
C249,Chest,304,test/C249/Low_Dose/00000251.dcm,130.0,262144,6.0551581382751465,172,2.9983960528706395,14.534883720930232,35.46511627906977,84.88372093023256,100.0,100.0,0,,,,,,,108,3.1506901493778936,11.11111111111111,30.555555555555557,83.33333333333333,100.0,100.0,64,2.7413997650146484,20.3125,43.75,87.5,100.0,100.0
C249,Chest,305,test/C249/Low_Dose/00000270.dcm,130.0,262144,6.034585952758789,150,3.1164957682291665,13.333333333333334,30.666666666666668,81.33333333333333,100.0,100.0,0,,,,,,,68,3.150076473460478,16.176470588235293,30.88235294117647,82.3529411764706,100.0,100.0,82,3.0886483541349086,10.975609756097562,30.48780487804878,80.48780487804878,100.0,100.0
C249,Chest,306,test/C249/Low_Dose/00000299.dcm,130.0,262144,6.032758712768555,163,2.966081677770322,14.723926380368098,32.515337423312886,85.88957055214723,100.0,100.0,0,,,,,,,86,3.035477039425872,11.627906976744185,29.069767441860463,87.20930232558139,100.0,100.0,77,2.88857516994724,18.181818181818183,36.36363636363637,84.41558441558442,100.0,100.0
C249,Chest,307,test/C249/Low_Dose/00000307.dcm,130.0,262144,6.051100730895996,213,2.942240683685446,17.84037558685446,33.333333333333336,88.26291079812206,100.0,100.0,0,,,,,,,107,3.012939453125,14.953271028037383,32.71028037383178,88.78504672897196,100.0,100.0,106,2.8708749447228774,20.754716981132077,33.9622641509434,87.73584905660377,100.0,100.0
C249,Chest,308,test/C249/Low_Dose/00000149.dcm,130.0,262144,6.043107032775879,184,3.144031690514606,12.5,31.52173913043478,82.06521739130434,100.0,100.0,0,,,,,,,106,2.978626179245283,12.264150943396226,33.9622641509434,84.90566037735849,100.0,100.0,78,3.36881353916266,12.820512820512821,28.205128205128204,78.2051282051282,100.0,100.0
C249,Chest,309,test/C249/Low_Dose/00000109.dcm,130.0,262144,6.062869071960449,196,3.1500711246412627,18.367346938775512,32.6530612244898,79.08163265306122,100.0,100.0,0,,,,,,,104,3.335254375751202,17.307692307692307,29.807692307692307,74.03846153846153,100.0,100.0,92,2.9407335364300273,19.565217391304348,35.869565217391305,84.78260869565217,100.0,100.0
C249,Chest,310,test/C249/Low_Dose/00000055.dcm,130.0,262144,6.091264247894287,165,3.0807624585700757,13.333333333333334,32.72727272727273,83.63636363636364,100.0,100.0,0,,,,,,,100,3.17731201171875,14.0,30.0,84.0,100.0,100.0,65,2.9322246844951922,12.307692307692308,36.92307692307692,83.07692307692308,100.0,100.0
C249,Chest,311,test/C249/Low_Dose/00000154.dcm,130.0,262144,6.0773749351501465,209,3.0707768344422846,14.832535885167465,28.708133971291865,84.21052631578948,100.0,100.0,0,,,,,,,114,3.107752749794408,12.280701754385966,27.19298245614035,83.33333333333333,100.0,100.0,95,3.0264057360197367,17.894736842105264,30.526315789473685,85.26315789473684,100.0,100.0
C249,Chest,312,test/C249/Low_Dose/00000101.dcm,130.0,262144,6.095058917999268,159,2.950886276533019,16.9811320754717,38.36477987421384,85.53459119496856,100.0,100.0,0,,,,,,,87,2.8673123765265807,18.39080459770115,40.229885057471265,87.35632183908046,100.0,100.0,72,3.051871405707465,15.277777777777779,36.111111111111114,83.33333333333333,100.0,100.0
C249,Chest,313,test/C249/Low_Dose/00000103.dcm,130.0,262144,6.105700969696045,150,3.07212158203125,11.333333333333334,32.666666666666664,81.33333333333333,100.0,100.0,0,,,,,,,82,3.221242020769817,13.414634146341463,31.70731707317073,79.26829268292683,100.0,100.0,68,2.892299876493566,8.823529411764707,33.8235294117647,83.82352941176471,100.0,100.0
C249,Chest,314,test/C249/Low_Dose/00000131.dcm,130.0,262144,6.095654487609863,121,2.94027936951188,14.049586776859504,33.05785123966942,85.12396694214875,100.0,100.0,0,,,,,,,67,3.052891062266791,13.432835820895523,32.83582089552239,85.07462686567165,100.0,100.0,54,2.8005574544270835,14.814814814814815,33.333333333333336,85.18518518518519,100.0,100.0
C249,Chest,315,test/C249/Low_Dose/00000054.dcm,130.0,262144,6.085945129394531,130,2.9149029071514425,16.153846153846153,37.69230769230769,80.76923076923077,100.0,100.0,0,,,,,,,74,2.7503992029138513,20.27027027027027,39.189189189189186,83.78378378378379,100.0,100.0,56,3.1322828020368303,10.714285714285714,35.714285714285715,76.78571428571429,100.0,100.0
C249,Chest,316,test/C249/Low_Dose/00000162.dcm,130.0,262144,6.075550556182861,97,3.0339179284793816,16.49484536082474,30.927835051546392,81.44329896907216,100.0,100.0,0,,,,,,,51,2.9624071308210786,19.607843137254903,35.294117647058826,80.3921568627451,100.0,100.0,46,3.1132016389266304,13.043478260869565,26.08695652173913,82.6086956521739,100.0,100.0
C249,Chest,317,test/C249/Low_Dose/00000050.dcm,130.0,262144,6.072563648223877,115,3.137252674932065,14.782608695652174,30.434782608695652,80.0,100.0,100.0,0,,,,,,,60,3.175555419921875,18.333333333333332,31.666666666666668,78.33333333333333,100.0,100.0,55,3.095467862215909,10.909090909090908,29.09090909090909,81.81818181818181,100.0,100.0
C249,Chest,318,test/C249/Low_Dose/00000268.dcm,130.0,262144,6.061217784881592,110,3.2894864169034093,13.636363636363637,28.181818181818183,76.36363636363636,100.0,100.0,0,,,,,,,58,3.5422131768588363,8.620689655172415,24.137931034482758,75.86206896551724,100.0,100.0,52,3.007598876953125,19.23076923076923,32.69230769230769,76.92307692307692,100.0,100.0
C249,Chest,319,test/C249/Low_Dose/00000240.dcm,130.0,262144,6.071312427520752,147,3.112102067389456,16.3265306122449,29.931972789115648,81.63265306122449,100.0,100.0,0,,,,,,,70,3.1110159737723215,18.571428571428573,25.714285714285715,87.14285714285714,100.0,100.0,77,3.1130894252232144,14.285714285714286,33.76623376623377,76.62337662337663,100.0,100.0
C249,Chest,320,test/C249/Low_Dose/00000181.dcm,130.0,262144,6.070613384246826,146,3.0580828941031677,15.068493150684931,33.56164383561644,78.08219178082192,100.0,100.0,0,,,,,,,79,3.0121776725672467,15.189873417721518,32.91139240506329,81.0126582278481,100.0,100.0,67,3.1122099463619404,14.925373134328359,34.32835820895522,74.6268656716418,100.0,100.0
C249,Chest,321,test/C249/Low_Dose/00000163.dcm,130.0,262144,6.068706512451172,146,3.0090758441245717,12.32876712328767,30.136986301369863,82.1917808219178,100.0,100.0,0,,,,,,,76,2.9612250077097038,11.842105263157896,30.263157894736842,85.52631578947368,100.0,100.0,70,3.0610281808035715,12.857142857142858,30.0,78.57142857142857,100.0,100.0
C249,Chest,322,test/C249/Low_Dose/00000309.dcm,130.0,262144,6.0955586433410645,154,2.9272215211546264,19.48051948051948,33.76623376623377,84.41558441558442,100.0,100.0,0,,,,,,,84,2.9717349097842263,19.047619047619047,32.142857142857146,83.33333333333333,100.0,100.0,70,2.873805454799107,20.0,35.714285714285715,85.71428571428571,100.0,100.0
C249,Chest,323,test/C249/Low_Dose/00000253.dcm,130.0,262144,6.104645252227783,123,3.1133120156885163,17.073170731707318,31.70731707317073,82.11382113821138,100.0,100.0,0,,,,,,,63,3.285952613467262,14.285714285714286,30.158730158730158,77.77777777777777,100.0,100.0,60,2.9320393880208333,20.0,33.333333333333336,86.66666666666667,100.0,100.0
C249,Chest,324,test/C249/Low_Dose/00000203.dcm,130.0,262144,6.118935585021973,133,3.3007656470277253,18.796992481203006,27.81954887218045,72.93233082706767,100.0,100.0,0,,,,,,,64,3.528106689453125,17.1875,21.875,70.3125,100.0,100.0,69,3.089898593183877,20.28985507246377,33.333333333333336,75.3623188405797,100.0,100.0
C249,Chest,325,test/C249/Low_Dose/00000044.dcm,130.0,262144,6.135878562927246,145,2.884233566810345,20.0,37.93103448275862,81.37931034482759,100.0,100.0,0,,,,,,,83,3.0148793415850905,21.686746987951807,37.34939759036145,77.10843373493977,100.0,100.0,62,2.7093368038054435,17.741935483870968,38.70967741935484,87.09677419354838,100.0,100.0
C249,Chest,326,test/C249/Low_Dose/00000201.dcm,130.0,262144,6.141227722167969,134,3.2535400390625,13.432835820895523,29.850746268656717,79.85074626865672,100.0,100.0,0,,,,,,,76,3.2518535413240133,13.157894736842104,31.57894736842105,78.94736842105263,100.0,100.0,58,3.255749932650862,13.793103448275861,27.586206896551722,81.03448275862068,100.0,100.0
C249,Chest,327,test/C249/Low_Dose/00000113.dcm,130.0,262144,6.157831192016602,129,3.180320562318314,13.178294573643411,28.68217054263566,82.94573643410853,100.0,100.0,0,,,,,,,62,3.0424056514616935,14.516129032258064,30.64516129032258,90.3225806451613,100.0,100.0,67,3.307943315648321,11.940298507462687,26.865671641791046,76.11940298507463,100.0,100.0
C249,Chest,328,test/C249/Low_Dose/00000052.dcm,130.0,262144,6.183200359344482,118,3.2051153667902543,17.796610169491526,33.898305084745765,77.11864406779661,100.0,100.0,0,,,,,,,71,3.2300028196522885,18.309859154929576,32.394366197183096,74.64788732394366,100.0,100.0,47,3.1675194273603724,17.02127659574468,36.170212765957444,80.85106382978724,100.0,100.0
C249,Chest,329,test/C249/Low_Dose/00000116.dcm,130.0,262144,6.191049575805664,100,3.084556884765625,16.0,35.0,81.0,100.0,100.0,0,,,,,,,61,3.302882460297131,14.754098360655737,34.42622950819672,75.40983606557377,100.0,100.0,39,2.743073292267628,17.94871794871795,35.8974358974359,89.74358974358974,100.0,100.0
C249,Chest,330,test/C249/Low_Dose/00000147.dcm,130.0,262144,6.194873809814453,101,3.124110457920792,15.841584158415841,33.663366336633665,78.21782178217822,100.0,100.0,0,,,,,,,67,3.36933739505597,11.940298507462687,26.865671641791046,74.6268656716418,100.0,100.0,34,2.640869140625,23.529411764705884,47.05882352941177,85.29411764705883,100.0,100.0
C249,Chest,331,test/C249/Low_Dose/00000003.dcm,130.0,262144,6.211000919342041,110,3.2570079456676138,15.454545454545455,29.09090909090909,80.0,100.0,100.0,0,,,,,,,58,3.3252900222252153,15.517241379310345,27.586206896551722,79.3103448275862,100.0,100.0,52,3.18084716796875,15.384615384615385,30.76923076923077,80.76923076923077,100.0,100.0
C249,Chest,332,test/C249/Low_Dose/00000349.dcm,130.0,262144,6.193567752838135,115,3.496895168138587,10.434782608695652,24.347826086956523,73.91304347826087,100.0,100.0,0,,,,,,,62,3.427364226310484,14.516129032258064,27.419354838709676,72.58064516129032,100.0,100.0,53,3.5782332510318398,5.660377358490566,20.754716981132077,75.47169811320755,100.0,100.0
C249,Chest,333,test/C249/Low_Dose/00000225.dcm,130.0,262144,6.191901206970215,114,3.113501833196272,11.403508771929825,29.82456140350877,82.45614035087719,100.0,100.0,0,,,,,,,67,2.849574758045709,11.940298507462687,34.32835820895522,85.07462686567165,100.0,100.0,47,3.4897383020279253,10.638297872340425,23.404255319148938,78.72340425531915,100.0,100.0
C249,Chest,334,test/C249/Low_Dose/00000002.dcm,130.0,262144,6.185800075531006,87,3.1785481770833335,10.344827586206897,26.436781609195403,81.60919540229885,100.0,100.0,0,,,,,,,44,3.245749733664773,4.545454545454546,22.727272727272727,79.54545454545455,100.0,100.0,43,3.109783793604651,16.27906976744186,30.232558139534884,83.72093023255815,100.0,100.0
C249,Chest,335,test/C249/Low_Dose/00000007.dcm,130.0,262144,6.165379524230957,127,3.0084959015132875,16.53543307086614,32.28346456692913,81.88976377952756,100.0,100.0,0,,,,,,,72,3.0307549370659723,15.277777777777779,33.333333333333336,80.55555555555556,100.0,100.0,55,2.979356800426136,18.181818181818183,30.90909090909091,83.63636363636364,100.0,100.0
C249,Chest,336,test/C249/Low_Dose/00000214.dcm,130.0,262144,6.175042629241943,96,3.2138290405273438,17.708333333333332,27.083333333333332,78.125,100.0,100.0,0,,,,,,,60,3.431634521484375,11.666666666666666,25.0,75.0,100.0,100.0,36,2.8508199055989585,27.77777777777778,30.555555555555557,83.33333333333333,100.0,100.0
C249,Chest,337,test/C249/Low_Dose/00000314.dcm,130.0,262144,6.2082929611206055,90,3.406650119357639,8.88888888888889,20.0,80.0,100.0,100.0,0,,,,,,,49,3.564630002391582,10.204081632653061,18.367346938775512,75.51020408163265,100.0,100.0,41,3.217844893292683,7.317073170731708,21.951219512195124,85.36585365853658,100.0,100.0
C249,Chest,338,test/C249/Low_Dose/00000135.dcm,130.0,262144,6.189148902893066,95,3.1075580797697366,16.842105263157894,30.526315789473685,82.10526315789474,100.0,100.0,0,,,,,,,46,3.303474757982337,10.869565217391305,26.08695652173913,82.6086956521739,100.0,100.0,49,2.9236363002232144,22.448979591836736,34.69387755102041,81.63265306122449,100.0,100.0
C249,Chest,339,test/C249/Low_Dose/00000228.dcm,130.0,262144,6.173081874847412,107,2.958113910995911,14.953271028037383,35.51401869158879,85.98130841121495,100.0,100.0,0,,,,,,,54,3.2138807508680554,11.11111111111111,31.48148148148148,81.48148148148148,100.0,100.0,53,2.697521281692217,18.867924528301888,39.62264150943396,90.56603773584905,100.0,100.0
C249,Chest,340,test/C249/Low_Dose/00000350.dcm,130.0,262144,6.199602127075195,180,3.344887288411458,9.444444444444445,27.77777777777778,76.11111111111111,100.0,100.0,0,,,,,,,100,3.41248291015625,9.0,26.0,76.0,100.0,100.0,80,3.260392761230469,10.0,30.0,76.25,100.0,100.0
C249,Chest,341,test/C249/Low_Dose/00000118.dcm,130.0,262144,6.164552211761475,183,3.021108825350068,19.12568306010929,31.693989071038253,81.4207650273224,100.0,100.0,0,,,,,,,111,2.867822045678491,21.62162162162162,31.53153153153153,86.48648648648648,100.0,100.0,72,3.2574259440104165,15.277777777777779,31.944444444444443,73.61111111111111,100.0,100.0
C249,Chest,342,test/C249/Low_Dose/00000089.dcm,130.0,262144,6.154658794403076,178,3.135404093881671,13.48314606741573,32.58426966292135,80.33707865168539,100.0,100.0,0,,,,,,,82,3.388356278582317,9.75609756097561,23.170731707317074,76.82926829268293,100.0,100.0,96,2.9193407694498696,16.666666666666668,40.625,83.33333333333333,100.0,100.0
C249,Chest,343,test/C249/Low_Dose/00000126.dcm,130.0,262144,6.162255764007568,166,3.0820753717996987,12.650602409638553,30.120481927710845,84.33734939759036,100.0,100.0,0,,,,,,,84,2.716459728422619,15.476190476190476,34.523809523809526,91.66666666666667,100.0,100.0,82,3.456608469893293,9.75609756097561,25.609756097560975,76.82926829268293,100.0,100.0
C249,Chest,344,test/C249/Low_Dose/00000328.dcm,130.0,262144,6.167809963226318,187,3.146651487299465,13.903743315508022,27.807486631016044,83.42245989304813,100.0,100.0,0,,,,,,,108,3.265742549189815,10.185185185185185,25.925925925925927,81.48148148148148,100.0,100.0,79,2.983843453322785,18.9873417721519,30.379746835443036,86.07594936708861,100.0,100.0
C249,Chest,345,test/C249/Low_Dose/00000186.dcm,130.0,262144,6.168929100036621,156,3.030120067107372,20.512820512820515,37.17948717948718,80.76923076923077,100.0,100.0,0,,,,,,,81,3.1556275921103394,20.987654320987655,34.5679012345679,79.01234567901234,100.0,100.0,75,2.8945719401041665,20.0,40.0,82.66666666666667,100.0,100.0
C249,Chest,346,test/C249/Low_Dose/00000033.dcm,130.0,262144,6.202653884887695,196,3.0547167719626915,18.367346938775512,34.69387755102041,83.16326530612245,100.0,100.0,0,,,,,,,106,3.1679100180571935,14.150943396226415,29.245283018867923,81.13207547169812,100.0,100.0,90,2.9214002821180554,23.333333333333332,41.111111111111114,85.55555555555556,100.0,100.0
C249,Chest,347,test/C249/Low_Dose/00000165.dcm,130.0,262144,6.1685404777526855,181,3.2272834567075277,14.3646408839779,29.834254143646408,79.00552486187846,100.0,100.0,0,,,,,,,100,3.087506103515625,18.0,34.0,80.0,100.0,100.0,81,3.3998480902777777,9.876543209876543,24.691358024691358,77.77777777777777,100.0,100.0
C249,Chest,348,test/C249/Low_Dose/00000061.dcm,130.0,262144,6.169734001159668,156,3.008122370793269,18.58974358974359,34.61538461538461,80.12820512820512,100.0,100.0,0,,,,,,,87,3.1162796897449714,19.54022988505747,32.18390804597701,77.01149425287356,100.0,100.0,69,2.871750099071558,17.391304347826086,37.68115942028985,84.05797101449275,100.0,100.0
C249,Chest,349,test/C249/Low_Dose/00000176.dcm,130.0,262144,6.175848484039307,130,3.307342998798077,14.615384615384615,25.384615384615383,76.92307692307692,100.0,100.0,0,,,,,,,65,3.3364032451923076,15.384615384615385,23.076923076923077,78.46153846153847,100.0,100.0,65,3.2782827524038463,13.846153846153847,27.692307692307693,75.38461538461539,100.0,100.0
C280,Chest,0,test/C280/Low_Dose/00000085.dcm,130.0,262144,4.954276084899902,311,2.507583667227693,19.292604501607716,39.22829581993569,100.0,100.0,100.0,0,,,,,,,203,2.452323424992303,20.689655172413794,41.87192118226601,100.0,100.0,100.0,108,2.6114524558738426,16.666666666666668,34.25925925925926,100.0,100.0,100.0
C280,Chest,1,test/C280/Low_Dose/00000046.dcm,130.0,262144,4.947403907775879,268,2.462452447236474,21.64179104477612,41.791044776119406,100.0,100.0,100.0,0,,,,,,,181,2.431913091332873,22.099447513812155,40.331491712707184,100.0,100.0,100.0,87,2.525988348599138,20.689655172413794,44.827586206896555,100.0,100.0,100.0
C280,Chest,2,test/C280/Low_Dose/00000106.dcm,130.0,262144,4.987321376800537,264,2.428343339399858,19.696969696969695,42.04545454545455,100.0,100.0,100.0,0,,,,,,,155,2.4574376260080646,20.64516129032258,40.645161290322584,100.0,100.0,100.0,109,2.386970730002867,18.34862385321101,44.03669724770642,100.0,100.0,100.0
C280,Chest,3,test/C280/Low_Dose/00000319.dcm,130.0,262144,5.018020153045654,286,2.4888075181654283,16.783216783216783,38.46153846153846,100.0,100.0,100.0,0,,,,,,,185,2.4699588260135137,17.2972972972973,37.83783783783784,100.0,100.0,100.0,101,2.523332350324876,15.841584158415841,39.603960396039604,100.0,100.0,100.0
C280,Chest,4,test/C280/Low_Dose/00000369.dcm,130.0,262144,5.034456729888916,242,2.623339944634556,16.52892561983471,36.36363636363637,100.0,100.0,100.0,0,,,,,,,136,2.6842373118681064,15.441176470588236,36.76470588235294,100.0,100.0,100.0,106,2.545207473466981,17.92452830188679,35.84905660377358,100.0,100.0,100.0
C280,Chest,5,test/C280/Low_Dose/00000309.dcm,130.0,262144,5.071620941162109,287,2.526316572980183,20.557491289198605,37.97909407665505,100.0,100.0,100.0,0,,,,,,,164,2.487996171160442,23.78048780487805,42.073170731707314,100.0,100.0,100.0,123,2.577410442073171,16.260162601626018,32.520325203252035,100.0,100.0,100.0
C280,Chest,6,test/C280/Low_Dose/00000308.dcm,130.0,262144,5.072307586669922,294,2.3684439107674318,22.789115646258505,43.53741496598639,100.0,100.0,100.0,0,,,,,,,138,2.4898991239243657,23.18840579710145,38.405797101449274,100.0,100.0,100.0,156,2.2610027606670675,22.435897435897434,48.07692307692308,100.0,100.0,100.0
C280,Chest,7,test/C280/Low_Dose/00000207.dcm,130.0,262144,5.106924057006836,286,2.3777218265133304,22.377622377622377,41.25874125874126,100.0,100.0,100.0,0,,,,,,,163,2.4039666111483897,20.858895705521473,39.877300613496935,100.0,100.0,100.0,123,2.342942152566057,24.390243902439025,43.08943089430894,100.0,100.0,100.0
C280,Chest,8,test/C280/Low_Dose/00000299.dcm,130.0,262144,5.1869215965271,275,2.6919300426136363,19.272727272727273,34.18181818181818,97.0909090909091,100.0,100.0,0,,,,,,,151,2.7572401438327816,16.556291390728475,30.4635761589404,98.67549668874172,100.0,100.0,124,2.612399193548387,22.580645161290324,38.70967741935484,95.16129032258064,100.0,100.0
C280,Chest,9,test/C280/Low_Dose/00000111.dcm,130.0,262144,5.264590263366699,244,2.4180998254994877,21.311475409836067,42.21311475409836,97.1311475409836,100.0,100.0,0,,,,,,,118,2.5338414079051907,16.949152542372882,36.440677966101696,96.61016949152543,100.0,100.0,126,2.3097069149925593,25.396825396825395,47.61904761904762,97.61904761904762,100.0,100.0
C280,Chest,10,test/C280/Low_Dose/00000157.dcm,130.0,262144,5.3377604484558105,220,2.6303150523792613,16.818181818181817,37.27272727272727,95.0,100.0,100.0,0,,,,,,,119,2.6100458738182772,15.966386554621849,40.33613445378151,95.7983193277311,100.0,100.0,101,2.654196559792698,17.821782178217823,33.663366336633665,94.05940594059406,100.0,100.0
C280,Chest,11,test/C280/Low_Dose/00000041.dcm,130.0,262144,5.499558925628662,231,2.9106582707656927,17.316017316017316,35.93073593073593,87.44588744588745,100.0,100.0,0,,,,,,,95,2.9361443770559212,20.0,34.73684210526316,85.26315789473684,100.0,100.0,136,2.8928554759306064,15.441176470588236,36.76470588235294,88.97058823529412,100.0,100.0
C280,Chest,12,test/C280/Low_Dose/00000294.dcm,130.0,262144,5.638696193695068,240,2.5970240275065106,19.583333333333332,42.916666666666664,92.5,100.0,100.0,0,,,,,,,105,2.5420782180059525,22.857142857142858,45.714285714285715,92.38095238095238,100.0,100.0,135,2.6397596571180557,17.037037037037038,40.74074074074074,92.5925925925926,100.0,100.0
C280,Chest,13,test/C280/Low_Dose/00000282.dcm,130.0,262144,5.744197368621826,225,2.8465782335069445,20.0,36.44444444444444,86.66666666666667,100.0,100.0,0,,,,,,,100,2.84310546875,24.0,36.0,86.0,100.0,100.0,125,2.8493564453125,16.8,36.8,87.2,100.0,100.0
C280,Chest,14,test/C280/Low_Dose/00000190.dcm,130.0,262144,5.858749866485596,231,3.039662811147186,16.450216450216452,34.63203463203463,78.35497835497836,100.0,100.0,0,,,,,,,93,3.1515260101646505,17.204301075268816,31.182795698924732,76.34408602150538,100.0,100.0,138,2.9642767422441123,15.942028985507246,36.95652173913044,79.71014492753623,100.0,100.0
C280,Chest,15,test/C280/Low_Dose/00000124.dcm,130.0,262144,5.928508758544922,215,2.920695176235465,20.46511627906977,32.093023255813954,86.51162790697674,100.0,100.0,0,,,,,,,95,2.9867405941611844,18.94736842105263,33.68421052631579,83.15789473684211,100.0,100.0,120,2.8684092203776044,21.666666666666668,30.833333333333332,89.16666666666667,100.0,100.0
C280,Chest,16,test/C280/Low_Dose/00000181.dcm,130.0,262144,5.967681407928467,220,2.902276611328125,16.818181818181817,37.27272727272727,84.0909090909091,100.0,100.0,0,,,,,,,95,2.9905209189967104,10.526315789473685,34.73684210526316,85.26315789473684,100.0,100.0,125,2.8352109375,21.6,39.2,83.2,100.0,100.0
C280,Chest,17,test/C280/Low_Dose/00000273.dcm,130.0,262144,5.98958158493042,183,3.183082789019809,12.021857923497267,28.415300546448087,80.8743169398907,100.0,100.0,0,,,,,,,95,3.29345703125,8.421052631578947,25.263157894736842,81.05263157894737,100.0,100.0,88,3.0639287775213067,15.909090909090908,31.818181818181817,80.68181818181819,100.0,100.0
C280,Chest,18,test/C280/Low_Dose/00000159.dcm,130.0,262144,5.979198455810547,179,3.0710224172922485,17.877094972067038,29.608938547486034,81.56424581005587,100.0,100.0,0,,,,,,,75,3.348211263020833,16.0,22.666666666666668,74.66666666666667,100.0,100.0,104,2.8711266150841346,19.23076923076923,34.61538461538461,86.53846153846153,100.0,100.0
C280,Chest,19,test/C280/Low_Dose/00000341.dcm,130.0,262144,5.993533611297607,151,3.1367284509519866,14.56953642384106,29.13907284768212,80.79470198675497,100.0,100.0,0,,,,,,,64,2.8984603881835938,15.625,34.375,85.9375,100.0,100.0,87,3.312006106321839,13.793103448275861,25.28735632183908,77.01149425287356,100.0,100.0
C280,Chest,20,test/C280/Low_Dose/00000022.dcm,130.0,262144,5.977912902832031,135,2.986921296296296,13.333333333333334,34.81481481481482,82.96296296296296,100.0,100.0,0,,,,,,,64,2.9400882720947266,18.75,40.625,78.125,100.0,100.0,71,3.029136980083627,8.450704225352112,29.577464788732396,87.32394366197182,100.0,100.0
C280,Chest,21,test/C280/Low_Dose/00000147.dcm,130.0,262144,5.943612575531006,128,2.8451671600341797,20.3125,37.5,83.59375,100.0,100.0,0,,,,,,,64,2.9925594329833984,26.5625,35.9375,78.125,100.0,100.0,64,2.697774887084961,14.0625,39.0625,89.0625,100.0,100.0
C280,Chest,22,test/C280/Low_Dose/00000258.dcm,130.0,262144,5.863882541656494,130,2.99927978515625,13.846153846153847,32.30769230769231,86.92307692307692,100.0,100.0,0,,,,,,,71,3.008364395356514,12.67605633802817,28.169014084507044,90.14084507042253,100.0,100.0,59,2.9883474576271185,15.254237288135593,37.28813559322034,83.05084745762711,100.0,100.0
C280,Chest,23,test/C280/Low_Dose/00000242.dcm,130.0,262144,5.849544525146484,154,2.9522879464285716,16.233766233766232,32.467532467532465,85.06493506493507,100.0,100.0,0,,,,,,,80,3.1248825073242186,13.75,30.0,78.75,100.0,100.0,74,2.7656992319467903,18.91891891891892,35.13513513513514,91.89189189189189,100.0,100.0
C280,Chest,24,test/C280/Low_Dose/00000088.dcm,130.0,262144,5.789989471435547,166,2.7058590808546685,24.096385542168676,39.75903614457831,86.74698795180723,100.0,100.0,0,,,,,,,87,2.681017645474138,25.28735632183908,41.37931034482759,86.20689655172414,100.0,100.0,79,2.7332161046281644,22.78481012658228,37.9746835443038,87.34177215189874,100.0,100.0
C280,Chest,25,test/C280/Low_Dose/00000216.dcm,130.0,262144,5.772925853729248,153,2.6807813457414214,21.568627450980394,37.254901960784316,90.84967320261438,100.0,100.0,0,,,,,,,67,2.929631019706157,17.91044776119403,26.865671641791046,91.04477611940298,100.0,100.0,86,2.4869100881177326,24.41860465116279,45.348837209302324,90.69767441860465,100.0,100.0
C280,Chest,26,test/C280/Low_Dose/00000126.dcm,130.0,262144,5.816452980041504,198,2.922693117700442,14.141414141414142,34.343434343434346,88.88888888888889,100.0,100.0,0,,,,,,,91,2.9542196085164836,16.483516483516482,34.065934065934066,90.10989010989012,100.0,100.0,107,2.8958808685017523,12.149532710280374,34.57943925233645,87.85046728971963,100.0,100.0
C280,Chest,27,test/C280/Low_Dose/00000043.dcm,130.0,262144,5.794688701629639,266,2.762813252613957,22.55639097744361,36.8421052631579,86.84210526315789,100.0,100.0,0,,,,,,,141,2.6354391760859928,23.404255319148938,41.843971631205676,88.65248226950355,100.0,100.0,125,2.9064912109375,21.6,31.2,84.8,100.0,100.0
C280,Chest,28,test/C280/Low_Dose/00000346.dcm,130.0,262144,5.80479621887207,276,2.9009828429291216,14.492753623188406,34.78260869565217,88.40579710144928,100.0,100.0,0,,,,,,,129,2.9361401934956395,10.852713178294573,34.10852713178294,88.37209302325581,100.0,100.0,147,2.870130474064626,17.687074829931973,35.374149659863946,88.43537414965986,100.0,100.0
C280,Chest,29,test/C280/Low_Dose/00000087.dcm,130.0,262144,5.8760576248168945,314,2.997383652219347,16.24203821656051,32.48407643312102,86.30573248407643,100.0,100.0,0,,,,,,,150,3.0811783854166666,15.333333333333334,31.333333333333332,87.33333333333333,100.0,100.0,164,2.920742127953506,17.073170731707318,33.53658536585366,85.36585365853658,100.0,100.0
C280,Chest,30,test/C280/Low_Dose/00000202.dcm,130.0,262144,6.004992961883545,299,2.9681098453177257,15.050167224080267,34.11371237458194,82.94314381270902,100.0,100.0,0,,,,,,,134,2.995409609666511,14.17910447761194,29.850746268656717,88.05970149253731,100.0,100.0,165,2.945939127604167,15.757575757575758,37.57575757575758,78.78787878787878,100.0,100.0
C280,Chest,31,test/C280/Low_Dose/00000183.dcm,130.0,262144,6.075617790222168,303,3.172437812628919,14.191419141914192,29.372937293729372,80.52805280528052,100.0,100.0,0,,,,,,,164,3.0299623070693595,14.634146341463415,31.70731707317073,83.53658536585365,100.0,100.0,139,3.3405384091164567,13.66906474820144,26.618705035971225,76.97841726618705,100.0,100.0
C280,Chest,32,test/C280/Low_Dose/00000115.dcm,130.0,262144,6.182833194732666,264,3.0430307099313447,16.666666666666668,35.22727272727273,83.33333333333333,100.0,100.0,0,,,,,,,136,3.0504572251263786,12.5,32.35294117647059,85.29411764705883,100.0,100.0,128,3.035140037536621,21.09375,38.28125,81.25,100.0,100.0
C280,Chest,33,test/C280/Low_Dose/00000019.dcm,130.0,262144,6.219890594482422,259,2.9012696255127897,19.305019305019304,32.818532818532816,84.16988416988417,100.0,100.0,0,,,,,,,120,2.9303660074869793,19.166666666666668,30.833333333333332,85.83333333333333,100.0,100.0,139,2.876150446830036,19.424460431654676,34.53237410071942,82.73381294964028,100.0,100.0
C280,Chest,34,test/C280/Low_Dose/00000170.dcm,130.0,262144,6.229242324829102,236,2.951358601198358,16.52542372881356,36.016949152542374,80.50847457627118,100.0,100.0,0,,,,,,,100,2.8474951171875,20.0,40.0,82.0,100.0,100.0,136,3.0277288100298714,13.970588235294118,33.088235294117645,79.41176470588235,100.0,100.0
C280,Chest,35,test/C280/Low_Dose/00000229.dcm,130.0,262144,6.287609577178955,238,2.88374136275604,19.747899159663866,36.134453781512605,86.5546218487395,100.0,100.0,0,,,,,,,106,3.0667586416568398,15.09433962264151,30.18867924528302,85.84905660377359,100.0,100.0,132,2.7367729418205493,23.484848484848484,40.90909090909091,87.12121212121212,100.0,100.0
C280,Chest,36,test/C280/Low_Dose/00000149.dcm,130.0,262144,6.287452220916748,258,3.0162836119186047,18.217054263565892,34.49612403100775,80.62015503875969,100.0,100.0,0,,,,,,,130,2.949030949519231,16.923076923076923,38.46153846153846,78.46153846153847,100.0,100.0,128,3.0845870971679688,19.53125,30.46875,82.8125,100.0,100.0
C280,Chest,37,test/C280/Low_Dose/00000314.dcm,130.0,262144,6.285409450531006,246,2.9613945193407014,18.69918699186992,34.146341463414636,83.73983739837398,100.0,100.0,0,,,,,,,134,2.9344118032882465,20.149253731343283,38.059701492537314,82.08955223880596,100.0,100.0,112,2.993677411760603,16.964285714285715,29.464285714285715,85.71428571428571,100.0,100.0
C280,Chest,38,test/C280/Low_Dose/00000196.dcm,130.0,262144,6.309060096740723,256,3.023829460144043,18.75,32.03125,82.8125,100.0,100.0,0,,,,,,,133,2.9035873986724625,18.045112781954888,35.338345864661655,85.71428571428571,100.0,100.0,123,3.1538472989710367,19.51219512195122,28.45528455284553,79.67479674796748,100.0,100.0
C280,Chest,39,test/C280/Low_Dose/00000296.dcm,130.0,262144,6.290938377380371,256,3.1702942848205566,16.796875,34.765625,76.5625,100.0,100.0,0,,,,,,,142,3.2405490069322185,16.197183098591548,30.985915492957748,76.7605633802817,100.0,100.0,114,3.0827840169270835,17.54385964912281,39.473684210526315,76.3157894736842,100.0,100.0
C280,Chest,40,test/C280/Low_Dose/00000255.dcm,130.0,262144,6.282733917236328,227,3.2224863195209252,14.977973568281937,30.39647577092511,79.29515418502203,100.0,100.0,0,,,,,,,106,3.256675864165684,14.150943396226415,28.30188679245283,80.18867924528301,100.0,100.0,121,3.1925351481792354,15.702479338842975,32.231404958677686,78.51239669421487,100.0,100.0
C280,Chest,41,test/C280/Low_Dose/00000306.dcm,130.0,262144,6.210434913635254,218,3.014197673272649,15.596330275229358,32.11009174311926,85.3211009174312,100.0,100.0,0,,,,,,,108,3.2512647840711804,14.814814814814815,27.77777777777778,81.48148148148148,100.0,100.0,110,2.7814408735795455,16.363636363636363,36.36363636363637,89.0909090909091,100.0,100.0
C280,Chest,42,test/C280/Low_Dose/00000099.dcm,130.0,262144,6.201523303985596,171,3.1121012369791665,14.035087719298245,31.57894736842105,80.11695906432749,100.0,100.0,0,,,,,,,78,3.2204120342548075,16.666666666666668,29.487179487179485,71.7948717948718,100.0,100.0,93,3.0212599231350805,11.827956989247312,33.333333333333336,87.09677419354838,100.0,100.0
C280,Chest,43,test/C280/Low_Dose/00000114.dcm,130.0,262144,6.235854625701904,236,2.9944695941472457,16.10169491525424,33.47457627118644,82.20338983050847,100.0,100.0,0,,,,,,,128,3.0191612243652344,15.625,33.59375,82.03125,100.0,100.0,108,2.965205439814815,16.666666666666668,33.333333333333336,82.4074074074074,100.0,100.0
C280,Chest,44,test/C280/Low_Dose/00000167.dcm,130.0,262144,6.268111705780029,214,3.1311537127628504,16.35514018691589,34.57943925233645,78.97196261682242,100.0,100.0,0,,,,,,,106,3.3869456165241747,11.320754716981131,25.471698113207548,76.41509433962264,100.0,100.0,108,2.8800986961082176,21.296296296296298,43.51851851851852,81.48148148148148,100.0,100.0
C280,Chest,45,test/C280/Low_Dose/00000083.dcm,130.0,262144,6.345343112945557,251,3.1292058329183265,18.326693227091635,31.872509960159363,79.28286852589642,100.0,100.0,0,,,,,,,128,3.3653573989868164,16.40625,25.78125,77.34375,100.0,100.0,123,2.8834546096925813,20.32520325203252,38.21138211382114,81.30081300813008,100.0,100.0
C280,Chest,46,test/C280/Low_Dose/00000007.dcm,130.0,262144,6.389028549194336,247,3.114820719730516,15.789473684210526,34.008097165991906,79.75708502024291,100.0,100.0,0,,,,,,,119,2.9558290112920167,19.327731092436974,37.81512605042017,78.99159663865547,100.0,100.0,128,3.2626333236694336,12.5,30.46875,80.46875,100.0,100.0
C280,Chest,47,test/C280/Low_Dose/00000354.dcm,130.0,262144,6.4527268409729,264,3.367911598899148,13.257575757575758,25.0,76.13636363636364,100.0,100.0,0,,,,,,,133,3.398929452537594,13.533834586466165,24.81203007518797,75.18796992481202,100.0,100.0,131,3.3364201902433206,12.977099236641221,25.19083969465649,77.09923664122137,100.0,100.0
C280,Chest,48,test/C280/Low_Dose/00000203.dcm,130.0,262144,6.499065399169922,280,3.2963086809430804,16.428571428571427,27.142857142857142,76.07142857142857,100.0,100.0,0,,,,,,,139,3.1736173561151078,19.424460431654676,31.654676258992804,79.85611510791367,100.0,100.0,141,3.4172597032912235,13.47517730496454,22.69503546099291,72.34042553191489,100.0,100.0
C280,Chest,49,test/C280/Low_Dose/00000286.dcm,130.0,262144,6.541234493255615,281,3.1006862871163254,18.505338078291814,33.096085409252666,80.7829181494662,100.0,100.0,0,,,,,,,126,3.1937188042534723,15.079365079365079,30.158730158730158,80.95238095238095,100.0,100.0,155,3.025059853830645,21.29032258064516,35.483870967741936,80.64516129032258,100.0,100.0
C280,Chest,50,test/C280/Low_Dose/00000171.dcm,130.0,262144,6.546996593475342,246,3.2755206348450203,16.260162601626018,34.552845528455286,71.13821138211382,100.0,100.0,0,,,,,,,113,3.1498288855088497,15.929203539823009,37.16814159292036,71.68141592920354,100.0,100.0,133,3.3823113692434212,16.541353383458645,32.330827067669176,70.67669172932331,100.0,100.0
C280,Chest,51,test/C280/Low_Dose/00000012.dcm,130.0,262144,6.582311630249023,207,3.306582243546196,16.908212560386474,34.29951690821256,72.46376811594203,100.0,100.0,0,,,,,,,97,3.510705692251933,11.34020618556701,28.8659793814433,70.10309278350516,100.0,100.0,110,3.1265824751420452,21.818181818181817,39.09090909090909,74.54545454545455,100.0,100.0
C280,Chest,52,test/C280/Low_Dose/00000045.dcm,130.0,262144,6.5977783203125,243,3.1733458719135803,16.049382716049383,32.92181069958848,81.06995884773663,100.0,100.0,0,,,,,,,114,3.333704898231908,13.157894736842104,27.19298245614035,77.19298245614036,100.0,100.0,129,3.0316332440043605,18.6046511627907,37.98449612403101,84.49612403100775,100.0,100.0
C280,Chest,53,test/C280/Low_Dose/00000361.dcm,130.0,262144,6.594130039215088,258,3.2363257592962693,18.992248062015506,31.782945736434108,74.4186046511628,100.0,100.0,0,,,,,,,119,3.192155084690126,18.48739495798319,36.134453781512605,74.78991596638656,100.0,100.0,139,3.2741409411533273,19.424460431654676,28.057553956834532,74.10071942446044,100.0,100.0
C280,Chest,54,test/C280/Low_Dose/00000285.dcm,130.0,262144,6.588488578796387,298,2.956360682545092,16.44295302013423,36.241610738255034,80.87248322147651,100.0,100.0,0,,,,,,,140,3.252357700892857,11.428571428571429,30.0,75.0,100.0,100.0,158,2.694084843502769,20.88607594936709,41.77215189873418,86.07594936708861,100.0,100.0
C280,Chest,55,test/C280/Low_Dose/00000198.dcm,130.0,262144,6.588932037353516,301,3.4254673549107144,14.617940199335548,27.242524916943523,72.42524916943522,100.0,100.0,0,,,,,,,146,3.5084345569349313,11.643835616438356,24.65753424657534,72.6027397260274,100.0,100.0,155,3.347317603326613,17.419354838709676,29.677419354838708,72.25806451612904,100.0,100.0
C280,Chest,56,test/C280/Low_Dose/00000246.dcm,130.0,262144,6.538093090057373,292,3.2614976020708477,16.438356164383563,33.56164383561644,74.31506849315069,100.0,100.0,0,,,,,,,128,3.4289894104003906,16.40625,31.25,70.3125,100.0,100.0,164,3.130772288252668,16.463414634146343,35.36585365853659,77.4390243902439,100.0,100.0
C280,Chest,57,test/C280/Low_Dose/00000161.dcm,130.0,262144,6.509985446929932,292,2.999002117000214,19.863013698630137,33.9041095890411,78.08219178082192,100.0,100.0,0,,,,,,,118,2.9306568210407837,20.338983050847457,35.59322033898305,77.96610169491525,100.0,100.0,174,3.0453512257543105,19.54022988505747,32.758620689655174,78.16091954022988,100.0,100.0
C280,Chest,58,test/C280/Low_Dose/00000163.dcm,130.0,262144,6.491886615753174,320,3.280454635620117,13.125,31.25,77.1875,100.0,100.0,0,,,,,,,157,3.316170662072054,12.101910828025478,31.21019108280255,77.07006369426752,100.0,100.0,163,3.2460533095283743,14.110429447852761,31.288343558282207,77.30061349693251,100.0,100.0
C280,Chest,59,test/C280/Low_Dose/00000173.dcm,130.0,262144,6.476349830627441,309,3.273900103028924,13.592233009708737,31.3915857605178,74.4336569579288,100.0,100.0,0,,,,,,,142,3.3231716961927815,14.788732394366198,30.281690140845072,71.83098591549296,100.0,100.0,167,3.2320044968656436,12.574850299401197,32.33532934131737,76.64670658682634,100.0,100.0
C280,Chest,60,test/C280/Low_Dose/00000244.dcm,130.0,262144,6.461297988891602,292,3.2458671674336474,14.383561643835616,31.84931506849315,77.05479452054794,100.0,100.0,0,,,,,,,139,3.2337743086780577,15.107913669064748,31.654676258992804,76.2589928057554,100.0,100.0,153,3.2568534900939543,13.72549019607843,32.02614379084967,77.77777777777777,100.0,100.0
C280,Chest,61,test/C280/Low_Dose/00000195.dcm,130.0,262144,6.426498889923096,324,3.2541771406008873,12.962962962962964,27.77777777777778,78.08641975308642,100.0,100.0,0,,,,,,,145,3.1960945918642243,11.03448275862069,28.96551724137931,80.0,100.0,100.0,179,3.3012272499127095,14.525139664804469,26.81564245810056,76.53631284916202,100.0,100.0
C280,Chest,62,test/C280/Low_Dose/00000288.dcm,130.0,262144,6.440732002258301,271,3.3683559516259227,14.391143911439114,26.199261992619927,73.80073800738008,100.0,100.0,0,,,,,,,127,3.5774800458292324,11.811023622047244,20.47244094488189,70.07874015748031,100.0,100.0,144,3.1839201185438366,16.666666666666668,31.25,77.08333333333333,100.0,100.0
C280,Chest,63,test/C280/Low_Dose/00000347.dcm,130.0,262144,6.452544689178467,301,3.2140715843023258,14.950166112956811,33.55481727574751,76.41196013289037,100.0,100.0,0,,,,,,,127,3.119368425504429,20.47244094488189,37.79527559055118,76.37795275590551,100.0,100.0,174,3.2831940048042383,10.919540229885058,30.45977011494253,76.4367816091954,100.0,100.0
C280,Chest,64,test/C280/Low_Dose/00000107.dcm,130.0,262144,6.466067790985107,260,3.23621826171875,13.846153846153847,30.384615384615383,77.6923076923077,100.0,100.0,0,,,,,,,112,3.3516649518694197,12.5,28.571428571428573,75.89285714285714,100.0,100.0,148,3.148853198902027,14.864864864864865,31.756756756756758,79.05405405405405,100.0,100.0
C280,Chest,65,test/C280/Low_Dose/00000276.dcm,130.0,262144,6.492122650146484,285,3.1477808902138156,14.736842105263158,28.771929824561404,81.05263157894737,100.0,100.0,0,,,,,,,109,3.228576100200688,14.678899082568808,23.853211009174313,80.73394495412845,100.0,100.0,176,3.097742947665128,14.772727272727273,31.818181818181817,81.25,100.0,100.0
C280,Chest,66,test/C280/Low_Dose/00000151.dcm,130.0,262144,6.530645370483398,232,3.347266361631196,13.362068965517242,29.310344827586206,74.56896551724138,100.0,100.0,0,,,,,,,96,3.497753143310547,13.541666666666666,26.041666666666668,70.83333333333333,100.0,100.0,136,3.241040398092831,13.235294117647058,31.61764705882353,77.20588235294117,100.0,100.0
C280,Chest,67,test/C280/Low_Dose/00000104.dcm,130.0,262144,6.538546562194824,227,3.269399500103249,17.180616740088105,29.515418502202643,81.05726872246696,100.0,100.0,0,,,,,,,94,3.311019572805851,14.893617021276595,28.72340425531915,79.7872340425532,100.0,100.0,133,3.2399838096217106,18.796992481203006,30.075187969924812,81.95488721804512,100.0,100.0
C280,Chest,68,test/C280/Low_Dose/00000143.dcm,130.0,262144,6.541167736053467,298,3.379310147074245,17.78523489932886,30.87248322147651,71.81208053691275,100.0,100.0,0,,,,,,,129,3.55467898346657,17.829457364341085,27.906976744186046,68.9922480620155,100.0,100.0,169,3.245448727579512,17.75147928994083,33.13609467455621,73.96449704142012,100.0,100.0
C280,Chest,69,test/C280/Low_Dose/00000150.dcm,130.0,262144,6.55558443069458,243,3.258277170942644,13.168724279835391,31.275720164609055,79.83539094650206,100.0,100.0,0,,,,,,,118,3.283084158170021,11.864406779661017,30.508474576271187,82.20338983050847,100.0,100.0,125,3.234859375,14.4,32.0,77.6,100.0,100.0
C280,Chest,70,test/C280/Low_Dose/00000113.dcm,130.0,262144,6.560188293457031,263,3.388560944183698,15.96958174904943,31.1787072243346,72.24334600760456,100.0,100.0,0,,,,,,,120,3.7301228841145835,10.0,20.0,71.66666666666667,100.0,100.0,143,3.1019355400458917,20.97902097902098,40.55944055944056,72.72727272727273,100.0,100.0
C280,Chest,71,test/C280/Low_Dose/00000189.dcm,130.0,262144,6.564944744110107,253,3.356953858386858,13.438735177865613,26.877470355731226,77.07509881422925,100.0,100.0,0,,,,,,,127,3.3243965689591537,15.748031496062993,27.559055118110237,75.59055118110236,100.0,100.0,126,3.389769539000496,11.11111111111111,26.19047619047619,78.57142857142857,100.0,100.0
C280,Chest,72,test/C280/Low_Dose/00000076.dcm,130.0,262144,6.547804355621338,223,3.2989567641185538,12.10762331838565,27.80269058295964,78.9237668161435,100.0,100.0,0,,,,,,,114,3.395044159470943,12.280701754385966,26.31578947368421,77.19298245614036,100.0,100.0,109,3.198461690080275,11.926605504587156,29.357798165137616,80.73394495412845,100.0,100.0
C280,Chest,73,test/C280/Low_Dose/00000350.dcm,130.0,262144,6.5266008377075195,253,3.2829199025753457,16.600790513833992,28.458498023715414,78.26086956521739,100.0,100.0,0,,,,,,,126,3.2367941235739086,16.666666666666668,26.984126984126984,79.36507936507937,100.0,100.0,127,3.3286824864665356,16.53543307086614,29.921259842519685,77.16535433070867,100.0,100.0
C280,Chest,74,test/C280/Low_Dose/00000168.dcm,130.0,262144,6.518649101257324,212,3.140033649948408,15.09433962264151,31.60377358490566,79.24528301886792,100.0,100.0,0,,,,,,,103,3.0600147432493934,17.475728155339805,34.95145631067961,81.55339805825243,100.0,100.0,109,3.2156478461869265,12.844036697247706,28.440366972477065,77.06422018348624,100.0,100.0
C280,Chest,75,test/C280/Low_Dose/00000293.dcm,130.0,262144,6.496280670166016,198,3.2506769353693183,18.68686868686869,29.7979797979798,77.77777777777777,100.0,100.0,0,,,,,,,98,3.363612583705357,16.3265306122449,27.551020408163264,75.51020408163265,100.0,100.0,100,3.14,21.0,32.0,80.0,100.0,100.0
C280,Chest,76,test/C280/Low_Dose/00000026.dcm,130.0,262144,6.488212585449219,205,3.246073504192073,17.5609756097561,30.24390243902439,77.5609756097561,100.0,100.0,0,,,,,,,96,3.3217366536458335,19.791666666666668,33.333333333333336,73.95833333333333,100.0,100.0,109,3.1794344000860093,15.596330275229358,27.522935779816514,80.73394495412845,100.0,100.0
C280,Chest,77,test/C280/Low_Dose/00000224.dcm,130.0,262144,6.450106620788574,217,3.102335987003168,18.89400921658986,34.56221198156682,81.10599078341014,100.0,100.0,0,,,,,,,94,3.057101635222739,21.27659574468085,36.170212765957444,79.7872340425532,100.0,100.0,123,3.1369053290142275,17.073170731707318,33.333333333333336,82.11382113821138,100.0,100.0
C280,Chest,78,test/C280/Low_Dose/00000030.dcm,130.0,262144,6.43031120300293,225,3.2618907335069443,13.333333333333334,29.77777777777778,75.11111111111111,100.0,100.0,0,,,,,,,117,3.2883843315972223,15.384615384615385,27.35042735042735,74.35897435897436,100.0,100.0,108,3.23318933557581,11.11111111111111,32.407407407407405,75.92592592592592,100.0,100.0
C280,Chest,79,test/C280/Low_Dose/00000020.dcm,130.0,262144,6.402728080749512,265,3.3764482606132074,12.452830188679245,29.056603773584907,72.0754716981132,100.0,100.0,0,,,,,,,142,3.4810335401078345,9.859154929577464,28.169014084507044,70.4225352112676,100.0,100.0,123,3.2557075314405486,15.447154471544716,30.08130081300813,73.98373983739837,100.0,100.0
C280,Chest,80,test/C280/Low_Dose/00000353.dcm,130.0,262144,6.42987585067749,251,3.2225609281623506,15.53784860557769,31.47410358565737,78.08764940239044,100.0,100.0,0,,,,,,,143,3.1741345812390733,16.783216783216783,33.56643356643357,77.62237762237763,100.0,100.0,108,3.2866809986255787,13.88888888888889,28.703703703703702,78.70370370370371,100.0,100.0
C280,Chest,81,test/C280/Low_Dose/00000131.dcm,130.0,262144,6.481283664703369,332,3.316976891942771,16.566265060240966,30.42168674698795,74.6987951807229,100.0,100.0,0,,,,,,,162,3.2733094015239197,19.135802469135804,30.246913580246915,74.69135802469135,100.0,100.0,170,3.3585894416360293,14.117647058823529,30.58823529411765,74.70588235294117,100.0,100.0
C280,Chest,82,test/C280/Low_Dose/00000013.dcm,130.0,262144,6.516686916351318,337,3.3955726510339392,14.243323442136498,29.376854599406528,73.59050445103857,100.0,100.0,0,,,,,,,185,3.434334089949324,14.594594594594595,30.27027027027027,72.43243243243244,100.0,100.0,152,3.3483958997224508,13.81578947368421,28.289473684210527,75.0,100.0,100.0
C280,Chest,83,test/C280/Low_Dose/00000025.dcm,130.0,262144,6.566901683807373,321,3.334795515113902,13.08411214953271,28.34890965732087,77.25856697819314,100.0,100.0,0,,,,,,,163,3.3045489539398005,15.950920245398773,29.447852760736197,78.52760736196319,100.0,100.0,158,3.3659992459454116,10.126582278481013,27.21518987341772,75.9493670886076,100.0,100.0
C280,Chest,84,test/C280/Low_Dose/00000033.dcm,130.0,262144,6.617468357086182,288,3.40260738796658,13.194444444444445,25.0,75.34722222222223,100.0,100.0,0,,,,,,,141,3.640508124168883,8.51063829787234,20.56737588652482,69.50354609929079,100.0,100.0,147,3.174416885894983,17.687074829931973,29.25170068027211,80.95238095238095,100.0,100.0
C280,Chest,85,test/C280/Low_Dose/00000092.dcm,130.0,262144,6.633347988128662,296,3.2000983985694678,15.202702702702704,32.0945945945946,77.02702702702703,100.0,100.0,0,,,,,,,144,3.2792316012912326,12.5,31.944444444444443,75.0,100.0,100.0,152,3.1251301012541117,17.763157894736842,32.23684210526316,78.94736842105263,100.0,100.0
C280,Chest,86,test/C280/Low_Dose/00000349.dcm,130.0,262144,6.680366516113281,274,3.4731846273380476,12.408759124087592,28.83211678832117,70.43795620437956,100.0,100.0,0,,,,,,,127,3.679537555364173,8.661417322834646,24.409448818897637,70.86614173228347,100.0,100.0,147,3.2949069276147958,15.646258503401361,32.6530612244898,70.06802721088435,100.0,100.0
C280,Chest,87,test/C280/Low_Dose/00000018.dcm,130.0,262144,6.692702770233154,272,3.3650566549862133,15.073529411764707,29.779411764705884,76.1029411764706,100.0,100.0,0,,,,,,,147,3.2332032910820576,16.3265306122449,31.292517006802722,80.27210884353741,100.0,100.0,125,3.5201162109375,13.6,28.0,71.2,100.0,100.0
C280,Chest,88,test/C280/Low_Dose/00000334.dcm,130.0,262144,6.66569185256958,291,3.2829052902169242,16.151202749140893,30.927835051546392,76.28865979381443,100.0,100.0,0,,,,,,,150,3.2739908854166666,16.666666666666668,30.666666666666668,76.66666666666667,100.0,100.0,141,3.292388699578901,15.602836879432624,31.20567375886525,75.88652482269504,100.0,100.0
C280,Chest,89,test/C280/Low_Dose/00000326.dcm,130.0,262144,6.650466442108154,265,3.368408203125,17.735849056603772,31.32075471698113,72.45283018867924,100.0,100.0,0,,,,,,,132,3.1740731904000947,21.21212121212121,37.121212121212125,77.27272727272727,100.0,100.0,133,3.5612820503406954,14.285714285714286,25.56390977443609,67.66917293233082,100.0,100.0
C280,Chest,90,test/C280/Low_Dose/00000335.dcm,130.0,262144,6.618708610534668,278,3.208125052692221,16.546762589928058,32.37410071942446,79.85611510791367,100.0,100.0,0,,,,,,,149,3.25971892696099,14.765100671140939,32.88590604026846,79.19463087248322,100.0,100.0,129,3.148532128149225,18.6046511627907,31.782945736434108,80.62015503875969,100.0,100.0
C280,Chest,91,test/C280/Low_Dose/00000292.dcm,130.0,262144,6.546483993530273,248,3.2201646374117945,16.129032258064516,31.85483870967742,77.8225806451613,100.0,100.0,0,,,,,,,120,3.4236419677734373,13.333333333333334,28.333333333333332,74.16666666666667,100.0,100.0,128,3.029404640197754,18.75,35.15625,81.25,100.0,100.0
C280,Chest,92,test/C280/Low_Dose/00000329.dcm,130.0,262144,6.50799036026001,254,3.3525582861712597,14.960629921259843,29.52755905511811,75.59055118110236,100.0,100.0,0,,,,,,,132,3.4908891157670454,12.878787878787879,26.515151515151516,73.48484848484848,100.0,100.0,122,3.2028888639856556,17.21311475409836,32.78688524590164,77.8688524590164,100.0,100.0
C280,Chest,93,test/C280/Low_Dose/00000121.dcm,130.0,262144,6.465713977813721,215,3.215416628815407,15.348837209302326,30.697674418604652,76.27906976744185,100.0,100.0,0,,,,,,,109,3.0723171409116974,14.678899082568808,30.275229357798164,79.81651376146789,100.0,100.0,106,3.3625661022258253,16.037735849056602,31.132075471698112,72.64150943396227,100.0,100.0
C280,Chest,94,test/C280/Low_Dose/00000231.dcm,130.0,262144,6.472203254699707,183,3.207945776767418,13.66120218579235,26.775956284153004,79.78142076502732,100.0,100.0,0,,,,,,,104,3.104015643780048,15.384615384615385,30.76923076923077,80.76923076923077,100.0,100.0,79,3.344765192345728,11.39240506329114,21.518987341772153,78.48101265822785,100.0,100.0
C280,Chest,95,test/C280/Low_Dose/00000343.dcm,130.0,262144,6.477703094482422,163,3.272109704514954,12.269938650306749,29.447852760736197,77.91411042944786,100.0,100.0,0,,,,,,,89,3.2827930236130616,13.48314606741573,30.337078651685392,79.7752808988764,100.0,100.0,74,3.259260847761824,10.81081081081081,28.37837837837838,75.67567567567568,100.0,100.0
C280,Chest,96,test/C280/Low_Dose/00000302.dcm,130.0,262144,6.460784435272217,183,3.2458689538507515,16.39344262295082,33.333333333333336,75.40983606557377,100.0,100.0,0,,,,,,,101,3.227298547725866,13.861386138613861,31.683168316831683,75.24752475247524,100.0,100.0,82,3.268742258955793,19.51219512195122,35.36585365853659,75.60975609756098,100.0,100.0
C280,Chest,97,test/C280/Low_Dose/00000271.dcm,130.0,262144,6.466310024261475,178,3.044089328037219,14.044943820224718,35.95505617977528,80.89887640449439,100.0,100.0,0,,,,,,,94,2.9631282725232713,13.829787234042554,32.97872340425532,85.1063829787234,100.0,100.0,84,3.1346886044456843,14.285714285714286,39.285714285714285,76.19047619047619,100.0,100.0
C280,Chest,98,test/C280/Low_Dose/00000021.dcm,130.0,262144,6.506038188934326,163,2.9162387964915646,23.926380368098158,40.49079754601227,77.30061349693251,100.0,100.0,0,,,,,,,97,2.9889016692171393,22.68041237113402,39.175257731958766,76.28865979381443,100.0,100.0,66,2.8094463926373106,25.757575757575758,42.42424242424242,78.78787878787878,100.0,100.0
C280,Chest,99,test/C280/Low_Dose/00000365.dcm,130.0,262144,6.537109851837158,170,3.1158899643841913,18.235294117647058,33.529411764705884,75.29411764705883,100.0,100.0,0,,,,,,,93,3.148528068296371,19.35483870967742,32.25806451612903,70.96774193548387,100.0,100.0,77,3.076469916801948,16.883116883116884,35.064935064935064,80.51948051948052,100.0,100.0
C280,Chest,100,test/C280/Low_Dose/00000260.dcm,130.0,262144,6.5200419425964355,176,3.340753035111861,13.068181818181818,27.84090909090909,73.86363636363636,100.0,100.0,0,,,,,,,91,3.3423347892342035,12.087912087912088,25.274725274725274,75.82417582417582,100.0,100.0,85,3.339059627757353,14.117647058823529,30.58823529411765,71.76470588235294,100.0,100.0
C280,Chest,101,test/C280/Low_Dose/00000127.dcm,130.0,262144,6.540612697601318,206,3.4528263425364076,13.106796116504855,26.699029126213592,73.30097087378641,100.0,100.0,0,,,,,,,96,3.4861068725585938,14.583333333333334,25.0,71.875,100.0,100.0,110,3.4237815163352274,11.818181818181818,28.181818181818183,74.54545454545455,100.0,100.0
C280,Chest,102,test/C280/Low_Dose/00000162.dcm,130.0,262144,6.544465065002441,262,3.3208347932072995,12.213740458015268,29.389312977099237,74.04580152671755,100.0,100.0,0,,,,,,,143,3.458711210664336,11.188811188811188,27.972027972027973,71.32867132867133,100.0,100.0,119,3.1551513671875,13.445378151260504,31.092436974789916,77.3109243697479,100.0,100.0
C280,Chest,103,test/C280/Low_Dose/00000052.dcm,130.0,262144,6.526398181915283,241,3.2779181389393153,12.448132780082988,29.87551867219917,81.74273858921161,100.0,100.0,0,,,,,,,120,3.507158406575521,9.166666666666666,23.333333333333332,78.33333333333333,100.0,100.0,121,3.0505724189695247,15.702479338842975,36.36363636363637,85.12396694214875,100.0,100.0
C280,Chest,104,test/C280/Low_Dose/00000191.dcm,130.0,262144,6.52309513092041,206,3.1437123122724513,15.048543689320388,33.980582524271846,78.64077669902913,100.0,100.0,0,,,,,,,94,3.152715155418883,15.957446808510639,32.97872340425532,76.59574468085107,100.0,100.0,112,3.1361563546316966,14.285714285714286,34.82142857142857,80.35714285714286,100.0,100.0
C280,Chest,105,test/C280/Low_Dose/00000268.dcm,130.0,262144,6.542861461639404,231,3.541172572544643,8.658008658008658,24.242424242424242,74.02597402597402,100.0,100.0,0,,,,,,,114,3.7178762335526314,6.140350877192983,23.68421052631579,70.17543859649123,100.0,100.0,117,3.368999774639423,11.11111111111111,24.786324786324787,77.77777777777777,100.0,100.0
C280,Chest,106,test/C280/Low_Dose/00000305.dcm,130.0,262144,6.482638835906982,255,3.147635665594363,16.07843137254902,31.764705882352942,76.86274509803921,100.0,100.0,0,,,,,,,121,3.303073347107438,9.917355371900827,27.272727272727273,77.68595041322314,100.0,100.0,134,3.0072777591534514,21.64179104477612,35.82089552238806,76.11940298507463,100.0,100.0
C280,Chest,107,test/C280/Low_Dose/00000223.dcm,130.0,262144,6.480808258056641,247,3.2952045641447367,14.979757085020243,30.364372469635626,77.7327935222672,100.0,100.0,0,,,,,,,123,3.285697130652947,15.447154471544716,30.89430894308943,77.23577235772358,100.0,100.0,124,3.3046353247857865,14.516129032258064,29.838709677419356,78.2258064516129,100.0,100.0
C280,Chest,108,test/C280/Low_Dose/00000324.dcm,130.0,262144,6.420348644256592,251,3.1817505369148407,18.725099601593627,28.685258964143426,78.08764940239044,100.0,100.0,0,,,,,,,119,3.349528336725315,18.48739495798319,25.210084033613445,73.94957983193277,100.0,100.0,132,3.030496308297822,18.939393939393938,31.818181818181817,81.81818181818181,100.0,100.0
C280,Chest,109,test/C280/Low_Dose/00000059.dcm,130.0,262144,6.327052593231201,239,2.9494409281838387,17.99163179916318,35.14644351464435,82.00836820083683,100.0,100.0,0,,,,,,,119,2.943945107339811,20.168067226890756,32.773109243697476,83.19327731092437,100.0,100.0,120,2.9548909505208334,15.833333333333334,37.5,80.83333333333333,100.0,100.0
C280,Chest,110,test/C280/Low_Dose/00000005.dcm,130.0,262144,6.369487762451172,268,3.1362965142548975,15.671641791044776,32.08955223880597,80.59701492537313,100.0,100.0,0,,,,,,,147,3.056661385257228,14.285714285714286,34.69387755102041,82.99319727891157,100.0,100.0,121,3.2330433238636362,17.355371900826448,28.925619834710744,77.68595041322314,100.0,100.0
C280,Chest,111,test/C280/Low_Dose/00000077.dcm,130.0,262144,6.3553266525268555,275,3.2899755859375,13.090909090909092,28.363636363636363,79.63636363636364,100.0,100.0,0,,,,,,,143,3.4960980181927446,9.79020979020979,25.174825174825173,77.62237762237763,100.0,100.0,132,3.0666762843276514,16.666666666666668,31.818181818181817,81.81818181818181,100.0,100.0
C280,Chest,112,test/C280/Low_Dose/00000315.dcm,130.0,262144,6.32365083694458,257,3.0008929657101167,17.509727626459146,36.57587548638132,80.1556420233463,100.0,100.0,0,,,,,,,132,3.0031682794744317,17.424242424242426,36.36363636363637,78.03030303030303,100.0,100.0,125,2.998490234375,17.6,36.8,82.4,100.0,100.0
C280,Chest,113,test/C280/Low_Dose/00000174.dcm,130.0,262144,6.404614448547363,272,3.1715092378504135,18.38235294117647,30.147058823529413,80.51470588235294,100.0,100.0,0,,,,,,,147,3.196533203125,18.367346938775512,31.972789115646258,78.2312925170068,100.0,100.0,125,3.1420810546875,18.4,28.0,83.2,100.0,100.0
C280,Chest,114,test/C280/Low_Dose/00000073.dcm,130.0,262144,6.420495510101318,276,3.1023824940557065,15.217391304347826,33.69565217391305,79.34782608695652,100.0,100.0,0,,,,,,,131,3.1426806267891223,12.977099236641221,30.53435114503817,79.38931297709924,100.0,100.0,145,3.0659752155172413,17.24137931034483,36.55172413793103,79.3103448275862,100.0,100.0
C280,Chest,115,test/C280/Low_Dose/00000279.dcm,130.0,262144,6.441929340362549,252,3.1573060050843256,13.88888888888889,32.93650793650794,80.15873015873017,100.0,100.0,0,,,,,,,121,3.2412684416967976,11.570247933884298,28.09917355371901,80.16528925619835,100.0,100.0,131,3.079752914778149,16.03053435114504,37.404580152671755,80.1526717557252,100.0,100.0
C280,Chest,116,test/C280/Low_Dose/00000006.dcm,130.0,262144,6.5644450187683105,289,3.2207935161656573,13.494809688581315,28.37370242214533,79.93079584775087,100.0,100.0,0,,,,,,,149,3.334390729865772,12.080536912751677,26.174496644295303,77.18120805369128,100.0,100.0,140,3.099893624441964,15.0,30.714285714285715,82.85714285714286,100.0,100.0
C280,Chest,117,test/C280/Low_Dose/00000105.dcm,130.0,262144,6.625805377960205,261,3.1546878741618776,17.624521072796934,34.099616858237546,76.62835249042146,100.0,100.0,0,,,,,,,114,3.2109578450520835,17.54385964912281,32.45614035087719,76.3157894736842,100.0,100.0,147,3.111049937553146,17.687074829931973,35.374149659863946,76.87074829931973,100.0,100.0
C280,Chest,118,test/C280/Low_Dose/00000123.dcm,130.0,262144,6.688406467437744,255,3.5297693589154413,14.901960784313726,26.666666666666668,72.15686274509804,100.0,100.0,0,,,,,,,136,3.6550705853630516,13.235294117647058,22.794117647058822,72.79411764705883,100.0,100.0,119,3.3865679572610294,16.80672268907563,31.092436974789916,71.42857142857143,100.0,100.0
C280,Chest,119,test/C280/Low_Dose/00000199.dcm,130.0,262144,6.727460861206055,242,3.1902430510717976,16.94214876033058,34.29752066115702,76.44628099173553,100.0,100.0,0,,,,,,,133,3.0726107260338344,18.045112781954888,36.8421052631579,78.94736842105263,100.0,100.0,109,3.3337760715309632,15.596330275229358,31.192660550458715,73.39449541284404,100.0,100.0
C280,Chest,120,test/C280/Low_Dose/00000211.dcm,130.0,262144,6.753198623657227,237,3.461786841541403,13.50210970464135,28.270042194092827,72.15189873417721,100.0,100.0,0,,,,,,,129,3.438747199006783,15.503875968992247,26.356589147286822,75.1937984496124,100.0,100.0,108,3.489306414568866,11.11111111111111,30.555555555555557,68.51851851851852,100.0,100.0
C280,Chest,121,test/C280/Low_Dose/00000210.dcm,130.0,262144,6.745215892791748,226,3.335658250656803,14.15929203539823,28.761061946902654,75.66371681415929,100.0,100.0,0,,,,,,,125,3.4887734375,12.8,28.0,72.8,100.0,100.0,101,3.146159257038985,15.841584158415841,29.702970297029704,79.20792079207921,100.0,100.0
C280,Chest,122,test/C280/Low_Dose/00000141.dcm,130.0,262144,6.770074367523193,246,3.3052849498221546,15.040650406504065,33.333333333333336,71.13821138211382,100.0,100.0,0,,,,,,,143,3.3889740630463288,13.286713286713287,30.76923076923077,71.32867132867133,100.0,100.0,103,3.1890952101031553,17.475728155339805,36.89320388349515,70.87378640776699,100.0,100.0
C280,Chest,123,test/C280/Low_Dose/00000164.dcm,130.0,262144,6.750276565551758,201,3.443376379819652,13.432835820895523,27.36318407960199,73.6318407960199,100.0,100.0,0,,,,,,,92,3.7070710555366846,11.956521739130435,23.91304347826087,68.47826086956522,100.0,100.0,109,3.220808396645642,14.678899082568808,30.275229357798164,77.98165137614679,100.0,100.0
C280,Chest,124,test/C280/Low_Dose/00000247.dcm,130.0,262144,6.6656928062438965,221,3.385147301859446,14.479638009049774,28.506787330316744,76.01809954751131,100.0,100.0,0,,,,,,,124,3.5192743116809475,13.709677419354838,26.612903225806452,73.38709677419355,100.0,100.0,97,3.213685969716495,15.463917525773196,30.927835051546392,79.38144329896907,100.0,100.0
C280,Chest,125,test/C280/Low_Dose/00000096.dcm,130.0,262144,6.583779335021973,214,3.236798152745327,15.42056074766355,28.97196261682243,76.6355140186916,100.0,100.0,0,,,,,,,116,3.3432838176858835,16.379310344827587,28.448275862068964,73.27586206896552,100.0,100.0,98,3.1107538962850767,14.285714285714286,29.591836734693878,80.61224489795919,100.0,100.0
C280,Chest,126,test/C280/Low_Dose/00000051.dcm,130.0,262144,6.501991271972656,223,3.192428794142377,18.385650224215247,34.52914798206278,74.43946188340807,100.0,100.0,0,,,,,,,115,3.3860542629076087,13.91304347826087,29.565217391304348,73.91304347826087,100.0,100.0,108,2.9862535264756946,23.14814814814815,39.81481481481482,75.0,100.0,100.0
C280,Chest,127,test/C280/Low_Dose/00000320.dcm,130.0,262144,6.410066604614258,232,3.3158474626212286,15.517241379310345,27.155172413793103,76.72413793103448,100.0,100.0,0,,,,,,,117,3.4368604350293803,15.384615384615385,23.076923076923077,76.06837606837607,100.0,100.0,115,3.1927299167798915,15.652173913043478,31.304347826086957,77.3913043478261,100.0,100.0
C280,Chest,128,test/C280/Low_Dose/00000212.dcm,130.0,262144,6.367997646331787,281,3.2161495982540034,13.87900355871886,29.181494661921707,79.00355871886121,100.0,100.0,0,,,,,,,140,3.183592006138393,16.428571428571427,33.57142857142857,77.85714285714286,100.0,100.0,141,3.2484762854609928,11.347517730496454,24.822695035460992,80.1418439716312,100.0,100.0
C280,Chest,129,test/C280/Low_Dose/00000325.dcm,130.0,262144,6.3307294845581055,282,3.104429420849956,14.539007092198581,33.687943262411345,79.7872340425532,100.0,100.0,0,,,,,,,142,2.921048876265405,19.718309859154928,38.028169014084504,83.09859154929578,100.0,100.0,140,3.2904296875,9.285714285714286,29.285714285714285,76.42857142857143,100.0,100.0
C280,Chest,130,test/C280/Low_Dose/00000110.dcm,130.0,262144,6.266261100769043,275,3.0546812855113634,18.181818181818183,32.72727272727273,81.45454545454545,100.0,100.0,0,,,,,,,153,3.0177927453533497,18.954248366013072,33.98692810457516,81.69934640522875,100.0,100.0,122,3.1009431432505123,17.21311475409836,31.147540983606557,81.14754098360656,100.0,100.0
C280,Chest,131,test/C280/Low_Dose/00000002.dcm,130.0,262144,6.298007488250732,289,3.240714630866133,15.570934256055363,29.757785467128027,79.58477508650519,100.0,100.0,0,,,,,,,149,3.15498259883599,17.449664429530202,30.87248322147651,77.85234899328859,100.0,100.0,140,3.3319580078125,13.571428571428571,28.571428571428573,81.42857142857143,100.0,100.0
C280,Chest,132,test/C280/Low_Dose/00000049.dcm,130.0,262144,6.312778949737549,313,3.1916102205221644,12.460063897763579,28.75399361022364,83.70607028753993,100.0,100.0,0,,,,,,,167,3.4086460867327846,9.580838323353293,24.550898203592816,84.4311377245509,100.0,100.0,146,2.9433568667059076,15.753424657534246,33.56164383561644,82.87671232876713,100.0,100.0
C280,Chest,133,test/C280/Low_Dose/00000031.dcm,130.0,262144,6.312479019165039,297,3.143360279224537,15.824915824915825,28.956228956228955,80.47138047138047,100.0,100.0,0,,,,,,,163,3.022847368673313,12.883435582822086,26.380368098159508,87.11656441717791,100.0,100.0,134,3.289954342059235,19.402985074626866,32.08955223880597,72.38805970149254,100.0,100.0
C280,Chest,134,test/C280/Low_Dose/00000250.dcm,130.0,262144,6.3877363204956055,263,3.224187930727186,13.688212927756654,33.07984790874525,76.42585551330798,100.0,100.0,0,,,,,,,147,3.216644909917092,12.92517006802721,31.292517006802722,77.55102040816327,100.0,100.0,116,3.233746758822737,14.655172413793103,35.3448275862069,75.0,100.0,100.0
C280,Chest,135,test/C280/Low_Dose/00000264.dcm,130.0,262144,6.4083380699157715,313,2.9641312181759187,17.891373801916934,36.10223642172524,80.19169329073482,100.0,100.0,0,,,,,,,144,2.906275431315104,20.13888888888889,37.5,79.16666666666667,100.0,100.0,169,3.0134284566845415,15.976331360946746,34.9112426035503,81.06508875739645,100.0,100.0
C280,Chest,136,test/C280/Low_Dose/00000135.dcm,130.0,262144,6.446345806121826,289,3.108182596912846,19.377162629757784,32.17993079584775,79.23875432525952,100.0,100.0,0,,,,,,,133,3.0856236049107144,21.804511278195488,31.57894736842105,79.69924812030075,100.0,100.0,156,3.127415583683894,17.307692307692307,32.69230769230769,78.84615384615384,100.0,100.0
C280,Chest,137,test/C280/Low_Dose/00000075.dcm,130.0,262144,6.512999534606934,269,3.3623341840439127,14.49814126394052,27.881040892193308,75.8364312267658,100.0,100.0,0,,,,,,,147,3.4604733006483843,11.564625850340136,25.170068027210885,76.19047619047619,100.0,100.0,122,3.24408459272541,18.0327868852459,31.147540983606557,75.40983606557377,100.0,100.0
C280,Chest,138,test/C280/Low_Dose/00000093.dcm,130.0,262144,6.514454364776611,230,3.0552490234375,19.565217391304348,36.95652173913044,80.8695652173913,100.0,100.0,0,,,,,,,109,3.080406258959289,18.34862385321101,36.69724770642202,79.81651376146789,100.0,100.0,121,3.032586720364153,20.66115702479339,37.1900826446281,81.81818181818181,100.0,100.0
C280,Chest,139,test/C280/Low_Dose/00000240.dcm,130.0,262144,6.523492813110352,223,3.1735867213775224,16.143497757847534,32.73542600896861,75.7847533632287,100.0,100.0,0,,,,,,,117,3.299991444644765,15.384615384615385,29.914529914529915,72.64957264957265,100.0,100.0,106,3.03406452682783,16.9811320754717,35.84905660377358,79.24528301886792,100.0,100.0
C280,Chest,140,test/C280/Low_Dose/00000363.dcm,130.0,262144,6.516610145568848,251,3.30565871280503,12.350597609561753,27.49003984063745,77.29083665338645,100.0,100.0,0,,,,,,,129,3.3232251544331395,13.953488372093023,30.232558139534884,73.64341085271317,100.0,100.0,122,3.2870843605917006,10.655737704918034,24.59016393442623,81.14754098360656,100.0,100.0
C280,Chest,141,test/C280/Low_Dose/00000277.dcm,130.0,262144,6.495304584503174,262,3.3012345874582536,15.267175572519085,26.717557251908396,76.33587786259542,100.0,100.0,0,,,,,,,124,3.3176102176789315,15.32258064516129,26.612903225806452,76.61290322580645,100.0,100.0,138,3.2865202530570654,15.217391304347826,26.81159420289855,76.08695652173913,100.0,100.0
C280,Chest,142,test/C280/Low_Dose/00000095.dcm,130.0,262144,6.441546440124512,246,3.1729289729420733,14.227642276422765,32.113821138211385,82.11382113821138,100.0,100.0,0,,,,,,,136,3.250003590303309,12.5,30.147058823529413,82.3529411764706,100.0,100.0,110,3.07763671875,16.363636363636363,34.54545454545455,81.81818181818181,100.0,100.0
C280,Chest,143,test/C280/Low_Dose/00000082.dcm,130.0,262144,6.462860107421875,242,3.2458647420583677,13.636363636363637,28.09917355371901,79.75206611570248,100.0,100.0,0,,,,,,,121,3.380391270661157,9.090909090909092,23.96694214876033,80.99173553719008,100.0,100.0,121,3.1113382134555785,18.181818181818183,32.231404958677686,78.51239669421487,100.0,100.0
C280,Chest,144,test/C280/Low_Dose/00000048.dcm,130.0,262144,6.418325901031494,233,3.2423179528232295,13.304721030042918,28.326180257510728,83.2618025751073,100.0,100.0,0,,,,,,,132,3.3944202769886362,16.666666666666668,26.515151515151516,78.78787878787878,100.0,100.0,101,3.043530756884282,8.910891089108912,30.693069306930692,89.10891089108911,100.0,100.0
C280,Chest,145,test/C280/Low_Dose/00000256.dcm,130.0,262144,6.376842498779297,208,3.0675113384540262,14.903846153846153,30.76923076923077,82.21153846153847,100.0,100.0,0,,,,,,,115,3.1591998556385867,15.652173913043478,29.565217391304348,81.73913043478261,100.0,100.0,93,2.954133064516129,13.978494623655914,32.25806451612903,82.79569892473118,100.0,100.0
C280,Chest,146,test/C280/Low_Dose/00000134.dcm,130.0,262144,6.402252197265625,238,3.3315137334230567,13.445378151260504,28.571428571428573,74.36974789915966,100.0,100.0,0,,,,,,,127,3.3414739173228347,16.53543307086614,30.708661417322833,73.22834645669292,100.0,100.0,111,3.320117847339527,9.90990990990991,26.126126126126128,75.67567567567568,100.0,100.0
C280,Chest,147,test/C280/Low_Dose/00000027.dcm,130.0,262144,6.402305603027344,230,3.1165230129076087,17.391304347826086,29.565217391304348,80.0,100.0,100.0,0,,,,,,,123,3.279987614329268,13.821138211382113,23.577235772357724,77.23577235772358,100.0,100.0,107,2.9286151066004673,21.49532710280374,36.44859813084112,83.17757009345794,100.0,100.0
C280,Chest,148,test/C280/Low_Dose/00000303.dcm,130.0,262144,6.403054714202881,257,3.2272198747568095,13.618677042801556,28.79377431906615,77.82101167315174,100.0,100.0,0,,,,,,,138,3.240104343580163,13.043478260869565,31.159420289855074,77.53623188405797,100.0,100.0,119,3.2122782218356094,14.285714285714286,26.050420168067227,78.15126050420169,100.0,100.0
C280,Chest,149,test/C280/Low_Dose/00000084.dcm,130.0,262144,6.439375877380371,286,3.229643281523164,14.685314685314685,31.46853146853147,79.02097902097903,100.0,100.0,0,,,,,,,153,3.340445325265523,11.11111111111111,30.065359477124183,78.43137254901961,100.0,100.0,133,3.1021792763157894,18.796992481203006,33.08270676691729,79.69924812030075,100.0,100.0
C280,Chest,150,test/C280/Low_Dose/00000321.dcm,130.0,262144,6.419823169708252,275,3.163597745028409,12.727272727272727,30.90909090909091,79.27272727272727,100.0,100.0,0,,,,,,,145,3.2479071255387932,13.793103448275861,26.20689655172414,77.24137931034483,100.0,100.0,130,3.069560359074519,11.538461538461538,36.15384615384615,81.53846153846153,100.0,100.0
C280,Chest,151,test/C280/Low_Dose/00000133.dcm,130.0,262144,6.40311336517334,241,3.165748184647303,14.937759336099585,29.87551867219917,80.08298755186722,100.0,100.0,0,,,,,,,131,3.1055917521469465,15.267175572519085,30.53435114503817,83.20610687022901,100.0,100.0,110,3.2373890269886365,14.545454545454545,29.09090909090909,76.36363636363636,100.0,100.0
C280,Chest,152,test/C280/Low_Dose/00000081.dcm,130.0,262144,6.448442459106445,231,3.213693329782197,12.121212121212121,31.16883116883117,79.65367965367966,100.0,100.0,0,,,,,,,122,3.1695046346695697,15.573770491803279,34.42622950819672,77.8688524590164,100.0,100.0,109,3.263152236238532,8.256880733944953,27.522935779816514,81.65137614678899,100.0,100.0
C280,Chest,153,test/C280/Low_Dose/00000089.dcm,130.0,262144,6.488572120666504,280,3.400333949497768,12.5,28.928571428571427,73.21428571428571,100.0,100.0,0,,,,,,,154,3.4350459111201297,11.688311688311689,27.92207792207792,73.37662337662337,100.0,100.0,126,3.357908218625992,13.492063492063492,30.158730158730158,73.01587301587301,100.0,100.0
C280,Chest,154,test/C280/Low_Dose/00000054.dcm,130.0,262144,6.442098617553711,325,3.0825499549278845,16.307692307692307,31.692307692307693,82.76923076923077,100.0,100.0,0,,,,,,,161,2.9635343373932455,18.012422360248447,32.91925465838509,83.22981366459628,100.0,100.0,164,3.199388457507622,14.634146341463415,30.48780487804878,82.3170731707317,100.0,100.0
C280,Chest,155,test/C280/Low_Dose/00000266.dcm,130.0,262144,6.517854690551758,338,3.3742162941475593,12.1301775147929,27.218934911242602,77.2189349112426,100.0,100.0,0,,,,,,,181,3.509827671788674,13.812154696132596,23.756906077348066,76.79558011049724,100.0,100.0,157,3.2178745148288215,10.19108280254777,31.21019108280255,77.70700636942675,100.0,100.0
C280,Chest,156,test/C280/Low_Dose/00000097.dcm,130.0,262144,6.512375354766846,289,3.0684142855211936,11.764705882352942,30.103806228373703,83.04498269896193,100.0,100.0,0,,,,,,,154,3.0285208565848216,11.688311688311689,31.16883116883117,83.76623376623377,100.0,100.0,135,3.1139223451967593,11.851851851851851,28.88888888888889,82.22222222222223,100.0,100.0
C280,Chest,157,test/C280/Low_Dose/00000290.dcm,130.0,262144,6.494930267333984,264,3.215096213600852,15.151515151515152,33.71212121212121,76.89393939393939,100.0,100.0,0,,,,,,,125,3.2299716796875,12.8,34.4,76.8,100.0,100.0,139,3.2017189958970325,17.26618705035971,33.093525179856115,76.97841726618705,100.0,100.0
C280,Chest,158,test/C280/Low_Dose/00000331.dcm,130.0,262144,6.550434112548828,258,3.388633077458818,11.24031007751938,27.51937984496124,75.96899224806202,100.0,100.0,0,,,,,,,146,3.324895153306935,11.643835616438356,28.767123287671232,77.3972602739726,100.0,100.0,112,3.4717200142996654,10.714285714285714,25.892857142857142,74.10714285714286,100.0,100.0
C280,Chest,159,test/C280/Low_Dose/00000060.dcm,130.0,262144,6.501457214355469,217,3.394320298999136,11.059907834101383,24.42396313364055,75.57603686635944,100.0,100.0,0,,,,,,,117,3.387076614249466,11.965811965811966,28.205128205128204,73.5042735042735,100.0,100.0,100,3.40279541015625,10.0,20.0,78.0,100.0,100.0
C280,Chest,160,test/C280/Low_Dose/00000101.dcm,130.0,262144,6.478011608123779,279,3.288822734655018,15.770609318996415,30.82437275985663,80.28673835125448,100.0,100.0,0,,,,,,,151,3.1482265042942883,16.556291390728475,32.450331125827816,83.44370860927152,100.0,100.0,128,3.4546823501586914,14.84375,28.90625,76.5625,100.0,100.0
C280,Chest,161,test/C280/Low_Dose/00000137.dcm,130.0,262144,6.496478080749512,226,3.1660572153277102,13.274336283185841,35.84070796460177,77.87610619469027,100.0,100.0,0,,,,,,,107,3.371600284754673,14.018691588785046,32.71028037383178,73.83177570093459,100.0,100.0,119,2.98124117811187,12.605042016806722,38.65546218487395,81.5126050420168,100.0,100.0
C280,Chest,162,test/C280/Low_Dose/00000340.dcm,130.0,262144,6.539863586425781,229,3.3130836986558405,13.537117903930131,29.694323144104803,73.79912663755458,100.0,100.0,0,,,,,,,118,3.2121944104210804,17.796610169491526,31.35593220338983,75.42372881355932,100.0,100.0,111,3.420335374436937,9.00900900900901,27.92792792792793,72.07207207207207,100.0,100.0
C280,Chest,163,test/C280/Low_Dose/00000362.dcm,130.0,262144,6.4979729652404785,261,3.1351014352849615,17.24137931034483,32.95019157088122,77.39463601532567,100.0,100.0,0,,,,,,,129,3.172461694525194,18.6046511627907,31.782945736434108,76.74418604651163,100.0,100.0,132,3.098590272845644,15.909090909090908,34.09090909090909,78.03030303030303,100.0,100.0
C280,Chest,164,test/C280/Low_Dose/00000352.dcm,130.0,262144,6.541689872741699,229,3.3140885132368996,13.100436681222707,30.131004366812228,76.41921397379913,100.0,100.0,0,,,,,,,119,3.4866820263261555,13.445378151260504,23.529411764705884,76.47058823529412,100.0,100.0,110,3.127373712713068,12.727272727272727,37.27272727272727,76.36363636363636,100.0,100.0
C280,Chest,165,test/C280/Low_Dose/00000332.dcm,130.0,262144,6.558546543121338,218,3.2354943511682914,16.05504587155963,32.11009174311926,78.89908256880734,100.0,100.0,0,,,,,,,115,3.4525401239809783,11.304347826086957,24.347826086956523,76.52173913043478,100.0,100.0,103,2.99316169220267,21.359223300970875,40.77669902912621,81.55339805825243,100.0,100.0
C280,Chest,166,test/C280/Low_Dose/00000008.dcm,130.0,262144,6.56892204284668,219,3.090259012021975,12.785388127853881,32.87671232876713,83.10502283105023,100.0,100.0,0,,,,,,,114,3.3095285516036186,10.526315789473685,27.19298245614035,80.70175438596492,100.0,100.0,105,2.8521949404761906,15.238095238095237,39.04761904761905,85.71428571428571,100.0,100.0
C280,Chest,167,test/C280/Low_Dose/00000184.dcm,130.0,262144,6.6110920906066895,240,3.178490702311198,16.25,33.333333333333336,77.08333333333333,100.0,100.0,0,,,,,,,125,3.2139619140625,15.2,31.2,78.4,100.0,100.0,115,3.1399350373641304,17.391304347826086,35.65217391304348,75.65217391304348,100.0,100.0
C280,Chest,168,test/C280/Low_Dose/00000295.dcm,130.0,262144,6.640686511993408,216,3.151180691189236,15.74074074074074,30.555555555555557,80.0925925925926,100.0,100.0,0,,,,,,,107,3.1626980505257007,15.88785046728972,28.97196261682243,82.24299065420561,100.0,100.0,109,3.139874659547018,15.596330275229358,32.11009174311926,77.98165137614679,100.0,100.0
C280,Chest,169,test/C280/Low_Dose/00000330.dcm,130.0,262144,6.618159770965576,245,3.3539052535076532,13.061224489795919,28.979591836734695,76.73469387755102,100.0,100.0,0,,,,,,,107,3.356209157783294,12.149532710280374,30.8411214953271,77.57009345794393,100.0,100.0,138,3.352118892946105,13.768115942028986,27.536231884057973,76.08695652173913,100.0,100.0
C280,Chest,170,test/C280/Low_Dose/00000158.dcm,130.0,262144,6.669081687927246,276,3.219029081040534,18.115942028985508,33.333333333333336,76.08695652173913,100.0,100.0,0,,,,,,,146,3.371240067155394,13.013698630136986,31.506849315068493,73.28767123287672,100.0,100.0,130,3.048084435096154,23.846153846153847,35.38461538461539,79.23076923076923,100.0,100.0
C280,Chest,171,test/C280/Low_Dose/00000248.dcm,130.0,262144,6.662609100341797,262,3.231135477546517,14.122137404580153,29.770992366412212,77.48091603053435,100.0,100.0,0,,,,,,,128,2.996842384338379,16.40625,32.8125,82.03125,100.0,100.0,134,3.4549378352378732,11.940298507462687,26.865671641791046,73.13432835820896,100.0,100.0
C280,Chest,172,test/C280/Low_Dose/00000232.dcm,130.0,262144,6.631720542907715,243,3.256930378729424,18.51851851851852,31.275720164609055,74.89711934156378,100.0,100.0,0,,,,,,,111,3.3795847849802927,12.612612612612613,27.92792792792793,74.77477477477477,100.0,100.0,132,3.1537891734730112,23.484848484848484,34.09090909090909,75.0,100.0,100.0
C280,Chest,173,test/C280/Low_Dose/00000154.dcm,130.0,262144,6.676368236541748,286,3.2771068653026663,16.783216783216783,30.76923076923077,73.77622377622377,100.0,100.0,0,,,,,,,154,3.0280397093141236,19.48051948051948,35.064935064935064,75.97402597402598,100.0,100.0,132,3.567685213955966,13.636363636363637,25.757575757575758,71.21212121212122,100.0,100.0
C280,Chest,174,test/C280/Low_Dose/00000069.dcm,130.0,262144,6.677086353302002,257,3.33487971561892,16.342412451361866,29.182879377431906,72.37354085603113,100.0,100.0,0,,,,,,,124,3.2513575400075605,15.32258064516129,30.64516129032258,75.80645161290323,100.0,100.0,133,3.4127500146851504,17.293233082706767,27.81954887218045,69.17293233082707,100.0,100.0
C280,Chest,175,test/C280/Low_Dose/00000040.dcm,130.0,262144,6.642794132232666,238,3.191097483915441,15.126050420168067,31.932773109243698,78.15126050420169,100.0,100.0,0,,,,,,,109,3.0935472960865824,16.513761467889907,33.944954128440365,77.98165137614679,100.0,100.0,129,3.2735236116157944,13.953488372093023,30.232558139534884,78.29457364341086,100.0,100.0
C280,Chest,176,test/C280/Low_Dose/00000192.dcm,130.0,262144,6.639392852783203,214,3.3569855021539134,14.485981308411215,30.373831775700936,73.83177570093459,100.0,100.0,0,,,,,,,111,3.144359691722973,16.216216216216218,36.93693693693694,76.57657657657657,100.0,100.0,103,3.5861259386377426,12.62135922330097,23.300970873786408,70.87378640776699,100.0,100.0
C280,Chest,177,test/C280/Low_Dose/00000010.dcm,130.0,262144,6.631722927093506,268,3.0573352415170243,18.28358208955224,37.3134328358209,76.49253731343283,100.0,100.0,0,,,,,,,139,3.12892117946268,12.949640287769784,35.25179856115108,76.97841726618705,100.0,100.0,129,2.9802000060562017,24.031007751937985,39.53488372093023,75.96899224806202,100.0,100.0
C280,Chest,178,test/C280/Low_Dose/00000067.dcm,130.0,262144,6.627150535583496,337,3.493140517780972,13.649851632047477,27.299703264094955,70.91988130563799,100.0,100.0,0,,,,,,,177,3.4762045650158897,15.819209039548022,28.8135593220339,71.1864406779661,100.0,100.0,160,3.5118759155273436,11.25,25.625,70.625,100.0,100.0
C280,Chest,179,test/C280/Low_Dose/00000053.dcm,130.0,262144,6.622279167175293,296,3.153280309728674,18.91891891891892,32.0945945945946,79.05405405405405,100.0,100.0,0,,,,,,,151,3.1952599531767385,19.867549668874172,35.76158940397351,76.82119205298014,100.0,100.0,145,3.109563577586207,17.93103448275862,28.275862068965516,81.37931034482759,100.0,100.0
C280,Chest,180,test/C280/Low_Dose/00000251.dcm,130.0,262144,6.615412712097168,324,3.208128375771605,16.358024691358025,30.555555555555557,76.85185185185185,100.0,100.0,0,,,,,,,163,3.3669598351226995,14.723926380368098,27.607361963190183,73.00613496932516,100.0,100.0,161,3.0473238548136647,18.012422360248447,33.54037267080745,80.74534161490683,100.0,100.0
C280,Chest,181,test/C280/Low_Dose/00000342.dcm,130.0,262144,6.619523525238037,322,3.384862674689441,13.043478260869565,27.63975155279503,75.46583850931677,100.0,100.0,0,,,,,,,168,3.281458536783854,11.30952380952381,27.38095238095238,78.57142857142857,100.0,100.0,154,3.497667188768263,14.935064935064934,27.92207792207792,72.07792207792208,100.0,100.0
C280,Chest,182,test/C280/Low_Dose/00000226.dcm,130.0,262144,6.65568733215332,274,3.245618388600593,14.963503649635037,29.927007299270073,76.27737226277372,100.0,100.0,0,,,,,,,134,3.2533824408232275,17.16417910447761,32.08955223880597,71.64179104477611,100.0,100.0,140,3.2381870814732143,12.857142857142858,27.857142857142858,80.71428571428571,100.0,100.0
C280,Chest,183,test/C280/Low_Dose/00000227.dcm,130.0,262144,6.697533130645752,298,3.2475299195155203,15.100671140939598,29.530201342281877,79.86577181208054,100.0,100.0,0,,,,,,,137,3.4980076699361313,11.678832116788321,25.547445255474454,76.64233576642336,100.0,100.0,161,3.0343904672942545,18.012422360248447,32.91925465838509,82.6086956521739,100.0,100.0
C280,Chest,184,test/C280/Low_Dose/00000155.dcm,130.0,262144,6.703306674957275,292,3.4332910825128424,15.41095890410959,28.424657534246574,74.31506849315069,100.0,100.0,0,,,,,,,141,3.5428397537123226,15.602836879432624,27.659574468085108,68.08510638297872,100.0,100.0,151,3.330997290200745,15.2317880794702,29.13907284768212,80.13245033112582,100.0,100.0
C280,Chest,185,test/C280/Low_Dose/00000112.dcm,130.0,262144,6.763452053070068,257,3.526097872841683,11.673151750972762,26.459143968871594,69.64980544747081,100.0,100.0,0,,,,,,,125,3.43995703125,12.8,26.4,72.0,100.0,100.0,132,3.6076706395004736,10.606060606060606,26.515151515151516,67.42424242424242,100.0,100.0
C280,Chest,186,test/C280/Low_Dose/00000072.dcm,130.0,262144,6.80347204208374,293,3.43431658956378,13.651877133105803,27.986348122866893,76.10921501706484,100.0,100.0,0,,,,,,,147,3.605002059417517,12.244897959183673,26.53061224489796,72.78911564625851,100.0,100.0,146,3.2624620411494005,15.068493150684931,29.45205479452055,79.45205479452055,100.0,100.0
C280,Chest,187,test/C280/Low_Dose/00000138.dcm,130.0,262144,6.797810077667236,270,3.429052734375,15.185185185185185,29.62962962962963,72.5925925925926,100.0,100.0,0,,,,,,,141,3.4920662954343973,14.893617021276595,27.659574468085108,73.04964539007092,100.0,100.0,129,3.360177446705426,15.503875968992247,31.782945736434108,72.09302325581395,100.0,100.0
C280,Chest,188,test/C280/Low_Dose/00000336.dcm,130.0,262144,6.851365566253662,289,3.3564812155330883,13.494809688581315,29.41176470588235,75.08650519031141,100.0,100.0,0,,,,,,,139,3.384343209026529,10.79136690647482,28.776978417266186,75.53956834532374,100.0,100.0,150,3.3306624348958334,16.0,30.0,74.66666666666667,100.0,100.0
C280,Chest,189,test/C280/Low_Dose/00000056.dcm,130.0,262144,6.856649875640869,264,3.574703332149621,14.772727272727273,27.272727272727273,68.93939393939394,100.0,100.0,0,,,,,,,143,3.591148109702797,13.286713286713287,25.874125874125873,70.62937062937063,100.0,100.0,121,3.5552685950413223,16.52892561983471,28.925619834710744,66.94214876033058,100.0,100.0
C280,Chest,190,test/C280/Low_Dose/00000234.dcm,130.0,262144,6.828485488891602,213,3.3504226039832745,13.145539906103286,30.516431924882628,72.30046948356808,100.0,100.0,0,,,,,,,100,3.642447509765625,14.0,28.0,65.0,100.0,100.0,113,3.0919934838219025,12.389380530973451,32.743362831858406,78.76106194690266,100.0,100.0
C280,Chest,191,test/C280/Low_Dose/00000254.dcm,130.0,262144,6.848356246948242,229,3.2795532759620634,17.903930131004365,31.004366812227076,77.29257641921397,100.0,100.0,0,,,,,,,124,3.362061531313004,15.32258064516129,27.419354838709676,76.61290322580645,100.0,100.0,105,3.182114955357143,20.952380952380953,35.23809523809524,78.0952380952381,100.0,100.0
C280,Chest,192,test/C280/Low_Dose/00000177.dcm,130.0,262144,6.866593360900879,248,3.425910211378528,15.725806451612904,29.838709677419356,70.56451612903226,100.0,100.0,0,,,,,,,148,3.578785664326436,11.486486486486486,27.7027027027027,69.5945945945946,100.0,100.0,100,3.199654541015625,22.0,33.0,72.0,100.0,100.0
C280,Chest,193,test/C280/Low_Dose/00000172.dcm,130.0,262144,6.847996234893799,249,3.4069378098330825,13.654618473895582,30.522088353413654,72.28915662650603,100.0,100.0,0,,,,,,,117,3.4397035256410255,14.52991452991453,33.333333333333336,70.08547008547009,100.0,100.0,132,3.377895470821496,12.878787878787879,28.03030303030303,74.24242424242425,100.0,100.0
C280,Chest,194,test/C280/Low_Dose/00000337.dcm,130.0,262144,6.847420692443848,258,3.2418354832848837,17.05426356589147,32.55813953488372,77.13178294573643,100.0,100.0,0,,,,,,,142,3.2788292253521125,19.014084507042252,32.394366197183096,73.2394366197183,100.0,100.0,116,3.1965500404094827,14.655172413793103,32.758620689655174,81.89655172413794,100.0,100.0
C280,Chest,195,test/C280/Low_Dose/00000317.dcm,130.0,262144,6.831409931182861,298,3.4163806070417366,15.436241610738255,28.859060402684563,73.8255033557047,100.0,100.0,0,,,,,,,149,3.535059576866611,12.751677852348994,26.174496644295303,73.8255033557047,100.0,100.0,149,3.2977016372168624,18.120805369127517,31.543624161073826,73.8255033557047,100.0,100.0
C280,Chest,196,test/C280/Low_Dose/00000348.dcm,130.0,262144,6.8156046867370605,256,3.353705406188965,16.40625,30.859375,75.390625,100.0,100.0,0,,,,,,,144,3.2781524658203125,20.13888888888889,33.333333333333336,74.30555555555556,100.0,100.0,112,3.4508449009486606,11.607142857142858,27.678571428571427,76.78571428571429,100.0,100.0
C280,Chest,197,test/C280/Low_Dose/00000160.dcm,130.0,262144,6.788211345672607,264,3.339996337890625,15.909090909090908,31.818181818181817,74.24242424242425,100.0,100.0,0,,,,,,,140,3.517289515904018,12.857142857142858,28.571428571428573,70.71428571428571,100.0,100.0,124,3.13982662077873,19.35483870967742,35.483870967741936,78.2258064516129,100.0,100.0
C280,Chest,198,test/C280/Low_Dose/00000345.dcm,130.0,262144,6.775306701660156,271,3.3179224443611623,15.498154981549815,29.88929889298893,74.90774907749078,100.0,100.0,0,,,,,,,153,3.391458748212827,15.032679738562091,27.45098039215686,75.16339869281046,100.0,100.0,118,3.2225745249602755,16.10169491525424,33.05084745762712,74.57627118644068,100.0,100.0
C280,Chest,199,test/C280/Low_Dose/00000028.dcm,130.0,262144,6.752179145812988,205,3.5712318978658537,9.75609756097561,27.317073170731707,73.65853658536585,100.0,100.0,0,,,,,,,110,3.5575328480113635,9.090909090909092,27.272727272727273,73.63636363636364,100.0,100.0,95,3.5870939555921053,10.526315789473685,27.36842105263158,73.6842105263158,100.0,100.0
C280,Chest,200,test/C280/Low_Dose/00000238.dcm,130.0,262144,6.735183238983154,199,3.446041241363065,16.08040201005025,27.1356783919598,73.36683417085428,100.0,100.0,0,,,,,,,102,3.5433600930606617,15.686274509803921,26.470588235294116,71.56862745098039,100.0,100.0,97,3.3437059540109537,16.49484536082474,27.835051546391753,75.25773195876289,100.0,100.0
C280,Chest,201,test/C280/Low_Dose/00000228.dcm,130.0,262144,6.747861862182617,255,3.0602893305759804,17.254901960784313,36.07843137254902,78.43137254901961,100.0,100.0,0,,,,,,,129,3.239239833151647,14.728682170542635,31.782945736434108,75.96899224806202,100.0,100.0,126,2.877078101748512,19.841269841269842,40.476190476190474,80.95238095238095,100.0,100.0
C280,Chest,202,test/C280/Low_Dose/00000156.dcm,130.0,262144,6.745073318481445,275,3.3304447798295453,17.818181818181817,32.36363636363637,73.81818181818181,100.0,100.0,0,,,,,,,146,3.321137728756421,16.438356164383563,32.87671232876713,73.28767123287672,100.0,100.0,129,3.3409783415092056,19.37984496124031,31.782945736434108,74.4186046511628,100.0,100.0
C280,Chest,203,test/C280/Low_Dose/00000014.dcm,130.0,262144,6.7600531578063965,256,3.2896361351013184,16.40625,33.203125,76.171875,100.0,100.0,0,,,,,,,131,3.299016355558206,15.267175572519085,30.53435114503817,79.38931297709924,100.0,100.0,125,3.2798056640625,17.6,36.0,72.8,100.0,100.0
C280,Chest,204,test/C280/Low_Dose/00000066.dcm,130.0,262144,6.752767086029053,272,3.5028363396139706,11.764705882352942,25.36764705882353,75.36764705882354,100.0,100.0,0,,,,,,,144,3.3258099026150174,14.583333333333334,27.77777777777778,80.55555555555556,100.0,100.0,128,3.701991081237793,8.59375,22.65625,69.53125,100.0,100.0
C280,Chest,205,test/C280/Low_Dose/00000291.dcm,130.0,262144,6.728336334228516,267,3.204624590355805,20.224719101123597,33.333333333333336,71.91011235955057,100.0,100.0,0,,,,,,,124,3.1713335590977825,18.548387096774192,29.838709677419356,74.19354838709677,100.0,100.0,143,3.2334923377403846,21.678321678321677,36.36363636363637,69.93006993006993,100.0,100.0
C280,Chest,206,test/C280/Low_Dose/00000200.dcm,130.0,262144,6.6969075202941895,268,3.510133202396222,9.701492537313433,25.37313432835821,71.26865671641791,100.0,100.0,0,,,,,,,143,3.315294812609266,11.888111888111888,28.67132867132867,74.82517482517483,100.0,100.0,125,3.7330283203125,7.2,21.6,67.2,100.0,100.0
C280,Chest,207,test/C280/Low_Dose/00000130.dcm,130.0,262144,6.689114570617676,234,3.239529079861111,13.247863247863247,30.76923076923077,76.4957264957265,100.0,100.0,0,,,,,,,112,3.4431424822126115,8.928571428571429,23.214285714285715,75.0,100.0,100.0,122,3.0526053006531764,17.21311475409836,37.704918032786885,77.8688524590164,100.0,100.0
C280,Chest,208,test/C280/Low_Dose/00000036.dcm,130.0,262144,6.716640949249268,230,3.1169428286345107,16.956521739130434,32.608695652173914,77.82608695652173,100.0,100.0,0,,,,,,,114,3.0748237476014255,15.789473684210526,34.21052631578947,79.82456140350877,100.0,100.0,116,3.1583357186153016,18.103448275862068,31.03448275862069,75.86206896551724,100.0,100.0
C280,Chest,209,test/C280/Low_Dose/00000078.dcm,130.0,262144,6.731612682342529,210,3.3884190150669644,16.666666666666668,29.523809523809526,70.47619047619048,100.0,100.0,0,,,,,,,98,3.2423145527742347,18.367346938775512,33.673469387755105,76.53061224489795,100.0,100.0,112,3.516260419573103,15.178571428571429,25.892857142857142,65.17857142857143,100.0,100.0
C280,Chest,210,test/C280/Low_Dose/00000001.dcm,130.0,262144,6.74083137512207,274,3.376103978957573,13.86861313868613,28.1021897810219,76.27737226277372,100.0,100.0,0,,,,,,,130,3.2551532451923078,13.846153846153847,29.23076923076923,78.46153846153847,100.0,100.0,144,3.485295613606771,13.88888888888889,27.083333333333332,74.30555555555556,100.0,100.0
C280,Chest,211,test/C280/Low_Dose/00000311.dcm,130.0,262144,6.745843410491943,255,3.5445575788909314,11.372549019607844,26.274509803921568,71.37254901960785,100.0,100.0,0,,,,,,,123,3.688777272294207,10.56910569105691,21.13821138211382,70.73170731707317,100.0,100.0,132,3.410171046401515,12.121212121212121,31.060606060606062,71.96969696969697,100.0,100.0
C280,Chest,212,test/C280/Low_Dose/00000310.dcm,130.0,262144,6.755680084228516,259,3.3420386590552607,18.146718146718147,30.501930501930502,73.74517374517374,100.0,100.0,0,,,,,,,137,3.5336780408873176,16.78832116788321,30.656934306569344,67.88321167883211,100.0,100.0,122,3.1268370581454916,19.672131147540984,30.327868852459016,80.32786885245902,100.0,100.0
C280,Chest,213,test/C280/Low_Dose/00000188.dcm,130.0,262144,6.783639430999756,261,3.7527542991199714,10.344827586206897,21.0727969348659,68.96551724137932,100.0,100.0,0,,,,,,,150,3.829989420572917,6.666666666666667,18.0,71.33333333333333,100.0,100.0,111,3.6483825133727477,15.315315315315315,25.225225225225227,65.76576576576576,100.0,100.0
C280,Chest,214,test/C280/Low_Dose/00000269.dcm,130.0,262144,6.825679779052734,244,3.5770193631531764,10.655737704918034,23.770491803278688,70.08196721311475,100.0,100.0,0,,,,,,,136,3.4842062557444855,12.5,27.205882352941178,69.8529411764706,100.0,100.0,108,3.6938951280381946,8.333333333333334,19.444444444444443,70.37037037037037,100.0,100.0
C280,Chest,215,test/C280/Low_Dose/00000038.dcm,130.0,262144,6.880430221557617,232,3.4425932785560347,12.068965517241379,25.0,75.0,100.0,100.0,0,,,,,,,126,3.36212158203125,14.285714285714286,28.571428571428573,76.98412698412699,100.0,100.0,106,3.5382483140477596,9.433962264150944,20.754716981132077,72.64150943396227,100.0,100.0
C280,Chest,216,test/C280/Low_Dose/00000278.dcm,130.0,262144,6.941194534301758,195,3.4617938701923077,12.307692307692308,24.102564102564102,74.35897435897436,100.0,100.0,0,,,,,,,112,3.619776044573103,8.035714285714286,19.642857142857142,75.0,100.0,100.0,83,3.2486131047628013,18.072289156626507,30.120481927710845,73.49397590361446,100.0,100.0
C280,Chest,217,test/C280/Low_Dose/00000322.dcm,130.0,262144,6.9784932136535645,221,3.586626838235294,9.95475113122172,27.601809954751133,72.39819004524887,100.0,100.0,0,,,,,,,103,3.4228669694326457,8.737864077669903,32.03883495145631,74.75728155339806,100.0,100.0,118,3.72956977456303,11.016949152542374,23.728813559322035,70.33898305084746,100.0,100.0
C280,Chest,218,test/C280/Low_Dose/00000182.dcm,130.0,262144,7.0414323806762695,255,3.501919136795343,14.901960784313726,28.235294117647058,72.94117647058823,100.0,100.0,0,,,,,,,136,3.5455780029296875,13.235294117647058,26.470588235294116,76.47058823529412,100.0,100.0,119,3.452023289784664,16.80672268907563,30.252100840336134,68.90756302521008,100.0,100.0
C280,Chest,219,test/C280/Low_Dose/00000338.dcm,130.0,262144,7.094913005828857,266,3.5797183388157894,14.661654135338345,28.94736842105263,69.54887218045113,100.0,100.0,0,,,,,,,147,3.4453399035395407,17.006802721088434,31.972789115646258,71.42857142857143,100.0,100.0,119,3.7457152294511555,11.764705882352942,25.210084033613445,67.22689075630252,100.0,100.0
C280,Chest,220,test/C280/Low_Dose/00000327.dcm,130.0,262144,7.178771495819092,272,3.6592483520507812,13.970588235294118,23.529411764705884,70.58823529411765,100.0,100.0,0,,,,,,,140,3.7272862025669644,14.285714285714286,23.571428571428573,66.42857142857143,100.0,100.0,132,3.5870869954427085,13.636363636363637,23.484848484848484,75.0,100.0,100.0
C280,Chest,221,test/C280/Low_Dose/00000239.dcm,130.0,262144,7.2444562911987305,272,3.478170058306526,16.91176470588235,30.147058823529413,69.11764705882354,100.0,100.0,0,,,,,,,148,3.456222121779983,18.243243243243242,29.72972972972973,68.24324324324324,100.0,100.0,124,3.504365982547883,15.32258064516129,30.64516129032258,70.16129032258064,100.0,100.0
C280,Chest,222,test/C280/Low_Dose/00000139.dcm,130.0,262144,7.316470146179199,256,3.6080870628356934,12.890625,24.21875,69.53125,100.0,100.0,0,,,,,,,147,3.560213880474065,14.285714285714286,22.448979591836736,68.70748299319727,100.0,100.0,109,3.6726499784977062,11.009174311926605,26.605504587155963,70.64220183486239,100.0,100.0
C280,Chest,223,test/C280/Low_Dose/00000086.dcm,130.0,262144,7.379507541656494,236,3.4462528552039196,13.135593220338983,27.54237288135593,73.72881355932203,100.0,100.0,0,,,,,,,116,3.4644912193561423,13.793103448275861,30.17241379310345,70.6896551724138,100.0,100.0,120,3.4286224365234377,12.5,25.0,76.66666666666667,100.0,100.0
C280,Chest,224,test/C280/Low_Dose/00000004.dcm,130.0,262144,7.432000637054443,213,3.5164749073870305,15.492957746478874,31.455399061032864,71.83098591549296,100.0,100.0,0,,,,,,,119,3.2469256745667017,18.48739495798319,36.134453781512605,77.3109243697479,100.0,100.0,94,3.8577127659574466,11.702127659574469,25.53191489361702,64.8936170212766,100.0,100.0
C280,Chest,225,test/C280/Low_Dose/00000217.dcm,130.0,262144,7.474238395690918,209,3.7259883606833135,15.789473684210526,23.923444976076556,67.94258373205741,100.0,100.0,0,,,,,,,103,3.847896835179005,16.50485436893204,27.184466019417474,66.99029126213593,100.0,100.0,106,3.6075301260318398,15.09433962264151,20.754716981132077,68.86792452830188,100.0,100.0
C280,Chest,226,test/C280/Low_Dose/00000313.dcm,130.0,262144,7.495512008666992,256,3.668281078338623,13.671875,28.125,64.84375,100.0,100.0,0,,,,,,,146,3.6375096987371576,14.383561643835616,30.82191780821918,63.013698630136986,100.0,100.0,110,3.7091230912642046,12.727272727272727,24.545454545454547,67.27272727272727,100.0,100.0
C280,Chest,227,test/C280/Low_Dose/00000265.dcm,130.0,262144,7.585408687591553,275,3.831025390625,16.0,29.454545454545453,61.45454545454545,100.0,100.0,0,,,,,,,152,3.999979119551809,14.473684210526315,23.026315789473685,57.23684210526316,100.0,100.0,123,3.6222370426829267,17.88617886178862,37.39837398373984,66.66666666666667,100.0,100.0
C280,Chest,228,test/C280/Low_Dose/00000148.dcm,130.0,262144,7.633902549743652,320,3.868494415283203,13.125,25.3125,64.6875,100.0,100.0,0,,,,,,,159,3.841925087215016,11.949685534591195,26.41509433962264,63.522012578616355,100.0,100.0,161,3.8947336895865683,14.285714285714286,24.22360248447205,65.83850931677019,100.0,100.0
C280,Chest,229,test/C280/Low_Dose/00000042.dcm,130.0,262144,7.656025409698486,328,3.9306182861328125,12.804878048780488,23.170731707317074,62.19512195121951,100.0,100.0,0,,,,,,,177,3.7389874646892656,12.429378531073446,24.858757062146893,66.10169491525424,100.0,100.0,151,4.155245143056705,13.245033112582782,21.192052980132452,57.615894039735096,100.0,100.0
C280,Chest,230,test/C280/Low_Dose/00000270.dcm,130.0,262144,7.655839920043945,207,3.5769797799667873,19.32367149758454,31.884057971014492,70.53140096618357,100.0,100.0,0,,,,,,,111,3.688696509009009,20.72072072072072,30.63063063063063,66.66666666666667,100.0,100.0,96,3.4478073120117188,17.708333333333332,33.333333333333336,75.0,100.0,100.0
C280,Chest,231,test/C280/Low_Dose/00000071.dcm,130.0,262144,7.68431282043457,208,3.78799321101262,11.538461538461538,25.0,64.42307692307692,100.0,100.0,0,,,,,,,118,3.745514433262712,11.864406779661017,26.271186440677965,64.40677966101696,100.0,100.0,90,3.8436876085069445,11.11111111111111,23.333333333333332,64.44444444444444,100.0,100.0
C280,Chest,232,test/C280/Low_Dose/00000065.dcm,130.0,262144,7.697713375091553,242,3.884060946377841,13.636363636363637,23.553719008264462,67.76859504132231,100.0,100.0,0,,,,,,,132,3.946311257102273,12.878787878787879,24.242424242424242,64.39393939393939,100.0,100.0,110,3.8093605735085228,14.545454545454545,22.727272727272727,71.81818181818181,100.0,100.0
C280,Chest,233,test/C280/Low_Dose/00000333.dcm,130.0,262144,7.727057933807373,246,4.000045652311992,12.195121951219512,21.54471544715447,63.00813008130081,100.0,100.0,0,,,,,,,137,3.8697064253535585,15.328467153284672,24.087591240875913,64.23357664233576,100.0,100.0,109,4.163866515553326,8.256880733944953,18.34862385321101,61.46788990825688,100.0,100.0
C280,Chest,234,test/C280/Low_Dose/00000175.dcm,130.0,262144,7.741466522216797,306,4.149121652241626,9.803921568627452,22.875816993464053,60.130718954248366,100.0,100.0,0,,,,,,,170,4.144953469669118,11.176470588235293,22.941176470588236,60.0,100.0,100.0,136,4.154331880457261,8.088235294117647,22.794117647058822,60.294117647058826,100.0,100.0
C280,Chest,235,test/C280/Low_Dose/00000272.dcm,130.0,262144,7.713602542877197,289,3.791350579179282,13.84083044982699,28.37370242214533,62.9757785467128,100.0,100.0,0,,,,,,,153,3.992397333282271,11.11111111111111,23.529411764705884,59.47712418300654,100.0,100.0,136,3.565172980813419,16.91176470588235,33.8235294117647,66.91176470588235,100.0,100.0
C280,Chest,236,test/C280/Low_Dose/00000128.dcm,130.0,262144,7.799348831176758,329,3.606094685006649,14.893617021276595,27.35562310030395,71.73252279635258,100.0,100.0,0,,,,,,,178,3.3960811314957864,19.10112359550562,32.58426966292135,73.59550561797752,100.0,100.0,151,3.8536603308671356,9.933774834437086,21.192052980132452,69.5364238410596,100.0,100.0
C280,Chest,237,test/C280/Low_Dose/00000180.dcm,130.0,262144,7.826810836791992,320,4.193119812011719,10.0,20.625,58.125,100.0,100.0,0,,,,,,,174,4.182540016612787,8.045977011494253,20.689655172413794,56.89655172413793,100.0,100.0,146,4.20572860926798,12.32876712328767,20.54794520547945,59.58904109589041,100.0,100.0
C280,Chest,238,test/C280/Low_Dose/00000023.dcm,130.0,262144,7.820797443389893,291,3.898976539008806,13.058419243986254,26.460481099656356,63.57388316151203,100.0,100.0,0,,,,,,,154,3.9080715427150974,14.935064935064934,26.623376623376622,62.33766233766234,100.0,100.0,137,3.8887529582002736,10.94890510948905,26.277372262773724,64.96350364963503,100.0,100.0
C280,Chest,239,test/C280/Low_Dose/00000304.dcm,130.0,262144,7.8691182136535645,263,3.844483814312025,15.96958174904943,27.75665399239544,63.49809885931559,100.0,100.0,0,,,,,,,136,4.065325568704044,14.705882352941176,26.470588235294116,61.029411764705884,100.0,100.0,127,3.607991856852854,17.322834645669293,29.133858267716537,66.14173228346456,100.0,100.0
C280,Chest,240,test/C280/Low_Dose/00000047.dcm,130.0,262144,7.910617828369141,221,4.003019721259898,10.407239819004525,22.624434389140273,63.34841628959276,100.0,100.0,0,,,,,,,122,4.176373591188525,9.836065573770492,20.491803278688526,61.47540983606557,100.0,100.0,99,3.789391719933712,11.11111111111111,25.252525252525253,65.65656565656566,100.0,100.0
C280,Chest,241,test/C280/Low_Dose/00000339.dcm,130.0,262144,7.901604175567627,217,4.079601094470046,11.981566820276498,23.04147465437788,59.44700460829493,100.0,100.0,0,,,,,,,113,4.288733018183075,10.619469026548673,15.929203539823009,57.52212389380531,100.0,100.0,104,3.8523712158203125,13.461538461538462,30.76923076923077,61.53846153846154,100.0,100.0
C280,Chest,242,test/C280/Low_Dose/00000201.dcm,130.0,262144,7.929339408874512,218,3.7271711716958142,11.926605504587156,27.522935779816514,68.34862385321101,100.0,100.0,0,,,,,,,118,3.7535296941207625,10.169491525423728,27.11864406779661,68.64406779661017,100.0,100.0,100,3.696068115234375,14.0,28.0,68.0,100.0,100.0
C280,Chest,243,test/C280/Low_Dose/00000241.dcm,130.0,262144,7.902214050292969,203,3.9979626885775863,11.330049261083744,25.123152709359605,58.62068965517241,100.0,100.0,0,,,,,,,118,4.104832536083157,11.864406779661017,25.423728813559322,53.389830508474574,100.0,100.0,85,3.8496021943933822,10.588235294117647,24.705882352941178,65.88235294117646,100.0,100.0
C280,Chest,244,test/C280/Low_Dose/00000176.dcm,130.0,262144,7.813744068145752,246,3.9302437634972054,14.227642276422765,25.203252032520325,60.56910569105691,100.0,100.0,0,,,,,,,143,3.982563578999126,12.587412587412587,22.377622377622377,60.83916083916084,100.0,100.0,103,3.8576055730430827,16.50485436893204,29.12621359223301,60.19417475728155,100.0,100.0
C280,Chest,245,test/C280/Low_Dose/00000367.dcm,130.0,262144,7.792262077331543,282,3.8359721298758864,12.056737588652481,25.177304964539008,66.66666666666667,100.0,100.0,0,,,,,,,152,3.8898725007709705,11.842105263157896,26.973684210526315,63.1578947368421,100.0,100.0,130,3.772950157752404,12.307692307692308,23.076923076923077,70.76923076923077,100.0,100.0
C280,Chest,246,test/C280/Low_Dose/00000316.dcm,130.0,262144,7.688047409057617,230,3.788101328974185,12.173913043478262,26.52173913043478,66.08695652173913,100.0,100.0,0,,,,,,,128,3.8418960571289062,12.5,26.5625,64.84375,100.0,100.0,102,3.7205942191329657,11.764705882352942,26.470588235294116,67.6470588235294,100.0,100.0
C280,Chest,247,test/C280/Low_Dose/00000129.dcm,130.0,262144,7.509056568145752,261,3.74448672473659,9.578544061302683,24.521072796934867,67.816091954023,100.0,100.0,0,,,,,,,157,3.9494434526771496,7.643312101910828,21.019108280254777,63.69426751592356,100.0,100.0,104,3.4350808950570912,12.5,29.807692307692307,74.03846153846153,100.0,100.0
C280,Chest,248,test/C280/Low_Dose/00000103.dcm,130.0,262144,7.451916694641113,238,3.7667287618172267,11.764705882352942,23.949579831932773,67.6470588235294,100.0,100.0,0,,,,,,,133,4.1404276682918235,8.270676691729323,18.796992481203006,61.65413533834587,100.0,100.0,105,3.2933768136160713,16.19047619047619,30.476190476190474,75.23809523809524,100.0,100.0
C280,Chest,249,test/C280/Low_Dose/00000209.dcm,130.0,262144,7.378983020782471,225,4.0048046875,11.11111111111111,23.555555555555557,61.77777777777778,100.0,100.0,0,,,,,,,118,3.9323140807070973,13.559322033898304,27.11864406779661,64.40677966101696,100.0,100.0,107,4.084747599664135,8.411214953271028,19.626168224299064,58.87850467289719,100.0,100.0
C280,Chest,250,test/C280/Low_Dose/00000017.dcm,130.0,262144,7.244629383087158,234,3.736034425914797,15.811965811965813,24.358974358974358,65.38461538461539,100.0,100.0,0,,,,,,,143,3.7244821828562062,16.083916083916083,21.678321678321677,66.43356643356644,100.0,100.0,91,3.7541879507211537,15.384615384615385,28.571428571428573,63.73626373626374,100.0,100.0
C280,Chest,251,test/C280/Low_Dose/00000312.dcm,130.0,262144,7.216153144836426,227,3.5150872453193833,15.418502202643172,29.515418502202643,72.68722466960352,100.0,100.0,0,,,,,,,135,3.446263744212963,17.037037037037038,29.62962962962963,73.33333333333333,100.0,100.0,92,3.6160782523777173,13.043478260869565,29.347826086956523,71.73913043478261,100.0,100.0
C280,Chest,252,test/C280/Low_Dose/00000145.dcm,130.0,262144,7.180240154266357,267,3.7063139154669944,8.614232209737828,30.711610486891384,65.1685393258427,100.0,100.0,0,,,,,,,161,3.6875765782705745,8.695652173913043,31.677018633540374,62.732919254658384,100.0,100.0,106,3.7347734559257075,8.49056603773585,29.245283018867923,68.86792452830188,100.0,100.0
C280,Chest,253,test/C280/Low_Dose/00000368.dcm,130.0,262144,7.155974864959717,303,3.6314407197555694,12.211221122112212,27.722772277227723,69.3069306930693,100.0,100.0,0,,,,,,,170,3.551894962086397,11.764705882352942,30.58823529411765,68.23529411764706,100.0,100.0,133,3.7331157483552633,12.781954887218046,24.06015037593985,70.67669172932331,100.0,100.0
C280,Chest,254,test/C280/Low_Dose/00000068.dcm,130.0,262144,7.279738426208496,360,3.776586235894097,10.555555555555555,23.61111111111111,67.77777777777777,100.0,100.0,0,,,,,,,202,3.677716850054146,9.900990099009901,24.752475247524753,68.81188118811882,100.0,100.0,158,3.902988868423655,11.39240506329114,22.151898734177216,66.45569620253164,100.0,100.0
C280,Chest,255,test/C280/Low_Dose/00000015.dcm,130.0,262144,7.250810146331787,338,3.779656946306398,11.242603550295858,24.556213017751478,66.86390532544378,100.0,100.0,0,,,,,,,189,3.819362418361442,10.582010582010582,25.396825396825395,66.13756613756614,100.0,100.0,149,3.729292287122483,12.080536912751677,23.48993288590604,67.78523489932886,100.0,100.0
C280,Chest,256,test/C280/Low_Dose/00000280.dcm,130.0,262144,7.181095123291016,370,3.5562028214738177,13.243243243243244,27.56756756756757,70.8108108108108,100.0,100.0,0,,,,,,,202,3.3360233118038365,14.356435643564357,31.18811881188119,77.72277227722772,100.0,100.0,168,3.8209424700055803,11.904761904761905,23.214285714285715,62.5,100.0,100.0
C280,Chest,257,test/C280/Low_Dose/00000261.dcm,130.0,262144,7.2635369300842285,345,3.4704002490942027,16.52173913043478,30.72463768115942,72.46376811594203,100.0,100.0,0,,,,,,,204,3.4920827828201593,16.666666666666668,28.431372549019606,71.56862745098039,100.0,100.0,141,3.4390297747672873,16.31205673758865,34.04255319148936,73.75886524822695,100.0,100.0
C280,Chest,258,test/C280/Low_Dose/00000220.dcm,130.0,262144,7.288206577301025,339,3.5550807176438055,14.749262536873156,27.728613569321535,69.32153392330383,100.0,100.0,0,,,,,,,191,3.5768065128026834,15.706806282722512,27.74869109947644,67.53926701570681,100.0,100.0,148,3.527042698215794,13.513513513513514,27.7027027027027,71.62162162162163,100.0,100.0
C280,Chest,259,test/C280/Low_Dose/00000356.dcm,130.0,262144,7.164231300354004,402,3.729994436994714,13.930348258706468,26.616915422885572,64.42786069651741,100.0,100.0,0,,,,,,,209,3.901059967479067,10.047846889952153,22.00956937799043,61.24401913875598,100.0,100.0,193,3.544747308128238,18.134715025906736,31.60621761658031,67.87564766839378,100.0,100.0
C280,Chest,260,test/C280/Low_Dose/00000323.dcm,130.0,262144,7.26198148727417,415,3.6324159920933736,13.734939759036145,27.951807228915662,68.67469879518072,100.0,100.0,0,,,,,,,236,3.624558270987818,13.559322033898304,27.11864406779661,69.49152542372882,100.0,100.0,179,3.6427758925453912,13.966480446927374,29.050279329608937,67.59776536312849,100.0,100.0
C280,Chest,261,test/C280/Low_Dose/00000328.dcm,130.0,262144,7.225650787353516,434,3.8469041393649195,11.981566820276498,22.8110599078341,64.0552995391705,100.0,100.0,0,,,,,,,250,3.92207080078125,10.4,20.8,62.8,100.0,100.0,184,3.744775523310122,14.130434782608695,25.543478260869566,65.76086956521739,100.0,100.0
C280,Chest,262,test/C280/Low_Dose/00000281.dcm,130.0,262144,7.113190650939941,499,3.5255643122181866,13.226452905811623,28.256513026052104,71.14228456913828,100.0,100.0,0,,,,,,,289,3.5932769247404845,12.110726643598616,26.643598615916954,69.55017301038062,100.0,100.0,210,3.4323788597470237,14.761904761904763,30.476190476190474,73.33333333333333,100.0,100.0
C280,Chest,263,test/C280/Low_Dose/00000064.dcm,130.0,262144,7.202994346618652,517,3.6967549130349373,10.831721470019342,23.21083172147002,70.98646034816248,100.0,100.0,0,,,,,,,311,3.754492658510852,10.932475884244372,23.15112540192926,70.73954983922829,100.0,100.0,206,3.6095877341853764,10.679611650485437,23.300970873786408,71.35922330097087,100.0,100.0
C280,Chest,264,test/C280/Low_Dose/00000214.dcm,130.0,262144,7.15453577041626,540,3.69061121057581,12.962962962962964,27.22222222222222,66.66666666666667,100.0,100.0,0,,,,,,,309,3.89221112396339,12.62135922330097,22.977346278317153,62.45954692556634,100.0,100.0,231,3.4209385991612553,13.41991341991342,32.900432900432904,72.2943722943723,100.0,100.0
C280,Chest,265,test/C280/Low_Dose/00000070.dcm,130.0,262144,7.089079856872559,515,3.6627412962682038,13.592233009708737,24.854368932038835,66.60194174757281,100.0,100.0,0,,,,,,,310,3.6691614950856857,12.580645161290322,25.483870967741936,66.12903225806451,100.0,100.0,205,3.653032702934451,15.121951219512194,23.902439024390244,67.3170731707317,100.0,100.0
C280,Chest,266,test/C280/Low_Dose/00000204.dcm,130.0,262144,7.225972652435303,437,3.8091342672876145,10.068649885583524,23.112128146453088,66.36155606407323,100.0,100.0,0,,,,,,,248,3.9266780730216735,10.080645161290322,22.177419354838708,63.306451612903224,100.0,100.0,189,3.654896892567791,10.052910052910052,24.33862433862434,70.37037037037037,100.0,100.0
C280,Chest,267,test/C280/Low_Dose/00000119.dcm,130.0,262144,7.291611194610596,431,3.895788772476798,8.584686774941995,24.129930394431554,64.73317865429235,100.0,100.0,0,,,,,,,261,3.949187881645115,8.42911877394636,22.22222222222222,65.90038314176245,100.0,100.0,170,3.813805434283088,8.823529411764707,27.058823529411764,62.94117647058823,100.0,100.0
C280,Chest,268,test/C280/Low_Dose/00000029.dcm,130.0,262144,7.244030475616455,395,3.5649998145767405,14.430379746835444,26.075949367088608,70.12658227848101,100.0,100.0,0,,,,,,,222,3.6089516029701576,16.666666666666668,27.92792792792793,66.21621621621621,100.0,100.0,173,3.508599253748194,11.560693641618498,23.69942196531792,75.14450867052022,100.0,100.0
C280,Chest,269,test/C280/Low_Dose/00000197.dcm,130.0,262144,7.391341686248779,329,3.8731641218655017,11.246200607902736,24.924012158054712,63.829787234042556,100.0,100.0,0,,,,,,,172,3.9472067189771076,12.790697674418604,23.837209302325583,61.627906976744185,100.0,100.0,157,3.792047391271895,9.554140127388536,26.11464968152866,66.24203821656052,100.0,100.0
C280,Chest,270,test/C280/Low_Dose/00000122.dcm,130.0,262144,7.430794715881348,367,3.8909389901226157,10.354223433242506,22.615803814713896,65.39509536784742,100.0,100.0,0,,,,,,,215,3.847065202579942,11.627906976744185,24.186046511627907,66.97674418604652,100.0,100.0,152,3.9529973080283716,8.552631578947368,20.394736842105264,63.1578947368421,100.0,100.0
C280,Chest,271,test/C280/Low_Dose/00000050.dcm,130.0,262144,7.437067985534668,303,3.9290312209931932,10.561056105610561,23.762376237623762,62.37623762376238,100.0,100.0,0,,,,,,,169,3.9397550503883134,10.650887573964496,23.668639053254438,60.946745562130175,100.0,100.0,134,3.915506391382929,10.447761194029852,23.880597014925375,64.17910447761194,100.0,100.0
C280,Chest,272,test/C280/Low_Dose/00000094.dcm,130.0,262144,7.571779727935791,313,3.9448858389077475,8.945686900958467,22.044728434504794,63.57827476038339,100.0,100.0,0,,,,,,,175,4.131669224330357,5.142857142857143,18.857142857142858,59.42857142857143,100.0,100.0,138,3.708022850147192,13.768115942028986,26.08695652173913,68.84057971014492,100.0,100.0
C280,Chest,273,test/C280/Low_Dose/00000034.dcm,130.0,262144,7.653173446655273,278,3.803214313314973,11.151079136690647,22.302158273381295,65.10791366906474,100.0,100.0,0,,,,,,,154,3.946004495992289,9.090909090909092,20.12987012987013,63.63636363636363,100.0,100.0,124,3.625878118699597,13.709677419354838,25.0,66.93548387096774,100.0,100.0
C280,Chest,274,test/C280/Low_Dose/00000140.dcm,130.0,262144,7.670631408691406,313,3.6369301305411343,14.696485623003195,31.629392971246006,64.85623003194888,100.0,100.0,0,,,,,,,161,3.760065872476708,14.906832298136646,31.055900621118013,63.35403726708075,100.0,100.0,152,3.5065034565172697,14.473684210526315,32.23684210526316,66.44736842105263,100.0,100.0
C280,Chest,275,test/C280/Low_Dose/00000213.dcm,130.0,262144,7.763254165649414,299,4.132070279839047,11.705685618729097,21.070234113712374,61.87290969899666,100.0,100.0,0,,,,,,,177,4.153367209569209,11.299435028248588,19.774011299435028,62.14689265536723,100.0,100.0,122,4.101172275230533,12.295081967213115,22.950819672131146,61.47540983606557,100.0,100.0
C280,Chest,276,test/C280/Low_Dose/00000221.dcm,130.0,262144,7.814131259918213,307,3.957233640192386,11.400651465798045,23.127035830618894,65.14657980456026,100.0,100.0,0,,,,,,,143,4.073293405812937,9.090909090909092,19.58041958041958,63.63636363636363,100.0,100.0,164,3.856035186023247,13.414634146341463,26.21951219512195,66.46341463414635,100.0,100.0
C280,Chest,277,test/C280/Low_Dose/00000283.dcm,130.0,262144,7.728079319000244,281,3.7448600144572954,13.87900355871886,25.622775800711743,67.25978647686833,100.0,100.0,0,,,,,,,143,3.5599459134615383,13.986013986013987,30.76923076923077,69.93006993006993,100.0,100.0,138,3.9364739017210146,13.768115942028986,20.28985507246377,64.4927536231884,100.0,100.0
C280,Chest,278,test/C280/Low_Dose/00000237.dcm,130.0,262144,7.738638877868652,250,3.980365234375,9.6,24.0,62.4,100.0,100.0,0,,,,,,,133,3.854459145911654,9.774436090225564,25.56390977443609,63.909774436090224,100.0,100.0,117,4.123489249465812,9.401709401709402,22.22222222222222,60.68376068376068,100.0,100.0
C280,Chest,279,test/C280/Low_Dose/00000262.dcm,130.0,262144,7.7385759353637695,224,4.126412527901786,9.821428571428571,23.214285714285715,62.5,100.0,100.0,0,,,,,,,131,4.111762359852099,10.687022900763358,25.19083969465649,61.83206106870229,100.0,100.0,93,4.147048786122312,8.602150537634408,20.43010752688172,63.44086021505376,100.0,100.0
C280,Chest,280,test/C280/Low_Dose/00000117.dcm,130.0,262144,7.678995132446289,267,4.047958088278324,9.363295880149813,23.59550561797753,63.29588014981273,100.0,100.0,0,,,,,,,147,4.154557623830782,10.204081632653061,23.80952380952381,57.82312925170068,100.0,100.0,120,3.9173736572265625,8.333333333333334,23.333333333333332,70.0,100.0,100.0
C280,Chest,281,test/C280/Low_Dose/00000359.dcm,130.0,262144,7.728231430053711,368,3.73711926004161,14.402173913043478,27.717391304347824,68.75,100.0,100.0,0,,,,,,,194,3.8055143061372423,14.43298969072165,27.835051546391753,68.04123711340206,100.0,100.0,174,3.6608627143947556,14.367816091954023,27.586206896551722,69.54022988505747,100.0,100.0
C280,Chest,282,test/C280/Low_Dose/00000132.dcm,130.0,262144,7.729379653930664,354,3.9729155632062145,13.27683615819209,23.728813559322035,61.86440677966102,100.0,100.0,0,,,,,,,192,4.08725102742513,11.979166666666666,21.354166666666668,60.416666666666664,100.0,100.0,162,3.837406864872685,14.814814814814815,26.54320987654321,63.58024691358025,100.0,100.0
C280,Chest,283,test/C280/Low_Dose/00000218.dcm,130.0,262144,7.663320541381836,382,3.729844337982657,14.921465968586388,30.104712041884817,65.18324607329843,100.0,100.0,0,,,,,,,212,3.723472163362323,15.09433962264151,31.132075471698112,64.62264150943396,100.0,100.0,170,3.7377908145680148,14.705882352941176,28.823529411764707,65.88235294117646,100.0,100.0
C280,Chest,284,test/C280/Low_Dose/00000194.dcm,130.0,262144,7.7252888679504395,308,3.7468285498681007,15.25974025974026,28.246753246753247,65.25974025974025,100.0,100.0,0,,,,,,,184,3.66731129521909,17.934782608695652,30.97826086956522,64.67391304347827,100.0,100.0,124,3.8648218954763105,11.290322580645162,24.193548387096776,66.12903225806451,100.0,100.0
C280,Chest,285,test/C280/Low_Dose/00000219.dcm,130.0,262144,7.749321460723877,254,4.068081592950295,8.26771653543307,20.866141732283463,62.20472440944882,100.0,100.0,0,,,,,,,162,4.046211902006172,7.407407407407407,19.753086419753085,62.34567901234568,100.0,100.0,92,4.106591266134511,9.782608695652174,22.82608695652174,61.95652173913044,100.0,100.0
C280,Chest,286,test/C280/Low_Dose/00000098.dcm,130.0,262144,7.697359085083008,266,3.7247126299635807,11.654135338345865,28.195488721804512,66.54135338345864,100.0,100.0,0,,,,,,,167,3.69734603059506,11.976047904191617,27.54491017964072,68.26347305389221,100.0,100.0,99,3.770876489504419,11.11111111111111,29.292929292929294,63.63636363636363,100.0,100.0
C280,Chest,287,test/C280/Low_Dose/00000318.dcm,130.0,262144,7.81562614440918,300,4.097969563802083,8.666666666666666,21.333333333333332,63.666666666666664,100.0,100.0,0,,,,,,,152,4.2196197509765625,10.526315789473685,20.394736842105264,61.18421052631579,100.0,100.0,148,3.9730315337309965,6.756756756756757,22.2972972972973,66.21621621621621,100.0,100.0
C280,Chest,288,test/C280/Low_Dose/00000058.dcm,130.0,262144,7.844904899597168,319,3.80262837664087,12.852664576802507,25.078369905956112,66.77115987460814,100.0,100.0,0,,,,,,,181,3.7122573431025554,13.812154696132596,25.414364640883978,69.06077348066299,100.0,100.0,138,3.921158500339674,11.594202898550725,24.63768115942029,63.768115942028984,100.0,100.0
C280,Chest,289,test/C280/Low_Dose/00000233.dcm,130.0,262144,7.835871696472168,296,3.8306563093855575,15.54054054054054,27.027027027027028,64.52702702702703,100.0,100.0,0,,,,,,,153,3.944997351154003,13.72549019607843,26.797385620915033,64.70588235294117,100.0,100.0,143,3.708319390570367,17.482517482517483,27.272727272727273,64.33566433566433,100.0,100.0
C280,Chest,290,test/C280/Low_Dose/00000109.dcm,130.0,262144,7.95348596572876,333,4.15928856102196,12.312312312312311,22.22222222222222,60.36036036036036,100.0,100.0,0,,,,,,,169,4.18886805427145,7.100591715976331,20.118343195266274,63.905325443786985,100.0,100.0,164,4.128807253953887,17.682926829268293,24.390243902439025,56.707317073170735,100.0,100.0
C280,Chest,291,test/C280/Low_Dose/00000079.dcm,130.0,262144,7.935732841491699,330,4.0132523970170455,11.515151515151516,23.03030303030303,63.93939393939394,100.0,100.0,0,,,,,,,184,4.182940939198369,12.5,22.82608695652174,59.78260869565217,100.0,100.0,146,3.7993983438570207,10.273972602739725,23.28767123287671,69.17808219178082,100.0,100.0
C280,Chest,292,test/C280/Low_Dose/00000165.dcm,130.0,262144,7.847146511077881,327,4.242149796325497,9.174311926605505,19.571865443425075,56.88073394495413,100.0,100.0,0,,,,,,,162,4.227638527199074,10.493827160493828,19.135802469135804,57.407407407407405,100.0,100.0,165,4.256397224195076,7.878787878787879,20.0,56.36363636363637,100.0,100.0
C280,Chest,293,test/C280/Low_Dose/00000118.dcm,130.0,262144,7.878366470336914,365,4.2673416764768834,11.232876712328768,22.19178082191781,55.342465753424655,100.0,100.0,0,,,,,,,184,4.353625090225883,11.41304347826087,20.652173913043477,53.80434782608695,100.0,100.0,181,4.17962815089779,11.049723756906078,23.756906077348066,56.9060773480663,100.0,100.0
C280,Chest,294,test/C280/Low_Dose/00000298.dcm,130.0,262144,7.869000434875488,343,3.9353208847713192,11.661807580174926,24.78134110787172,63.55685131195335,100.0,100.0,0,,,,,,,184,3.96477807086447,11.956521739130435,25.0,61.41304347826087,100.0,100.0,159,3.901232065644654,11.320754716981131,24.528301886792452,66.0377358490566,100.0,100.0
C280,Chest,295,test/C280/Low_Dose/00000187.dcm,130.0,262144,7.786642551422119,354,3.7797013622219278,13.27683615819209,25.423728813559322,65.2542372881356,100.0,100.0,0,,,,,,,192,3.817653020222982,11.458333333333334,24.479166666666668,66.66666666666667,100.0,100.0,162,3.7347216194058643,15.432098765432098,26.54320987654321,63.58024691358025,100.0,100.0
C280,Chest,296,test/C280/Low_Dose/00000037.dcm,130.0,262144,7.882523059844971,359,3.836512488575035,11.977715877437326,27.01949860724234,66.016713091922,100.0,100.0,0,,,,,,,186,4.018370269447245,10.21505376344086,26.881720430107528,62.365591397849464,100.0,100.0,173,3.6409890941112715,13.872832369942197,27.167630057803468,69.94219653179191,100.0,100.0
C280,Chest,297,test/C280/Low_Dose/00000222.dcm,130.0,262144,7.870150566101074,359,4.006230686368385,10.584958217270195,20.891364902506965,64.9025069637883,100.0,100.0,0,,,,,,,201,4.097734593633396,8.955223880597014,18.90547263681592,62.6865671641791,100.0,100.0,158,3.8898238169996042,12.658227848101266,23.417721518987342,67.72151898734177,100.0,100.0
C280,Chest,298,test/C280/Low_Dose/00000153.dcm,130.0,262144,7.814908504486084,352,4.026445562189275,9.943181818181818,21.59090909090909,61.93181818181818,100.0,100.0,0,,,,,,,186,4.033876480594758,8.602150537634408,20.43010752688172,61.82795698924731,100.0,100.0,166,4.018119352409639,11.44578313253012,22.89156626506024,62.04819277108434,100.0,100.0
C280,Chest,299,test/C280/Low_Dose/00000186.dcm,130.0,262144,7.9211859703063965,323,4.041956284466912,11.764705882352942,24.458204334365327,61.60990712074303,100.0,100.0,0,,,,,,,193,4.177678715997409,11.398963730569948,22.797927461139896,58.54922279792746,100.0,100.0,130,3.840460674579327,12.307692307692308,26.923076923076923,66.15384615384616,100.0,100.0
C280,Chest,300,test/C280/Low_Dose/00000366.dcm,130.0,262144,7.949674129486084,329,3.8731648639342704,13.069908814589665,25.835866261398177,64.43768996960486,100.0,100.0,0,,,,,,,180,4.073251003689236,11.666666666666666,21.11111111111111,61.111111111111114,100.0,100.0,149,3.631450064230285,14.765100671140939,31.543624161073826,68.45637583892618,100.0,100.0
C280,Chest,301,test/C280/Low_Dose/00000249.dcm,130.0,262144,7.911308765411377,351,3.9588570880074787,13.105413105413106,27.065527065527064,62.96296296296296,100.0,100.0,0,,,,,,,192,4.109397252400716,13.541666666666666,26.5625,57.291666666666664,100.0,100.0,159,3.7770727385514937,12.578616352201259,27.67295597484277,69.81132075471699,100.0,100.0
C280,Chest,302,test/C280/Low_Dose/00000062.dcm,130.0,262144,8.006781578063965,335,4.103290068213619,9.253731343283581,21.791044776119403,61.492537313432834,100.0,100.0,0,,,,,,,182,4.187419514079671,7.142857142857143,20.87912087912088,60.43956043956044,100.0,100.0,153,4.003214518229167,11.764705882352942,22.875816993464053,62.745098039215684,100.0,100.0
C280,Chest,303,test/C280/Low_Dose/00000142.dcm,130.0,262144,8.036524772644043,313,3.9966378013927715,12.779552715654953,25.559105431309906,61.66134185303515,100.0,100.0,0,,,,,,,174,3.7810823287086923,14.942528735632184,29.885057471264368,66.0919540229885,100.0,100.0,139,4.266469831946942,10.071942446043165,20.14388489208633,56.115107913669064,100.0,100.0
C280,Chest,304,test/C280/Low_Dose/00000364.dcm,130.0,262144,8.016668319702148,312,4.136822822766426,8.974358974358974,22.115384615384617,61.217948717948715,100.0,100.0,0,,,,,,,173,4.26594534636922,6.358381502890174,17.91907514450867,58.38150289017341,100.0,100.0,139,3.9761163725269784,12.23021582733813,27.33812949640288,64.74820143884892,100.0,100.0
C280,Chest,305,test/C280/Low_Dose/00000011.dcm,130.0,262144,8.113808631896973,286,4.188321200284091,11.538461538461538,23.076923076923077,59.44055944055944,100.0,100.0,0,,,,,,,166,4.145729156861822,12.650602409638553,24.096385542168676,59.63855421686747,100.0,100.0,120,4.247240193684896,10.0,21.666666666666668,59.166666666666664,100.0,100.0
C280,Chest,306,test/C280/Low_Dose/00000208.dcm,130.0,262144,8.148719787597656,315,4.07749992249504,13.015873015873016,25.396825396825395,59.682539682539684,100.0,100.0,0,,,,,,,177,4.156922421212924,13.559322033898304,25.98870056497175,58.19209039548023,100.0,100.0,138,3.975631935009058,12.318840579710145,24.63768115942029,61.594202898550726,100.0,100.0
C280,Chest,307,test/C280/Low_Dose/00000263.dcm,130.0,262144,8.11948013305664,323,4.049237419577206,12.693498452012383,24.76780185758514,61.30030959752322,100.0,100.0,0,,,,,,,182,4.182079943981799,10.989010989010989,21.428571428571427,60.43956043956044,100.0,100.0,141,3.8777669270833335,14.893617021276595,29.078014184397162,62.4113475177305,100.0,100.0
C280,Chest,308,test/C280/Low_Dose/00000169.dcm,130.0,262144,8.23328685760498,273,4.13485371236836,12.087912087912088,22.71062271062271,60.8058608058608,100.0,100.0,0,,,,,,,151,4.168935611548013,10.596026490066226,22.516556291390728,58.94039735099338,100.0,100.0,122,4.092670378137807,13.934426229508198,22.950819672131146,63.114754098360656,100.0,100.0
C280,Chest,309,test/C280/Low_Dose/00000259.dcm,130.0,262144,8.267781257629395,221,4.2390766402714934,9.95475113122172,24.8868778280543,59.72850678733032,100.0,100.0,0,,,,,,,130,4.019085223858173,10.76923076923077,26.153846153846153,62.30769230769231,100.0,100.0,91,4.553350092290522,8.791208791208792,23.076923076923077,56.043956043956044,100.0,100.0
C280,Chest,310,test/C280/Low_Dose/00000225.dcm,130.0,262144,8.223587036132812,237,4.1529494659810124,12.236286919831224,25.738396624472575,59.91561181434599,100.0,100.0,0,,,,,,,132,4.210962468927557,10.606060606060606,23.484848484848484,61.36363636363637,100.0,100.0,105,4.080018833705357,14.285714285714286,28.571428571428573,58.095238095238095,100.0,100.0
C280,Chest,311,test/C280/Low_Dose/00000063.dcm,130.0,262144,8.314608573913574,286,4.159136151934003,12.237762237762238,22.377622377622377,58.74125874125874,100.0,100.0,0,,,,,,,151,4.372179448209851,9.271523178807946,19.867549668874172,55.629139072847686,100.0,100.0,135,3.9208432798032407,15.555555555555555,25.185185185185187,62.22222222222222,100.0,100.0
C280,Chest,312,test/C280/Low_Dose/00000257.dcm,130.0,262144,8.325713157653809,338,4.158995859721709,10.650887573964496,25.7396449704142,57.98816568047337,100.0,100.0,0,,,,,,,196,4.228097098214286,9.693877551020408,25.0,57.6530612244898,100.0,100.0,142,4.063616685464349,11.971830985915492,26.760563380281692,58.45070422535211,100.0,100.0
C280,Chest,313,test/C280/Low_Dose/00000358.dcm,130.0,262144,8.241915702819824,383,4.219918751529863,11.488250652741515,21.671018276762403,59.007832898172325,100.0,100.0,0,,,,,,,219,4.40892551369863,10.502283105022832,18.72146118721461,53.881278538812786,100.0,100.0,164,3.967525575219131,12.804878048780488,25.609756097560975,65.85365853658537,100.0,100.0
C280,Chest,314,test/C280/Low_Dose/00000108.dcm,130.0,262144,8.264578819274902,306,4.161266451567606,11.437908496732026,24.18300653594771,58.169934640522875,100.0,100.0,0,,,,,,,158,4.124702550187895,11.39240506329114,25.31645569620253,57.59493670886076,100.0,100.0,148,4.200300886824325,11.486486486486486,22.972972972972972,58.78378378378378,100.0,100.0
C280,Chest,315,test/C280/Low_Dose/00000144.dcm,130.0,262144,8.215365409851074,187,4.07046590386865,12.29946524064171,21.925133689839573,59.35828877005348,100.0,100.0,0,,,,,,,105,4.0698125930059526,12.380952380952381,20.952380952380953,59.04761904761905,100.0,100.0,82,4.071302460461128,12.195121951219512,23.170731707317074,59.75609756097561,100.0,100.0
C280,Chest,316,test/C280/Low_Dose/00000351.dcm,130.0,262144,8.113265037536621,220,4.313078169389205,9.545454545454545,20.0,57.72727272727273,100.0,100.0,0,,,,,,,123,4.251974958714431,9.75609756097561,18.69918699186992,58.53658536585366,100.0,100.0,97,4.390559560244846,9.278350515463918,21.649484536082475,56.70103092783505,100.0,100.0
C280,Chest,317,test/C280/Low_Dose/00000245.dcm,130.0,262144,8.130509376525879,211,4.139305946386256,12.796208530805687,26.066350710900473,57.81990521327014,100.0,100.0,0,,,,,,,121,4.282657339553203,12.396694214876034,22.31404958677686,57.85123966942149,100.0,100.0,90,3.946577962239583,13.333333333333334,31.11111111111111,57.77777777777778,100.0,100.0
C280,Chest,318,test/C280/Low_Dose/00000080.dcm,130.0,262144,8.145764350891113,210,4.022450474330357,15.238095238095237,23.333333333333332,61.42857142857143,100.0,100.0,0,,,,,,,103,4.017632641838592,13.592233009708737,22.33009708737864,62.13592233009709,100.0,100.0,107,4.027088200934579,16.822429906542055,24.299065420560748,60.74766355140187,100.0,100.0
C280,Chest,319,test/C280/Low_Dose/00000074.dcm,130.0,262144,8.03750228881836,222,3.9727854685740427,10.81081081081081,22.07207207207207,65.76576576576576,100.0,100.0,0,,,,,,,112,4.336552211216518,6.25,11.607142857142858,63.392857142857146,100.0,100.0,110,3.60240478515625,15.454545454545455,32.72727272727273,68.18181818181819,100.0,100.0
C280,Chest,320,test/C280/Low_Dose/00000344.dcm,130.0,262144,8.087260246276855,222,3.9896322714315877,13.513513513513514,23.873873873873872,62.612612612612615,100.0,100.0,0,,,,,,,111,3.8436191318271398,14.414414414414415,27.027027027027028,66.66666666666667,100.0,100.0,111,4.135645411036036,12.612612612612613,20.72072072072072,58.55855855855856,100.0,100.0
C280,Chest,321,test/C280/Low_Dose/00000243.dcm,130.0,262144,8.100271224975586,240,3.971526590983073,13.333333333333334,29.583333333333332,61.666666666666664,100.0,100.0,0,,,,,,,124,3.820947462512601,14.516129032258064,32.25806451612903,65.3225806451613,100.0,100.0,116,4.132490486934267,12.068965517241379,26.724137931034484,57.758620689655174,100.0,100.0
C280,Chest,322,test/C280/Low_Dose/00000125.dcm,130.0,262144,8.0350923538208,245,4.178236108896684,10.204081632653061,21.632653061224488,58.36734693877551,100.0,100.0,0,,,,,,,127,4.035009188914862,9.448818897637794,23.62204724409449,60.62992125984252,100.0,100.0,118,4.332387115995763,11.016949152542374,19.491525423728813,55.932203389830505,100.0,100.0
C280,Chest,323,test/C280/Low_Dose/00000267.dcm,130.0,262144,8.1302490234375,249,4.090018766472139,14.056224899598394,27.710843373493976,56.626506024096386,100.0,100.0,0,,,,,,,150,3.9748958333333335,16.666666666666668,29.333333333333332,60.0,100.0,100.0,99,4.264447453046086,10.1010101010101,25.252525252525253,51.515151515151516,100.0,100.0
C280,Chest,324,test/C280/Low_Dose/00000236.dcm,130.0,262144,8.120792388916016,250,3.9719873046875,11.6,23.2,64.4,100.0,100.0,0,,,,,,,138,3.8721649612205615,10.869565217391305,21.73913043478261,68.1159420289855,100.0,100.0,112,4.0949826921735495,12.5,25.0,59.82142857142857,100.0,100.0
C280,Chest,325,test/C280/Low_Dose/00000055.dcm,130.0,262144,8.095524787902832,235,3.843615982380319,13.617021276595745,28.51063829787234,67.23404255319149,100.0,100.0,0,,,,,,,119,3.768172063747374,13.445378151260504,26.050420168067227,68.90756302521008,100.0,100.0,116,3.9210110368399786,13.793103448275861,31.03448275862069,65.51724137931035,100.0,100.0
C280,Chest,326,test/C280/Low_Dose/00000116.dcm,130.0,262144,8.181044578552246,230,4.178410007642663,11.73913043478261,23.043478260869566,56.95652173913044,100.0,100.0,0,,,,,,,136,4.438609403722427,8.088235294117647,18.38235294117647,54.411764705882355,100.0,100.0,94,3.801951306931516,17.02127659574468,29.78723404255319,60.638297872340424,100.0,100.0
C280,Chest,327,test/C280/Low_Dose/00000206.dcm,130.0,262144,8.199864387512207,213,4.123468676643192,14.084507042253522,22.535211267605632,56.8075117370892,100.0,100.0,0,,,,,,,116,3.9404012745824355,15.517241379310345,24.137931034482758,61.206896551724135,100.0,100.0,97,4.342394641994201,12.371134020618557,20.61855670103093,51.54639175257732,100.0,100.0
C280,Chest,328,test/C280/Low_Dose/00000120.dcm,130.0,262144,8.145110130310059,178,3.9978527969188904,11.797752808988765,23.03370786516854,60.674157303370784,100.0,100.0,0,,,,,,,92,4.13085008704144,16.304347826086957,23.91304347826087,55.43478260869565,100.0,100.0,86,3.8555766260901163,6.976744186046512,22.093023255813954,66.27906976744185,100.0,100.0
C280,Chest,329,test/C280/Low_Dose/00000284.dcm,130.0,262144,8.222780227661133,183,3.9167600537909837,14.207650273224044,21.311475409836067,65.57377049180327,100.0,100.0,0,,,,,,,102,3.6902693206188726,17.647058823529413,26.470588235294116,68.62745098039215,100.0,100.0,81,4.201970606674383,9.876543209876543,14.814814814814815,61.72839506172839,100.0,100.0
C280,Chest,330,test/C280/Low_Dose/00000044.dcm,130.0,262144,8.180073738098145,210,4.133285086495536,10.476190476190476,21.428571428571427,60.0,100.0,100.0,0,,,,,,,117,4.124970786591881,10.256410256410257,23.931623931623932,58.11965811965812,100.0,100.0,93,4.14374501218078,10.75268817204301,18.27956989247312,62.365591397849464,100.0,100.0
C280,Chest,331,test/C280/Low_Dose/00000009.dcm,130.0,262144,8.064244270324707,226,4.194248975905697,8.849557522123893,20.353982300884955,60.61946902654867,100.0,100.0,0,,,,,,,131,4.393124179985687,7.633587786259542,19.083969465648856,57.25190839694657,100.0,100.0,95,3.920010536595395,10.526315789473685,22.105263157894736,65.26315789473684,100.0,100.0
C280,Chest,332,test/C280/Low_Dose/00000205.dcm,130.0,262144,8.058725357055664,214,4.308666193596671,8.411214953271028,20.093457943925234,59.345794392523366,100.0,100.0,0,,,,,,,123,4.2352711747332314,8.130081300813009,21.951219512195124,60.16260162601626,100.0,100.0,91,4.407870449862638,8.791208791208792,17.582417582417584,58.24175824175824,100.0,100.0
C280,Chest,333,test/C280/Low_Dose/00000091.dcm,130.0,262144,8.023778915405273,247,4.106037093560222,8.906882591093117,20.242914979757085,61.1336032388664,100.0,100.0,0,,,,,,,155,3.9800348097278224,12.258064516129032,25.806451612903224,61.29032258064516,100.0,100.0,92,4.318323550016983,3.260869565217391,10.869565217391305,60.869565217391305,100.0,100.0
C280,Chest,334,test/C280/Low_Dose/00000185.dcm,130.0,262144,7.912956237792969,246,3.8785717971925813,14.634146341463415,26.422764227642276,63.41463414634146,100.0,100.0,0,,,,,,,127,4.017968365526575,14.173228346456693,27.559055118110237,59.05511811023622,100.0,100.0,119,3.729804030987395,15.126050420168067,25.210084033613445,68.0672268907563,100.0,100.0
C280,Chest,335,test/C280/Low_Dose/00000215.dcm,130.0,262144,7.980379104614258,289,3.878699279573962,13.14878892733564,26.643598615916954,65.7439446366782,100.0,100.0,0,,,,,,,146,3.8130794159353596,14.383561643835616,26.027397260273972,67.8082191780822,100.0,100.0,143,3.945695783708479,11.888111888111888,27.272727272727273,63.63636363636363,100.0,100.0
C280,Chest,336,test/C280/Low_Dose/00000300.dcm,130.0,262144,7.979892730712891,310,3.9437118038054435,12.580645161290322,25.483870967741936,62.58064516129032,100.0,100.0,0,,,,,,,163,4.0508980780291415,11.656441717791411,25.153374233128833,61.34969325153374,100.0,100.0,147,3.824858996332908,13.605442176870747,25.85034013605442,63.945578231292515,100.0,100.0
C280,Chest,337,test/C280/Low_Dose/00000100.dcm,130.0,262144,7.915088653564453,246,4.227038375730437,12.601626016260163,20.32520325203252,58.53658536585366,100.0,100.0,0,,,,,,,127,4.3554812453863185,8.661417322834646,18.89763779527559,57.48031496062992,100.0,100.0,119,4.089960691307773,16.80672268907563,21.84873949579832,59.66386554621849,100.0,100.0
C280,Chest,338,test/C280/Low_Dose/00000275.dcm,130.0,262144,8.020005226135254,285,4.043740577028509,14.385964912280702,21.75438596491228,60.35087719298246,100.0,100.0,0,,,,,,,176,4.063519564541903,12.5,20.454545454545453,59.09090909090909,100.0,100.0,109,4.0118038632454125,17.431192660550458,23.853211009174313,62.38532110091743,100.0,100.0
C280,Chest,339,test/C280/Low_Dose/00000357.dcm,130.0,262144,8.07140827178955,229,4.138451721990993,12.663755458515285,23.580786026200872,58.951965065502186,100.0,100.0,0,,,,,,,117,4.326593382745727,10.256410256410257,21.367521367521366,57.26495726495727,100.0,100.0,112,3.941910879952567,15.178571428571429,25.892857142857142,60.714285714285715,100.0,100.0
C280,Chest,340,test/C280/Low_Dose/00000179.dcm,130.0,262144,8.066920280456543,224,4.173369271414621,12.053571428571429,21.428571428571427,60.267857142857146,100.0,100.0,0,,,,,,,109,4.160759882095757,10.091743119266056,22.01834862385321,58.71559633027523,100.0,100.0,115,4.18532077955163,13.91304347826087,20.869565217391305,61.73913043478261,100.0,100.0
C280,Chest,341,test/C280/Low_Dose/00000274.dcm,130.0,262144,8.189619064331055,181,4.380086487828039,6.077348066298343,22.65193370165746,54.69613259668508,100.0,100.0,0,,,,,,,94,4.329009360455452,7.446808510638298,27.659574468085108,53.191489361702125,100.0,100.0,87,4.435273269127155,4.597701149425287,17.24137931034483,56.32183908045977,100.0,100.0
C280,Chest,342,test/C280/Low_Dose/00000355.dcm,130.0,262144,8.226996421813965,179,4.036889784828911,14.525139664804469,26.256983240223462,60.33519553072626,100.0,100.0,0,,,,,,,98,4.08351976044324,16.3265306122449,29.591836734693878,59.183673469387756,100.0,100.0,81,3.980473271122685,12.345679012345679,22.22222222222222,61.72839506172839,100.0,100.0
C280,Chest,343,test/C280/Low_Dose/00000178.dcm,130.0,262144,8.185916900634766,193,4.03955837111399,11.398963730569948,23.83419689119171,62.69430051813472,100.0,100.0,0,,,,,,,86,4.183683173601017,11.627906976744185,24.41860465116279,58.13953488372093,100.0,100.0,107,3.9237197448160046,11.214953271028037,23.364485981308412,66.35514018691589,100.0,100.0
C280,Chest,344,test/C280/Low_Dose/00000035.dcm,130.0,262144,8.275634765625,237,3.959352646195939,12.658227848101266,27.0042194092827,60.75949367088607,100.0,100.0,0,,,,,,,117,3.892116970486111,14.52991452991453,27.35042735042735,59.82905982905983,100.0,100.0,120,4.0249074300130205,10.833333333333334,26.666666666666668,61.666666666666664,100.0,100.0
C280,Chest,345,test/C280/Low_Dose/00000301.dcm,130.0,262144,8.23365592956543,242,4.04289863523373,14.462809917355372,24.380165289256198,61.98347107438016,100.0,100.0,0,,,,,,,130,4.083286696213943,13.076923076923077,25.384615384615383,60.76923076923077,100.0,100.0,112,3.9960196358816966,16.071428571428573,23.214285714285715,63.392857142857146,100.0,100.0
C280,Chest,346,test/C280/Low_Dose/00000102.dcm,130.0,262144,8.104552268981934,252,4.00731210859995,10.714285714285714,26.58730158730159,64.28571428571429,100.0,100.0,0,,,,,,,134,4.065068031424906,10.447761194029852,26.865671641791046,58.95522388059702,100.0,100.0,118,3.9417248742055087,11.016949152542374,26.271186440677965,70.33898305084746,100.0,100.0
C280,Chest,347,test/C280/Low_Dose/00000061.dcm,130.0,262144,8.1158447265625,275,4.349459783380682,11.272727272727273,21.09090909090909,54.90909090909091,100.0,100.0,0,,,,,,,152,4.347800003854852,11.18421052631579,21.710526315789473,55.26315789473684,100.0,100.0,123,4.3515108930386175,11.382113821138212,20.32520325203252,54.47154471544715,100.0,100.0
C280,Chest,348,test/C280/Low_Dose/00000230.dcm,130.0,262144,8.052520751953125,184,3.8418346902598506,12.5,23.91304347826087,66.84782608695652,100.0,100.0,0,,,,,,,113,3.696426256568031,14.15929203539823,24.778761061946902,69.02654867256638,100.0,100.0,71,4.073259380501761,9.859154929577464,22.535211267605632,63.38028169014085,100.0,100.0
C280,Chest,349,test/C280/Low_Dose/00000003.dcm,130.0,262144,7.871644496917725,153,3.905624489379085,11.764705882352942,22.875816993464053,63.39869281045752,100.0,100.0,0,,,,,,,84,3.8590334937686013,14.285714285714286,23.80952380952381,64.28571428571429,100.0,100.0,69,3.962343962296196,8.695652173913043,21.73913043478261,62.31884057971015,100.0,100.0
C280,Chest,350,test/C280/Low_Dose/00000090.dcm,130.0,262144,7.8602824211120605,194,4.137600299009343,14.43298969072165,24.22680412371134,58.24742268041237,100.0,100.0,0,,,,,,,104,4.1410358135516825,16.346153846153847,25.96153846153846,57.69230769230769,100.0,100.0,90,4.13363037109375,12.222222222222221,22.22222222222222,58.888888888888886,100.0,100.0
C280,Chest,351,test/C280/Low_Dose/00000146.dcm,130.0,262144,7.81069803237915,146,3.8590188222388697,13.013698630136986,23.972602739726028,65.06849315068493,100.0,100.0,0,,,,,,,89,3.910324953915028,12.359550561797754,21.348314606741575,65.1685393258427,100.0,100.0,57,3.7789092482182016,14.035087719298245,28.07017543859649,64.91228070175438,100.0,100.0
C280,Chest,352,test/C280/Low_Dose/00000016.dcm,130.0,262144,7.672605037689209,184,3.613246088442595,14.130434782608695,32.608695652173914,66.30434782608695,100.0,100.0,0,,,,,,,91,3.427867176768544,10.989010989010989,36.26373626373626,69.23076923076923,100.0,100.0,93,3.7946383568548385,17.204301075268816,29.032258064516128,63.44086021505376,100.0,100.0
C280,Chest,353,test/C280/Low_Dose/00000032.dcm,130.0,262144,7.680047512054443,220,3.8328912908380683,11.818181818181818,25.454545454545453,65.0,100.0,100.0,0,,,,,,,117,3.6910692524706197,13.675213675213675,29.05982905982906,67.52136752136752,100.0,100.0,103,3.993990111119539,9.70873786407767,21.359223300970875,62.13592233009709,100.0,100.0
C280,Chest,354,test/C280/Low_Dose/00000193.dcm,130.0,262144,7.69599723815918,202,4.102329971766708,9.405940594059405,19.306930693069308,64.35643564356435,100.0,100.0,0,,,,,,,103,4.108571469205097,8.737864077669903,19.41747572815534,64.07766990291262,100.0,100.0,99,4.095836292613637,10.1010101010101,19.19191919191919,64.64646464646465,100.0,100.0
C280,Chest,355,test/C280/Low_Dose/00000253.dcm,130.0,262144,7.6281609535217285,169,3.5989412386741866,13.609467455621301,26.62721893491124,70.41420118343196,100.0,100.0,0,,,,,,,95,3.784202816611842,11.578947368421053,21.05263157894737,67.36842105263158,100.0,100.0,74,3.3611054291596285,16.216216216216218,33.78378378378378,74.32432432432432,100.0,100.0
C280,Chest,356,test/C280/Low_Dose/00000360.dcm,130.0,262144,7.710119724273682,160,3.837602233886719,11.875,25.0,67.5,100.0,100.0,0,,,,,,,88,3.8161482377485796,13.636363636363637,22.727272727272727,69.31818181818181,100.0,100.0,72,3.8638237847222223,9.722222222222221,27.77777777777778,65.27777777777777,100.0,100.0
C280,Chest,357,test/C280/Low_Dose/00000039.dcm,130.0,262144,7.739777088165283,172,3.8420424350472384,14.534883720930232,24.41860465116279,66.86046511627907,100.0,100.0,0,,,,,,,97,3.587632641349871,14.43298969072165,30.927835051546392,70.10309278350516,100.0,100.0,75,4.1710791015625,14.666666666666666,16.0,62.666666666666664,100.0,100.0
C280,Chest,358,test/C280/Low_Dose/00000136.dcm,130.0,262144,7.690041542053223,143,3.8052389505026225,13.986013986013987,24.475524475524477,66.43356643356644,100.0,100.0,0,,,,,,,82,3.8830104920922257,13.414634146341463,25.609756097560975,65.85365853658537,100.0,100.0,61,3.7006935995133197,14.754098360655737,22.950819672131146,67.21311475409836,100.0,100.0
C280,Chest,359,test/C280/Low_Dose/00000252.dcm,130.0,262144,7.782241344451904,122,3.916293785220287,13.934426229508198,23.770491803278688,63.9344262295082,100.0,100.0,0,,,,,,,79,3.6804662776898733,15.189873417721518,26.582278481012658,68.35443037974683,100.0,100.0,43,4.349558275799419,11.627906976744185,18.6046511627907,55.81395348837209,100.0,100.0
C280,Chest,360,test/C280/Low_Dose/00000152.dcm,130.0,262144,7.786640644073486,158,3.987688668166535,9.49367088607595,22.151898734177216,65.18987341772151,100.0,100.0,0,,,,,,,86,4.13737310365189,11.627906976744185,18.6046511627907,65.11627906976744,100.0,100.0,72,3.80889892578125,6.944444444444445,26.38888888888889,65.27777777777777,100.0,100.0
C280,Chest,361,test/C280/Low_Dose/00000287.dcm,130.0,262144,7.693253993988037,149,3.8648345742449663,10.06711409395973,24.83221476510067,62.41610738255034,100.0,100.0,0,,,,,,,79,4.168134085739715,6.329113924050633,20.253164556962027,58.22784810126582,100.0,100.0,70,3.5225394112723216,14.285714285714286,30.0,67.14285714285714,100.0,100.0
C280,Chest,362,test/C280/Low_Dose/00000057.dcm,130.0,262144,7.768345355987549,140,3.912603759765625,12.142857142857142,23.571428571428573,66.42857142857143,100.0,100.0,0,,,,,,,78,3.7730071238982372,12.820512820512821,28.205128205128204,70.51282051282051,100.0,100.0,62,4.088225333921371,11.290322580645162,17.741935483870968,61.29032258064516,100.0,100.0
C280,Chest,363,test/C280/Low_Dose/00000235.dcm,130.0,262144,7.695267200469971,148,3.7322989798880912,13.513513513513514,28.37837837837838,65.54054054054055,100.0,100.0,0,,,,,,,86,3.69940185546875,12.790697674418604,27.906976744186046,67.44186046511628,100.0,100.0,62,3.777930475050403,14.516129032258064,29.032258064516128,62.903225806451616,100.0,100.0
C280,Chest,364,test/C280/Low_Dose/00000024.dcm,130.0,262144,7.562455654144287,162,3.732696156442901,10.493827160493828,22.839506172839506,73.45679012345678,100.0,100.0,0,,,,,,,103,3.6009343712075244,11.650485436893204,26.21359223300971,74.75728155339806,100.0,100.0,59,3.9627209679555087,8.474576271186441,16.949152542372882,71.1864406779661,100.0,100.0
C280,Chest,365,test/C280/Low_Dose/00000307.dcm,130.0,262144,7.541560173034668,170,3.6495942957261027,15.294117647058824,30.58823529411765,68.82352941176471,100.0,100.0,0,,,,,,,106,3.7750716299380898,11.320754716981131,27.358490566037737,66.0377358490566,100.0,100.0,64,3.4417724609375,21.875,35.9375,73.4375,100.0,100.0
C280,Chest,366,test/C280/Low_Dose/00000166.dcm,130.0,262144,7.442670822143555,163,3.633195935582822,9.202453987730062,26.380368098159508,69.93865030674847,100.0,100.0,0,,,,,,,98,3.408661511479592,12.244897959183673,29.591836734693878,76.53061224489795,100.0,100.0,65,3.9717247596153844,4.615384615384615,21.53846153846154,60.0,100.0,100.0
C280,Chest,367,test/C280/Low_Dose/00000297.dcm,130.0,262144,7.183676719665527,186,3.653107673891129,15.053763440860216,25.268817204301076,68.27956989247312,100.0,100.0,0,,,,,,,100,3.520611572265625,17.0,29.0,69.0,100.0,100.0,86,3.8071729083393895,12.790697674418604,20.930232558139537,67.44186046511628,100.0,100.0
C280,Chest,368,test/C280/Low_Dose/00000289.dcm,130.0,262144,7.122360706329346,230,3.6707254161005434,15.217391304347826,23.47826086956522,68.69565217391305,100.0,100.0,0,,,,,,,149,3.7508004207739094,12.080536912751677,20.13422818791946,67.78523489932886,100.0,100.0,81,3.5234269507137346,20.987654320987655,29.62962962962963,70.37037037037037,100.0,100.0
L006,Abdomen,0,test/L006/Low_Dose/00000213.dcm,130.0,262144,2.6831984519958496,134,1.3148348224696829,40.298507462686565,73.13432835820896,100.0,100.0,100.0,0,,,,,,,82,1.297867937785823,42.68292682926829,70.73170731707317,100.0,100.0,100.0,52,1.3415902944711537,36.53846153846154,76.92307692307692,100.0,100.0,100.0
L006,Abdomen,1,test/L006/Low_Dose/00000207.dcm,130.0,262144,2.7191765308380127,136,1.3522132424747242,34.55882352941177,76.47058823529412,100.0,100.0,100.0,0,,,,,,,73,1.474656196489726,24.65753424657534,72.6027397260274,100.0,100.0,100.0,63,1.2103348989335319,46.03174603174603,80.95238095238095,100.0,100.0,100.0
L006,Abdomen,2,test/L006/Low_Dose/00000036.dcm,130.0,262144,2.7606160640716553,123,1.3074147294207317,40.65040650406504,75.60975609756098,100.0,100.0,100.0,0,,,,,,,65,1.339685997596154,40.0,70.76923076923077,100.0,100.0,100.0,58,1.2712486530172413,41.37931034482759,81.03448275862068,100.0,100.0,100.0
L006,Abdomen,3,test/L006/Low_Dose/00000111.dcm,130.0,262144,2.800715684890747,136,1.2629735610064339,39.705882352941174,78.67647058823529,100.0,100.0,100.0,0,,,,,,,66,1.287784460819129,37.878787878787875,75.75757575757575,100.0,100.0,100.0,70,1.2395804268973214,41.42857142857143,81.42857142857143,100.0,100.0,100.0
L006,Abdomen,4,test/L006/Low_Dose/00000138.dcm,130.0,262144,2.786813259124756,130,1.5230121319110577,30.0,65.38461538461539,100.0,100.0,100.0,0,,,,,,,71,1.5965971610915493,25.35211267605634,63.38028169014085,100.0,100.0,100.0,59,1.4344606561175848,35.59322033898305,67.79661016949153,100.0,100.0,100.0
L006,Abdomen,5,test/L006/Low_Dose/00000023.dcm,130.0,262144,2.790485143661499,167,1.3511772841036678,41.31736526946108,73.05389221556887,100.0,100.0,100.0,0,,,,,,,81,1.3429407190393519,45.67901234567901,71.60493827160494,100.0,100.0,100.0,86,1.3589349791061047,37.2093023255814,74.4186046511628,100.0,100.0,100.0
L006,Abdomen,6,test/L006/Low_Dose/00000182.dcm,130.0,262144,2.7843480110168457,184,1.4108216658882473,35.869565217391305,70.1086956521739,100.0,100.0,100.0,0,,,,,,,87,1.3710614785380748,37.93103448275862,67.816091954023,100.0,100.0,100.0,97,1.4464828648518042,34.02061855670103,72.16494845360825,100.0,100.0,100.0
L006,Abdomen,7,test/L006/Low_Dose/00000170.dcm,130.0,262144,2.7832539081573486,118,1.2898394051244704,39.83050847457627,75.42372881355932,100.0,100.0,100.0,0,,,,,,,61,1.2270047547387295,42.622950819672134,78.68852459016394,100.0,100.0,100.0,57,1.3570835046600878,36.8421052631579,71.9298245614035,100.0,100.0,100.0
L006,Abdomen,8,test/L006/Low_Dose/00000167.dcm,130.0,262144,2.7326622009277344,136,1.3822290757123161,36.76470588235294,69.8529411764706,100.0,100.0,100.0,0,,,,,,,67,1.4735562908115671,32.83582089552239,64.17910447761194,100.0,100.0,100.0,69,1.293549026268116,40.57971014492754,75.3623188405797,100.0,100.0,100.0
L006,Abdomen,9,test/L006/Low_Dose/00000136.dcm,130.0,262144,2.7308924198150635,202,1.3797190449025372,37.12871287128713,72.27722772277228,100.0,100.0,100.0,0,,,,,,,101,1.4376909614789604,33.663366336633665,71.2871287128713,100.0,100.0,100.0,101,1.321747128326114,40.59405940594059,73.26732673267327,100.0,100.0,100.0
L006,Abdomen,10,test/L006/Low_Dose/00000165.dcm,130.0,262144,2.742496967315674,207,1.346913803026872,36.71497584541063,73.91304347826087,100.0,100.0,100.0,0,,,,,,,104,1.4004727877103365,35.57692307692308,67.3076923076923,100.0,100.0,100.0,103,1.2928348282008495,37.86407766990291,80.58252427184466,100.0,100.0,100.0
L006,Abdomen,11,test/L006/Low_Dose/00000050.dcm,130.0,262144,2.739691734313965,175,1.3230943080357143,36.57142857142857,73.71428571428571,100.0,100.0,100.0,0,,,,,,,82,1.3525509717987805,31.70731707317073,74.39024390243902,100.0,100.0,100.0,93,1.2971217657930108,40.86021505376344,73.11827956989248,100.0,100.0,100.0
L006,Abdomen,12,test/L006/Low_Dose/00000059.dcm,130.0,262144,2.740731954574585,164,1.3965952803448933,34.146341463414636,73.78048780487805,100.0,100.0,100.0,0,,,,,,,94,1.4242021276595744,31.914893617021278,73.40425531914893,100.0,100.0,100.0,70,1.3595232282366072,37.142857142857146,74.28571428571429,100.0,100.0,100.0
L006,Abdomen,13,test/L006/Low_Dose/00000124.dcm,130.0,262144,2.7292580604553223,151,1.356033022040563,36.42384105960265,77.48344370860927,100.0,100.0,100.0,0,,,,,,,76,1.380017732319079,35.526315789473685,76.3157894736842,100.0,100.0,100.0,75,1.331728515625,37.333333333333336,78.66666666666667,100.0,100.0,100.0
L006,Abdomen,14,test/L006/Low_Dose/00000188.dcm,130.0,262144,2.703920364379883,124,1.4342444635206653,36.29032258064516,69.35483870967742,100.0,100.0,100.0,0,,,,,,,69,1.401825393455616,39.130434782608695,73.91304347826087,100.0,100.0,100.0,55,1.4749156605113636,32.72727272727273,63.63636363636363,100.0,100.0,100.0
L006,Abdomen,15,test/L006/Low_Dose/00000162.dcm,130.0,262144,2.710798501968384,130,1.3151846078725962,36.15384615384615,75.38461538461539,100.0,100.0,100.0,0,,,,,,,68,1.2956866096047794,35.294117647058826,77.94117647058823,100.0,100.0,100.0,62,1.3365695091985887,37.096774193548384,72.58064516129032,100.0,100.0,100.0
L006,Abdomen,16,test/L006/Low_Dose/00000022.dcm,130.0,262144,2.7202517986297607,82,1.375936368616616,37.80487804878049,70.73170731707317,100.0,100.0,100.0,0,,,,,,,43,1.541447129360465,32.55813953488372,62.7906976744186,100.0,100.0,100.0,39,1.1934501452323718,43.58974358974359,79.48717948717949,100.0,100.0,100.0
L006,Abdomen,17,test/L006/Low_Dose/00000106.dcm,130.0,262144,2.7183854579925537,95,1.3238422594572368,36.8421052631579,77.89473684210526,100.0,100.0,100.0,0,,,,,,,47,1.3377867353723405,38.297872340425535,70.2127659574468,100.0,100.0,100.0,48,1.3101882934570312,35.416666666666664,85.41666666666667,100.0,100.0,100.0
L006,Abdomen,18,test/L006/Low_Dose/00000105.dcm,130.0,262144,2.7235121726989746,96,1.5017585754394531,29.166666666666668,65.625,100.0,100.0,100.0,0,,,,,,,52,1.593414306640625,23.076923076923077,65.38461538461539,100.0,100.0,100.0,44,1.3934381658380681,36.36363636363637,65.9090909090909,100.0,100.0,100.0
L006,Abdomen,19,test/L006/Low_Dose/00000005.dcm,130.0,262144,2.7288243770599365,99,1.3940121429135102,34.343434343434346,74.74747474747475,100.0,100.0,100.0,0,,,,,,,58,1.3304527545797413,34.48275862068966,81.03448275862068,100.0,100.0,100.0,41,1.4839254239710367,34.146341463414636,65.85365853658537,100.0,100.0,100.0
L006,Abdomen,20,test/L006/Low_Dose/00000127.dcm,130.0,262144,2.746586561203003,101,1.3531663346998761,38.613861386138616,72.27722772277228,100.0,100.0,100.0,0,,,,,,,55,1.4042236328125,41.81818181818182,69.0909090909091,100.0,100.0,100.0,46,1.2921195652173914,34.78260869565217,76.08695652173913,100.0,100.0,100.0
L006,Abdomen,21,test/L006/Low_Dose/00000130.dcm,130.0,262144,2.7616055011749268,104,1.405103243314303,33.65384615384615,77.88461538461539,100.0,100.0,100.0,0,,,,,,,61,1.5230552798411885,24.59016393442623,77.04918032786885,100.0,100.0,100.0,43,1.2377759356831395,46.51162790697674,79.06976744186046,100.0,100.0,100.0
L006,Abdomen,22,test/L006/Low_Dose/00000143.dcm,130.0,262144,2.7696785926818848,99,1.295657995975379,41.41414141414141,74.74747474747475,100.0,100.0,100.0,0,,,,,,,47,1.408234291888298,31.914893617021278,72.34042553191489,100.0,100.0,100.0,52,1.1939063439002404,50.0,76.92307692307692,100.0,100.0,100.0
L006,Abdomen,23,test/L006/Low_Dose/00000126.dcm,130.0,262144,2.8061373233795166,130,1.2681912935697115,41.53846153846154,75.38461538461539,100.0,100.0,100.0,0,,,,,,,72,1.2263726128472223,44.44444444444444,76.38888888888889,100.0,100.0,100.0,58,1.3201041386045258,37.93103448275862,74.13793103448276,100.0,100.0,100.0
L006,Abdomen,24,test/L006/Low_Dose/00000087.dcm,130.0,262144,2.829573392868042,92,1.3815427033797554,36.95652173913044,68.47826086956522,100.0,100.0,100.0,0,,,,,,,54,1.4293574580439814,35.18518518518518,64.81481481481481,100.0,100.0,100.0,38,1.3135954204358553,39.473684210526315,73.6842105263158,100.0,100.0,100.0
L006,Abdomen,25,test/L006/Low_Dose/00000093.dcm,130.0,262144,2.8538131713867188,90,1.5054592556423612,32.22222222222222,65.55555555555556,100.0,100.0,100.0,0,,,,,,,51,1.4890639361213236,27.45098039215686,74.50980392156863,100.0,100.0,100.0,39,1.5268992888621795,38.46153846153846,53.84615384615385,100.0,100.0,100.0
L006,Abdomen,26,test/L006/Low_Dose/00000133.dcm,130.0,262144,2.8683865070343018,130,1.3933330829326922,40.0,69.23076923076923,100.0,100.0,100.0,0,,,,,,,71,1.4426011636223592,33.80281690140845,69.01408450704226,100.0,100.0,100.0,59,1.3340443756620763,47.45762711864407,69.49152542372882,100.0,100.0,100.0
L006,Abdomen,27,test/L006/Low_Dose/00000002.dcm,130.0,262144,2.8887386322021484,97,1.4707673062983246,32.98969072164948,67.01030927835052,100.0,100.0,100.0,0,,,,,,,44,1.5140713778409092,36.36363636363637,65.9090909090909,100.0,100.0,100.0,53,1.4348167563384433,30.18867924528302,67.9245283018868,100.0,100.0,100.0
L006,Abdomen,28,test/L006/Low_Dose/00000010.dcm,130.0,262144,2.8769049644470215,109,1.4914259604357798,32.11009174311926,63.30275229357798,100.0,100.0,100.0,0,,,,,,,55,1.491692560369318,30.90909090909091,63.63636363636363,100.0,100.0,100.0,54,1.4911544234664351,33.333333333333336,62.96296296296296,100.0,100.0,100.0
L006,Abdomen,29,test/L006/Low_Dose/00000153.dcm,130.0,262144,2.889906406402588,96,1.3707796732584636,41.666666666666664,70.83333333333333,100.0,100.0,100.0,0,,,,,,,48,1.2500686645507812,45.833333333333336,75.0,100.0,100.0,100.0,48,1.4914906819661458,37.5,66.66666666666667,100.0,100.0,100.0
L006,Abdomen,30,test/L006/Low_Dose/00000201.dcm,130.0,262144,2.9015555381774902,92,1.310301407523777,44.56521739130435,70.65217391304348,100.0,100.0,100.0,0,,,,,,,56,1.425840105329241,37.5,66.07142857142857,100.0,100.0,100.0,36,1.1305745442708333,55.55555555555556,77.77777777777777,100.0,100.0,100.0
L006,Abdomen,31,test/L006/Low_Dose/00000114.dcm,130.0,262144,2.9143052101135254,85,1.4465059168198529,34.11764705882353,69.41176470588235,100.0,100.0,100.0,0,,,,,,,45,1.5657335069444445,31.11111111111111,62.22222222222222,100.0,100.0,100.0,40,1.3123748779296875,37.5,77.5,100.0,100.0,100.0
L006,Abdomen,32,test/L006/Low_Dose/00000040.dcm,130.0,262144,2.895763874053955,95,1.3873689350328948,34.73684210526316,78.94736842105263,100.0,100.0,100.0,0,,,,,,,52,1.5186415452223558,26.923076923076923,76.92307692307692,100.0,100.0,100.0,43,1.2286206622456395,44.18604651162791,81.3953488372093,100.0,100.0,100.0
L006,Abdomen,33,test/L006/Low_Dose/00000096.dcm,130.0,262144,2.8976893424987793,117,1.3643047626201923,35.042735042735046,75.21367521367522,100.0,100.0,100.0,0,,,,,,,62,1.4304100774949597,32.25806451612903,67.74193548387096,100.0,100.0,100.0,55,1.289786044034091,38.18181818181818,83.63636363636364,100.0,100.0,100.0
L006,Abdomen,34,test/L006/Low_Dose/00000108.dcm,130.0,262144,2.8988983631134033,139,1.441353557778777,32.37410071942446,69.7841726618705,100.0,100.0,100.0,0,,,,,,,71,1.3955490757042253,32.394366197183096,73.2394366197183,100.0,100.0,100.0,68,1.4891788258272058,32.35294117647059,66.17647058823529,100.0,100.0,100.0
L006,Abdomen,35,test/L006/Low_Dose/00000149.dcm,130.0,262144,2.8969109058380127,148,1.3977158005173143,35.810810810810814,71.62162162162163,100.0,100.0,100.0,0,,,,,,,71,1.4128830600792253,36.61971830985915,67.6056338028169,100.0,100.0,100.0,77,1.3837304053368507,35.064935064935064,75.32467532467533,100.0,100.0,100.0
L006,Abdomen,36,test/L006/Low_Dose/00000082.dcm,130.0,262144,2.9013636112213135,102,1.4848788392310048,31.372549019607842,65.68627450980392,100.0,100.0,100.0,0,,,,,,,54,1.4375316478587963,33.333333333333336,64.81481481481481,100.0,100.0,100.0,48,1.5381444295247395,29.166666666666668,66.66666666666667,100.0,100.0,100.0
L006,Abdomen,37,test/L006/Low_Dose/00000179.dcm,130.0,262144,2.920820951461792,123,1.3692904836763211,39.02439024390244,70.73170731707317,100.0,100.0,100.0,0,,,,,,,74,1.4451805320945945,37.83783783783784,64.86486486486487,100.0,100.0,100.0,49,1.254681022799745,40.816326530612244,79.59183673469387,100.0,100.0,100.0
L006,Abdomen,38,test/L006/Low_Dose/00000068.dcm,130.0,262144,2.932546854019165,108,1.3614287199797455,34.25925925925926,76.85185185185185,100.0,100.0,100.0,0,,,,,,,58,1.4365992052801724,31.03448275862069,74.13793103448276,100.0,100.0,100.0,50,1.27423095703125,38.0,80.0,100.0,100.0,100.0
L006,Abdomen,39,test/L006/Low_Dose/00000053.dcm,130.0,262144,2.9628794193267822,124,1.3390847482988912,42.74193548387097,76.61290322580645,100.0,100.0,100.0,0,,,,,,,71,1.3317630391725352,43.66197183098591,77.46478873239437,100.0,100.0,100.0,53,1.3488930756191038,41.509433962264154,75.47169811320755,100.0,100.0,100.0
L006,Abdomen,40,test/L006/Low_Dose/00000115.dcm,130.0,262144,2.9673941135406494,144,1.4717178344726562,30.555555555555557,70.13888888888889,100.0,100.0,100.0,0,,,,,,,71,1.6123906525088028,23.943661971830984,60.563380281690144,100.0,100.0,100.0,73,1.3348990662457192,36.986301369863014,79.45205479452055,100.0,100.0,100.0
L006,Abdomen,41,test/L006/Low_Dose/00000134.dcm,130.0,262144,2.9651827812194824,141,1.5010769891400708,29.78723404255319,68.79432624113475,100.0,100.0,100.0,0,,,,,,,60,1.5175638834635417,30.0,68.33333333333333,100.0,100.0,100.0,81,1.4888644748263888,29.62962962962963,69.1358024691358,100.0,100.0,100.0
L006,Abdomen,42,test/L006/Low_Dose/00000035.dcm,130.0,262144,2.9800078868865967,165,1.4787146366003787,33.333333333333336,66.66666666666667,100.0,100.0,100.0,0,,,,,,,70,1.527760532924107,31.428571428571427,62.857142857142854,100.0,100.0,100.0,95,1.4425755550986843,34.73684210526316,69.47368421052632,100.0,100.0,100.0
L006,Abdomen,43,test/L006/Low_Dose/00000052.dcm,130.0,262144,2.9844789505004883,143,1.5905889764532342,28.67132867132867,61.53846153846154,100.0,100.0,100.0,0,,,,,,,65,1.6669320913461538,27.692307692307693,53.84615384615385,100.0,100.0,100.0,78,1.5269697140424678,29.487179487179485,67.94871794871794,100.0,100.0,100.0
L006,Abdomen,44,test/L006/Low_Dose/00000060.dcm,130.0,262144,2.9725136756896973,125,1.4103857421875,36.0,70.4,100.0,100.0,100.0,0,,,,,,,72,1.4222649468315973,40.27777777777778,66.66666666666667,100.0,100.0,100.0,53,1.3942479547464623,30.18867924528302,75.47169811320755,100.0,100.0,100.0
L006,Abdomen,45,test/L006/Low_Dose/00000139.dcm,130.0,262144,2.962904691696167,135,1.409964554398148,37.03703703703704,70.37037037037037,100.0,100.0,100.0,0,,,,,,,72,1.496583726671007,30.555555555555557,69.44444444444444,100.0,100.0,100.0,63,1.3109712146577381,44.44444444444444,71.42857142857143,100.0,100.0,100.0
L006,Abdomen,46,test/L006/Low_Dose/00000018.dcm,130.0,262144,2.9626786708831787,116,1.5357750202047413,36.206896551724135,64.65517241379311,100.0,100.0,100.0,0,,,,,,,62,1.6006095640120968,30.64516129032258,62.903225806451616,100.0,100.0,100.0,54,1.4613353587962963,42.592592592592595,66.66666666666667,100.0,100.0,100.0
L006,Abdomen,47,test/L006/Low_Dose/00000171.dcm,130.0,262144,2.9783437252044678,91,1.4300389551854396,40.65934065934066,65.93406593406593,100.0,100.0,100.0,0,,,,,,,50,1.46721435546875,40.0,58.0,100.0,100.0,100.0,41,1.3847031011814024,41.46341463414634,75.60975609756098,100.0,100.0,100.0
L006,Abdomen,48,test/L006/Low_Dose/00000186.dcm,130.0,262144,2.966351270675659,166,1.4255128423851657,34.93975903614458,71.08433734939759,100.0,100.0,100.0,0,,,,,,,77,1.513835163859578,29.87012987012987,66.23376623376623,100.0,100.0,100.0,89,1.3490991485252808,39.325842696629216,75.28089887640449,100.0,100.0,100.0
L006,Abdomen,49,test/L006/Low_Dose/00000174.dcm,130.0,262144,2.9642648696899414,175,1.5260665457589286,34.285714285714285,64.0,100.0,100.0,100.0,0,,,,,,,93,1.58555422547043,29.032258064516128,64.51612903225806,100.0,100.0,100.0,82,1.4585988114519817,40.24390243902439,63.41463414634146,100.0,100.0,100.0
L006,Abdomen,50,test/L006/Low_Dose/00000062.dcm,130.0,262144,2.9793031215667725,163,1.5287973602856595,29.447852760736197,65.03067484662577,100.0,100.0,100.0,0,,,,,,,78,1.576450445713141,25.641025641025642,64.1025641025641,100.0,100.0,100.0,85,1.4850686465992646,32.94117647058823,65.88235294117646,100.0,100.0,100.0
L006,Abdomen,51,test/L006/Low_Dose/00000080.dcm,130.0,262144,3.0046474933624268,195,1.467559344951923,33.84615384615385,68.2051282051282,100.0,100.0,100.0,0,,,,,,,92,1.521391495414402,32.608695652173914,64.1304347826087,100.0,100.0,100.0,103,1.4194762591019416,34.95145631067961,71.84466019417475,100.0,100.0,100.0
L006,Abdomen,52,test/L006/Low_Dose/00000057.dcm,130.0,262144,2.981962203979492,200,1.44404541015625,35.0,70.0,100.0,100.0,100.0,0,,,,,,,95,1.5207545230263158,30.526315789473685,66.3157894736842,100.0,100.0,100.0,105,1.3746419270833334,39.04761904761905,73.33333333333333,100.0,100.0,100.0
L006,Abdomen,53,test/L006/Low_Dose/00000204.dcm,130.0,262144,2.9592597484588623,199,1.3505380908448492,38.69346733668342,72.8643216080402,100.0,100.0,100.0,0,,,,,,,86,1.2969232603561047,48.83720930232558,72.09302325581395,100.0,100.0,100.0,113,1.391342298119469,30.97345132743363,73.45132743362832,100.0,100.0,100.0
L006,Abdomen,54,test/L006/Low_Dose/00000118.dcm,130.0,262144,2.9606106281280518,180,1.4649922688802084,36.666666666666664,68.88888888888889,100.0,100.0,100.0,0,,,,,,,91,1.5822123433207418,34.065934065934066,60.43956043956044,100.0,100.0,100.0,89,1.3451380354634832,39.325842696629216,77.52808988764045,100.0,100.0,100.0
L006,Abdomen,55,test/L006/Low_Dose/00000019.dcm,130.0,262144,2.976193428039551,168,1.4496365501767112,33.333333333333336,69.04761904761905,100.0,100.0,100.0,0,,,,,,,82,1.5654103348894817,23.170731707317074,67.07317073170732,100.0,100.0,100.0,86,1.3392475926598837,43.02325581395349,70.93023255813954,100.0,100.0,100.0
L006,Abdomen,56,test/L006/Low_Dose/00000092.dcm,130.0,262144,2.967257499694824,154,1.5512053254362825,32.467532467532465,62.33766233766234,100.0,100.0,100.0,0,,,,,,,81,1.5692952473958333,33.333333333333336,58.02469135802469,100.0,100.0,100.0,73,1.5311329462756849,31.506849315068493,67.12328767123287,100.0,100.0,100.0
L006,Abdomen,57,test/L006/Low_Dose/00000074.dcm,130.0,262144,2.970881462097168,170,1.4983204561121324,34.11764705882353,64.70588235294117,100.0,100.0,100.0,0,,,,,,,99,1.4869027185921717,33.333333333333336,64.64646464646465,100.0,100.0,100.0,71,1.5142409633582747,35.2112676056338,64.78873239436619,100.0,100.0,100.0
L006,Abdomen,58,test/L006/Low_Dose/00000012.dcm,130.0,262144,2.981348752975464,240,1.45166015625,37.5,67.08333333333333,100.0,100.0,100.0,0,,,,,,,125,1.4830380859375,35.2,66.4,100.0,100.0,100.0,115,1.4175537109375,40.0,67.82608695652173,100.0,100.0,100.0
L006,Abdomen,59,test/L006/Low_Dose/00000145.dcm,130.0,262144,2.9842727184295654,240,1.4723129272460938,34.166666666666664,67.91666666666667,100.0,100.0,100.0,0,,,,,,,117,1.597972380809295,28.205128205128204,64.1025641025641,100.0,100.0,100.0,123,1.352783203125,39.83739837398374,71.54471544715447,100.0,100.0,100.0
L006,Abdomen,60,test/L006/Low_Dose/00000129.dcm,130.0,262144,2.9849538803100586,247,1.4845603294218117,31.983805668016196,69.23076923076923,100.0,100.0,100.0,0,,,,,,,126,1.4860578264508928,31.746031746031747,69.84126984126983,100.0,100.0,100.0,121,1.4830009523502066,32.231404958677686,68.59504132231405,100.0,100.0,100.0
L006,Abdomen,61,test/L006/Low_Dose/00000163.dcm,130.0,262144,2.9927282333374023,241,1.3489549565612033,39.004149377593365,74.68879668049793,100.0,100.0,100.0,0,,,,,,,110,1.280746182528409,40.90909090909091,75.45454545454545,100.0,100.0,100.0,131,1.4062294996421756,37.404580152671755,74.04580152671755,100.0,100.0,100.0
L006,Abdomen,62,test/L006/Low_Dose/00000156.dcm,130.0,262144,2.989316701889038,242,1.4780560958483988,32.64462809917355,64.87603305785125,100.0,100.0,100.0,0,,,,,,,127,1.5287374661663387,26.771653543307085,64.56692913385827,100.0,100.0,100.0,115,1.4220862347146739,39.130434782608695,65.21739130434783,100.0,100.0,100.0
L006,Abdomen,63,test/L006/Low_Dose/00000083.dcm,130.0,262144,2.978281259536743,275,1.454532137784091,33.81818181818182,69.81818181818181,100.0,100.0,100.0,0,,,,,,,163,1.4668006194881136,29.447852760736197,71.77914110429448,100.0,100.0,100.0,112,1.4366771153041296,40.17857142857143,66.96428571428571,100.0,100.0,100.0
L006,Abdomen,64,test/L006/Low_Dose/00000102.dcm,130.0,262144,2.9528467655181885,214,1.5218996422313085,30.373831775700936,67.28971962616822,100.0,100.0,100.0,0,,,,,,,127,1.506943590059055,30.708661417322833,65.35433070866142,100.0,100.0,100.0,87,1.543732040229885,29.885057471264368,70.11494252873563,100.0,100.0,100.0
L006,Abdomen,65,test/L006/Low_Dose/00000205.dcm,130.0,262144,2.9489965438842773,298,1.3953554294253356,36.91275167785235,72.81879194630872,100.0,100.0,100.0,0,,,,,,,173,1.440865048094292,35.26011560693642,70.52023121387283,100.0,100.0,100.0,125,1.3323701171875,39.2,76.0,100.0,100.0,100.0
L006,Abdomen,66,test/L006/Low_Dose/00000069.dcm,130.0,262144,2.9740400314331055,315,1.5242493644593254,28.88888888888889,65.39682539682539,100.0,100.0,100.0,0,,,,,,,187,1.5834921770554813,25.668449197860962,61.49732620320856,100.0,100.0,100.0,128,1.437699317932129,33.59375,71.09375,100.0,100.0,100.0
L006,Abdomen,67,test/L006/Low_Dose/00000094.dcm,130.0,262144,2.9755239486694336,366,1.4419315525742828,36.0655737704918,66.39344262295081,100.0,100.0,100.0,0,,,,,,,208,1.4719813420222356,36.05769230769231,64.42307692307692,100.0,100.0,100.0,158,1.4023723360858387,36.075949367088604,68.9873417721519,100.0,100.0,100.0
L006,Abdomen,68,test/L006/Low_Dose/00000064.dcm,130.0,262144,2.9714303016662598,317,1.4608173550867507,33.753943217665615,69.71608832807571,100.0,100.0,100.0,0,,,,,,,193,1.523533638277202,30.569948186528496,67.87564766839378,100.0,100.0,100.0,124,1.3632024949596775,38.70967741935484,72.58064516129032,100.0,100.0,100.0
L006,Abdomen,69,test/L006/Low_Dose/00000084.dcm,130.0,262144,2.9631764888763428,309,1.437621675262945,34.627831715210355,70.55016181229773,100.0,100.0,100.0,0,,,,,,,169,1.4113870654585798,36.68639053254438,71.59763313609467,100.0,100.0,100.0,140,1.4692905970982142,32.142857142857146,69.28571428571429,100.0,100.0,100.0
L006,Abdomen,70,test/L006/Low_Dose/00000178.dcm,130.0,262144,2.9429755210876465,319,1.4498780827537225,33.22884012539185,70.21943573667711,100.0,100.0,100.0,0,,,,,,,185,1.5444474503800676,25.945945945945947,65.94594594594595,100.0,100.0,100.0,134,1.3193158961054106,43.28358208955224,76.11940298507463,100.0,100.0,100.0
L006,Abdomen,71,test/L006/Low_Dose/00000042.dcm,130.0,262144,2.9117825031280518,316,1.4170157517058939,34.81012658227848,72.46835443037975,100.0,100.0,100.0,0,,,,,,,177,1.5164236295021187,29.37853107344633,68.92655367231639,100.0,100.0,100.0,139,1.2904316195481116,41.726618705035975,76.97841726618705,100.0,100.0,100.0
L006,Abdomen,72,test/L006/Low_Dose/00000148.dcm,130.0,262144,2.8714969158172607,315,1.3521402994791667,39.36507936507937,73.01587301587301,100.0,100.0,100.0,0,,,,,,,187,1.3616049047459893,36.36363636363637,74.8663101604278,100.0,100.0,100.0,128,1.338313102722168,43.75,70.3125,100.0,100.0,100.0
L006,Abdomen,73,test/L006/Low_Dose/00000034.dcm,130.0,262144,2.8372578620910645,340,1.4033127728630514,35.88235294117647,72.05882352941177,100.0,100.0,100.0,0,,,,,,,191,1.4355762741328535,35.602094240837694,70.68062827225131,100.0,100.0,100.0,149,1.3619548618393456,36.241610738255034,73.8255033557047,100.0,100.0,100.0
L006,Abdomen,74,test/L006/Low_Dose/00000048.dcm,130.0,262144,2.828989267349243,319,1.3872479764645376,38.557993730407524,70.53291536050156,100.0,100.0,100.0,0,,,,,,,190,1.4035336143092105,37.36842105263158,70.0,100.0,100.0,100.0,129,1.3632613780886629,40.310077519379846,71.31782945736434,100.0,100.0,100.0
L006,Abdomen,75,test/L006/Low_Dose/00000209.dcm,130.0,262144,2.8564510345458984,299,1.3993246531406773,33.11036789297659,74.91638795986623,100.0,100.0,100.0,0,,,,,,,169,1.4032264122596154,30.76923076923077,76.33136094674556,100.0,100.0,100.0,130,1.3942523662860578,36.15384615384615,73.07692307692308,100.0,100.0,100.0
L006,Abdomen,76,test/L006/Low_Dose/00000206.dcm,130.0,262144,2.853163719177246,280,1.3505292619977678,37.857142857142854,75.71428571428571,100.0,100.0,100.0,0,,,,,,,146,1.3303749398009417,37.67123287671233,77.3972602739726,100.0,100.0,100.0,134,1.3724884488689366,38.059701492537314,73.88059701492537,100.0,100.0,100.0
L006,Abdomen,77,test/L006/Low_Dose/00000184.dcm,130.0,262144,2.8476524353027344,251,1.435644142181275,34.66135458167331,70.5179282868526,100.0,100.0,100.0,0,,,,,,,140,1.42711181640625,33.57142857142857,71.42857142857143,100.0,100.0,100.0,111,1.4464056341497749,36.03603603603604,69.36936936936937,100.0,100.0,100.0
L006,Abdomen,78,test/L006/Low_Dose/00000049.dcm,130.0,262144,2.7537131309509277,204,1.34820556640625,35.78431372549019,71.56862745098039,100.0,100.0,100.0,0,,,,,,,137,1.3856931811701643,36.496350364963504,69.34306569343066,100.0,100.0,100.0,67,1.2715517869636195,34.32835820895522,76.11940298507463,100.0,100.0,100.0
L006,Abdomen,79,test/L006/Low_Dose/00000037.dcm,130.0,262144,2.7075695991516113,200,1.39802490234375,33.5,73.0,100.0,100.0,100.0,0,,,,,,,121,1.4038792129390496,34.710743801652896,72.72727272727273,100.0,100.0,100.0,79,1.3890581734572784,31.645569620253166,73.41772151898734,100.0,100.0,100.0
L006,Abdomen,80,test/L006/Low_Dose/00000169.dcm,130.0,262144,2.698469638824463,310,1.4327105122227823,30.0,71.29032258064517,100.0,100.0,100.0,0,,,,,,,203,1.4619399197583127,29.064039408866996,69.95073891625616,100.0,100.0,100.0,107,1.377256589515187,31.77570093457944,73.83177570093459,100.0,100.0,100.0
L006,Abdomen,81,test/L006/Low_Dose/00000214.dcm,130.0,262144,2.7155988216400146,505,1.428534721147896,33.06930693069307,70.4950495049505,100.0,100.0,100.0,0,,,,,,,282,1.4820357518838652,29.078014184397162,68.79432624113475,100.0,100.0,100.0,223,1.3608787091858183,38.11659192825112,72.6457399103139,100.0,100.0,100.0
L006,Abdomen,82,test/L006/Low_Dose/00000161.dcm,130.0,262144,2.737820625305176,817,1.4573887949912026,31.823745410036718,69.15544675642595,100.0,100.0,100.0,0,,,,,,,509,1.4831036940539046,30.844793713163064,68.76227897838899,100.0,100.0,100.0,308,1.4148924195921266,33.44155844155844,69.8051948051948,100.0,100.0,100.0
L006,Abdomen,83,test/L006/Low_Dose/00000061.dcm,130.0,262144,2.726930618286133,700,1.3926743861607143,34.57142857142857,73.14285714285714,100.0,100.0,100.0,0,,,,,,,436,1.4144273110485952,33.48623853211009,73.39449541284404,100.0,100.0,100.0,264,1.356749101118608,36.36363636363637,72.72727272727273,100.0,100.0,100.0
L006,Abdomen,84,test/L006/Low_Dose/00000187.dcm,130.0,262144,2.6678736209869385,596,1.4127395937106753,34.73154362416108,71.14093959731544,100.0,100.0,100.0,0,,,,,,,370,1.4564301361908785,33.24324324324324,68.64864864864865,100.0,100.0,100.0,226,1.3412108294731748,37.16814159292036,75.22123893805309,100.0,100.0,100.0
L006,Abdomen,85,test/L006/Low_Dose/00000101.dcm,130.0,262144,2.6413938999176025,559,1.4002122145432692,33.09481216457961,70.4830053667263,100.0,100.0,100.0,0,,,,,,,331,1.4410116420411632,29.909365558912388,69.78851963746223,100.0,100.0,100.0,228,1.3409814667283444,37.719298245614034,71.49122807017544,100.0,100.0,100.0
L006,Abdomen,86,test/L006/Low_Dose/00000007.dcm,130.0,262144,2.6301279067993164,583,1.3751409147861278,33.9622641509434,72.72727272727273,100.0,100.0,100.0,0,,,,,,,338,1.396555161335059,31.952662721893493,73.96449704142012,100.0,100.0,100.0,245,1.345597995057398,36.734693877551024,71.0204081632653,100.0,100.0,100.0
L006,Abdomen,87,test/L006/Low_Dose/00000132.dcm,130.0,262144,2.630636215209961,614,1.386656323162663,33.55048859934853,73.61563517915309,100.0,100.0,100.0,0,,,,,,,389,1.471719540789685,30.077120822622106,68.12339331619538,100.0,100.0,100.0,225,1.2395914713541667,39.55555555555556,83.11111111111111,100.0,100.0,100.0
L006,Abdomen,88,test/L006/Low_Dose/00000158.dcm,130.0,262144,2.601170063018799,614,1.316825344818811,37.13355048859935,76.8729641693811,100.0,100.0,100.0,0,,,,,,,353,1.3163180688960694,37.67705382436261,75.35410764872522,100.0,100.0,100.0,261,1.3175114306453544,36.39846743295019,78.9272030651341,100.0,100.0,100.0
L006,Abdomen,89,test/L006/Low_Dose/00000123.dcm,130.0,262144,2.597804307937622,683,1.3603739033331808,34.2606149341142,74.96339677891655,100.0,100.0,100.0,0,,,,,,,394,1.4340674695629758,29.18781725888325,72.33502538071066,100.0,100.0,100.0,289,1.2599058580233564,41.1764705882353,78.54671280276817,100.0,100.0,100.0
L006,Abdomen,90,test/L006/Low_Dose/00000119.dcm,130.0,262144,2.5834128856658936,527,1.4668297668109582,28.652751423149905,70.96774193548387,100.0,100.0,100.0,0,,,,,,,343,1.4823293435677842,27.113702623906704,72.01166180758017,100.0,100.0,100.0,184,1.4379365340523098,31.52173913043478,69.02173913043478,100.0,100.0,100.0
L006,Abdomen,91,test/L006/Low_Dose/00000172.dcm,130.0,262144,2.5856196880340576,614,1.3311085654392305,36.31921824104234,77.1986970684039,100.0,100.0,100.0,0,,,,,,,396,1.370535494101168,33.333333333333336,77.02020202020202,100.0,100.0,100.0,218,1.2594890069524083,41.74311926605505,77.5229357798165,100.0,100.0,100.0
L006,Abdomen,92,test/L006/Low_Dose/00000029.dcm,130.0,262144,2.571667194366455,651,1.3547320153489824,35.79109062980031,74.50076804915514,100.0,100.0,100.0,0,,,,,,,412,1.4448831798960862,30.339805825242717,70.14563106796116,100.0,100.0,100.0,239,1.1993249869246863,45.18828451882845,82.00836820083683,100.0,100.0,100.0
L006,Abdomen,93,test/L006/Low_Dose/00000150.dcm,130.0,262144,2.560692310333252,570,1.3500526829769737,35.6140350877193,73.85964912280701,100.0,100.0,100.0,0,,,,,,,349,1.3600706958497493,34.67048710601719,74.21203438395415,100.0,100.0,100.0,221,1.3342323821054864,37.10407239819005,73.30316742081448,100.0,100.0,100.0
L006,Abdomen,94,test/L006/Low_Dose/00000135.dcm,130.0,262144,2.5478904247283936,573,1.371413731866274,34.031413612565444,73.82198952879581,100.0,100.0,100.0,0,,,,,,,323,1.4177960375145124,30.03095975232198,72.75541795665634,100.0,100.0,100.0,250,1.31148779296875,39.2,75.2,100.0,100.0,100.0
L006,Abdomen,95,test/L006/Low_Dose/00000196.dcm,130.0,262144,2.5363306999206543,651,1.2931300103206604,37.327188940092164,79.10906298003073,100.0,100.0,100.0,0,,,,,,,393,1.3087568210281488,35.36895674300254,79.13486005089058,100.0,100.0,100.0,258,1.2693263800569283,40.310077519379846,79.06976744186046,100.0,100.0,100.0
L006,Abdomen,96,test/L006/Low_Dose/00000208.dcm,130.0,262144,2.5135438442230225,682,1.3045269471109788,37.5366568914956,77.12609970674487,100.0,100.0,100.0,0,,,,,,,410,1.370897246570122,33.90243902439025,73.65853658536585,100.0,100.0,100.0,272,1.204483481014476,43.01470588235294,82.3529411764706,100.0,100.0,100.0
L006,Abdomen,97,test/L006/Low_Dose/00000078.dcm,130.0,262144,2.498141050338745,645,1.3007312863372094,37.51937984496124,77.82945736434108,100.0,100.0,100.0,0,,,,,,,362,1.3162582144552832,36.187845303867405,76.24309392265194,100.0,100.0,100.0,283,1.2808699860589665,39.2226148409894,79.85865724381625,100.0,100.0,100.0
L006,Abdomen,98,test/L006/Low_Dose/00000137.dcm,130.0,262144,2.4600706100463867,662,1.2646882670883686,38.368580060422964,78.54984894259819,100.0,100.0,100.0,0,,,,,,,410,1.2773443454649391,38.048780487804876,78.78048780487805,100.0,100.0,100.0,252,1.2440970284598214,38.888888888888886,78.17460317460318,100.0,100.0,100.0
L006,Abdomen,99,test/L006/Low_Dose/00000122.dcm,130.0,262144,2.437025308609009,624,1.2880331186147838,36.53846153846154,78.68589743589743,100.0,100.0,100.0,0,,,,,,,398,1.339097526205245,33.41708542713568,77.63819095477388,100.0,100.0,100.0,226,1.198105533566095,42.0353982300885,80.53097345132744,100.0,100.0,100.0
L006,Abdomen,100,test/L006/Low_Dose/00000168.dcm,130.0,262144,2.4481401443481445,568,1.2696313992352553,37.5,79.22535211267606,100.0,100.0,100.0,0,,,,,,,359,1.3177483433800488,35.37604456824513,77.15877437325905,100.0,100.0,100.0,209,1.1869807631205143,41.14832535885167,82.77511961722487,100.0,100.0,100.0
L006,Abdomen,101,test/L006/Low_Dose/00000100.dcm,130.0,262144,2.4377143383026123,586,1.2408932630519411,40.10238907849829,80.71672354948805,100.0,100.0,100.0,0,,,,,,,336,1.2519567580450148,38.98809523809524,79.46428571428571,100.0,100.0,100.0,250,1.22602392578125,41.6,82.4,100.0,100.0,100.0
L006,Abdomen,102,test/L006/Low_Dose/00000176.dcm,130.0,262144,2.408177614212036,668,1.2464685497169723,38.77245508982036,82.78443113772455,100.0,100.0,100.0,0,,,,,,,397,1.3015800879644206,35.26448362720403,80.60453400503778,100.0,100.0,100.0,271,1.165733196638607,43.91143911439114,85.97785977859779,100.0,100.0,100.0
L006,Abdomen,103,test/L006/Low_Dose/00000033.dcm,130.0,262144,2.387333631515503,685,1.246158616560219,40.29197080291971,83.06569343065694,100.0,100.0,100.0,0,,,,,,,391,1.2473253801350703,41.1764705882353,83.12020460358056,100.0,100.0,100.0,294,1.2446069003773383,39.1156462585034,82.99319727891157,100.0,100.0,100.0
L006,Abdomen,104,test/L006/Low_Dose/00000212.dcm,130.0,262144,2.3862576484680176,602,1.2152699822207227,42.35880398671096,80.23255813953489,100.0,100.0,100.0,0,,,,,,,359,1.238511789475975,41.5041782729805,80.22284122562674,100.0,100.0,100.0,243,1.180933320473251,43.62139917695473,80.24691358024691,100.0,100.0,100.0
L006,Abdomen,105,test/L006/Low_Dose/00000175.dcm,130.0,262144,2.3888206481933594,590,1.2005346265889831,39.66101694915254,85.2542372881356,100.0,100.0,100.0,0,,,,,,,351,1.2369294343171295,36.18233618233618,86.03988603988604,100.0,100.0,100.0,239,1.147084511473588,44.76987447698745,84.10041841004184,100.0,100.0,100.0
L006,Abdomen,106,test/L006/Low_Dose/00000065.dcm,130.0,262144,2.384927272796631,593,1.2281630003030144,39.79763912310287,82.63069139966274,100.0,100.0,100.0,0,,,,,,,360,1.2772125244140624,37.5,80.27777777777777,100.0,100.0,100.0,233,1.1523783278567596,43.347639484978544,86.26609442060087,100.0,100.0,100.0
L006,Abdomen,107,test/L006/Low_Dose/00000180.dcm,130.0,262144,2.3855090141296387,604,1.191674643004967,42.71523178807947,84.76821192052981,100.0,100.0,100.0,0,,,,,,,367,1.2049487371210832,42.50681198910082,82.28882833787466,100.0,100.0,100.0,237,1.1711194002175633,43.037974683544306,88.60759493670886,100.0,100.0,100.0
L006,Abdomen,108,test/L006/Low_Dose/00000025.dcm,130.0,262144,2.3654415607452393,556,1.1960629250505845,42.62589928057554,84.1726618705036,100.0,100.0,100.0,0,,,,,,,343,1.2459581558627915,39.35860058309038,81.92419825072886,100.0,100.0,100.0,213,1.115715205949237,47.88732394366197,87.79342723004694,100.0,100.0,100.0
L006,Abdomen,109,test/L006/Low_Dose/00000197.dcm,130.0,262144,2.34930419921875,462,1.2243821445481602,39.39393939393939,84.63203463203463,100.0,100.0,100.0,0,,,,,,,283,1.2741837248785335,35.3356890459364,83.03886925795052,100.0,100.0,100.0,179,1.1456455678247206,45.81005586592179,87.15083798882682,100.0,100.0,100.0
L006,Abdomen,110,test/L006/Low_Dose/00000015.dcm,130.0,262144,2.349390745162964,390,1.2282639723557693,39.48717948717949,81.7948717948718,100.0,100.0,100.0,0,,,,,,,215,1.2398829260537791,37.674418604651166,82.32558139534883,100.0,100.0,100.0,175,1.2139892578125,41.714285714285715,81.14285714285714,100.0,100.0,100.0
L006,Abdomen,111,test/L006/Low_Dose/00000039.dcm,130.0,262144,2.3608591556549072,314,1.1732477078771895,43.63057324840764,86.62420382165605,100.0,100.0,100.0,0,,,,,,,187,1.1578793449197862,44.919786096256686,86.09625668449198,100.0,100.0,100.0,127,1.1958767147514764,41.732283464566926,87.4015748031496,100.0,100.0,100.0
L006,Abdomen,112,test/L006/Low_Dose/00000189.dcm,130.0,262144,2.382765293121338,354,1.2425075035310735,37.005649717514125,82.48587570621469,100.0,100.0,100.0,0,,,,,,,217,1.2174966697868663,37.78801843317972,82.02764976958525,100.0,100.0,100.0,137,1.2821232036952555,35.76642335766423,83.21167883211679,100.0,100.0,100.0
L006,Abdomen,113,test/L006/Low_Dose/00000063.dcm,130.0,262144,2.37534236907959,441,1.228379437712585,37.641723356009074,84.35374149659864,100.0,100.0,100.0,0,,,,,,,253,1.183329827229496,39.92094861660079,84.18972332015811,100.0,100.0,100.0,188,1.2890047113946144,34.57446808510638,84.57446808510639,100.0,100.0,100.0
L006,Abdomen,114,test/L006/Low_Dose/00000160.dcm,130.0,262144,2.360480546951294,466,1.1706210287855419,41.41630901287554,86.9098712446352,100.0,100.0,100.0,0,,,,,,,259,1.2586165615950773,35.907335907335906,85.32818532818533,100.0,100.0,100.0,207,1.0605203379755435,48.309178743961354,88.88888888888889,100.0,100.0,100.0
L006,Abdomen,115,test/L006/Low_Dose/00000098.dcm,130.0,262144,2.3827664852142334,332,1.2222668751176582,40.963855421686745,80.72289156626506,100.0,100.0,100.0,0,,,,,,,201,1.2374565162468905,40.79601990049751,79.1044776119403,100.0,100.0,100.0,131,1.1989606318583015,41.221374045801525,83.20610687022901,100.0,100.0,100.0
L006,Abdomen,116,test/L006/Low_Dose/00000177.dcm,130.0,262144,2.386810302734375,297,1.2874932594170876,35.01683501683502,80.47138047138047,100.0,100.0,100.0,0,,,,,,,163,1.3126205725172546,31.288343558282207,80.3680981595092,100.0,100.0,100.0,134,1.2569279457206157,39.55223880597015,80.59701492537313,100.0,100.0,100.0
L006,Abdomen,117,test/L006/Low_Dose/00000056.dcm,130.0,262144,2.3750839233398438,315,1.2089266338045634,40.0,81.58730158730158,100.0,100.0,100.0,0,,,,,,,176,1.295314442027699,34.09090909090909,77.27272727272727,100.0,100.0,100.0,139,1.0995435097234711,47.48201438848921,87.05035971223022,100.0,100.0,100.0
L006,Abdomen,118,test/L006/Low_Dose/00000041.dcm,130.0,262144,2.3654286861419678,358,1.307005472023394,33.24022346368715,77.6536312849162,100.0,100.0,100.0,0,,,,,,,189,1.3690004701967593,30.158730158730158,76.19047619047619,100.0,100.0,100.0,169,1.2376737876756656,36.68639053254438,79.28994082840237,100.0,100.0,100.0
L006,Abdomen,119,test/L006/Low_Dose/00000107.dcm,130.0,262144,2.359714984893799,354,1.1768967795506708,42.93785310734463,84.18079096045197,100.0,100.0,100.0,0,,,,,,,180,1.2711934407552083,39.44444444444444,80.0,100.0,100.0,100.0,174,1.0793485093390804,46.55172413793103,88.50574712643679,100.0,100.0,100.0
L006,Abdomen,120,test/L006/Low_Dose/00000112.dcm,130.0,262144,2.35034441947937,403,1.2283326709832507,37.468982630272954,82.87841191066998,100.0,100.0,100.0,0,,,,,,,200,1.2830548095703125,35.0,81.0,100.0,100.0,100.0,203,1.1744192339516626,39.90147783251231,84.72906403940887,100.0,100.0,100.0
L006,Abdomen,121,test/L006/Low_Dose/00000045.dcm,130.0,262144,2.356213331222534,387,1.1673262248667635,42.89405684754522,82.68733850129199,100.0,100.0,100.0,0,,,,,,,224,1.2208409990583147,38.839285714285715,79.91071428571429,100.0,100.0,100.0,163,1.0937844492906441,48.466257668711656,86.50306748466258,100.0,100.0,100.0
L006,Abdomen,122,test/L006/Low_Dose/00000185.dcm,130.0,262144,2.371030807495117,301,1.1861547932672343,42.857142857142854,83.72093023255815,100.0,100.0,100.0,0,,,,,,,157,1.183470124651672,43.31210191082803,84.07643312101911,100.0,100.0,100.0,144,1.1890818277994792,42.361111111111114,83.33333333333333,100.0,100.0,100.0
L006,Abdomen,123,test/L006/Low_Dose/00000086.dcm,130.0,262144,2.368828058242798,267,1.1710003913565075,40.823970037453186,88.01498127340824,100.0,100.0,100.0,0,,,,,,,157,1.212347917496019,38.853503184713375,86.62420382165605,100.0,100.0,100.0,110,1.1119861949573864,43.63636363636363,90.0,100.0,100.0,100.0
L006,Abdomen,124,test/L006/Low_Dose/00000028.dcm,130.0,262144,2.3665289878845215,212,1.262683796432783,37.735849056603776,80.18867924528301,100.0,100.0,100.0,0,,,,,,,124,1.2381325998613912,38.70967741935484,81.45161290322581,100.0,100.0,100.0,88,1.2972786643288352,36.36363636363637,78.4090909090909,100.0,100.0,100.0
L006,Abdomen,125,test/L006/Low_Dose/00000046.dcm,130.0,262144,2.3262104988098145,264,1.304578838926373,32.95454545454545,83.33333333333333,100.0,100.0,100.0,0,,,,,,,146,1.3321867642337328,29.45205479452055,81.5068493150685,100.0,100.0,100.0,118,1.2704198804952331,37.28813559322034,85.59322033898304,100.0,100.0,100.0
L006,Abdomen,126,test/L006/Low_Dose/00000104.dcm,130.0,262144,2.3003604412078857,221,1.1348363263574661,42.98642533936651,90.04524886877829,100.0,100.0,100.0,0,,,,,,,131,1.1320903283039123,41.98473282442748,92.36641221374046,100.0,100.0,100.0,90,1.1388332790798612,44.44444444444444,86.66666666666667,100.0,100.0,100.0
L006,Abdomen,127,test/L006/Low_Dose/00000095.dcm,130.0,262144,2.317136526107788,215,1.2125840297965116,40.0,85.5813953488372,100.0,100.0,100.0,0,,,,,,,128,1.261404037475586,36.71875,82.03125,100.0,100.0,100.0,87,1.1407568920617817,44.827586206896555,90.80459770114942,100.0,100.0,100.0
L006,Abdomen,128,test/L006/Low_Dose/00000113.dcm,130.0,262144,2.3177661895751953,121,1.1601582676911157,43.80165289256198,83.47107438016529,100.0,100.0,100.0,0,,,,,,,84,1.1735679989769345,42.857142857142854,85.71428571428571,100.0,100.0,100.0,37,1.1297145534206081,45.945945945945944,78.37837837837837,100.0,100.0,100.0
L006,Abdomen,129,test/L006/Low_Dose/00000090.dcm,130.0,262144,2.3228230476379395,171,1.0983736807839912,43.27485380116959,91.2280701754386,100.0,100.0,100.0,0,,,,,,,94,1.1037104180518618,43.61702127659574,88.29787234042553,100.0,100.0,100.0,77,1.0918587028206168,42.857142857142854,94.8051948051948,100.0,100.0,100.0
L006,Abdomen,130,test/L006/Low_Dose/00000051.dcm,130.0,262144,2.3343145847320557,236,1.111297090174788,45.33898305084746,88.13559322033899,100.0,100.0,100.0,0,,,,,,,125,1.11273046875,41.6,88.8,100.0,100.0,100.0,111,1.1096829251126126,49.549549549549546,87.38738738738739,100.0,100.0,100.0
L006,Abdomen,131,test/L006/Low_Dose/00000006.dcm,130.0,262144,2.3163552284240723,134,1.225530368178638,38.059701492537314,84.32835820895522,100.0,100.0,100.0,0,,,,,,,82,1.3055643221227133,29.26829268292683,80.48780487804878,100.0,100.0,100.0,52,1.0993229792668269,51.92307692307692,90.38461538461539,100.0,100.0,100.0
L006,Abdomen,132,test/L006/Low_Dose/00000014.dcm,130.0,262144,2.2681641578674316,135,1.1212375217013888,46.666666666666664,91.85185185185185,100.0,100.0,100.0,0,,,,,,,76,1.145368074115954,46.05263157894737,94.73684210526316,100.0,100.0,100.0,59,1.0901540982521187,47.45762711864407,88.13559322033899,100.0,100.0,100.0
L006,Abdomen,133,test/L006/Low_Dose/00000190.dcm,130.0,262144,2.2472078800201416,152,1.0312443783408718,48.026315789473685,90.78947368421052,100.0,100.0,100.0,0,,,,,,,88,1.0181704434481533,50.0,93.18181818181819,100.0,100.0,100.0,64,1.0492210388183594,45.3125,87.5,100.0,100.0,100.0
L006,Abdomen,134,test/L006/Low_Dose/00000066.dcm,130.0,262144,2.263911485671997,105,1.0714901878720238,50.476190476190474,90.47619047619048,100.0,100.0,100.0,0,,,,,,,63,1.0480181981646826,50.79365079365079,92.06349206349206,100.0,100.0,100.0,42,1.1066981724330358,50.0,88.0952380952381,100.0,100.0,100.0
L006,Abdomen,135,test/L006/Low_Dose/00000103.dcm,130.0,262144,2.258402109146118,71,1.288390253631162,38.028169014084504,74.64788732394366,100.0,100.0,100.0,0,,,,,,,36,1.3533155653211806,36.111111111111114,72.22222222222223,100.0,100.0,100.0,35,1.2216099330357142,40.0,77.14285714285714,100.0,100.0,100.0
L006,Abdomen,136,test/L006/Low_Dose/00000131.dcm,130.0,262144,2.2489511966705322,74,1.0712560705236487,48.648648648648646,89.1891891891892,100.0,100.0,100.0,0,,,,,,,41,1.0920499475990855,46.34146341463415,87.8048780487805,100.0,100.0,100.0,33,1.0454212535511365,51.515151515151516,90.9090909090909,100.0,100.0,100.0
L006,Abdomen,137,test/L006/Low_Dose/00000152.dcm,130.0,262144,2.2487003803253174,91,1.0393267621050823,46.15384615384615,95.6043956043956,100.0,100.0,100.0,0,,,,,,,47,1.006867104388298,48.93617021276596,93.61702127659575,100.0,100.0,100.0,44,1.0739995783025569,43.18181818181818,97.72727272727273,100.0,100.0,100.0
L006,Abdomen,138,test/L006/Low_Dose/00000128.dcm,130.0,262144,2.2614517211914062,120,1.128333536783854,45.833333333333336,88.33333333333333,100.0,100.0,100.0,0,,,,,,,58,1.1856226427801724,43.10344827586207,84.48275862068965,100.0,100.0,100.0,62,1.074740502142137,48.38709677419355,91.93548387096774,100.0,100.0,100.0
L006,Abdomen,139,test/L006/Low_Dose/00000154.dcm,130.0,262144,2.2986605167388916,108,1.1542652271412037,44.44444444444444,85.18518518518519,100.0,100.0,100.0,0,,,,,,,70,1.1798549107142857,42.857142857142854,85.71428571428571,100.0,100.0,100.0,38,1.1071263363486843,47.36842105263158,84.21052631578948,100.0,100.0,100.0
L006,Abdomen,140,test/L006/Low_Dose/00000020.dcm,130.0,262144,2.3620126247406006,117,1.2307984441773505,39.31623931623932,82.05128205128206,100.0,100.0,100.0,0,,,,,,,57,1.3101292660361843,35.08771929824562,78.94736842105263,100.0,100.0,100.0,60,1.1554341634114584,43.333333333333336,85.0,100.0,100.0,100.0
L006,Abdomen,141,test/L006/Low_Dose/00000008.dcm,130.0,262144,2.377246856689453,153,1.1046389910130718,45.09803921568628,85.62091503267973,100.0,100.0,100.0,0,,,,,,,79,1.1701505636867089,40.50632911392405,86.07594936708861,100.0,100.0,100.0,74,1.0347009607263513,50.0,85.13513513513513,100.0,100.0,100.0
L006,Abdomen,142,test/L006/Low_Dose/00000121.dcm,130.0,262144,2.3862862586975098,154,1.1233845500202921,46.753246753246756,87.66233766233766,100.0,100.0,100.0,0,,,,,,,97,1.1285375221488403,46.391752577319586,86.5979381443299,100.0,100.0,100.0,57,1.1146154570997806,47.36842105263158,89.47368421052632,100.0,100.0,100.0
L006,Abdomen,143,test/L006/Low_Dose/00000200.dcm,130.0,262144,2.434037923812866,174,1.1350027500897988,45.40229885057471,85.63218390804597,100.0,100.0,100.0,0,,,,,,,95,1.1020610608552632,46.31578947368421,88.42105263157895,100.0,100.0,100.0,79,1.174616173852848,44.30379746835443,82.27848101265823,100.0,100.0,100.0
L006,Abdomen,144,test/L006/Low_Dose/00000211.dcm,130.0,262144,2.463811159133911,153,1.1811451631433822,41.1764705882353,83.66013071895425,100.0,100.0,100.0,0,,,,,,,71,1.2381402673855635,38.028169014084504,83.09859154929578,100.0,100.0,100.0,82,1.131795743616616,43.90243902439025,84.14634146341463,100.0,100.0,100.0
L006,Abdomen,145,test/L006/Low_Dose/00000191.dcm,130.0,262144,2.4821388721466064,147,1.2873352465986394,34.01360544217687,80.95238095238095,100.0,100.0,100.0,0,,,,,,,80,1.271380615234375,33.75,83.75,100.0,100.0,100.0,67,1.306385552705224,34.32835820895522,77.61194029850746,100.0,100.0,100.0
L006,Abdomen,146,test/L006/Low_Dose/00000097.dcm,130.0,262144,2.4992446899414062,162,1.2977001048900463,38.888888888888886,78.39506172839506,100.0,100.0,100.0,0,,,,,,,99,1.3503072719381313,36.36363636363637,75.75757575757575,100.0,100.0,100.0,63,1.2150316995287698,42.857142857142854,82.53968253968254,100.0,100.0,100.0
L006,Abdomen,147,test/L006/Low_Dose/00000027.dcm,130.0,262144,2.5372047424316406,179,1.2527210086417597,39.10614525139665,78.2122905027933,100.0,100.0,100.0,0,,,,,,,84,1.3592776343936013,33.333333333333336,76.19047619047619,100.0,100.0,100.0,95,1.1585025185032896,44.21052631578947,80.0,100.0,100.0,100.0
L006,Abdomen,148,test/L006/Low_Dose/00000055.dcm,130.0,262144,2.5550153255462646,173,1.164801272353685,44.50867052023121,83.23699421965318,100.0,100.0,100.0,0,,,,,,,97,1.1705347434761597,45.36082474226804,83.50515463917526,100.0,100.0,100.0,76,1.157483552631579,43.421052631578945,82.89473684210526,100.0,100.0,100.0
L006,Abdomen,149,test/L006/Low_Dose/00000067.dcm,130.0,262144,2.565119981765747,214,1.2386018271758177,40.654205607476634,84.11214953271028,100.0,100.0,100.0,0,,,,,,,121,1.247334630036157,37.1900826446281,86.77685950413223,100.0,100.0,100.0,93,1.2272397933467742,45.16129032258065,80.64516129032258,100.0,100.0,100.0
L006,Abdomen,150,test/L006/Low_Dose/00000110.dcm,130.0,262144,2.5829169750213623,195,1.286786358173077,37.94871794871795,76.41025641025641,100.0,100.0,100.0,0,,,,,,,99,1.2382122001262625,43.43434343434343,76.76767676767676,100.0,100.0,100.0,96,1.3368784586588542,32.291666666666664,76.04166666666667,100.0,100.0,100.0
L006,Abdomen,151,test/L006/Low_Dose/00000194.dcm,130.0,262144,2.5879275798797607,200,1.2762872314453124,38.0,76.5,100.0,100.0,100.0,0,,,,,,,110,1.3525523792613636,33.63636363636363,74.54545454545455,100.0,100.0,100.0,90,1.1830742730034722,43.333333333333336,78.88888888888889,100.0,100.0,100.0
L006,Abdomen,152,test/L006/Low_Dose/00000144.dcm,130.0,262144,2.591143846511841,208,1.2888277493990385,36.05769230769231,79.8076923076923,100.0,100.0,100.0,0,,,,,,,110,1.3124311967329545,33.63636363636363,81.81818181818181,100.0,100.0,100.0,98,1.2623340840242347,38.775510204081634,77.55102040816327,100.0,100.0,100.0
L006,Abdomen,153,test/L006/Low_Dose/00000116.dcm,130.0,262144,2.621300220489502,197,1.4084708121827412,35.53299492385787,72.08121827411168,100.0,100.0,100.0,0,,,,,,,122,1.4690601786629098,30.327868852459016,70.49180327868852,100.0,100.0,100.0,75,1.309912109375,44.0,74.66666666666667,100.0,100.0,100.0
L006,Abdomen,154,test/L006/Low_Dose/00000203.dcm,130.0,262144,2.6209359169006348,232,1.3196916251346982,37.5,78.01724137931035,100.0,100.0,100.0,0,,,,,,,107,1.3675092180198598,35.51401869158879,72.89719626168224,100.0,100.0,100.0,125,1.278759765625,39.2,82.4,100.0,100.0,100.0
L006,Abdomen,155,test/L006/Low_Dose/00000073.dcm,130.0,262144,2.633821964263916,190,1.2919684159128288,40.526315789473685,73.15789473684211,100.0,100.0,100.0,0,,,,,,,91,1.4032358022836537,34.065934065934066,73.62637362637362,100.0,100.0,100.0,99,1.1896923334911615,46.464646464646464,72.72727272727273,100.0,100.0,100.0
L006,Abdomen,156,test/L006/Low_Dose/00000155.dcm,130.0,262144,2.659541606903076,253,1.2913654312314724,38.73517786561265,80.23715415019763,100.0,100.0,100.0,0,,,,,,,134,1.3493561246501866,34.32835820895522,78.35820895522389,100.0,100.0,100.0,119,1.2260649865414917,43.69747899159664,82.3529411764706,100.0,100.0,100.0
L006,Abdomen,157,test/L006/Low_Dose/00000181.dcm,130.0,262144,2.659682512283325,216,1.2659793429904513,37.03703703703704,80.55555555555556,100.0,100.0,100.0,0,,,,,,,105,1.2937999906994047,33.333333333333336,80.0,100.0,100.0,100.0,111,1.2396625140765767,40.54054054054054,81.08108108108108,100.0,100.0,100.0
L006,Abdomen,158,test/L006/Low_Dose/00000009.dcm,130.0,262144,2.657372236251831,216,1.26469647442853,37.5,82.4074074074074,100.0,100.0,100.0,0,,,,,,,115,1.3253662109375,35.65217391304348,79.1304347826087,100.0,100.0,100.0,101,1.1956170714727723,39.603960396039604,86.13861386138613,100.0,100.0,100.0
L006,Abdomen,159,test/L006/Low_Dose/00000071.dcm,130.0,262144,2.684994697570801,217,1.3555379419282834,35.944700460829495,76.036866359447,100.0,100.0,100.0,0,,,,,,,117,1.2873044788327992,37.60683760683761,80.34188034188034,100.0,100.0,100.0,100,1.43537109375,34.0,71.0,100.0,100.0,100.0
L006,Abdomen,160,test/L006/Low_Dose/00000215.dcm,130.0,262144,2.7183473110198975,217,1.2682278540826613,41.935483870967744,76.49769585253456,100.0,100.0,100.0,0,,,,,,,128,1.2576408386230469,44.53125,75.78125,100.0,100.0,100.0,89,1.2834541235077248,38.20224719101124,77.52808988764045,100.0,100.0,100.0
L006,Abdomen,161,test/L006/Low_Dose/00000001.dcm,130.0,262144,2.74299693107605,243,1.3858949009773662,34.97942386831276,73.66255144032922,100.0,100.0,100.0,0,,,,,,,117,1.3310786842280984,39.31623931623932,74.35897435897436,100.0,100.0,100.0,126,1.4367956736731151,30.952380952380953,73.01587301587301,100.0,100.0,100.0
L006,Abdomen,162,test/L006/Low_Dose/00000147.dcm,130.0,262144,2.729858636856079,223,1.3912386359655269,34.97757847533632,72.6457399103139,100.0,100.0,100.0,0,,,,,,,108,1.3983629014756944,33.333333333333336,75.0,100.0,100.0,100.0,115,1.3845480213994565,36.52173913043478,70.43478260869566,100.0,100.0,100.0
L006,Abdomen,163,test/L006/Low_Dose/00000076.dcm,130.0,262144,2.710082530975342,242,1.3263575025826446,37.603305785123965,75.6198347107438,100.0,100.0,100.0,0,,,,,,,114,1.2985561437774122,35.96491228070175,76.3157894736842,100.0,100.0,100.0,128,1.3511180877685547,39.0625,75.0,100.0,100.0,100.0
L006,Abdomen,164,test/L006/Low_Dose/00000120.dcm,130.0,262144,2.7039079666137695,233,1.3301336591335837,35.622317596566525,74.2489270386266,100.0,100.0,100.0,0,,,,,,,117,1.432754907852564,29.914529914529915,68.37606837606837,100.0,100.0,100.0,116,1.2266277444773708,41.37931034482759,80.17241379310344,100.0,100.0,100.0
L006,Abdomen,165,test/L006/Low_Dose/00000202.dcm,130.0,262144,2.6893672943115234,240,1.282513936360677,40.833333333333336,78.75,100.0,100.0,100.0,0,,,,,,,107,1.3949647707359814,37.38317757009346,71.96261682242991,100.0,100.0,100.0,133,1.192045971863252,43.609022556390975,84.21052631578948,100.0,100.0,100.0
L006,Abdomen,166,test/L006/Low_Dose/00000031.dcm,130.0,262144,2.6700103282928467,206,1.2615640880992112,38.349514563106794,78.64077669902913,100.0,100.0,100.0,0,,,,,,,122,1.3372242411629098,32.78688524590164,77.04918032786885,100.0,100.0,100.0,84,1.1516767229352678,46.42857142857143,80.95238095238095,100.0,100.0,100.0
L006,Abdomen,167,test/L006/Low_Dose/00000142.dcm,130.0,262144,2.674586534500122,184,1.2337500530740488,44.56521739130435,75.54347826086956,100.0,100.0,100.0,0,,,,,,,85,1.1601203469669117,49.411764705882355,74.11764705882354,100.0,100.0,100.0,99,1.2969674775094697,40.4040404040404,76.76767676767676,100.0,100.0,100.0
L006,Abdomen,168,test/L006/Low_Dose/00000089.dcm,130.0,262144,2.6679208278656006,171,1.4115368580957601,32.748538011695906,76.0233918128655,100.0,100.0,100.0,0,,,,,,,98,1.3797619878029337,34.69387755102041,75.51020408163265,100.0,100.0,100.0,73,1.4541935332833904,30.136986301369863,76.71232876712328,100.0,100.0,100.0
L006,Abdomen,169,test/L006/Low_Dose/00000198.dcm,130.0,262144,2.6535427570343018,202,1.2896069819384282,38.118811881188115,80.1980198019802,100.0,100.0,100.0,0,,,,,,,105,1.2249174572172619,46.666666666666664,79.04761904761905,100.0,100.0,100.0,97,1.359631725193299,28.8659793814433,81.44329896907216,100.0,100.0,100.0
L006,Abdomen,170,test/L006/Low_Dose/00000077.dcm,130.0,262144,2.6352670192718506,158,1.3571159266218353,31.0126582278481,76.58227848101266,100.0,100.0,100.0,0,,,,,,,93,1.467480731266801,27.956989247311828,68.81720430107526,100.0,100.0,100.0,65,1.1992093599759615,35.38461538461539,87.6923076923077,100.0,100.0,100.0
L006,Abdomen,171,test/L006/Low_Dose/00000164.dcm,130.0,262144,2.6341772079467773,144,1.2438557942708333,45.833333333333336,75.69444444444444,100.0,100.0,100.0,0,,,,,,,77,1.3447979022930194,40.25974025974026,71.42857142857143,100.0,100.0,100.0,67,1.127847699976679,52.23880597014925,80.59701492537313,100.0,100.0,100.0
L006,Abdomen,172,test/L006/Low_Dose/00000038.dcm,130.0,262144,2.6197221279144287,181,1.3621751985497237,34.25414364640884,76.79558011049724,100.0,100.0,100.0,0,,,,,,,95,1.4100046258223684,30.526315789473685,72.63157894736842,100.0,100.0,100.0,86,1.3093403660973837,38.372093023255815,81.3953488372093,100.0,100.0,100.0
L006,Abdomen,173,test/L006/Low_Dose/00000013.dcm,130.0,262144,2.6157281398773193,177,1.2585690600723871,40.67796610169491,77.40112994350282,100.0,100.0,100.0,0,,,,,,,83,1.1806581795933735,42.16867469879518,81.92771084337349,100.0,100.0,100.0,94,1.327362709857048,39.361702127659576,73.40425531914893,100.0,100.0,100.0
L006,Abdomen,174,test/L006/Low_Dose/00000030.dcm,130.0,262144,2.6086761951446533,185,1.3338425095016893,38.37837837837838,74.5945945945946,100.0,100.0,100.0,0,,,,,,,97,1.424072265625,35.05154639175258,70.10309278350516,100.0,100.0,100.0,88,1.2343847101384944,42.04545454545455,79.54545454545455,100.0,100.0,100.0
L006,Abdomen,175,test/L006/Low_Dose/00000195.dcm,130.0,262144,2.6093289852142334,179,1.154240954521648,46.927374301675975,80.44692737430168,100.0,100.0,100.0,0,,,,,,,92,1.200097125509511,43.47826086956522,78.26086956521739,100.0,100.0,100.0,87,1.105749371408046,50.57471264367816,82.75862068965517,100.0,100.0,100.0
L006,Abdomen,176,test/L006/Low_Dose/00000070.dcm,130.0,262144,2.620054244995117,169,1.1725279678254439,47.928994082840234,81.06508875739645,100.0,100.0,100.0,0,,,,,,,101,1.1779990621132426,46.53465346534654,80.1980198019802,100.0,100.0,100.0,68,1.1644017836626839,50.0,82.3529411764706,100.0,100.0,100.0
L006,Abdomen,177,test/L006/Low_Dose/00000004.dcm,130.0,262144,2.624743700027466,143,1.3823208041958042,37.06293706293706,68.53146853146853,100.0,100.0,100.0,0,,,,,,,77,1.4842006138392858,28.571428571428573,63.63636363636363,100.0,100.0,100.0,66,1.2634610262784092,46.96969696969697,74.24242424242425,100.0,100.0,100.0
L006,Abdomen,178,test/L006/Low_Dose/00000043.dcm,130.0,262144,2.6045215129852295,188,1.255675620221077,39.361702127659576,79.7872340425532,100.0,100.0,100.0,0,,,,,,,91,1.2649019681490385,37.362637362637365,83.51648351648352,100.0,100.0,100.0,97,1.2470199742268042,41.23711340206186,76.28865979381443,100.0,100.0,100.0
L006,Abdomen,179,test/L006/Low_Dose/00000047.dcm,130.0,262144,2.5996322631835938,159,1.2696456429343554,39.62264150943396,77.9874213836478,100.0,100.0,100.0,0,,,,,,,82,1.2928154177782012,39.02439024390244,78.04878048780488,100.0,100.0,100.0,77,1.2449713372564934,40.25974025974026,77.92207792207792,100.0,100.0,100.0
L006,Abdomen,180,test/L006/Low_Dose/00000193.dcm,130.0,262144,2.5880320072174072,193,1.173214610994171,40.41450777202073,81.86528497409327,100.0,100.0,100.0,0,,,,,,,88,1.1168601296164773,45.45454545454545,84.0909090909091,100.0,100.0,100.0,105,1.2204450334821428,36.19047619047619,80.0,100.0,100.0,100.0
L006,Abdomen,181,test/L006/Low_Dose/00000091.dcm,130.0,262144,2.5685818195343018,227,1.3247570424352975,38.76651982378855,74.44933920704845,100.0,100.0,100.0,0,,,,,,,99,1.447638001104798,32.323232323232325,69.6969696969697,100.0,100.0,100.0,128,1.2297163009643555,43.75,78.125,100.0,100.0,100.0
L006,Abdomen,182,test/L006/Low_Dose/00000085.dcm,130.0,262144,2.556586265563965,212,1.2360097057414505,42.924528301886795,80.66037735849056,100.0,100.0,100.0,0,,,,,,,100,1.302100830078125,38.0,78.0,100.0,100.0,100.0,112,1.176999773297991,47.32142857142857,83.03571428571429,100.0,100.0,100.0
L006,Abdomen,183,test/L006/Low_Dose/00000199.dcm,130.0,262144,2.55788516998291,126,1.3056592184399802,37.301587301587304,79.36507936507937,100.0,100.0,100.0,0,,,,,,,60,1.4698893229166667,28.333333333333332,73.33333333333333,100.0,100.0,100.0,66,1.1563591234611743,45.45454545454545,84.84848484848484,100.0,100.0,100.0
L006,Abdomen,184,test/L006/Low_Dose/00000032.dcm,130.0,262144,2.5405619144439697,118,1.1451271186440677,44.91525423728814,82.20338983050847,100.0,100.0,100.0,0,,,,,,,57,1.1663904022752194,43.85964912280702,80.70175438596492,100.0,100.0,100.0,61,1.1252581486936475,45.90163934426229,83.60655737704919,100.0,100.0,100.0
L006,Abdomen,185,test/L006/Low_Dose/00000099.dcm,130.0,262144,2.5236172676086426,95,1.2749974300986842,41.05263157894737,81.05263157894737,100.0,100.0,100.0,0,,,,,,,52,1.2419973520132213,46.15384615384615,78.84615384615384,100.0,100.0,100.0,43,1.3149045012718024,34.883720930232556,83.72093023255815,100.0,100.0,100.0
L006,Abdomen,186,test/L006/Low_Dose/00000183.dcm,130.0,262144,2.5210132598876953,95,1.1159102590460526,46.31578947368421,82.10526315789474,100.0,100.0,100.0,0,,,,,,,53,1.2257218270931605,37.735849056603776,79.24528301886792,100.0,100.0,100.0,42,0.9773385184151786,57.142857142857146,85.71428571428571,100.0,100.0,100.0
L006,Abdomen,187,test/L006/Low_Dose/00000159.dcm,130.0,262144,2.5214314460754395,120,1.180859375,41.666666666666664,85.0,100.0,100.0,100.0,0,,,,,,,63,1.2808682880704365,39.682539682539684,80.95238095238095,100.0,100.0,100.0,57,1.0703232079221492,43.85964912280702,89.47368421052632,100.0,100.0,100.0
L006,Abdomen,188,test/L006/Low_Dose/00000088.dcm,130.0,262144,2.519456386566162,103,1.2621489589654127,39.80582524271845,77.66990291262135,100.0,100.0,100.0,0,,,,,,,39,1.3367544320913463,33.333333333333336,74.35897435897436,100.0,100.0,100.0,64,1.2166862487792969,43.75,79.6875,100.0,100.0,100.0
L006,Abdomen,189,test/L006/Low_Dose/00000166.dcm,130.0,262144,2.522540330886841,131,1.1949229932013359,47.32824427480916,77.86259541984732,100.0,100.0,100.0,0,,,,,,,62,1.340975853704637,37.096774193548384,75.80645161290323,100.0,100.0,100.0,69,1.0636870895606885,56.52173913043478,79.71014492753623,100.0,100.0,100.0
L006,Abdomen,190,test/L006/Low_Dose/00000210.dcm,130.0,262144,2.5405664443969727,137,1.2799651431341241,38.68613138686131,81.02189781021897,100.0,100.0,100.0,0,,,,,,,78,1.3990243765024037,32.05128205128205,76.92307692307692,100.0,100.0,100.0,59,1.1225648007150424,47.45762711864407,86.44067796610169,100.0,100.0,100.0
L006,Abdomen,191,test/L006/Low_Dose/00000140.dcm,130.0,262144,2.568559408187866,135,1.2421025028935184,41.48148148148148,80.74074074074075,100.0,100.0,100.0,0,,,,,,,75,1.2399658203125,42.666666666666664,82.66666666666667,100.0,100.0,100.0,60,1.2447733561197916,40.0,78.33333333333333,100.0,100.0,100.0
L006,Abdomen,192,test/L006/Low_Dose/00000024.dcm,130.0,262144,2.570258617401123,127,1.3382174274114174,33.07086614173228,81.10236220472441,100.0,100.0,100.0,0,,,,,,,66,1.368289831912879,30.303030303030305,80.3030303030303,100.0,100.0,100.0,61,1.3056800717213115,36.0655737704918,81.9672131147541,100.0,100.0,100.0
L006,Abdomen,193,test/L006/Low_Dose/00000109.dcm,130.0,262144,2.558954954147339,113,1.3276021501659292,30.97345132743363,79.64601769911505,100.0,100.0,100.0,0,,,,,,,69,1.322150631227355,28.985507246376812,81.15942028985508,100.0,100.0,100.0,44,1.336151123046875,34.09090909090909,77.27272727272727,100.0,100.0,100.0
L006,Abdomen,194,test/L006/Low_Dose/00000021.dcm,130.0,262144,2.5402283668518066,119,1.2494317062762605,43.69747899159664,80.67226890756302,100.0,100.0,100.0,0,,,,,,,58,1.3542038490032327,36.206896551724135,77.58620689655173,100.0,100.0,100.0,61,1.149812291880123,50.81967213114754,83.60655737704919,100.0,100.0,100.0
L006,Abdomen,195,test/L006/Low_Dose/00000081.dcm,130.0,262144,2.5298361778259277,114,1.2294386478892543,40.35087719298246,80.70175438596492,100.0,100.0,100.0,0,,,,,,,55,1.0848699396306818,50.90909090909091,87.27272727272727,100.0,100.0,100.0,59,1.3642060877913136,30.508474576271187,74.57627118644068,100.0,100.0,100.0
L006,Abdomen,196,test/L006/Low_Dose/00000016.dcm,130.0,262144,2.5337116718292236,92,1.198462444802989,42.391304347826086,83.69565217391305,100.0,100.0,100.0,0,,,,,,,54,1.202442310474537,42.592592592592595,83.33333333333333,100.0,100.0,100.0,38,1.1928068462171053,42.10526315789474,84.21052631578948,100.0,100.0,100.0
L006,Abdomen,197,test/L006/Low_Dose/00000146.dcm,130.0,262144,2.559948444366455,98,1.1898280552455358,45.91836734693877,76.53061224489795,100.0,100.0,100.0,0,,,,,,,63,1.2524937220982142,39.682539682539684,74.60317460317461,100.0,100.0,100.0,35,1.0770298549107142,57.142857142857146,80.0,100.0,100.0,100.0
L006,Abdomen,198,test/L006/Low_Dose/00000054.dcm,130.0,262144,2.5747690200805664,96,1.2044881184895833,42.708333333333336,81.25,100.0,100.0,100.0,0,,,,,,,59,1.2199500132415255,42.3728813559322,77.96610169491525,100.0,100.0,100.0,37,1.179832664695946,43.24324324324324,86.48648648648648,100.0,100.0,100.0
L006,Abdomen,199,test/L006/Low_Dose/00000192.dcm,130.0,262144,2.574566125869751,106,1.3310650519604952,36.79245283018868,74.52830188679245,100.0,100.0,100.0,0,,,,,,,57,1.503332305372807,26.31578947368421,68.42105263157895,100.0,100.0,100.0,49,1.130672532684949,48.97959183673469,81.63265306122449,100.0,100.0,100.0
L006,Abdomen,200,test/L006/Low_Dose/00000173.dcm,130.0,262144,2.573031425476074,111,1.158010671804617,45.945945945945944,82.88288288288288,100.0,100.0,100.0,0,,,,,,,61,1.2617287557633197,39.34426229508197,81.9672131147541,100.0,100.0,100.0,50,1.031474609375,54.0,84.0,100.0,100.0,100.0
L006,Abdomen,201,test/L006/Low_Dose/00000125.dcm,130.0,262144,2.5723276138305664,93,1.2580408896169355,35.483870967741936,81.72043010752688,100.0,100.0,100.0,0,,,,,,,54,1.288684986255787,33.333333333333336,79.62962962962963,100.0,100.0,100.0,39,1.215610601963141,38.46153846153846,84.61538461538461,100.0,100.0,100.0
L006,Abdomen,202,test/L006/Low_Dose/00000151.dcm,130.0,262144,2.568432331085205,96,1.1431477864583333,43.75,81.25,100.0,100.0,100.0,0,,,,,,,43,1.280506222747093,39.53488372093023,76.74418604651163,100.0,100.0,100.0,53,1.0317060362617925,47.16981132075472,84.90566037735849,100.0,100.0,100.0
L006,Abdomen,203,test/L006/Low_Dose/00000141.dcm,130.0,262144,2.561615467071533,84,1.1324593680245536,51.19047619047619,83.33333333333333,100.0,100.0,100.0,0,,,,,,,37,1.1181310705236487,45.945945945945944,86.48648648648648,100.0,100.0,100.0,47,1.1437390915890957,55.319148936170215,80.85106382978724,100.0,100.0,100.0
L006,Abdomen,204,test/L006/Low_Dose/00000011.dcm,130.0,262144,2.5635218620300293,68,1.2616684857536764,35.294117647058826,79.41176470588235,100.0,100.0,100.0,0,,,,,,,33,1.3592196377840908,27.272727272727273,75.75757575757575,100.0,100.0,100.0,35,1.1696916852678572,42.857142857142854,82.85714285714286,100.0,100.0,100.0
L006,Abdomen,205,test/L006/Low_Dose/00000058.dcm,130.0,262144,2.554450750350952,63,1.3587472098214286,33.333333333333336,76.19047619047619,100.0,100.0,100.0,0,,,,,,,32,1.2191314697265625,43.75,81.25,100.0,100.0,100.0,31,1.502866683467742,22.580645161290324,70.96774193548387,100.0,100.0,100.0
L006,Abdomen,206,test/L006/Low_Dose/00000026.dcm,130.0,262144,2.5226757526397705,63,1.2699129619295635,34.92063492063492,79.36507936507937,100.0,100.0,100.0,0,,,,,,,30,1.3015299479166667,26.666666666666668,76.66666666666667,100.0,100.0,100.0,33,1.2411702473958333,42.42424242424242,81.81818181818181,100.0,100.0,100.0
L006,Abdomen,207,test/L006/Low_Dose/00000017.dcm,130.0,262144,2.49255633354187,45,1.1711507161458334,44.44444444444444,86.66666666666667,100.0,100.0,100.0,0,,,,,,,23,1.198189113451087,43.47826086956522,82.6086956521739,100.0,100.0,100.0,22,1.14288330078125,45.45454545454545,90.9090909090909,100.0,100.0,100.0
L006,Abdomen,208,test/L006/Low_Dose/00000003.dcm,130.0,262144,2.4875946044921875,33,1.369366270123106,39.39393939393939,72.72727272727273,100.0,100.0,100.0,0,,,,,,,18,1.4949815538194444,33.333333333333336,72.22222222222223,100.0,100.0,100.0,15,1.2186279296875,46.666666666666664,73.33333333333333,100.0,100.0,100.0
L006,Abdomen,209,test/L006/Low_Dose/00000157.dcm,130.0,262144,2.514622211456299,47,1.2442393201462767,40.42553191489362,80.85106382978724,100.0,100.0,100.0,0,,,,,,,26,1.3168522761418269,34.61538461538461,76.92307692307692,100.0,100.0,100.0,21,1.1543375651041667,47.61904761904762,85.71428571428571,100.0,100.0,100.0
L006,Abdomen,210,test/L006/Low_Dose/00000079.dcm,130.0,262144,2.53033447265625,28,1.3765084402901786,35.714285714285715,67.85714285714286,100.0,100.0,100.0,0,,,,,,,18,1.6366238064236112,22.22222222222222,55.55555555555556,100.0,100.0,100.0,10,0.90830078125,60.0,90.0,100.0,100.0,100.0
L006,Abdomen,211,test/L006/Low_Dose/00000075.dcm,130.0,262144,2.530993938446045,34,1.0406350528492647,52.94117647058823,88.23529411764706,100.0,100.0,100.0,0,,,,,,,22,1.0099764737215908,54.54545454545455,90.9090909090909,100.0,100.0,100.0,12,1.0968424479166667,50.0,83.33333333333333,100.0,100.0,100.0
L006,Abdomen,212,test/L006/Low_Dose/00000072.dcm,130.0,262144,2.5271730422973633,23,1.4851021144701086,21.73913043478261,78.26086956521739,100.0,100.0,100.0,0,,,,,,,16,1.5159912109375,25.0,75.0,100.0,100.0,100.0,7,1.4144984654017858,14.285714285714286,85.71428571428571,100.0,100.0,100.0
L006,Abdomen,213,test/L006/Low_Dose/00000117.dcm,130.0,262144,2.530758857727051,27,1.09130859375,55.55555555555556,88.88888888888889,100.0,100.0,100.0,0,,,,,,,15,0.9749186197916667,66.66666666666667,86.66666666666667,100.0,100.0,100.0,12,1.2367960611979167,41.666666666666664,91.66666666666667,100.0,100.0,100.0
L006,Abdomen,214,test/L006/Low_Dose/00000044.dcm,130.0,262144,2.5221025943756104,19,1.5947972347861843,15.789473684210526,68.42105263157895,100.0,100.0,100.0,0,,,,,,,12,1.5241190592447917,16.666666666666668,75.0,100.0,100.0,100.0,7,1.7159598214285714,14.285714285714286,57.142857142857146,100.0,100.0,100.0
L107,Abdomen,0,test/L107/Low_Dose/00000131.dcm,130.0,262144,3.257901191711426,219,1.67205113798516,26.027397260273972,60.273972602739725,100.0,100.0,100.0,0,,,,,,,127,1.6473609744094488,29.133858267716537,59.05511811023622,100.0,100.0,100.0,92,1.7061342985733696,21.73913043478261,61.95652173913044,100.0,100.0,100.0
L107,Abdomen,1,test/L107/Low_Dose/00000115.dcm,130.0,262144,3.2734639644622803,206,1.5974577375986043,34.46601941747573,60.679611650485434,100.0,100.0,100.0,0,,,,,,,94,1.6551396796043882,35.1063829787234,55.319148936170215,100.0,100.0,100.0,112,1.5490461077008928,33.92857142857143,65.17857142857143,100.0,100.0,100.0
L107,Abdomen,2,test/L107/Low_Dose/00000159.dcm,130.0,262144,3.3004395961761475,196,1.4964960837850765,38.265306122448976,68.87755102040816,100.0,100.0,100.0,0,,,,,,,105,1.6037865048363096,37.142857142857146,62.857142857142854,100.0,100.0,100.0,91,1.3726994441105769,39.56043956043956,75.82417582417582,100.0,100.0,100.0
L107,Abdomen,3,test/L107/Low_Dose/00000035.dcm,130.0,262144,3.314147710800171,210,1.6749790736607142,28.571428571428573,60.476190476190474,100.0,100.0,100.0,0,,,,,,,126,1.5764954582093254,32.53968253968254,62.698412698412696,100.0,100.0,100.0,84,1.8227044968377977,22.61904761904762,57.142857142857146,100.0,100.0,100.0
L107,Abdomen,4,test/L107/Low_Dose/00000143.dcm,130.0,262144,3.299673080444336,186,1.8268577001428092,25.268817204301076,51.075268817204304,100.0,100.0,100.0,0,,,,,,,95,1.934300472861842,22.105263157894736,45.26315789473684,100.0,100.0,100.0,91,1.714692168183379,28.571428571428573,57.142857142857146,100.0,100.0,100.0
L107,Abdomen,5,test/L107/Low_Dose/00000126.dcm,130.0,262144,3.3105857372283936,160,1.6206062316894532,31.25,60.625,100.0,100.0,100.0,0,,,,,,,83,1.6245396625564759,26.50602409638554,62.65060240963855,100.0,100.0,100.0,77,1.6163662997159092,36.36363636363637,58.44155844155844,100.0,100.0,100.0
L107,Abdomen,6,test/L107/Low_Dose/00000026.dcm,130.0,262144,3.360145092010498,193,1.6018863341968912,36.26943005181347,64.76683937823834,100.0,100.0,100.0,0,,,,,,,91,1.5743985018887363,38.46153846153846,65.93406593406593,100.0,100.0,100.0,102,1.626409792432598,34.31372549019608,63.72549019607843,100.0,100.0,100.0
L107,Abdomen,7,test/L107/Low_Dose/00000187.dcm,130.0,262144,3.4374501705169678,222,1.622751046945383,32.432432432432435,63.513513513513516,100.0,100.0,100.0,0,,,,,,,102,1.5820659562653185,34.31372549019608,65.68627450980392,100.0,100.0,100.0,120,1.6573333740234375,30.833333333333332,61.666666666666664,100.0,100.0,100.0
L107,Abdomen,8,test/L107/Low_Dose/00000173.dcm,130.0,262144,3.5261876583099365,245,1.7286152742346939,29.387755102040817,58.36734693877551,100.0,100.0,100.0,0,,,,,,,121,1.8575822814436984,23.96694214876033,51.239669421487605,100.0,100.0,100.0,124,1.6027684365549395,34.67741935483871,65.3225806451613,100.0,100.0,100.0
L107,Abdomen,9,test/L107/Low_Dose/00000042.dcm,130.0,262144,3.5269970893859863,268,1.7226626268073695,29.47761194029851,57.46268656716418,100.0,100.0,100.0,0,,,,,,,125,1.7545693359375,28.8,56.0,100.0,100.0,100.0,143,1.694772146798514,30.06993006993007,58.74125874125874,100.0,100.0,100.0
L107,Abdomen,10,test/L107/Low_Dose/00000184.dcm,130.0,262144,3.542095184326172,289,1.7682446542495676,25.951557093425606,59.86159169550173,100.0,100.0,100.0,0,,,,,,,138,1.7524776735167573,24.63768115942029,60.869565217391305,100.0,100.0,100.0,151,1.7826542128000828,27.1523178807947,58.94039735099338,100.0,100.0,100.0
L107,Abdomen,11,test/L107/Low_Dose/00000028.dcm,130.0,262144,3.577540874481201,270,1.7162611219618056,28.88888888888889,63.333333333333336,100.0,100.0,100.0,0,,,,,,,130,1.7305560772235578,29.23076923076923,62.30769230769231,100.0,100.0,100.0,140,1.7029872349330357,28.571428571428573,64.28571428571429,100.0,100.0,100.0
L107,Abdomen,12,test/L107/Low_Dose/00000033.dcm,130.0,262144,3.610694646835327,290,1.885064907731681,24.482758620689655,48.96551724137931,100.0,100.0,100.0,0,,,,,,,157,1.9923041276871019,19.10828025477707,43.31210191082803,100.0,100.0,100.0,133,1.7584742495888157,30.827067669172934,55.6390977443609,100.0,100.0,100.0
L107,Abdomen,13,test/L107/Low_Dose/00000070.dcm,130.0,262144,3.681748628616333,298,1.8131832660444631,27.181208053691275,54.02684563758389,100.0,100.0,100.0,0,,,,,,,151,1.8825263219163908,25.165562913907284,50.99337748344371,100.0,100.0,100.0,147,1.7419533242984695,29.25170068027211,57.142857142857146,100.0,100.0,100.0
L107,Abdomen,14,test/L107/Low_Dose/00000003.dcm,130.0,262144,3.7241926193237305,263,1.754838718660884,30.418250950570343,61.59695817490494,100.0,100.0,100.0,0,,,,,,,140,1.7619611467633929,31.428571428571427,61.42857142857143,100.0,100.0,100.0,123,1.7467318899263211,29.26829268292683,61.78861788617886,100.0,100.0,100.0
L107,Abdomen,15,test/L107/Low_Dose/00000029.dcm,130.0,262144,3.7641425132751465,263,1.764429360741445,28.136882129277566,57.79467680608365,100.0,100.0,100.0,0,,,,,,,129,1.72139769561531,30.232558139534884,61.24031007751938,100.0,100.0,100.0,134,1.8058553667210822,26.119402985074625,54.47761194029851,100.0,100.0,100.0
L107,Abdomen,16,test/L107/Low_Dose/00000139.dcm,130.0,262144,3.8081929683685303,260,1.8133319561298078,27.307692307692307,52.69230769230769,100.0,100.0,100.0,0,,,,,,,140,1.9258980887276786,25.0,47.857142857142854,100.0,100.0,100.0,120,1.6820048014322917,30.0,58.333333333333336,100.0,100.0,100.0
L107,Abdomen,17,test/L107/Low_Dose/00000194.dcm,130.0,262144,3.8620550632476807,274,1.808742551037865,28.1021897810219,57.66423357664234,100.0,100.0,100.0,0,,,,,,,145,1.8041301858836207,28.275862068965516,57.93103448275862,100.0,100.0,100.0,129,1.81392699249031,27.906976744186046,57.36434108527132,100.0,100.0,100.0
L107,Abdomen,18,test/L107/Low_Dose/00000182.dcm,130.0,262144,3.8949716091156006,230,1.8888252590013588,25.652173913043477,54.78260869565217,100.0,100.0,100.0,0,,,,,,,129,2.0051931928294575,20.155038759689923,52.713178294573645,100.0,100.0,100.0,101,1.740196907874381,32.67326732673267,57.42574257425743,100.0,100.0,100.0
L107,Abdomen,19,test/L107/Low_Dose/00000179.dcm,130.0,262144,3.9348981380462646,249,1.906639742564006,26.907630522088354,53.01204819277108,100.0,100.0,100.0,0,,,,,,,126,1.9619179377480158,21.428571428571427,50.0,100.0,100.0,100.0,123,1.8500132987169715,32.520325203252035,56.09756097560975,100.0,100.0,100.0
L107,Abdomen,20,test/L107/Low_Dose/00000091.dcm,130.0,262144,3.9824016094207764,255,1.9071964039522058,25.49019607843137,51.76470588235294,100.0,100.0,100.0,0,,,,,,,129,1.949374886446221,25.58139534883721,48.83720930232558,100.0,100.0,100.0,126,1.864013671875,25.396825396825395,54.76190476190476,100.0,100.0,100.0
L107,Abdomen,21,test/L107/Low_Dose/00000130.dcm,130.0,262144,4.052285671234131,223,1.9084434338214686,27.3542600896861,52.91479820627803,100.0,100.0,100.0,0,,,,,,,111,2.109398094383446,20.72072072072072,45.945945945945944,100.0,100.0,100.0,112,1.7092830113002233,33.92857142857143,59.82142857142857,100.0,100.0,100.0
L107,Abdomen,22,test/L107/Low_Dose/00000022.dcm,130.0,262144,4.106333255767822,158,1.9470910180973102,25.949367088607595,51.265822784810126,100.0,100.0,100.0,0,,,,,,,75,2.0213509114583332,21.333333333333332,49.333333333333336,100.0,100.0,100.0,83,1.8799887048192772,30.120481927710845,53.01204819277108,100.0,100.0,100.0
L107,Abdomen,23,test/L107/Low_Dose/00000004.dcm,130.0,262144,4.155386447906494,206,1.9907842839805825,28.155339805825243,50.48543689320388,100.0,100.0,100.0,0,,,,,,,97,2.080371345441366,24.742268041237114,48.45360824742268,100.0,100.0,100.0,109,1.9110600182769495,31.192660550458715,52.293577981651374,100.0,100.0,100.0
L107,Abdomen,24,test/L107/Low_Dose/00000077.dcm,130.0,262144,4.165825366973877,178,2.1699691943908004,23.59550561797753,42.69662921348315,100.0,100.0,100.0,0,,,,,,,105,2.2443963913690474,21.904761904761905,41.904761904761905,100.0,100.0,100.0,73,2.0629163768193495,26.027397260273972,43.83561643835616,100.0,100.0,100.0
L107,Abdomen,25,test/L107/Low_Dose/00000157.dcm,130.0,262144,4.207564353942871,195,2.2195418920272436,24.102564102564102,43.07692307692308,100.0,100.0,100.0,0,,,,,,,97,2.362717461340206,21.649484536082475,39.175257731958766,100.0,100.0,100.0,98,2.077827297911352,26.53061224489796,46.93877551020408,100.0,100.0,100.0
L107,Abdomen,26,test/L107/Low_Dose/00000123.dcm,130.0,262144,4.2409234046936035,202,2.06540309792698,23.26732673267327,46.53465346534654,100.0,100.0,100.0,0,,,,,,,106,2.030200886276533,26.41509433962264,47.16981132075472,100.0,100.0,100.0,96,2.104272206624349,19.791666666666668,45.833333333333336,100.0,100.0,100.0
L107,Abdomen,27,test/L107/Low_Dose/00000002.dcm,130.0,262144,4.272839546203613,159,2.251642958922956,16.352201257861637,45.283018867924525,100.0,100.0,100.0,0,,,,,,,75,2.424576822916667,14.666666666666666,38.666666666666664,100.0,100.0,100.0,84,2.0972377232142856,17.857142857142858,51.19047619047619,100.0,100.0,100.0
L107,Abdomen,28,test/L107/Low_Dose/00000037.dcm,130.0,262144,4.282660007476807,137,2.2104679302577557,24.817518248175183,44.52554744525548,100.0,100.0,100.0,0,,,,,,,68,2.4365952435661766,20.58823529411765,39.705882352941174,100.0,100.0,100.0,69,1.987617824388587,28.985507246376812,49.27536231884058,100.0,100.0,100.0
L107,Abdomen,29,test/L107/Low_Dose/00000014.dcm,130.0,262144,4.330704212188721,185,2.117308910472973,24.324324324324323,46.486486486486484,100.0,100.0,100.0,0,,,,,,,92,2.105482018512228,26.08695652173913,44.56521739130435,100.0,100.0,100.0,93,2.1290086315524195,22.580645161290324,48.38709677419355,100.0,100.0,100.0
L107,Abdomen,30,test/L107/Low_Dose/00000008.dcm,130.0,262144,4.370362758636475,189,2.225147388599537,19.576719576719576,44.973544973544975,100.0,100.0,100.0,0,,,,,,,102,2.36627197265625,16.666666666666668,43.13725490196079,100.0,100.0,100.0,87,2.0596909797054597,22.988505747126435,47.12643678160919,100.0,100.0,100.0
L107,Abdomen,31,test/L107/Low_Dose/00000178.dcm,130.0,262144,4.413449287414551,225,2.0891048177083333,27.555555555555557,49.77777777777778,100.0,100.0,100.0,0,,,,,,,121,2.30129777892562,23.140495867768596,42.97520661157025,100.0,100.0,100.0,104,1.8422264685997596,32.69230769230769,57.69230769230769,100.0,100.0,100.0
L107,Abdomen,32,test/L107/Low_Dose/00000083.dcm,130.0,262144,4.444746971130371,183,2.1989899515454234,19.12568306010929,45.90163934426229,100.0,100.0,100.0,0,,,,,,,106,2.289276698850236,15.09433962264151,39.62264150943396,100.0,100.0,100.0,77,2.074699104606331,24.675324675324674,54.54545454545455,100.0,100.0,100.0
L107,Abdomen,33,test/L107/Low_Dose/00000121.dcm,130.0,262144,4.493854999542236,216,2.4032711452907987,17.59259259259259,39.81481481481482,100.0,100.0,100.0,0,,,,,,,104,2.535279494065505,16.346153846153847,32.69230769230769,100.0,100.0,100.0,112,2.2806919642857144,18.75,46.42857142857143,100.0,100.0,100.0
L107,Abdomen,34,test/L107/Low_Dose/00000013.dcm,130.0,262144,4.520853042602539,201,2.1346903179415424,25.870646766169155,50.24875621890547,100.0,100.0,100.0,0,,,,,,,107,2.1786025573160046,25.233644859813083,48.598130841121495,100.0,100.0,100.0,94,2.0847051092918885,26.595744680851062,52.12765957446808,100.0,100.0,100.0
L107,Abdomen,35,test/L107/Low_Dose/00000069.dcm,130.0,262144,4.524618625640869,235,2.2089641165226066,25.53191489361702,45.53191489361702,100.0,100.0,100.0,0,,,,,,,127,2.2090151328740157,27.559055118110237,47.24409448818898,100.0,100.0,100.0,108,2.208904125072338,23.14814814814815,43.51851851851852,100.0,100.0,100.0
L107,Abdomen,36,test/L107/Low_Dose/00000122.dcm,130.0,262144,4.519976615905762,246,2.1297354349275914,24.390243902439025,47.5609756097561,100.0,100.0,100.0,0,,,,,,,138,2.240013233129529,21.014492753623188,41.30434782608695,100.0,100.0,100.0,108,1.9888249150028936,28.703703703703702,55.55555555555556,100.0,100.0,100.0
L107,Abdomen,37,test/L107/Low_Dose/00000140.dcm,130.0,262144,4.53773832321167,206,2.2279817155263957,22.815533980582526,44.1747572815534,100.0,100.0,100.0,0,,,,,,,112,2.340661185128348,21.428571428571427,42.857142857142854,100.0,100.0,100.0,94,2.093725326213431,24.46808510638298,45.744680851063826,100.0,100.0,100.0
L107,Abdomen,38,test/L107/Low_Dose/00000141.dcm,130.0,262144,4.564728736877441,248,2.3036725444178425,20.967741935483872,41.12903225806452,100.0,100.0,100.0,0,,,,,,,118,2.5199688410354875,13.559322033898304,31.35593220338983,100.0,100.0,100.0,130,2.107342059795673,27.692307692307693,50.0,100.0,100.0,100.0
L107,Abdomen,39,test/L107/Low_Dose/00000185.dcm,130.0,262144,4.5850443840026855,236,2.295683779958951,20.76271186440678,42.79661016949152,100.0,100.0,100.0,0,,,,,,,132,2.4663280140269888,16.666666666666668,39.39393939393939,100.0,100.0,100.0,104,2.079096867487981,25.96153846153846,47.11538461538461,100.0,100.0,100.0
L107,Abdomen,40,test/L107/Low_Dose/00000125.dcm,130.0,262144,4.60854434967041,257,2.3051287580556905,19.844357976653697,42.4124513618677,100.0,100.0,100.0,0,,,,,,,137,2.3207241531706204,18.978102189781023,43.065693430656935,100.0,100.0,100.0,120,2.2873240152994794,20.833333333333332,41.666666666666664,100.0,100.0,100.0
L107,Abdomen,41,test/L107/Low_Dose/00000145.dcm,130.0,262144,4.599971294403076,327,2.167586860306766,23.24159021406728,46.788990825688074,100.0,100.0,100.0,0,,,,,,,177,2.3112034339689265,22.598870056497177,42.93785310734463,100.0,100.0,100.0,150,1.9981193033854168,24.0,51.333333333333336,100.0,100.0,100.0
L107,Abdomen,42,test/L107/Low_Dose/00000127.dcm,130.0,262144,4.617042064666748,290,2.3059343009159483,18.96551724137931,43.10344827586207,100.0,100.0,100.0,0,,,,,,,142,2.389981981734155,14.788732394366198,41.54929577464789,100.0,100.0,100.0,148,2.2252939585092903,22.972972972972972,44.5945945945946,100.0,100.0,100.0
L107,Abdomen,43,test/L107/Low_Dose/00000191.dcm,130.0,262144,4.621143817901611,336,2.2771014258975075,20.833333333333332,43.154761904761905,100.0,100.0,100.0,0,,,,,,,192,2.35774294535319,18.75,39.583333333333336,100.0,100.0,100.0,144,2.1695793999565973,23.61111111111111,47.916666666666664,100.0,100.0,100.0
L107,Abdomen,44,test/L107/Low_Dose/00000198.dcm,130.0,262144,4.615424156188965,352,2.340180136940696,21.306818181818183,42.61363636363637,100.0,100.0,100.0,0,,,,,,,205,2.3336306688262196,20.48780487804878,42.926829268292686,100.0,100.0,100.0,147,2.349313748937075,22.448979591836736,42.17687074829932,100.0,100.0,100.0
L107,Abdomen,45,test/L107/Low_Dose/00000071.dcm,130.0,262144,4.586629867553711,331,2.214927465894071,23.867069486404834,47.12990936555891,100.0,100.0,100.0,0,,,,,,,185,2.239453784839527,20.54054054054054,49.189189189189186,100.0,100.0,100.0,146,2.1838495959974313,28.08219178082192,44.52054794520548,100.0,100.0,100.0
L107,Abdomen,46,test/L107/Low_Dose/00000180.dcm,130.0,262144,4.56517219543457,296,2.2202193801467485,22.635135135135137,46.95945945945946,100.0,100.0,100.0,0,,,,,,,156,2.3591668544671474,21.153846153846153,44.23076923076923,100.0,100.0,100.0,140,2.0653921944754465,24.285714285714285,50.0,100.0,100.0,100.0
L107,Abdomen,47,test/L107/Low_Dose/00000054.dcm,130.0,262144,4.549205780029297,385,2.2394524908685063,23.116883116883116,44.41558441558441,100.0,100.0,100.0,0,,,,,,,185,2.3869873046875,19.45945945945946,37.2972972972973,100.0,100.0,100.0,200,2.1029827880859373,26.5,51.0,100.0,100.0,100.0
L107,Abdomen,48,test/L107/Low_Dose/00000018.dcm,130.0,262144,4.537618637084961,344,2.279774865438772,20.348837209302324,43.02325581395349,100.0,100.0,100.0,0,,,,,,,159,2.4187710360161163,15.723270440251572,38.9937106918239,100.0,100.0,100.0,185,2.1603132918074324,24.324324324324323,46.486486486486484,100.0,100.0,100.0
L107,Abdomen,49,test/L107/Low_Dose/00000174.dcm,130.0,262144,4.543270587921143,434,2.2667213826684907,22.580645161290324,44.70046082949309,100.0,100.0,100.0,0,,,,,,,241,2.4127567022173237,20.33195020746888,41.49377593360996,100.0,100.0,100.0,193,2.084366398154145,25.38860103626943,48.704663212435236,100.0,100.0,100.0
L107,Abdomen,50,test/L107/Low_Dose/00000094.dcm,130.0,262144,4.552190780639648,528,2.269994099934896,18.75,42.234848484848484,100.0,100.0,100.0,0,,,,,,,253,2.3564207054409585,14.229249011857707,37.944664031620555,100.0,100.0,100.0,275,2.190481622869318,22.90909090909091,46.18181818181818,100.0,100.0,100.0
L107,Abdomen,51,test/L107/Low_Dose/00000032.dcm,130.0,262144,4.508862018585205,534,2.3127055078856507,21.348314606741575,40.449438202247194,100.0,100.0,100.0,0,,,,,,,257,2.467473724008998,17.509727626459146,36.18677042801556,100.0,100.0,100.0,277,2.1691118922044224,24.90974729241877,44.4043321299639,100.0,100.0,100.0
L107,Abdomen,52,test/L107/Low_Dose/00000169.dcm,130.0,262144,4.479811191558838,514,2.2452333205404913,20.817120622568094,43.190661478599225,100.0,100.0,100.0,0,,,,,,,271,2.315072935885609,16.974169741697416,40.95940959409594,100.0,100.0,100.0,243,2.1673463421103394,25.102880658436213,45.67901234567901,100.0,100.0,100.0
L107,Abdomen,53,test/L107/Low_Dose/00000058.dcm,130.0,262144,4.479465484619141,608,2.212088936253598,19.901315789473685,45.39473684210526,100.0,100.0,100.0,0,,,,,,,298,2.3044736721371644,19.463087248322147,42.95302013422819,100.0,100.0,100.0,310,2.1232803836945564,20.322580645161292,47.74193548387097,100.0,100.0,100.0
L107,Abdomen,54,test/L107/Low_Dose/00000136.dcm,130.0,262144,4.480443954467773,583,2.1367484823917238,24.69982847341338,47.16981132075472,100.0,100.0,100.0,0,,,,,,,309,2.2613995499595467,21.359223300970875,41.42394822006472,100.0,100.0,100.0,274,1.9961748332002738,28.467153284671532,53.64963503649635,100.0,100.0,100.0
L107,Abdomen,55,test/L107/Low_Dose/00000200.dcm,130.0,262144,4.419016361236572,511,2.1029580670560177,23.874755381604697,49.70645792563601,100.0,100.0,100.0,0,,,,,,,262,2.1807511890207536,19.84732824427481,47.70992366412214,100.0,100.0,100.0,249,2.0211034567959336,28.11244979919679,51.80722891566265,100.0,100.0,100.0
L107,Abdomen,56,test/L107/Low_Dose/00000101.dcm,130.0,262144,4.354517459869385,486,2.1266861275880915,23.45679012345679,47.11934156378601,100.0,100.0,100.0,0,,,,,,,228,2.230255126953125,21.05263157894737,44.73684210526316,100.0,100.0,100.0,258,2.035160035125969,25.58139534883721,49.224806201550386,100.0,100.0,100.0
L107,Abdomen,57,test/L107/Low_Dose/00000201.dcm,130.0,262144,4.319145202636719,460,2.142548403532609,21.956521739130434,45.21739130434783,100.0,100.0,100.0,0,,,,,,,245,2.214200514190051,22.448979591836736,43.265306122448976,100.0,100.0,100.0,215,2.060898323946221,21.3953488372093,47.44186046511628,100.0,100.0,100.0
L107,Abdomen,58,test/L107/Low_Dose/00000088.dcm,130.0,262144,4.25515604019165,465,2.06668451780914,23.655913978494624,48.81720430107527,100.0,100.0,100.0,0,,,,,,,247,2.0958706627973176,24.696356275303643,45.34412955465587,100.0,100.0,100.0,218,2.03361581224914,22.477064220183486,52.75229357798165,100.0,100.0,100.0
L107,Abdomen,59,test/L107/Low_Dose/00000153.dcm,130.0,262144,4.195673942565918,508,2.0122666246309056,27.362204724409448,50.39370078740158,100.0,100.0,100.0,0,,,,,,,266,2.069002768150846,26.69172932330827,46.99248120300752,100.0,100.0,100.0,242,1.949903756133781,28.09917355371901,54.13223140495868,100.0,100.0,100.0
L107,Abdomen,60,test/L107/Low_Dose/00000051.dcm,130.0,262144,4.129039287567139,572,2.0187896515105987,23.076923076923077,50.34965034965035,100.0,100.0,100.0,0,,,,,,,314,2.088446939067476,19.745222929936304,47.452229299363054,100.0,100.0,100.0,258,1.9340129527010659,27.131782945736433,53.87596899224806,100.0,100.0,100.0
L107,Abdomen,61,test/L107/Low_Dose/00000040.dcm,130.0,262144,4.062247276306152,600,1.9973907470703125,24.166666666666668,51.166666666666664,100.0,100.0,100.0,0,,,,,,,308,2.0476985782771915,22.4025974025974,49.35064935064935,100.0,100.0,100.0,292,1.9443263223726455,26.027397260273972,53.082191780821915,100.0,100.0,100.0
L107,Abdomen,62,test/L107/Low_Dose/00000147.dcm,130.0,262144,3.993234872817993,548,2.0372826792027827,24.635036496350367,48.175182481751825,100.0,100.0,100.0,0,,,,,,,302,2.1044246850424253,22.516556291390728,46.688741721854306,100.0,100.0,100.0,246,1.9548563143102133,27.235772357723576,50.0,100.0,100.0,100.0
L107,Abdomen,63,test/L107/Low_Dose/00000106.dcm,130.0,262144,4.0147480964660645,579,2.0052391144484023,24.352331606217618,48.53195164075993,100.0,100.0,100.0,0,,,,,,,304,2.128254539088199,21.710526315789473,43.0921052631579,100.0,100.0,100.0,275,1.8692511541193182,27.272727272727273,54.54545454545455,100.0,100.0,100.0
L107,Abdomen,64,test/L107/Low_Dose/00000158.dcm,130.0,262144,4.010669231414795,556,2.13032125569076,19.964028776978417,46.0431654676259,100.0,100.0,100.0,0,,,,,,,307,2.1991885306392507,17.91530944625407,44.299674267100976,100.0,100.0,100.0,249,2.0454126074610945,22.48995983935743,48.19277108433735,100.0,100.0,100.0
L107,Abdomen,65,test/L107/Low_Dose/00000196.dcm,130.0,262144,3.9829511642456055,689,2.0448090175412736,23.367198838896954,47.60522496371553,100.0,100.0,100.0,0,,,,,,,385,2.141745510349026,20.51948051948052,45.714285714285715,100.0,100.0,100.0,304,1.9220440513209294,26.973684210526315,50.0,100.0,100.0,100.0
L107,Abdomen,66,test/L107/Low_Dose/00000176.dcm,130.0,262144,3.9318530559539795,655,2.061535737714695,22.748091603053435,43.81679389312977,100.0,100.0,100.0,0,,,,,,,387,2.0845124000726742,21.963824289405686,42.89405684754522,100.0,100.0,100.0,268,2.0283567513992535,23.880597014925375,45.149253731343286,100.0,100.0,100.0
L107,Abdomen,67,test/L107/Low_Dose/00000156.dcm,130.0,262144,3.9218509197235107,757,1.9193581262384412,26.68428005284016,52.70805812417437,100.0,100.0,100.0,0,,,,,,,394,2.000704227970336,23.85786802030457,49.49238578680203,100.0,100.0,100.0,363,1.831065112237431,29.75206611570248,56.19834710743802,100.0,100.0,100.0
L107,Abdomen,68,test/L107/Low_Dose/00000150.dcm,130.0,262144,3.9303507804870605,638,1.987556864101685,24.608150470219435,50.156739811912225,100.0,100.0,100.0,0,,,,,,,344,2.0570203204487645,22.38372093023256,48.83720930232558,100.0,100.0,100.0,294,1.9062798947704083,27.210884353741495,51.70068027210884,100.0,100.0,100.0
L107,Abdomen,69,test/L107/Low_Dose/00000082.dcm,130.0,262144,3.936601400375366,638,2.021703259698276,24.294670846394986,47.492163009404386,100.0,100.0,100.0,0,,,,,,,360,2.053905232747396,23.055555555555557,46.666666666666664,100.0,100.0,100.0,278,1.9800028629440198,25.899280575539567,48.56115107913669,100.0,100.0,100.0
L107,Abdomen,70,test/L107/Low_Dose/00000043.dcm,130.0,262144,3.9711098670959473,701,1.9761050410685628,24.108416547788874,49.78601997146933,100.0,100.0,100.0,0,,,,,,,381,1.9990035730396982,22.57217847769029,49.86876640419948,100.0,100.0,100.0,320,1.9488414764404296,25.9375,49.6875,100.0,100.0,100.0
L107,Abdomen,71,test/L107/Low_Dose/00000110.dcm,130.0,262144,4.002625942230225,666,1.9878332922766517,24.924924924924923,49.0990990990991,100.0,100.0,100.0,0,,,,,,,347,2.006778244326369,23.054755043227665,49.279538904899134,100.0,100.0,100.0,319,1.9672254604231976,26.95924764890282,48.90282131661442,100.0,100.0,100.0
L107,Abdomen,72,test/L107/Low_Dose/00000192.dcm,130.0,262144,4.042244911193848,834,2.054238591548636,23.381294964028775,46.76258992805755,100.0,100.0,100.0,0,,,,,,,445,2.053513704792837,23.146067415730336,47.19101123595506,100.0,100.0,100.0,389,2.0550678321818765,23.65038560411311,46.27249357326478,100.0,100.0,100.0
L107,Abdomen,73,test/L107/Low_Dose/00000120.dcm,130.0,262144,4.10584831237793,838,2.080046223569884,22.195704057279237,47.85202863961814,100.0,100.0,100.0,0,,,,,,,449,2.172943726945295,18.040089086859687,45.657015590200444,100.0,100.0,100.0,389,1.9728200564347687,26.99228791773779,50.38560411311054,100.0,100.0,100.0
L107,Abdomen,74,test/L107/Low_Dose/00000197.dcm,130.0,262144,4.119841575622559,949,2.0414519395416226,23.182297154899896,48.366701791359326,100.0,100.0,100.0,0,,,,,,,532,2.087492060840578,22.55639097744361,46.2406015037594,100.0,100.0,100.0,417,1.9827149022969124,23.980815347721823,51.07913669064748,100.0,100.0,100.0
L107,Abdomen,75,test/L107/Low_Dose/00000183.dcm,130.0,262144,4.137463092803955,855,2.021521781341374,26.31578947368421,49.239766081871345,100.0,100.0,100.0,0,,,,,,,482,2.106236881240275,22.199170124481327,45.850622406639005,100.0,100.0,100.0,373,1.9120507943406502,31.635388739946382,53.61930294906166,100.0,100.0,100.0
L107,Abdomen,76,test/L107/Low_Dose/00000087.dcm,130.0,262144,4.1407952308654785,998,2.093794522639028,21.743486973947896,45.89178356713427,100.0,100.0,100.0,0,,,,,,,546,2.1566537710336537,20.146520146520146,43.956043956043956,100.0,100.0,100.0,452,2.017862505617395,23.672566371681416,48.230088495575224,100.0,100.0,100.0
L107,Abdomen,77,test/L107/Low_Dose/00000007.dcm,130.0,262144,4.140376567840576,1065,2.0947600315434274,22.065727699530516,47.136150234741784,100.0,100.0,100.0,0,,,,,,,549,2.140139609303848,22.22222222222222,45.17304189435337,100.0,100.0,100.0,516,2.046478508054748,21.899224806201552,49.224806201550386,100.0,100.0,100.0
L107,Abdomen,78,test/L107/Low_Dose/00000117.dcm,130.0,262144,4.129386901855469,947,2.0855242397868268,22.28088701161563,48.25765575501584,100.0,100.0,100.0,0,,,,,,,478,2.184733753922594,19.665271966527197,44.97907949790795,100.0,100.0,100.0,469,1.98441091834355,24.946695095948826,51.59914712153518,100.0,100.0,100.0
L107,Abdomen,79,test/L107/Low_Dose/00000048.dcm,130.0,262144,4.12542200088501,828,1.9988011162062198,25.241545893719806,49.8792270531401,100.0,100.0,100.0,0,,,,,,,466,1.99822133600456,25.536480686695278,50.64377682403433,100.0,100.0,100.0,362,1.9995474630956491,24.861878453038674,48.89502762430939,100.0,100.0,100.0
L107,Abdomen,80,test/L107/Low_Dose/00000009.dcm,130.0,262144,4.1430745124816895,1014,2.119138698841223,21.696252465483234,46.35108481262328,100.0,100.0,100.0,0,,,,,,,578,2.1559133562662196,19.896193771626297,44.11764705882353,100.0,100.0,100.0,436,2.070387254067517,24.08256880733945,49.31192660550459,100.0,100.0,100.0
L107,Abdomen,81,test/L107/Low_Dose/00000045.dcm,130.0,262144,4.127366065979004,982,2.041745312102215,24.54175152749491,49.18533604887984,100.0,100.0,100.0,0,,,,,,,551,2.1348575654350044,22.686025408348456,46.098003629764065,100.0,100.0,100.0,431,1.9227085334795533,26.91415313225058,53.1322505800464,100.0,100.0,100.0
L107,Abdomen,82,test/L107/Low_Dose/00000138.dcm,130.0,262144,4.130966663360596,937,2.1581043744163555,21.237993596584847,45.99786552828175,100.0,100.0,100.0,0,,,,,,,521,2.2115288732605567,20.92130518234165,43.953934740882914,100.0,100.0,100.0,416,2.0911953265850363,21.634615384615383,48.55769230769231,100.0,100.0,100.0
L107,Abdomen,83,test/L107/Low_Dose/00000016.dcm,130.0,262144,4.164353847503662,841,2.1316970299030173,22.235434007134362,47.08680142687277,100.0,100.0,100.0,0,,,,,,,469,2.106363064698827,22.388059701492537,47.12153518123667,100.0,100.0,100.0,372,2.1636368946362565,22.043010752688172,47.043010752688176,100.0,100.0,100.0
L107,Abdomen,84,test/L107/Low_Dose/00000177.dcm,130.0,262144,4.178981304168701,846,2.007240241300975,23.995271867612292,50.472813238770684,100.0,100.0,100.0,0,,,,,,,482,2.0124947322354774,25.103734439834025,50.20746887966805,100.0,100.0,100.0,364,2.0002823714371565,22.52747252747253,50.824175824175825,100.0,100.0,100.0
L107,Abdomen,85,test/L107/Low_Dose/00000160.dcm,130.0,262144,4.148358345031738,779,2.038722614880857,24.390243902439025,48.138639281129656,100.0,100.0,100.0,0,,,,,,,412,2.1016128688182647,21.601941747572816,46.116504854368934,100.0,100.0,100.0,367,1.9681210219048024,27.52043596730245,50.40871934604905,100.0,100.0,100.0
L107,Abdomen,86,test/L107/Low_Dose/00000097.dcm,130.0,262144,4.133270263671875,633,2.0784846542382502,23.06477093206951,49.28909952606635,100.0,100.0,100.0,0,,,,,,,363,2.0974696135717976,22.865013774104682,49.586776859504134,100.0,100.0,100.0,270,2.052960431134259,23.333333333333332,48.888888888888886,100.0,100.0,100.0
L107,Abdomen,87,test/L107/Low_Dose/00000152.dcm,130.0,262144,4.123268127441406,715,2.181861888111888,20.13986013986014,44.47552447552447,100.0,100.0,100.0,0,,,,,,,401,2.3035526418329177,18.703241895261847,40.399002493765586,100.0,100.0,100.0,314,2.0264542695063694,21.97452229299363,49.681528662420384,100.0,100.0,100.0
L107,Abdomen,88,test/L107/Low_Dose/00000161.dcm,130.0,262144,4.127832412719727,646,2.0836869467153636,25.077399380804952,46.130030959752325,100.0,100.0,100.0,0,,,,,,,371,2.203128290304919,23.18059299191375,40.43126684636118,100.0,100.0,100.0,275,1.922549715909091,27.636363636363637,53.81818181818182,100.0,100.0,100.0
L107,Abdomen,89,test/L107/Low_Dose/00000114.dcm,130.0,262144,4.119144916534424,641,2.094458998086486,22.776911076443056,48.361934477379094,100.0,100.0,100.0,0,,,,,,,363,2.1852795309271693,20.385674931129476,44.62809917355372,100.0,100.0,100.0,278,1.9758695972909173,25.899280575539567,53.23741007194245,100.0,100.0,100.0
L107,Abdomen,90,test/L107/Low_Dose/00000052.dcm,130.0,262144,4.125951290130615,644,2.066843352702834,22.51552795031056,47.20496894409938,100.0,100.0,100.0,0,,,,,,,351,2.173657365673967,19.373219373219374,43.87464387464387,100.0,100.0,100.0,293,1.93888526890465,26.27986348122867,51.19453924914676,100.0,100.0,100.0
L107,Abdomen,91,test/L107/Low_Dose/00000108.dcm,130.0,262144,4.132950305938721,652,2.079507652235909,22.699386503067483,48.15950920245399,100.0,100.0,100.0,0,,,,,,,352,2.1684518293900923,20.170454545454547,46.02272727272727,100.0,100.0,100.0,300,1.975146484375,25.666666666666668,50.666666666666664,100.0,100.0,100.0
L107,Abdomen,92,test/L107/Low_Dose/00000015.dcm,130.0,262144,4.1599812507629395,723,2.089914493376124,24.066390041493776,48.13278008298755,100.0,100.0,100.0,0,,,,,,,408,2.2085014792049633,21.323529411764707,43.872549019607845,100.0,100.0,100.0,315,1.9363161117311507,27.61904761904762,53.65079365079365,100.0,100.0,100.0
L107,Abdomen,93,test/L107/Low_Dose/00000133.dcm,130.0,262144,4.193532943725586,671,2.153816234514717,20.417287630402384,46.050670640834575,100.0,100.0,100.0,0,,,,,,,360,2.2286370171440972,20.0,43.05555555555556,100.0,100.0,100.0,311,2.067206968448553,20.90032154340836,49.51768488745981,100.0,100.0,100.0
L107,Abdomen,94,test/L107/Low_Dose/00000171.dcm,130.0,262144,4.236311435699463,730,2.1252792567422945,23.561643835616437,46.43835616438356,100.0,100.0,100.0,0,,,,,,,401,2.108931163302681,25.6857855361596,45.885286783042396,100.0,100.0,100.0,329,2.145205048442249,20.972644376899694,47.11246200607903,100.0,100.0,100.0
L107,Abdomen,95,test/L107/Low_Dose/00000089.dcm,130.0,262144,4.264712810516357,662,2.1700797181835347,22.05438066465257,44.71299093655589,100.0,100.0,100.0,0,,,,,,,343,2.3098852752596573,16.909620991253643,39.35860058309038,100.0,100.0,100.0,319,2.019755874681622,27.586206896551722,50.470219435736674,100.0,100.0,100.0
L107,Abdomen,96,test/L107/Low_Dose/00000144.dcm,130.0,262144,4.2581095695495605,594,2.1461327549584386,21.54882154882155,46.96969696969697,100.0,100.0,100.0,0,,,,,,,304,2.172637939453125,20.394736842105264,47.03947368421053,100.0,100.0,100.0,290,2.118348009832974,22.75862068965517,46.89655172413793,100.0,100.0,100.0
L107,Abdomen,97,test/L107/Low_Dose/00000025.dcm,130.0,262144,4.254311561584473,529,2.115508052487004,23.440453686200378,46.31379962192817,100.0,100.0,100.0,0,,,,,,,283,2.096421312527606,22.614840989399294,47.34982332155477,100.0,100.0,100.0,246,2.137465562277693,24.390243902439025,45.1219512195122,100.0,100.0,100.0
L107,Abdomen,98,test/L107/Low_Dose/00000104.dcm,130.0,262144,4.256308555603027,511,2.099533648406923,25.244618395303327,46.183953033268104,100.0,100.0,100.0,0,,,,,,,262,2.1794908829317747,24.427480916030536,45.038167938931295,100.0,100.0,100.0,249,2.0154019397904115,26.104417670682732,47.389558232931726,100.0,100.0,100.0
L107,Abdomen,99,test/L107/Low_Dose/00000031.dcm,130.0,262144,4.279911041259766,440,2.0696680242365058,25.0,49.31818181818182,100.0,100.0,100.0,0,,,,,,,237,2.131004108155327,21.518987341772153,48.10126582278481,100.0,100.0,100.0,203,1.9980589016317734,29.064039408866996,50.73891625615764,100.0,100.0,100.0
L107,Abdomen,100,test/L107/Low_Dose/00000047.dcm,130.0,262144,4.302330017089844,496,2.1124070690524195,20.56451612903226,47.37903225806452,100.0,100.0,100.0,0,,,,,,,246,2.2615351483104673,17.88617886178862,39.83739837398374,100.0,100.0,100.0,250,1.9656650390625,23.2,54.8,100.0,100.0,100.0
L107,Abdomen,101,test/L107/Low_Dose/00000049.dcm,130.0,262144,4.308932304382324,385,2.0596854073660715,25.194805194805195,48.83116883116883,100.0,100.0,100.0,0,,,,,,,203,2.114013671875,22.660098522167488,47.783251231527096,100.0,100.0,100.0,182,1.9990884969522664,28.021978021978022,50.0,100.0,100.0,100.0
L107,Abdomen,102,test/L107/Low_Dose/00000010.dcm,130.0,262144,4.322245121002197,414,2.111129097316576,21.980676328502415,47.82608695652174,100.0,100.0,100.0,0,,,,,,,220,2.1858170942826702,19.545454545454547,46.36363636363637,100.0,100.0,100.0,194,2.026431368798325,24.742268041237114,49.48453608247423,100.0,100.0,100.0
L107,Abdomen,103,test/L107/Low_Dose/00000020.dcm,130.0,262144,4.313685894012451,397,2.1871267169789044,22.418136020151135,44.584382871536526,100.0,100.0,100.0,0,,,,,,,200,2.2071319580078126,21.5,46.0,100.0,100.0,100.0,197,2.166816827609454,23.3502538071066,43.14720812182741,100.0,100.0,100.0
L107,Abdomen,104,test/L107/Low_Dose/00000024.dcm,130.0,262144,4.318622589111328,435,2.0812126773527297,23.908045977011493,47.81609195402299,100.0,100.0,100.0,0,,,,,,,220,2.0213761763139204,27.272727272727273,50.0,100.0,100.0,100.0,215,2.1424407249273254,20.46511627906977,45.58139534883721,100.0,100.0,100.0
L107,Abdomen,105,test/L107/Low_Dose/00000149.dcm,130.0,262144,4.312351703643799,371,2.1662772042410716,21.5633423180593,45.55256064690027,100.0,100.0,100.0,0,,,,,,,198,2.2818406230271466,19.19191919191919,42.92929292929293,100.0,100.0,100.0,173,2.034013869445448,24.277456647398843,48.554913294797686,100.0,100.0,100.0
L107,Abdomen,106,test/L107/Low_Dose/00000181.dcm,130.0,262144,4.306621074676514,421,2.019342490443141,26.128266033254157,50.8313539192399,100.0,100.0,100.0,0,,,,,,,218,2.1079924697176033,24.770642201834864,47.706422018348626,100.0,100.0,100.0,203,1.9241420200892858,27.586206896551722,54.1871921182266,100.0,100.0,100.0
L107,Abdomen,107,test/L107/Low_Dose/00000175.dcm,130.0,262144,4.320688724517822,368,2.173129537831182,20.380434782608695,46.46739130434783,100.0,100.0,100.0,0,,,,,,,182,2.2101400186727336,20.87912087912088,45.05494505494506,100.0,100.0,100.0,186,2.136914981308804,19.892473118279568,47.8494623655914,100.0,100.0,100.0
L107,Abdomen,108,test/L107/Low_Dose/00000128.dcm,130.0,262144,4.336184024810791,372,2.1592000325520835,25.268817204301076,46.774193548387096,100.0,100.0,100.0,0,,,,,,,187,2.2033795851437166,23.529411764705884,45.98930481283423,100.0,100.0,100.0,185,2.1145428631756755,27.027027027027028,47.567567567567565,100.0,100.0,100.0
L107,Abdomen,109,test/L107/Low_Dose/00000053.dcm,130.0,262144,4.307417392730713,547,2.115069457338323,23.948811700182816,46.06946983546618,100.0,100.0,100.0,0,,,,,,,279,2.1873661164314515,23.655913978494624,42.29390681003584,100.0,100.0,100.0,268,2.0398053980585353,24.253731343283583,50.0,100.0,100.0,100.0
L107,Abdomen,110,test/L107/Low_Dose/00000050.dcm,130.0,262144,4.3061747550964355,449,2.178858019992344,22.494432071269486,43.652561247216035,100.0,100.0,100.0,0,,,,,,,240,2.232268778483073,20.416666666666668,40.833333333333336,100.0,100.0,100.0,209,2.1175250915819377,24.880382775119617,46.889952153110045,100.0,100.0,100.0
L107,Abdomen,111,test/L107/Low_Dose/00000168.dcm,130.0,262144,4.299027919769287,396,2.0989937830452967,25.252525252525253,47.72727272727273,100.0,100.0,100.0,0,,,,,,,185,2.196405854096284,24.324324324324323,45.4054054054054,100.0,100.0,100.0,211,2.0135850951569907,26.066350710900473,49.76303317535545,100.0,100.0,100.0
L107,Abdomen,112,test/L107/Low_Dose/00000135.dcm,130.0,262144,4.264657497406006,429,2.0843019285402096,24.941724941724942,49.184149184149184,100.0,100.0,100.0,0,,,,,,,213,2.188587743911385,21.12676056338028,46.009389671361504,100.0,100.0,100.0,216,1.981464527271412,28.703703703703702,52.31481481481482,100.0,100.0,100.0
L107,Abdomen,113,test/L107/Low_Dose/00000186.dcm,130.0,262144,4.245084285736084,464,2.0088703550141433,25.43103448275862,49.35344827586207,100.0,100.0,100.0,0,,,,,,,237,2.02261751714135,24.47257383966245,49.36708860759494,100.0,100.0,100.0,227,1.9945175910311124,26.431718061674008,49.33920704845815,100.0,100.0,100.0
L107,Abdomen,114,test/L107/Low_Dose/00000155.dcm,130.0,262144,4.225052356719971,465,2.073461389028898,23.440860215053764,48.60215053763441,100.0,100.0,100.0,0,,,,,,,244,2.2252142233926744,19.672131147540984,42.622950819672134,100.0,100.0,100.0,221,1.9059152732607465,27.601809954751133,55.203619909502265,100.0,100.0,100.0
L107,Abdomen,115,test/L107/Low_Dose/00000103.dcm,130.0,262144,4.188655376434326,420,2.0443123953683036,26.19047619047619,51.904761904761905,100.0,100.0,100.0,0,,,,,,,236,2.0636374263440147,25.0,50.847457627118644,100.0,100.0,100.0,184,2.019525942595109,27.717391304347824,53.26086956521739,100.0,100.0,100.0
L107,Abdomen,116,test/L107/Low_Dose/00000164.dcm,130.0,262144,4.142087936401367,339,2.1355066890210175,20.058997050147493,46.31268436578171,100.0,100.0,100.0,0,,,,,,,206,2.145091825318568,20.388349514563107,45.63106796116505,100.0,100.0,100.0,133,2.12066053806391,19.548872180451127,47.36842105263158,100.0,100.0,100.0
L107,Abdomen,117,test/L107/Low_Dose/00000170.dcm,130.0,262144,4.1116838455200195,338,1.9479615702431583,25.443786982248522,53.84615384615385,100.0,100.0,100.0,0,,,,,,,188,1.8931047155501994,26.06382978723404,57.97872340425532,100.0,100.0,100.0,150,2.016715494791667,24.666666666666668,48.666666666666664,100.0,100.0,100.0
L107,Abdomen,118,test/L107/Low_Dose/00000134.dcm,130.0,262144,4.0832977294921875,418,1.986533717105263,29.1866028708134,51.67464114832536,100.0,100.0,100.0,0,,,,,,,224,1.9866071428571428,27.232142857142858,52.232142857142854,100.0,100.0,100.0,194,1.9864489368556701,31.443298969072163,51.03092783505155,100.0,100.0,100.0
L107,Abdomen,119,test/L107/Low_Dose/00000019.dcm,130.0,262144,4.0432820320129395,421,2.0399123529357186,25.17814726840855,49.8812351543943,100.0,100.0,100.0,0,,,,,,,225,2.0601068793402777,24.0,51.55555555555556,100.0,100.0,100.0,196,2.016729860889668,26.53061224489796,47.95918367346939,100.0,100.0,100.0
L107,Abdomen,120,test/L107/Low_Dose/00000190.dcm,130.0,262144,4.017409801483154,312,2.134620862129407,20.512820512820515,44.23076923076923,100.0,100.0,100.0,0,,,,,,,178,2.191786862491222,16.853932584269664,41.57303370786517,100.0,100.0,100.0,134,2.058683936275653,25.37313432835821,47.76119402985075,100.0,100.0,100.0
L107,Abdomen,121,test/L107/Low_Dose/00000036.dcm,130.0,262144,3.9853687286376953,421,2.0802065742836997,22.090261282660332,45.13064133016627,100.0,100.0,100.0,0,,,,,,,229,2.142939005356168,19.213973799126638,42.35807860262009,100.0,100.0,100.0,192,2.005385080973307,25.520833333333332,48.4375,100.0,100.0,100.0
L107,Abdomen,122,test/L107/Low_Dose/00000119.dcm,130.0,262144,3.930788040161133,384,1.9938414891560872,23.958333333333332,50.520833333333336,100.0,100.0,100.0,0,,,,,,,210,2.010104515438988,20.952380952380953,50.476190476190474,100.0,100.0,100.0,174,1.9742136988146552,27.586206896551722,50.57471264367816,100.0,100.0,100.0
L107,Abdomen,123,test/L107/Low_Dose/00000081.dcm,130.0,262144,3.924912691116333,235,1.8573787608045214,25.95744680851064,55.744680851063826,100.0,100.0,100.0,0,,,,,,,119,1.9450509207589286,22.689075630252102,51.260504201680675,100.0,100.0,100.0,116,1.7674392174030173,29.310344827586206,60.3448275862069,100.0,100.0,100.0
L107,Abdomen,124,test/L107/Low_Dose/00000055.dcm,130.0,262144,3.927983283996582,230,1.8940971042798913,23.043478260869566,55.21739130434783,100.0,100.0,100.0,0,,,,,,,116,1.8339212351831897,24.137931034482758,59.48275862068966,100.0,100.0,100.0,114,1.9553286903782894,21.92982456140351,50.87719298245614,100.0,100.0,100.0
L107,Abdomen,125,test/L107/Low_Dose/00000113.dcm,130.0,262144,3.9267168045043945,212,1.9984954258181014,23.58490566037736,48.58490566037736,100.0,100.0,100.0,0,,,,,,,114,2.230208547491776,18.42105263157895,38.59649122807018,100.0,100.0,100.0,98,1.7289515904017858,29.591836734693878,60.204081632653065,100.0,100.0,100.0
L107,Abdomen,126,test/L107/Low_Dose/00000154.dcm,130.0,262144,3.9115397930145264,250,1.935505859375,23.6,50.8,100.0,100.0,100.0,0,,,,,,,139,1.93645493761241,22.302158273381295,50.35971223021583,100.0,100.0,100.0,111,1.9343173740146395,25.225225225225227,51.351351351351354,100.0,100.0,100.0
L107,Abdomen,127,test/L107/Low_Dose/00000012.dcm,130.0,262144,3.921675205230713,219,2.0129021074129567,21.461187214611872,49.31506849315068,100.0,100.0,100.0,0,,,,,,,117,2.0873167901976495,17.94871794871795,48.717948717948715,100.0,100.0,100.0,102,1.9275440889246322,25.49019607843137,50.0,100.0,100.0,100.0
L107,Abdomen,128,test/L107/Low_Dose/00000041.dcm,130.0,262144,3.9628496170043945,285,2.0401799787554826,25.614035087719298,48.421052631578945,100.0,100.0,100.0,0,,,,,,,170,2.0106524299172794,27.647058823529413,47.05882352941177,100.0,100.0,100.0,115,2.083829398777174,22.608695652173914,50.43478260869565,100.0,100.0,100.0
L107,Abdomen,129,test/L107/Low_Dose/00000195.dcm,130.0,262144,4.02997350692749,313,2.0693924876447682,22.044728434504794,48.56230031948882,100.0,100.0,100.0,0,,,,,,,175,2.1942410714285714,18.285714285714285,42.857142857142854,100.0,100.0,100.0,138,1.9110700082087861,26.81159420289855,55.79710144927536,100.0,100.0,100.0
L107,Abdomen,130,test/L107/Low_Dose/00000189.dcm,130.0,262144,4.0980610847473145,360,1.9979400634765625,24.166666666666668,52.22222222222222,100.0,100.0,100.0,0,,,,,,,186,2.046456285702285,20.967741935483872,50.0,100.0,100.0,100.0,174,1.9460778948904454,27.586206896551722,54.59770114942529,100.0,100.0,100.0
L107,Abdomen,131,test/L107/Low_Dose/00000060.dcm,130.0,262144,4.163960933685303,381,2.101290485051673,22.30971128608924,46.45669291338583,100.0,100.0,100.0,0,,,,,,,203,2.1397993717287562,20.689655172413794,45.320197044334975,100.0,100.0,100.0,178,2.057373046875,24.15730337078652,47.752808988764045,100.0,100.0,100.0
L107,Abdomen,132,test/L107/Low_Dose/00000074.dcm,130.0,262144,4.215458869934082,377,2.2290689888304045,16.180371352785144,43.76657824933687,100.0,100.0,100.0,0,,,,,,,195,2.3654146634615385,16.41025641025641,36.92307692307692,100.0,100.0,100.0,182,2.0829843374399037,15.934065934065934,51.0989010989011,100.0,100.0,100.0
L107,Abdomen,133,test/L107/Low_Dose/00000034.dcm,130.0,262144,4.254613399505615,440,2.0735620672052555,25.227272727272727,48.40909090909091,100.0,100.0,100.0,0,,,,,,,225,2.1334857855902776,25.77777777777778,44.888888888888886,100.0,100.0,100.0,215,2.0108511991279068,24.651162790697676,52.093023255813954,100.0,100.0,100.0
L107,Abdomen,134,test/L107/Low_Dose/00000066.dcm,130.0,262144,4.27766752243042,377,2.284380763531996,20.159151193633953,43.236074270557026,100.0,100.0,100.0,0,,,,,,,188,2.2965964459358377,21.80851063829787,43.61702127659574,100.0,100.0,100.0,189,2.272229714368386,18.51851851851852,42.857142857142854,100.0,100.0,100.0
L107,Abdomen,135,test/L107/Low_Dose/00000102.dcm,130.0,262144,4.285017490386963,386,2.1236426793231864,22.797927461139896,48.18652849740933,100.0,100.0,100.0,0,,,,,,,211,2.2728855801984595,18.95734597156398,44.07582938388626,100.0,100.0,100.0,175,1.9436983816964286,27.428571428571427,53.142857142857146,100.0,100.0,100.0
L107,Abdomen,136,test/L107/Low_Dose/00000093.dcm,130.0,262144,4.318227291107178,455,2.028335604824863,25.934065934065934,50.989010989010985,100.0,100.0,100.0,0,,,,,,,229,2.0676541390897927,24.45414847161572,48.47161572052402,100.0,100.0,100.0,226,1.9884951431139382,27.43362831858407,53.53982300884956,100.0,100.0,100.0
L107,Abdomen,137,test/L107/Low_Dose/00000086.dcm,130.0,262144,4.325804233551025,441,2.1369257989654193,21.08843537414966,46.48526077097506,100.0,100.0,100.0,0,,,,,,,225,2.1367979600694444,19.555555555555557,48.44444444444444,100.0,100.0,100.0,216,2.13705896448206,22.685185185185187,44.44444444444444,100.0,100.0,100.0
L107,Abdomen,138,test/L107/Low_Dose/00000129.dcm,130.0,262144,4.349278926849365,446,2.139150029340667,21.524663677130047,46.63677130044843,100.0,100.0,100.0,0,,,,,,,252,2.0889064243861606,23.015873015873016,47.61904761904762,100.0,100.0,100.0,194,2.2044149182506443,19.587628865979383,45.36082474226804,100.0,100.0,100.0
L107,Abdomen,139,test/L107/Low_Dose/00000076.dcm,130.0,262144,4.359447479248047,495,2.0922175860164143,24.848484848484848,46.464646464646464,100.0,100.0,100.0,0,,,,,,,274,2.160201246721031,22.62773722627737,45.25547445255474,100.0,100.0,100.0,221,2.0079301514776584,27.601809954751133,47.963800904977376,100.0,100.0,100.0
L107,Abdomen,140,test/L107/Low_Dose/00000090.dcm,130.0,262144,4.369444847106934,515,2.21078864532767,20.776699029126213,47.76699029126213,100.0,100.0,100.0,0,,,,,,,294,2.2153552827380953,20.74829931972789,46.59863945578231,100.0,100.0,100.0,221,2.2047135711255654,20.81447963800905,49.321266968325794,100.0,100.0,100.0
L107,Abdomen,141,test/L107/Low_Dose/00000202.dcm,130.0,262144,4.368478298187256,461,2.0923553268200923,26.247288503253795,49.45770065075922,100.0,100.0,100.0,0,,,,,,,241,2.080666189866442,26.556016597510375,49.37759336099585,100.0,100.0,100.0,220,2.1051602450284093,25.90909090909091,49.54545454545455,100.0,100.0,100.0
L107,Abdomen,142,test/L107/Low_Dose/00000001.dcm,130.0,262144,4.339311122894287,405,2.0960578824266975,23.45679012345679,49.629629629629626,100.0,100.0,100.0,0,,,,,,,212,2.1651093105100236,22.641509433962263,46.698113207547166,100.0,100.0,100.0,193,2.020208645361075,24.352331606217618,52.84974093264249,100.0,100.0,100.0
L107,Abdomen,143,test/L107/Low_Dose/00000107.dcm,130.0,262144,4.298524379730225,405,2.0476863908179013,22.71604938271605,52.098765432098766,100.0,100.0,100.0,0,,,,,,,210,2.178663853236607,20.952380952380953,48.095238095238095,100.0,100.0,100.0,195,1.9066337389823718,24.615384615384617,56.41025641025641,100.0,100.0,100.0
L107,Abdomen,144,test/L107/Low_Dose/00000062.dcm,130.0,262144,4.253302097320557,436,2.055008634514765,24.770642201834864,49.31192660550459,100.0,100.0,100.0,0,,,,,,,235,2.019741107047872,28.51063829787234,49.361702127659576,100.0,100.0,100.0,201,2.0962418133939678,20.398009950248756,49.25373134328358,100.0,100.0,100.0
L107,Abdomen,145,test/L107/Low_Dose/00000068.dcm,130.0,262144,4.2304487228393555,398,2.2163245426350504,21.105527638190956,42.96482412060301,100.0,100.0,100.0,0,,,,,,,213,2.294574003264378,18.779342723004696,40.375586854460096,100.0,100.0,100.0,185,2.1262319203969593,23.783783783783782,45.945945945945944,100.0,100.0,100.0
L107,Abdomen,146,test/L107/Low_Dose/00000039.dcm,130.0,262144,4.201405048370361,345,2.049763289741848,22.608695652173914,48.69565217391305,100.0,100.0,100.0,0,,,,,,,149,2.055460065803272,24.83221476510067,48.32214765100671,100.0,100.0,100.0,196,2.045432577327806,20.918367346938776,48.97959183673469,100.0,100.0,100.0
L107,Abdomen,147,test/L107/Low_Dose/00000100.dcm,130.0,262144,4.176244258880615,372,2.123490200247816,24.462365591397848,47.31182795698925,100.0,100.0,100.0,0,,,,,,,191,2.164506043439136,24.607329842931936,48.69109947643979,100.0,100.0,100.0,181,2.0802082883718924,24.30939226519337,45.85635359116022,100.0,100.0,100.0
L107,Abdomen,148,test/L107/Low_Dose/00000167.dcm,130.0,262144,4.1688666343688965,343,2.0972818535896502,26.239067055393587,47.23032069970846,100.0,100.0,100.0,0,,,,,,,168,2.2680489676339284,21.428571428571427,38.69047619047619,100.0,100.0,100.0,175,1.9333454241071428,30.857142857142858,55.42857142857143,100.0,100.0,100.0
L107,Abdomen,149,test/L107/Low_Dose/00000065.dcm,130.0,262144,4.170192241668701,343,1.9299170491299198,25.072886297376094,53.93586005830904,100.0,100.0,100.0,0,,,,,,,178,1.9832146462429776,24.15730337078652,50.0,100.0,100.0,100.0,165,1.8724202473958333,26.060606060606062,58.18181818181818,100.0,100.0,100.0
L107,Abdomen,150,test/L107/Low_Dose/00000017.dcm,130.0,262144,4.1449294090271,345,2.130094047214674,21.73913043478261,48.69565217391305,100.0,100.0,100.0,0,,,,,,,176,2.20138896595348,18.181818181818183,46.59090909090909,100.0,100.0,100.0,169,2.055846084504438,25.443786982248522,50.887573964497044,100.0,100.0,100.0
L107,Abdomen,151,test/L107/Low_Dose/00000046.dcm,130.0,262144,4.111595630645752,320,1.997562789916992,26.5625,49.375,100.0,100.0,100.0,0,,,,,,,173,2.0144212314848264,26.589595375722542,51.445086705202314,100.0,100.0,100.0,147,1.9777225831738945,26.53061224489796,46.93877551020408,100.0,100.0,100.0
L107,Abdomen,152,test/L107/Low_Dose/00000146.dcm,130.0,262144,4.073436737060547,338,2.02812709469767,26.331360946745562,49.70414201183432,100.0,100.0,100.0,0,,,,,,,161,1.9708615889460404,26.08695652173913,52.17391304347826,100.0,100.0,100.0,177,2.080216057556497,26.55367231638418,47.45762711864407,100.0,100.0,100.0
L107,Abdomen,153,test/L107/Low_Dose/00000096.dcm,130.0,262144,4.0330376625061035,335,1.9748017723880598,28.35820895522388,50.44776119402985,100.0,100.0,100.0,0,,,,,,,179,1.944654411443785,29.608938547486034,50.83798882681564,100.0,100.0,100.0,156,2.0093939365484776,26.923076923076923,50.0,100.0,100.0,100.0
L107,Abdomen,154,test/L107/Low_Dose/00000021.dcm,130.0,262144,3.991844892501831,291,1.9765104837843643,26.804123711340207,49.48453608247423,100.0,100.0,100.0,0,,,,,,,153,2.0379447189031863,25.49019607843137,46.40522875816993,100.0,100.0,100.0,138,1.9083986144134963,28.26086956521739,52.89855072463768,100.0,100.0,100.0
L107,Abdomen,155,test/L107/Low_Dose/00000137.dcm,130.0,262144,3.9792253971099854,322,1.8439547141886645,24.84472049689441,56.52173913043478,100.0,100.0,100.0,0,,,,,,,140,1.8939767020089286,25.0,52.857142857142854,100.0,100.0,100.0,182,1.8054762620192308,24.725274725274726,59.34065934065934,100.0,100.0,100.0
L107,Abdomen,156,test/L107/Low_Dose/00000124.dcm,130.0,262144,3.9494071006774902,331,1.907240576614426,25.981873111782477,54.38066465256797,100.0,100.0,100.0,0,,,,,,,171,1.9932204575566521,20.46783625730994,50.292397660818715,100.0,100.0,100.0,160,1.8153495788574219,31.875,58.75,100.0,100.0,100.0
L107,Abdomen,157,test/L107/Low_Dose/00000188.dcm,130.0,262144,3.9244704246520996,325,1.9305262169471153,24.615384615384617,50.15384615384615,100.0,100.0,100.0,0,,,,,,,160,1.890997314453125,25.625,50.625,100.0,100.0,100.0,165,1.9688572739109849,23.636363636363637,49.696969696969695,100.0,100.0,100.0
L107,Abdomen,158,test/L107/Low_Dose/00000166.dcm,130.0,262144,3.8896431922912598,284,1.8894408320037412,27.816901408450704,53.87323943661972,100.0,100.0,100.0,0,,,,,,,148,2.070804905247044,23.64864864864865,45.945945945945944,100.0,100.0,100.0,136,1.6920740464154411,32.35294117647059,62.5,100.0,100.0,100.0
L107,Abdomen,159,test/L107/Low_Dose/00000044.dcm,130.0,262144,3.860530376434326,217,1.9216629239271312,24.88479262672811,54.3778801843318,100.0,100.0,100.0,0,,,,,,,116,1.8839816389412716,25.0,56.89655172413793,100.0,100.0,100.0,101,1.9649404393564356,24.752475247524753,51.48514851485149,100.0,100.0,100.0
L107,Abdomen,160,test/L107/Low_Dose/00000059.dcm,130.0,262144,3.835930585861206,207,1.7366795931461352,32.367149758454104,58.45410628019324,100.0,100.0,100.0,0,,,,,,,108,1.8136212384259258,32.407407407407405,54.629629629629626,100.0,100.0,100.0,99,1.6527432528409092,32.323232323232325,62.62626262626262,100.0,100.0,100.0
L107,Abdomen,161,test/L107/Low_Dose/00000030.dcm,130.0,262144,3.7825140953063965,181,1.8949028563104282,23.204419889502763,54.14364640883978,100.0,100.0,100.0,0,,,,,,,98,1.8256175761320153,29.591836734693878,56.12244897959184,100.0,100.0,100.0,83,1.9767095726656627,15.662650602409638,51.80722891566265,100.0,100.0,100.0
L107,Abdomen,162,test/L107/Low_Dose/00000067.dcm,130.0,262144,3.739203453063965,145,1.8624174973060346,28.275862068965516,54.48275862068966,100.0,100.0,100.0,0,,,,,,,79,1.8747326814675633,29.11392405063291,54.43037974683544,100.0,100.0,100.0,66,1.8476765950520833,27.272727272727273,54.54545454545455,100.0,100.0,100.0
L107,Abdomen,163,test/L107/Low_Dose/00000109.dcm,130.0,262144,3.7009804248809814,107,1.7788530866676402,30.8411214953271,53.271028037383175,100.0,100.0,100.0,0,,,,,,,56,1.75115966796875,32.142857142857146,55.357142857142854,100.0,100.0,100.0,51,1.8092615464154411,29.41176470588235,50.98039215686274,100.0,100.0,100.0
L107,Abdomen,164,test/L107/Low_Dose/00000079.dcm,130.0,262144,3.674973249435425,141,1.9045124459773937,22.69503546099291,48.93617021276596,100.0,100.0,100.0,0,,,,,,,77,2.01169338474026,16.883116883116884,45.45454545454545,100.0,100.0,100.0,64,1.7755603790283203,29.6875,53.125,100.0,100.0,100.0
L107,Abdomen,165,test/L107/Low_Dose/00000199.dcm,130.0,262144,3.65264630317688,122,1.8452498639216188,26.229508196721312,50.81967213114754,100.0,100.0,100.0,0,,,,,,,77,1.8662172788149352,24.675324675324674,49.35064935064935,100.0,100.0,100.0,45,1.8093722873263889,28.88888888888889,53.333333333333336,100.0,100.0,100.0
L107,Abdomen,166,test/L107/Low_Dose/00000105.dcm,130.0,262144,3.617440700531006,105,1.7339878627232144,25.714285714285715,60.95238095238095,100.0,100.0,100.0,0,,,,,,,60,1.7921468098958333,21.666666666666668,60.0,100.0,100.0,100.0,45,1.656442599826389,31.11111111111111,62.22222222222222,100.0,100.0,100.0
L107,Abdomen,167,test/L107/Low_Dose/00000064.dcm,130.0,262144,3.582977771759033,91,1.8858334048763736,28.571428571428573,50.54945054945055,100.0,100.0,100.0,0,,,,,,,49,1.8638567243303572,32.6530612244898,53.06122448979592,100.0,100.0,100.0,42,1.9114728655133928,23.80952380952381,47.61904761904762,100.0,100.0,100.0
L107,Abdomen,168,test/L107/Low_Dose/00000116.dcm,130.0,262144,3.5711300373077393,109,1.7605148455418578,27.522935779816514,58.71559633027523,100.0,100.0,100.0,0,,,,,,,58,1.706799737338362,31.03448275862069,62.06896551724138,100.0,100.0,100.0,51,1.8216026156556373,23.529411764705884,54.90196078431372,100.0,100.0,100.0
L107,Abdomen,169,test/L107/Low_Dose/00000118.dcm,130.0,262144,3.589031219482422,104,1.7869297907902644,23.076923076923077,59.61538461538461,100.0,100.0,100.0,0,,,,,,,60,1.9029215494791667,21.666666666666668,55.0,100.0,100.0,100.0,44,1.6287592107599431,25.0,65.9090909090909,100.0,100.0,100.0
L107,Abdomen,170,test/L107/Low_Dose/00000006.dcm,130.0,262144,3.6002557277679443,138,1.798866161401721,26.81159420289855,57.2463768115942,100.0,100.0,100.0,0,,,,,,,91,1.9071138822115385,18.681318681318682,51.64835164835165,100.0,100.0,100.0,47,1.5892801487699468,42.5531914893617,68.08510638297872,100.0,100.0,100.0
L107,Abdomen,171,test/L107/Low_Dose/00000080.dcm,130.0,262144,3.624145746231079,176,1.7531107122247869,32.38636363636363,57.38636363636363,100.0,100.0,100.0,0,,,,,,,96,1.7440388997395833,34.375,56.25,100.0,100.0,100.0,80,1.7639968872070313,30.0,58.75,100.0,100.0,100.0
L107,Abdomen,172,test/L107/Low_Dose/00000078.dcm,130.0,262144,3.640690326690674,194,1.8586929163981958,26.288659793814432,55.670103092783506,100.0,100.0,100.0,0,,,,,,,107,1.9478839624707944,25.233644859813083,53.271028037383175,100.0,100.0,100.0,87,1.7489981815732758,27.586206896551722,58.62068965517241,100.0,100.0,100.0
L107,Abdomen,173,test/L107/Low_Dose/00000098.dcm,130.0,262144,3.6446807384490967,197,1.7798650906170685,29.949238578680202,57.36040609137056,100.0,100.0,100.0,0,,,,,,,113,1.8777179549225664,27.43362831858407,53.982300884955755,100.0,100.0,100.0,84,1.6482296898251487,33.333333333333336,61.904761904761905,100.0,100.0,100.0
L107,Abdomen,174,test/L107/Low_Dose/00000172.dcm,130.0,262144,3.630065679550171,206,1.7989484175895025,29.611650485436893,57.28155339805825,100.0,100.0,100.0,0,,,,,,,102,1.7773640950520833,29.41176470588235,56.86274509803921,100.0,100.0,100.0,104,1.8201176570012019,29.807692307692307,57.69230769230769,100.0,100.0,100.0
L107,Abdomen,175,test/L107/Low_Dose/00000061.dcm,130.0,262144,3.606691598892212,224,1.8594273158482142,25.0,52.232142857142854,100.0,100.0,100.0,0,,,,,,,127,1.9807426873154528,22.834645669291337,45.669291338582674,100.0,100.0,100.0,97,1.7005917264014174,27.835051546391753,60.824742268041234,100.0,100.0,100.0
L107,Abdomen,176,test/L107/Low_Dose/00000193.dcm,130.0,262144,3.582249879837036,191,1.7692545146842278,27.74869109947644,57.59162303664922,100.0,100.0,100.0,0,,,,,,,86,1.897106081940407,24.41860465116279,51.16279069767442,100.0,100.0,100.0,105,1.6645379929315476,30.476190476190474,62.857142857142854,100.0,100.0,100.0
L107,Abdomen,177,test/L107/Low_Dose/00000142.dcm,130.0,262144,3.553635835647583,191,1.8408439596285995,26.17801047120419,51.832460732984295,100.0,100.0,100.0,0,,,,,,,96,1.9828529357910156,25.0,46.875,100.0,100.0,100.0,95,1.697340152138158,27.36842105263158,56.8421052631579,100.0,100.0,100.0
L107,Abdomen,178,test/L107/Low_Dose/00000057.dcm,130.0,262144,3.5172863006591797,180,1.7729031032986111,28.88888888888889,54.44444444444444,100.0,100.0,100.0,0,,,,,,,108,1.8004489474826388,26.85185185185185,53.7037037037037,100.0,100.0,100.0,72,1.7315843370225694,31.944444444444443,55.55555555555556,100.0,100.0,100.0
L107,Abdomen,179,test/L107/Low_Dose/00000132.dcm,130.0,262144,3.496711492538452,144,1.7269515991210938,31.944444444444443,55.55555555555556,100.0,100.0,100.0,0,,,,,,,78,1.741550543369391,30.76923076923077,53.84615384615385,100.0,100.0,100.0,66,1.709698301373106,33.333333333333336,57.57575757575758,100.0,100.0,100.0
L107,Abdomen,180,test/L107/Low_Dose/00000005.dcm,130.0,262144,3.49617600440979,149,1.8199774210885067,22.818791946308725,55.70469798657718,100.0,100.0,100.0,0,,,,,,,87,1.9615029521372127,16.091954022988507,51.724137931034484,100.0,100.0,100.0,62,1.6213851436491935,32.25806451612903,61.29032258064516,100.0,100.0,100.0
L107,Abdomen,181,test/L107/Low_Dose/00000056.dcm,130.0,262144,3.4924871921539307,137,1.8369657419023722,23.357664233576642,54.01459854014598,100.0,100.0,100.0,0,,,,,,,75,1.7659488932291667,25.333333333333332,58.666666666666664,100.0,100.0,100.0,62,1.9228732201360887,20.967741935483872,48.38709677419355,100.0,100.0,100.0
L107,Abdomen,182,test/L107/Low_Dose/00000027.dcm,130.0,262144,3.490164041519165,151,1.7949614872206126,25.165562913907284,54.3046357615894,100.0,100.0,100.0,0,,,,,,,81,1.6739667727623457,29.62962962962963,62.96296296296296,100.0,100.0,100.0,70,1.9349696568080357,20.0,44.285714285714285,100.0,100.0,100.0
L107,Abdomen,183,test/L107/Low_Dose/00000111.dcm,130.0,262144,3.496196746826172,175,1.638316127232143,34.857142857142854,61.714285714285715,100.0,100.0,100.0,0,,,,,,,104,1.5436190091646635,38.46153846153846,65.38461538461539,100.0,100.0,100.0,71,1.7770273987676057,29.577464788732396,56.33802816901409,100.0,100.0,100.0
L107,Abdomen,184,test/L107/Low_Dose/00000148.dcm,130.0,262144,3.504230499267578,124,1.7250474499117943,28.225806451612904,58.064516129032256,100.0,100.0,100.0,0,,,,,,,71,1.6574500715228873,30.985915492957748,59.15492957746479,100.0,100.0,100.0,53,1.8156024285082548,24.528301886792452,56.60377358490566,100.0,100.0,100.0
L107,Abdomen,185,test/L107/Low_Dose/00000151.dcm,130.0,262144,3.5100274085998535,119,1.7149678719143908,26.050420168067227,58.8235294117647,100.0,100.0,100.0,0,,,,,,,67,1.6716636543843284,28.35820895522388,58.208955223880594,100.0,100.0,100.0,52,1.7707636906550481,23.076923076923077,59.61538461538461,100.0,100.0,100.0
L107,Abdomen,186,test/L107/Low_Dose/00000075.dcm,130.0,262144,3.4999847412109375,145,1.6483288995150862,31.03448275862069,60.689655172413794,100.0,100.0,100.0,0,,,,,,,87,1.7190222027658046,29.885057471264368,57.47126436781609,100.0,100.0,100.0,58,1.5422889446390087,32.758620689655174,65.51724137931035,100.0,100.0,100.0
L107,Abdomen,187,test/L107/Low_Dose/00000023.dcm,130.0,262144,3.4990715980529785,114,1.7936294287966008,27.19298245614035,56.14035087719298,100.0,100.0,100.0,0,,,,,,,68,1.8382496553308822,26.470588235294116,54.411764705882355,100.0,100.0,100.0,46,1.727669093919837,28.26086956521739,58.69565217391305,100.0,100.0,100.0
L107,Abdomen,188,test/L107/Low_Dose/00000063.dcm,130.0,262144,3.502105712890625,103,1.6486851960709952,29.12621359223301,63.10679611650485,100.0,100.0,100.0,0,,,,,,,62,1.775449691280242,27.419354838709676,58.064516129032256,100.0,100.0,100.0,41,1.4569925447789633,31.70731707317073,70.73170731707317,100.0,100.0,100.0
L107,Abdomen,189,test/L107/Low_Dose/00000084.dcm,130.0,262144,3.4959871768951416,102,1.8985715379901962,21.568627450980394,50.98039215686274,100.0,100.0,100.0,0,,,,,,,57,1.7579881099232457,26.31578947368421,56.14035087719298,100.0,100.0,100.0,45,2.076643880208333,15.555555555555555,44.44444444444444,100.0,100.0,100.0
L107,Abdomen,190,test/L107/Low_Dose/00000072.dcm,130.0,262144,3.486994981765747,93,1.5642221102150538,34.40860215053763,69.89247311827957,100.0,100.0,100.0,0,,,,,,,52,1.5062701885516827,40.38461538461539,73.07692307692308,100.0,100.0,100.0,41,1.6377221084222562,26.829268292682926,65.85365853658537,100.0,100.0,100.0
L107,Abdomen,191,test/L107/Low_Dose/00000073.dcm,130.0,262144,3.4860658645629883,85,1.8761330997242647,27.058823529411764,52.94117647058823,100.0,100.0,100.0,0,,,,,,,43,1.860240847565407,30.232558139534884,51.16279069767442,100.0,100.0,100.0,42,1.8924037388392858,23.80952380952381,54.76190476190476,100.0,100.0,100.0
L107,Abdomen,192,test/L107/Low_Dose/00000163.dcm,130.0,262144,3.4591803550720215,65,1.8805006760817307,18.46153846153846,58.46153846153846,100.0,100.0,100.0,0,,,,,,,34,1.8424862132352942,20.58823529411765,58.8235294117647,100.0,100.0,100.0,31,1.9221939579133065,16.129032258064516,58.064516129032256,100.0,100.0,100.0
L107,Abdomen,193,test/L107/Low_Dose/00000038.dcm,130.0,262144,3.4335014820098877,48,1.83465576171875,18.75,58.333333333333336,100.0,100.0,100.0,0,,,,,,,28,1.8343767438616072,7.142857142857143,64.28571428571429,100.0,100.0,100.0,20,1.83504638671875,35.0,50.0,100.0,100.0,100.0
L107,Abdomen,194,test/L107/Low_Dose/00000162.dcm,130.0,262144,3.4159717559814453,70,1.6088117327008928,28.571428571428573,65.71428571428571,100.0,100.0,100.0,0,,,,,,,44,1.7085931951349431,25.0,63.63636363636363,100.0,100.0,100.0,26,1.4399507962740385,34.61538461538461,69.23076923076923,100.0,100.0,100.0
L107,Abdomen,195,test/L107/Low_Dose/00000011.dcm,130.0,262144,3.400252103805542,50,1.646953125,32.0,54.0,100.0,100.0,100.0,0,,,,,,,33,1.834665009469697,27.272727272727273,45.45454545454545,100.0,100.0,100.0,17,1.282571231617647,41.1764705882353,70.58823529411765,100.0,100.0,100.0
L107,Abdomen,196,test/L107/Low_Dose/00000085.dcm,130.0,262144,3.3939859867095947,50,1.6792236328125,20.0,62.0,100.0,100.0,100.0,0,,,,,,,31,1.6043661794354838,22.580645161290324,70.96774193548387,100.0,100.0,100.0,19,1.8013594777960527,15.789473684210526,47.36842105263158,100.0,100.0,100.0
L107,Abdomen,197,test/L107/Low_Dose/00000165.dcm,130.0,262144,3.3995344638824463,53,1.481277177918632,33.9622641509434,67.9245283018868,100.0,100.0,100.0,0,,,,,,,31,1.5133922946068548,38.70967741935484,64.51612903225806,100.0,100.0,100.0,22,1.4360240589488635,27.272727272727273,72.72727272727273,100.0,100.0,100.0
L107,Abdomen,198,test/L107/Low_Dose/00000099.dcm,130.0,262144,3.3880679607391357,57,1.6900056537828947,26.31578947368421,59.64912280701754,100.0,100.0,100.0,0,,,,,,,41,1.8029487423780488,19.51219512195122,56.09756097560975,100.0,100.0,100.0,16,1.4005889892578125,43.75,68.75,100.0,100.0,100.0
L107,Abdomen,199,test/L107/Low_Dose/00000112.dcm,130.0,262144,3.3802528381347656,57,1.8305192913925439,24.56140350877193,50.87719298245614,100.0,100.0,100.0,0,,,,,,,47,1.882537192486702,23.404255319148938,48.93617021276596,100.0,100.0,100.0,10,1.58603515625,30.0,60.0,100.0,100.0,100.0
L107,Abdomen,200,test/L107/Low_Dose/00000095.dcm,130.0,262144,3.37593412399292,46,1.4919460130774456,43.47826086956522,63.04347826086956,100.0,100.0,100.0,0,,,,,,,30,1.56729736328125,46.666666666666664,60.0,100.0,100.0,100.0,16,1.3506622314453125,37.5,68.75,100.0,100.0,100.0
L107,Abdomen,201,test/L107/Low_Dose/00000092.dcm,130.0,262144,3.3698673248291016,46,1.6756565259850544,26.08695652173913,58.69565217391305,100.0,100.0,100.0,0,,,,,,,32,1.7581062316894531,21.875,56.25,100.0,100.0,100.0,14,1.4872000558035714,35.714285714285715,64.28571428571429,100.0,100.0,100.0
L220,Abdomen,0,test/L220/Low_Dose/00000085.dcm,130.0,262144,3.8182003498077393,812,1.8306944898783868,27.70935960591133,55.29556650246305,100.0,100.0,100.0,0,,,,,,,381,1.9627208159038714,22.30971128608924,51.181102362204726,100.0,100.0,100.0,431,1.713984442974188,32.48259860788863,58.932714617169374,100.0,100.0,100.0
L220,Abdomen,1,test/L220/Low_Dose/00000110.dcm,130.0,262144,3.855975389480591,991,1.8666692862717584,28.15338042381433,53.380423814328964,100.0,100.0,100.0,0,,,,,,,481,1.9272760403131497,25.987525987525988,51.55925155925156,100.0,100.0,100.0,510,1.809508798636642,30.19607843137255,55.09803921568628,100.0,100.0,100.0
L220,Abdomen,2,test/L220/Low_Dose/00000022.dcm,130.0,262144,3.852268934249878,1060,1.8731274874705188,26.69811320754717,53.301886792452834,100.0,100.0,100.0,0,,,,,,,555,1.958304300394144,25.765765765765767,49.729729729729726,100.0,100.0,100.0,505,1.7795173267326734,27.722772277227723,57.227722772277225,100.0,100.0,100.0
L220,Abdomen,3,test/L220/Low_Dose/00000058.dcm,130.0,262144,3.84063458442688,1224,1.8171685910692401,28.26797385620915,54.411764705882355,100.0,100.0,100.0,0,,,,,,,616,1.9362008231026786,25.0,49.675324675324674,100.0,100.0,100.0,608,1.6965699446828741,31.57894736842105,59.21052631578947,100.0,100.0,100.0
L220,Abdomen,4,test/L220/Low_Dose/00000056.dcm,130.0,262144,3.8150506019592285,1157,1.8457894288164434,27.830596369922212,56.17977528089887,100.0,100.0,100.0,0,,,,,,,581,1.9016552398208908,26.333907056798623,54.73321858864028,100.0,100.0,100.0,576,1.7894386715359158,29.34027777777778,57.638888888888886,100.0,100.0,100.0
L220,Abdomen,5,test/L220/Low_Dose/00000139.dcm,130.0,262144,3.795741558074951,1058,1.8420167861678876,27.410207939508506,54.253308128544425,100.0,100.0,100.0,0,,,,,,,549,1.9101506912426003,24.043715846994534,52.27686703096539,100.0,100.0,100.0,509,1.768528546706164,31.041257367387033,56.385068762278976,100.0,100.0,100.0
L220,Abdomen,6,test/L220/Low_Dose/00000053.dcm,130.0,262144,3.7744317054748535,1097,1.8560709783785323,27.529626253418414,52.68915223336372,100.0,100.0,100.0,0,,,,,,,594,1.9539490773621633,24.074074074074073,48.821548821548824,100.0,100.0,100.0,503,1.740485310791501,31.610337972167,57.25646123260437,100.0,100.0,100.0
L220,Abdomen,7,test/L220/Low_Dose/00000120.dcm,130.0,262144,3.749736785888672,1085,1.7927000828052995,29.216589861751153,55.944700460829495,100.0,100.0,100.0,0,,,,,,,579,1.8666359698834196,26.94300518134715,53.36787564766839,100.0,100.0,100.0,506,1.7080975558917983,31.818181818181817,58.89328063241107,100.0,100.0,100.0
L220,Abdomen,8,test/L220/Low_Dose/00000071.dcm,130.0,262144,3.7222394943237305,980,1.7862028160873724,30.408163265306122,57.04081632653061,100.0,100.0,100.0,0,,,,,,,481,1.8671743032094594,25.155925155925157,53.84615384615385,100.0,100.0,100.0,499,1.708152144132014,35.47094188376754,60.120240480961925,100.0,100.0,100.0
L220,Abdomen,9,test/L220/Low_Dose/00000029.dcm,130.0,262144,3.719741106033325,641,1.8037549285174532,25.897035881435258,56.47425897035881,100.0,100.0,100.0,0,,,,,,,361,1.9413835942910318,21.05263157894737,50.13850415512465,100.0,100.0,100.0,280,1.626312255859375,32.142857142857146,64.64285714285714,100.0,100.0,100.0
L220,Abdomen,10,test/L220/Low_Dose/00000003.dcm,130.0,262144,3.768336534500122,638,1.7894239276180446,29.310344827586206,55.79937304075235,100.0,100.0,100.0,0,,,,,,,379,1.9317733241259893,24.80211081794195,50.659630606860155,100.0,100.0,100.0,259,1.5811211427666505,35.907335907335906,63.32046332046332,100.0,100.0,100.0
L220,Abdomen,11,test/L220/Low_Dose/00000001.dcm,130.0,262144,3.755115032196045,863,1.8137447494206258,25.955967555040555,56.19930475086906,100.0,100.0,100.0,0,,,,,,,485,1.9056977891430413,22.061855670103093,51.95876288659794,100.0,100.0,100.0,378,1.6957626746445107,30.952380952380953,61.64021164021164,100.0,100.0,100.0
L220,Abdomen,12,test/L220/Low_Dose/00000046.dcm,130.0,262144,3.730513334274292,1116,1.7783937078223007,30.197132616487455,57.25806451612903,100.0,100.0,100.0,0,,,,,,,606,1.9562907706786303,23.927392739273927,50.165016501650165,100.0,100.0,100.0,510,1.567010139016544,37.64705882352941,65.68627450980392,100.0,100.0,100.0
L220,Abdomen,13,test/L220/Low_Dose/00000068.dcm,130.0,262144,3.768730401992798,1111,1.8660577727694645,25.922592259225922,53.55535553555355,100.0,100.0,100.0,0,,,,,,,610,1.9366879322489754,24.59016393442623,50.16393442622951,100.0,100.0,100.0,501,1.7800609718063871,27.54491017964072,57.684630738522955,100.0,100.0,100.0
L220,Abdomen,14,test/L220/Low_Dose/00000124.dcm,130.0,262144,3.7295191287994385,1299,1.8204183130653386,28.791377983063896,54.88837567359507,100.0,100.0,100.0,0,,,,,,,704,1.9455056623979048,24.289772727272727,48.57954545454545,100.0,100.0,100.0,595,1.6724158022584035,34.11764705882353,62.35294117647059,100.0,100.0,100.0
L220,Abdomen,15,test/L220/Low_Dose/00000119.dcm,130.0,262144,3.7060179710388184,1212,1.8940993708745875,25.577557755775576,52.557755775577554,100.0,100.0,100.0,0,,,,,,,685,1.9830425624429744,23.64963503649635,48.02919708029197,100.0,100.0,100.0,527,1.7784900991016366,28.083491461100568,58.44402277039848,100.0,100.0,100.0
L220,Abdomen,16,test/L220/Low_Dose/00000082.dcm,130.0,262144,3.680880069732666,975,1.8753226412259616,26.358974358974358,51.17948717948718,100.0,100.0,100.0,0,,,,,,,575,1.9537313179347826,24.695652173913043,46.95652173913044,100.0,100.0,100.0,400,1.7626101684570312,28.75,57.25,100.0,100.0,100.0
L220,Abdomen,17,test/L220/Low_Dose/00000054.dcm,130.0,262144,3.7031729221343994,789,1.9292753386406845,25.221799746514577,51.457541191381495,100.0,100.0,100.0,0,,,,,,,444,2.026121122343046,21.62162162162162,48.42342342342342,100.0,100.0,100.0,345,1.8046390257019929,29.855072463768117,55.36231884057971,100.0,100.0,100.0
L220,Abdomen,18,test/L220/Low_Dose/00000013.dcm,130.0,262144,3.7050721645355225,830,2.0062611775225903,21.80722891566265,46.144578313253014,100.0,100.0,100.0,0,,,,,,,507,2.1274375539324457,18.54043392504931,41.222879684418146,100.0,100.0,100.0,323,1.8160555340557276,26.934984520123837,53.869969040247675,100.0,100.0,100.0
L220,Abdomen,19,test/L220/Low_Dose/00000153.dcm,130.0,262144,3.713268995285034,1047,1.972093350793935,24.25978987583572,47.946513849092646,100.0,100.0,100.0,0,,,,,,,628,2.031651782382066,21.81528662420382,45.859872611464965,100.0,100.0,100.0,419,1.882827066863067,27.9236276849642,51.07398568019093,100.0,100.0,100.0
L220,Abdomen,20,test/L220/Low_Dose/00000147.dcm,130.0,262144,3.722315549850464,963,1.971411842671015,24.091381100726895,49.22118380062305,100.0,100.0,100.0,0,,,,,,,572,2.0993071869536712,19.23076923076923,44.93006993006993,100.0,100.0,100.0,391,1.7843117482217072,31.202046035805626,55.49872122762148,100.0,100.0,100.0
L220,Abdomen,21,test/L220/Low_Dose/00000064.dcm,130.0,262144,3.743776321411133,794,1.9922851255018104,22.92191435768262,48.2367758186398,100.0,100.0,100.0,0,,,,,,,486,2.0816873935024436,20.5761316872428,44.8559670781893,100.0,100.0,100.0,308,1.8512153130073052,26.623376623376622,53.57142857142857,100.0,100.0,100.0
L220,Abdomen,22,test/L220/Low_Dose/00000038.dcm,130.0,262144,3.744191884994507,971,2.0419235465209837,20.803295571575696,47.37384140061792,100.0,100.0,100.0,0,,,,,,,607,2.067492213241351,19.769357495881383,45.46952224052718,100.0,100.0,100.0,364,1.9992856874570741,22.52747252747253,50.54945054945055,100.0,100.0,100.0
L220,Abdomen,23,test/L220/Low_Dose/00000101.dcm,130.0,262144,3.756955146789551,1038,2.025130020171002,21.290944123314066,46.91714836223507,100.0,100.0,100.0,0,,,,,,,649,2.094538660740081,18.02773497688752,44.68412942989214,100.0,100.0,100.0,389,1.9093300003012532,26.73521850899743,50.6426735218509,100.0,100.0,100.0
L220,Abdomen,24,test/L220/Low_Dose/00000107.dcm,130.0,262144,3.7721986770629883,1109,1.9683649666788774,23.44454463480613,50.49594229035167,100.0,100.0,100.0,0,,,,,,,748,2.007479254574699,22.459893048128343,48.2620320855615,100.0,100.0,100.0,361,1.8873192953601108,25.484764542936286,55.124653739612185,100.0,100.0,100.0
L220,Abdomen,25,test/L220/Low_Dose/00000083.dcm,130.0,262144,3.786085844039917,1223,2.0594667074432746,22.07686017988553,44.97138184791496,100.0,100.0,100.0,0,,,,,,,838,2.119314553345018,20.047732696897373,42.60143198090692,100.0,100.0,100.0,385,1.929200487012987,26.493506493506494,50.12987012987013,100.0,100.0,100.0
L220,Abdomen,26,test/L220/Low_Dose/00000008.dcm,130.0,262144,3.790384531021118,1191,2.0547854842306883,20.235096557514694,44.584382871536526,100.0,100.0,100.0,0,,,,,,,791,2.118900651123973,18.45764854614412,42.22503160556258,100.0,100.0,100.0,400,1.9279974365234376,23.75,49.25,100.0,100.0,100.0
L220,Abdomen,27,test/L220/Low_Dose/00000146.dcm,130.0,262144,3.808901071548462,1388,2.0166912683492435,22.046109510086456,47.83861671469741,100.0,100.0,100.0,0,,,,,,,902,2.0808634620548085,20.288248337028826,44.67849223946785,100.0,100.0,100.0,486,1.8975897894965277,25.308641975308642,53.7037037037037,100.0,100.0,100.0
L220,Abdomen,28,test/L220/Low_Dose/00000131.dcm,130.0,262144,3.8247971534729004,1423,1.9732977410729973,22.90934645115952,50.17568517217147,100.0,100.0,100.0,0,,,,,,,878,2.05700113561539,21.070615034168565,46.69703872437358,100.0,100.0,100.0,545,1.8384508045441514,25.871559633027523,55.77981651376147,100.0,100.0,100.0
L220,Abdomen,29,test/L220/Low_Dose/00000073.dcm,130.0,262144,3.8150017261505127,1474,2.02876801406674,20.28493894165536,46.87924016282225,100.0,100.0,100.0,0,,,,,,,926,2.1017502193574513,18.14254859611231,43.9524838012959,100.0,100.0,100.0,548,1.9054440686302463,23.905109489051096,51.824817518248175,100.0,100.0,100.0
L220,Abdomen,30,test/L220/Low_Dose/00000076.dcm,130.0,262144,3.8071746826171875,1586,2.027607748216819,21.437578814627994,47.793190416141236,100.0,100.0,100.0,0,,,,,,,995,2.0839971341080403,19.497487437185928,45.527638190954775,100.0,100.0,100.0,591,1.932671096724302,24.703891708967852,51.60744500846024,100.0,100.0,100.0
L220,Abdomen,31,test/L220/Low_Dose/00000069.dcm,130.0,262144,3.802736520767212,1609,1.998608140489046,23.430702299564945,47.42075823492853,100.0,100.0,100.0,0,,,,,,,1058,2.036617863155718,23.062381852551987,46.03024574669187,100.0,100.0,100.0,551,1.9256239543160163,24.137931034482758,50.09074410163339,100.0,100.0,100.0
L220,Abdomen,32,test/L220/Low_Dose/00000087.dcm,130.0,262144,3.7873308658599854,1700,1.9945953010110293,22.823529411764707,47.294117647058826,100.0,100.0,100.0,0,,,,,,,1103,2.029005809794311,21.033544877606527,46.056210335448775,100.0,100.0,100.0,597,1.9310194363745812,26.13065326633166,49.58123953098828,100.0,100.0,100.0
L220,Abdomen,33,test/L220/Low_Dose/00000025.dcm,130.0,262144,3.7689192295074463,1581,1.985754294157179,23.529411764705884,48.134092346616065,100.0,100.0,100.0,0,,,,,,,998,2.0646231427699147,21.04208416833667,45.29058116232465,100.0,100.0,100.0,583,1.8507440216954332,27.78730703259005,53.00171526586621,100.0,100.0,100.0
L220,Abdomen,34,test/L220/Low_Dose/00000150.dcm,130.0,262144,3.7710747718811035,1487,2.032404537239408,21.99058507061197,46.80564895763282,100.0,100.0,100.0,0,,,,,,,945,2.071519381407077,21.48148148148148,45.3968253968254,100.0,100.0,100.0,542,1.9642059213560885,22.878228782287824,49.2619926199262,100.0,100.0,100.0
L220,Abdomen,35,test/L220/Low_Dose/00000121.dcm,130.0,262144,3.7714831829071045,1337,2.011173679120699,22.73747195213164,47.718773373223634,100.0,100.0,100.0,0,,,,,,,763,2.0916447270744594,19.65923984272608,44.42988204456094,100.0,100.0,100.0,574,1.9042060665967988,26.829268292682926,52.09059233449477,100.0,100.0,100.0
L220,Abdomen,36,test/L220/Low_Dose/00000034.dcm,130.0,262144,3.7658441066741943,1496,1.970440053684826,23.59625668449198,48.72994652406417,100.0,100.0,100.0,0,,,,,,,892,2.0165160311711743,21.8609865470852,47.869955156950674,100.0,100.0,100.0,604,1.9023938715852649,26.158940397350992,50.0,100.0,100.0,100.0
L220,Abdomen,37,test/L220/Low_Dose/00000128.dcm,130.0,262144,3.772797107696533,1569,1.9322773512189293,25.621414913957935,50.09560229445507,100.0,100.0,100.0,0,,,,,,,906,2.0407997788182946,23.28918322295806,46.136865342163354,100.0,100.0,100.0,663,1.7839799193415347,28.80844645550528,55.5052790346908,100.0,100.0,100.0
L220,Abdomen,38,test/L220/Low_Dose/00000154.dcm,130.0,262144,3.7843246459960938,1587,1.975919457900126,24.196597353497165,48.83427851291746,100.0,100.0,100.0,0,,,,,,,947,2.0315161828883976,22.70327349524815,46.356916578669484,100.0,100.0,100.0,640,1.8936538696289062,26.40625,52.5,100.0,100.0,100.0
L220,Abdomen,39,test/L220/Low_Dose/00000074.dcm,130.0,262144,3.7675318717956543,1622,1.992875518986976,22.13316892725031,49.198520345252774,100.0,100.0,100.0,0,,,,,,,936,2.0447763296274037,19.978632478632477,48.07692307692308,100.0,100.0,100.0,686,1.9220604187545554,25.072886297376094,50.72886297376093,100.0,100.0,100.0
L220,Abdomen,40,test/L220/Low_Dose/00000031.dcm,130.0,262144,3.7406790256500244,1633,1.913430545057027,25.35211267605634,50.642988364972446,100.0,100.0,100.0,0,,,,,,,884,1.9969196578496182,22.398190045248867,46.26696832579186,100.0,100.0,100.0,749,1.8148933278225134,28.83845126835781,55.807743658210946,100.0,100.0,100.0
L220,Abdomen,41,test/L220/Low_Dose/00000137.dcm,130.0,262144,3.6986141204833984,1511,1.91400077814775,24.487094639311714,50.95962938451357,100.0,100.0,100.0,0,,,,,,,816,2.0187702552945006,20.955882352941178,45.955882352941174,100.0,100.0,100.0,695,1.7909906840152878,28.633093525179856,56.83453237410072,100.0,100.0,100.0
L220,Abdomen,42,test/L220/Low_Dose/00000092.dcm,130.0,262144,3.6534316539764404,1373,1.942108087616078,24.107793153678077,50.254916241806264,100.0,100.0,100.0,0,,,,,,,739,1.9903708162423883,22.056833558863328,49.12043301759134,100.0,100.0,100.0,634,1.8858523203371451,26.498422712933753,51.57728706624606,100.0,100.0,100.0
L220,Abdomen,43,test/L220/Low_Dose/00000052.dcm,130.0,262144,3.606123924255371,1321,1.8338668326551855,26.267978803936412,53.065859197577595,100.0,100.0,100.0,0,,,,,,,700,1.8584514508928571,26.142857142857142,50.714285714285715,100.0,100.0,100.0,621,1.8061547025966183,26.40901771336554,55.71658615136876,100.0,100.0,100.0
L220,Abdomen,44,test/L220/Low_Dose/00000098.dcm,130.0,262144,3.5772783756256104,1225,1.824923867984694,26.122448979591837,53.87755102040816,100.0,100.0,100.0,0,,,,,,,695,1.8869094958408272,23.597122302158272,52.37410071942446,100.0,100.0,100.0,530,1.743640827682783,29.433962264150942,55.84905660377358,100.0,100.0,100.0
L220,Abdomen,45,test/L220/Low_Dose/00000032.dcm,130.0,262144,3.5795578956604004,1036,1.904762651008989,23.93822393822394,50.77220077220077,100.0,100.0,100.0,0,,,,,,,594,2.0142795549900043,20.033670033670035,45.95959595959596,100.0,100.0,100.0,442,1.7575838252969458,29.18552036199095,57.23981900452489,100.0,100.0,100.0
L220,Abdomen,46,test/L220/Low_Dose/00000070.dcm,130.0,262144,3.5584912300109863,890,1.8203699690572333,25.617977528089888,54.04494382022472,100.0,100.0,100.0,0,,,,,,,458,1.9044917077476802,22.925764192139738,51.09170305676856,100.0,100.0,100.0,432,1.7311853479456019,28.47222222222222,57.175925925925924,100.0,100.0,100.0
L220,Abdomen,47,test/L220/Low_Dose/00000010.dcm,130.0,262144,3.5274345874786377,904,1.7533862358700913,28.207964601769913,55.97345132743363,100.0,100.0,100.0,0,,,,,,,471,1.866691184398222,23.142250530785564,50.955414012738856,100.0,100.0,100.0,433,1.6301376659930715,33.71824480369515,61.43187066974596,100.0,100.0,100.0
L220,Abdomen,48,test/L220/Low_Dose/00000063.dcm,130.0,262144,3.503629684448242,754,1.8153178166963693,25.59681697612732,56.23342175066313,100.0,100.0,100.0,0,,,,,,,394,1.8867878405575824,23.096446700507613,53.55329949238579,100.0,100.0,100.0,360,1.7370978461371527,28.333333333333332,59.166666666666664,100.0,100.0,100.0
L220,Abdomen,49,test/L220/Low_Dose/00000050.dcm,130.0,262144,3.488480806350708,630,1.7801784939236112,26.349206349206348,55.07936507936508,100.0,100.0,100.0,0,,,,,,,322,1.851499569342003,26.08695652173913,51.24223602484472,100.0,100.0,100.0,308,1.7056155514407467,26.623376623376622,59.09090909090909,100.0,100.0,100.0
L220,Abdomen,50,test/L220/Low_Dose/00000144.dcm,130.0,262144,3.461002826690674,535,1.7193881881571262,28.598130841121495,58.691588785046726,100.0,100.0,100.0,0,,,,,,,271,1.7784027437442342,25.092250922509226,57.564575645756456,100.0,100.0,100.0,264,1.6588088526870266,32.196969696969695,59.84848484848485,100.0,100.0,100.0
L220,Abdomen,51,test/L220/Low_Dose/00000089.dcm,130.0,262144,3.429995059967041,546,1.680775177784455,31.135531135531135,59.15750915750916,100.0,100.0,100.0,0,,,,,,,269,1.8257076447781133,25.650557620817843,52.78810408921933,100.0,100.0,100.0,277,1.5400284860108304,36.462093862815884,65.34296028880867,100.0,100.0,100.0
L220,Abdomen,52,test/L220/Low_Dose/00000045.dcm,130.0,262144,3.4116051197052,422,1.5928220342120853,33.41232227488152,60.90047393364929,100.0,100.0,100.0,0,,,,,,,216,1.729554918077257,27.314814814814813,56.48148148148148,100.0,100.0,100.0,206,1.449451631712682,39.80582524271845,65.53398058252426,100.0,100.0,100.0
L220,Abdomen,53,test/L220/Low_Dose/00000048.dcm,130.0,262144,3.40010929107666,386,1.6057296515746438,32.90155440414508,61.13989637305699,100.0,100.0,100.0,0,,,,,,,186,1.6359613890288978,30.64516129032258,61.29032258064516,100.0,100.0,100.0,200,1.5776141357421876,35.0,61.0,100.0,100.0,100.0
L220,Abdomen,54,test/L220/Low_Dose/00000115.dcm,130.0,262144,3.3846099376678467,398,1.7246158158958858,28.64321608040201,55.527638190954775,100.0,100.0,100.0,0,,,,,,,197,1.8631164240958122,22.33502538071066,50.76142131979695,100.0,100.0,100.0,201,1.588871438704913,34.82587064676617,60.19900497512438,100.0,100.0,100.0
L220,Abdomen,55,test/L220/Low_Dose/00000105.dcm,130.0,262144,3.3692543506622314,502,1.7133978733503485,30.0796812749004,57.569721115537845,100.0,100.0,100.0,0,,,,,,,271,1.8049091184271218,25.830258302583026,53.874538745387454,100.0,100.0,100.0,231,1.6060405252299783,35.064935064935064,61.904761904761905,100.0,100.0,100.0
L220,Abdomen,56,test/L220/Low_Dose/00000017.dcm,130.0,262144,3.3844351768493652,507,1.62536789632643,33.13609467455621,59.96055226824458,100.0,100.0,100.0,0,,,,,,,267,1.6780937280547752,31.835205992509362,57.67790262172284,100.0,100.0,100.0,240,1.5667104085286458,34.583333333333336,62.5,100.0,100.0,100.0
L220,Abdomen,57,test/L220/Low_Dose/00000006.dcm,130.0,262144,3.3948891162872314,360,1.7225474039713542,28.333333333333332,58.333333333333336,100.0,100.0,100.0,0,,,,,,,183,1.7583501430157105,26.229508196721312,57.923497267759565,100.0,100.0,100.0,177,1.6855310127560028,30.508474576271187,58.75706214689266,100.0,100.0,100.0
L220,Abdomen,58,test/L220/Low_Dose/00000094.dcm,130.0,262144,3.4022412300109863,394,1.6369982104616116,30.456852791878173,61.421319796954315,100.0,100.0,100.0,0,,,,,,,178,1.7030433911955758,26.40449438202247,58.42696629213483,100.0,100.0,100.0,216,1.5825720893012152,33.7962962962963,63.888888888888886,100.0,100.0,100.0
L220,Abdomen,59,test/L220/Low_Dose/00000055.dcm,130.0,262144,3.413280963897705,382,1.7050647036567408,29.05759162303665,58.1151832460733,100.0,100.0,100.0,0,,,,,,,197,1.7979234414657361,25.380710659898476,53.807106598984774,100.0,100.0,100.0,185,1.6061826963682433,32.972972972972975,62.7027027027027,100.0,100.0,100.0
L220,Abdomen,60,test/L220/Low_Dose/00000049.dcm,130.0,262144,3.421126127243042,356,1.7008193798279494,29.213483146067414,58.146067415730336,100.0,100.0,100.0,0,,,,,,,184,1.9307224439538044,22.282608695652176,46.19565217391305,100.0,100.0,100.0,172,1.454876567042151,36.627906976744185,70.93023255813954,100.0,100.0,100.0
L220,Abdomen,61,test/L220/Low_Dose/00000123.dcm,130.0,262144,3.4278969764709473,337,1.7881844630934718,24.33234421364985,56.97329376854599,100.0,100.0,100.0,0,,,,,,,195,1.856102263621795,21.025641025641026,52.82051282051282,100.0,100.0,100.0,142,1.694917060959507,28.87323943661972,62.67605633802817,100.0,100.0,100.0
L220,Abdomen,62,test/L220/Low_Dose/00000044.dcm,130.0,262144,3.425729990005493,297,1.734819714067761,26.5993265993266,57.57575757575758,100.0,100.0,100.0,0,,,,,,,140,1.8584176199776785,22.142857142857142,53.57142857142857,100.0,100.0,100.0,157,1.6246050208996816,30.573248407643312,61.146496815286625,100.0,100.0,100.0
L220,Abdomen,63,test/L220/Low_Dose/00000011.dcm,130.0,262144,3.4064829349517822,212,1.7103467257517688,26.41509433962264,59.43396226415094,100.0,100.0,100.0,0,,,,,,,127,1.731936477300689,23.62204724409449,59.84251968503937,100.0,100.0,100.0,85,1.6780890969669118,30.58823529411765,58.8235294117647,100.0,100.0,100.0
L220,Abdomen,64,test/L220/Low_Dose/00000084.dcm,130.0,262144,3.3930716514587402,254,1.68825164554626,26.771653543307085,57.08661417322835,100.0,100.0,100.0,0,,,,,,,155,1.7157832976310483,27.096774193548388,56.774193548387096,100.0,100.0,100.0,99,1.6451465336963385,26.262626262626263,57.57575757575758,100.0,100.0,100.0
L220,Abdomen,65,test/L220/Low_Dose/00000005.dcm,130.0,262144,3.3962135314941406,192,1.6365420023600261,34.375,59.895833333333336,100.0,100.0,100.0,0,,,,,,,106,1.6834924086084906,33.0188679245283,59.43396226415094,100.0,100.0,100.0,86,1.5786728969840116,36.04651162790697,60.46511627906977,100.0,100.0,100.0
L220,Abdomen,66,test/L220/Low_Dose/00000116.dcm,130.0,262144,3.3864939212799072,154,1.623073825588474,33.76623376623377,64.28571428571429,100.0,100.0,100.0,0,,,,,,,92,1.6423591945482336,34.78260869565217,61.95652173913044,100.0,100.0,100.0,62,1.5944568264868952,32.25806451612903,67.74193548387096,100.0,100.0,100.0
L220,Abdomen,67,test/L220/Low_Dose/00000135.dcm,130.0,262144,3.3794329166412354,192,1.5167827606201172,35.416666666666664,66.66666666666667,100.0,100.0,100.0,0,,,,,,,111,1.601023631052928,32.432432432432435,63.06306306306306,100.0,100.0,100.0,81,1.401341567804784,39.50617283950617,71.60493827160494,100.0,100.0,100.0
L220,Abdomen,68,test/L220/Low_Dose/00000118.dcm,130.0,262144,3.3655166625976562,151,1.4694185572744205,36.42384105960265,67.54966887417218,100.0,100.0,100.0,0,,,,,,,76,1.7067019813939144,30.263157894736842,55.26315789473684,100.0,100.0,100.0,75,1.2289713541666667,42.666666666666664,80.0,100.0,100.0,100.0
L220,Abdomen,69,test/L220/Low_Dose/00000075.dcm,130.0,262144,3.3541619777679443,99,1.7778184678819444,28.282828282828284,52.525252525252526,100.0,100.0,100.0,0,,,,,,,57,1.8250946580317982,29.82456140350877,50.87719298245614,100.0,100.0,100.0,42,1.7136579241071428,26.19047619047619,54.76190476190476,100.0,100.0,100.0
L220,Abdomen,70,test/L220/Low_Dose/00000030.dcm,130.0,262144,3.3633460998535156,67,1.7013850425606343,28.35820895522388,59.701492537313435,100.0,100.0,100.0,0,,,,,,,39,1.8076359675480769,25.641025641025642,58.97435897435897,100.0,100.0,100.0,28,1.5533926827566964,32.142857142857146,60.714285714285715,100.0,100.0,100.0
L220,Abdomen,71,test/L220/Low_Dose/00000009.dcm,130.0,262144,3.3389172554016113,95,1.39716796875,42.10526315789474,68.42105263157895,100.0,100.0,100.0,0,,,,,,,54,1.61676025390625,33.333333333333336,61.111111111111114,100.0,100.0,100.0,41,1.1079488614710367,53.65853658536585,78.04878048780488,100.0,100.0,100.0
L220,Abdomen,72,test/L220/Low_Dose/00000021.dcm,130.0,262144,3.298593282699585,145,1.6860982960668103,28.96551724137931,63.44827586206897,100.0,100.0,100.0,0,,,,,,,74,1.6278900971283783,33.78378378378378,63.513513513513516,100.0,100.0,100.0,71,1.746765996368838,23.943661971830984,63.38028169014085,100.0,100.0,100.0
L220,Abdomen,73,test/L220/Low_Dose/00000014.dcm,130.0,262144,3.276071071624756,108,1.80584716796875,25.0,51.851851851851855,100.0,100.0,100.0,0,,,,,,,68,1.9913491641773897,17.647058823529413,44.11764705882353,100.0,100.0,100.0,40,1.4904937744140625,37.5,65.0,100.0,100.0,100.0
L220,Abdomen,74,test/L220/Low_Dose/00000151.dcm,130.0,262144,3.2521259784698486,88,1.5505870472301135,34.09090909090909,64.77272727272727,100.0,100.0,100.0,0,,,,,,,47,1.6737735829454787,31.914893617021278,55.319148936170215,100.0,100.0,100.0,41,1.4093732136051829,36.58536585365854,75.60975609756098,100.0,100.0,100.0
L220,Abdomen,75,test/L220/Low_Dose/00000130.dcm,130.0,262144,3.2567219734191895,84,1.8027895972842263,22.61904761904762,55.95238095238095,100.0,100.0,100.0,0,,,,,,,42,1.7090890066964286,28.571428571428573,59.523809523809526,100.0,100.0,100.0,42,1.8964901878720237,16.666666666666668,52.38095238095238,100.0,100.0,100.0
L220,Abdomen,76,test/L220/Low_Dose/00000133.dcm,130.0,262144,3.265529155731201,70,1.4625331333705358,35.714285714285715,72.85714285714286,100.0,100.0,100.0,0,,,,,,,50,1.5451220703125,34.0,70.0,100.0,100.0,100.0,20,1.256060791015625,40.0,80.0,100.0,100.0,100.0
L220,Abdomen,77,test/L220/Low_Dose/00000155.dcm,130.0,262144,3.2958006858825684,78,1.5379497821514423,29.487179487179485,67.94871794871794,100.0,100.0,100.0,0,,,,,,,45,1.5795708550347223,26.666666666666668,66.66666666666667,100.0,100.0,100.0,33,1.4811937736742424,33.333333333333336,69.6969696969697,100.0,100.0,100.0
L220,Abdomen,78,test/L220/Low_Dose/00000066.dcm,130.0,262144,3.324249744415283,66,1.7583118785511365,34.84848484848485,56.06060606060606,100.0,100.0,100.0,0,,,,,,,33,1.740130800189394,33.333333333333336,54.54545454545455,100.0,100.0,100.0,33,1.776492956912879,36.36363636363637,57.57575757575758,100.0,100.0,100.0
L220,Abdomen,79,test/L220/Low_Dose/00000080.dcm,130.0,262144,3.3238894939422607,108,1.5117775245949074,35.18518518518518,72.22222222222223,100.0,100.0,100.0,0,,,,,,,62,1.5644767515120968,32.25806451612903,74.19354838709677,100.0,100.0,100.0,46,1.4407481317934783,39.130434782608695,69.56521739130434,100.0,100.0,100.0
L220,Abdomen,80,test/L220/Low_Dose/00000007.dcm,130.0,262144,3.3621294498443604,130,1.8006310096153846,24.615384615384617,54.61538461538461,100.0,100.0,100.0,0,,,,,,,68,1.838064754710478,20.58823529411765,52.94117647058823,100.0,100.0,100.0,62,1.7595746440272177,29.032258064516128,56.45161290322581,100.0,100.0,100.0
L220,Abdomen,81,test/L220/Low_Dose/00000132.dcm,130.0,262144,3.40035343170166,125,1.6043056640625,32.0,59.2,100.0,100.0,100.0,0,,,,,,,70,1.5874564034598215,35.714285714285715,61.42857142857143,100.0,100.0,100.0,55,1.6257501775568182,27.272727272727273,56.36363636363637,100.0,100.0,100.0
L220,Abdomen,82,test/L220/Low_Dose/00000039.dcm,130.0,262144,3.433361291885376,152,1.7640043559827303,28.94736842105263,55.921052631578945,100.0,100.0,100.0,0,,,,,,,79,1.8899389339398733,22.78481012658228,50.63291139240506,100.0,100.0,100.0,73,1.6277189907962328,35.61643835616438,61.64383561643836,100.0,100.0,100.0
L220,Abdomen,83,test/L220/Low_Dose/00000093.dcm,130.0,262144,3.4323322772979736,131,1.5342188245467556,36.6412213740458,64.12213740458016,100.0,100.0,100.0,0,,,,,,,70,1.587269810267857,35.714285714285715,60.0,100.0,100.0,100.0,61,1.4733406442110655,37.704918032786885,68.85245901639344,100.0,100.0,100.0
L220,Abdomen,84,test/L220/Low_Dose/00000036.dcm,130.0,262144,3.431957721710205,202,1.6360733485457921,29.702970297029704,62.37623762376238,100.0,100.0,100.0,0,,,,,,,111,1.7850253818271395,26.126126126126128,54.95495495495496,100.0,100.0,100.0,91,1.4543846046531594,34.065934065934066,71.42857142857143,100.0,100.0,100.0
L220,Abdomen,85,test/L220/Low_Dose/00000040.dcm,130.0,262144,3.4252352714538574,184,1.7830458931300952,25.543478260869566,55.97826086956522,100.0,100.0,100.0,0,,,,,,,102,1.832525515088848,25.49019607843137,51.96078431372549,100.0,100.0,100.0,82,1.7214980706935976,25.609756097560975,60.97560975609756,100.0,100.0,100.0
L220,Abdomen,86,test/L220/Low_Dose/00000097.dcm,130.0,262144,3.4038078784942627,199,1.774375417124686,27.1356783919598,53.768844221105525,100.0,100.0,100.0,0,,,,,,,99,1.6755161478061869,34.343434343434346,55.55555555555556,100.0,100.0,100.0,100,1.87224609375,20.0,52.0,100.0,100.0,100.0
L220,Abdomen,87,test/L220/Low_Dose/00000117.dcm,130.0,262144,3.394888162612915,179,1.6323098976518855,29.608938547486034,60.33519553072626,100.0,100.0,100.0,0,,,,,,,83,1.6955889966114457,24.096385542168676,57.83132530120482,100.0,100.0,100.0,96,1.5775998433430989,34.375,62.5,100.0,100.0,100.0
L220,Abdomen,88,test/L220/Low_Dose/00000047.dcm,130.0,262144,3.409400701522827,188,1.690134251371343,30.851063829787233,60.638297872340424,100.0,100.0,100.0,0,,,,,,,101,1.6018839921101484,35.64356435643565,65.34653465346534,100.0,100.0,100.0,87,1.7925857017780173,25.28735632183908,55.172413793103445,100.0,100.0,100.0
L220,Abdomen,89,test/L220/Low_Dose/00000042.dcm,130.0,262144,3.433842897415161,230,1.6372303838315216,32.608695652173914,61.30434782608695,100.0,100.0,100.0,0,,,,,,,109,1.7637525086009174,31.192660550458715,55.96330275229358,100.0,100.0,100.0,121,1.5232559077995869,33.88429752066116,66.11570247933884,100.0,100.0,100.0
L220,Abdomen,90,test/L220/Low_Dose/00000051.dcm,130.0,262144,3.4465091228485107,195,1.6378311548477564,32.82051282051282,62.56410256410256,100.0,100.0,100.0,0,,,,,,,88,1.7279108220880681,30.681818181818183,61.36363636363637,100.0,100.0,100.0,107,1.5637469425379673,34.57943925233645,63.55140186915888,100.0,100.0,100.0
L220,Abdomen,91,test/L220/Low_Dose/00000086.dcm,130.0,262144,3.4664807319641113,243,1.7188343942901234,29.218106995884774,60.08230452674897,100.0,100.0,100.0,0,,,,,,,126,1.7562304299975198,30.158730158730158,57.142857142857146,100.0,100.0,100.0,117,1.6785617404513888,28.205128205128204,63.24786324786325,100.0,100.0,100.0
L220,Abdomen,92,test/L220/Low_Dose/00000041.dcm,130.0,262144,3.447061777114868,232,1.6944222285829742,30.603448275862068,59.05172413793103,100.0,100.0,100.0,0,,,,,,,129,1.8599257358284884,28.68217054263566,49.6124031007752,100.0,100.0,100.0,103,1.4871411369842233,33.00970873786408,70.87378640776699,100.0,100.0,100.0
L220,Abdomen,93,test/L220/Low_Dose/00000090.dcm,130.0,262144,3.413144111633301,271,1.6582026745560425,29.52029520295203,59.40959409594096,100.0,100.0,100.0,0,,,,,,,151,1.6884207820260762,26.490066225165563,58.94039735099338,100.0,100.0,100.0,120,1.62017822265625,33.333333333333336,60.0,100.0,100.0,100.0
L220,Abdomen,94,test/L220/Low_Dose/00000033.dcm,130.0,262144,3.3959946632385254,237,1.6589906587882384,30.379746835443036,59.49367088607595,100.0,100.0,100.0,0,,,,,,,104,1.705518282376803,24.03846153846154,56.73076923076923,100.0,100.0,100.0,133,1.6226081561325187,35.338345864661655,61.65413533834587,100.0,100.0,100.0
L220,Abdomen,95,test/L220/Low_Dose/00000060.dcm,130.0,262144,3.4253480434417725,291,1.8038669861469072,24.054982817869416,53.95189003436426,100.0,100.0,100.0,0,,,,,,,154,1.7836145178064124,25.324675324675326,57.79220779220779,100.0,100.0,100.0,137,1.8266325345004562,22.62773722627737,49.63503649635037,100.0,100.0,100.0
L220,Abdomen,96,test/L220/Low_Dose/00000102.dcm,130.0,262144,3.4597854614257812,283,1.7308759386042403,32.15547703180212,57.24381625441696,100.0,100.0,100.0,0,,,,,,,145,1.8491724474676725,28.275862068965516,51.724137931034484,100.0,100.0,100.0,138,1.6065788821897644,36.231884057971016,63.04347826086956,100.0,100.0,100.0
L220,Abdomen,97,test/L220/Low_Dose/00000111.dcm,130.0,262144,3.455474376678467,275,1.741971768465909,27.272727272727273,54.54545454545455,100.0,100.0,100.0,0,,,,,,,166,1.8410350385918675,23.49397590361446,51.204819277108435,100.0,100.0,100.0,109,1.5911047699254588,33.027522935779814,59.63302752293578,100.0,100.0,100.0
L220,Abdomen,98,test/L220/Low_Dose/00000028.dcm,130.0,262144,3.472003936767578,289,1.7932238727292387,26.643598615916954,54.67128027681661,100.0,100.0,100.0,0,,,,,,,163,1.8372345906825154,23.312883435582823,52.760736196319016,100.0,100.0,100.0,126,1.7362893725198412,30.952380952380953,57.142857142857146,100.0,100.0,100.0
L220,Abdomen,99,test/L220/Low_Dose/00000129.dcm,130.0,262144,3.5012145042419434,324,1.6889252839265045,28.395061728395063,58.95061728395062,100.0,100.0,100.0,0,,,,,,,164,1.7550763386051829,24.390243902439025,56.707317073170735,100.0,100.0,100.0,160,1.6211204528808594,32.5,61.25,100.0,100.0,100.0
L220,Abdomen,100,test/L220/Low_Dose/00000062.dcm,130.0,262144,3.5146234035491943,282,1.7683932257036792,28.368794326241133,56.38297872340426,100.0,100.0,100.0,0,,,,,,,155,1.8515530493951613,27.741935483870968,53.54838709677419,100.0,100.0,100.0,127,1.6668989526943898,29.133858267716537,59.84251968503937,100.0,100.0,100.0
L220,Abdomen,101,test/L220/Low_Dose/00000067.dcm,130.0,262144,3.5072617530822754,274,1.6930408338560676,29.562043795620436,60.948905109489054,100.0,100.0,100.0,0,,,,,,,135,1.7465232566550926,26.666666666666668,57.03703703703704,100.0,100.0,100.0,139,1.641097473583633,32.37410071942446,64.74820143884892,100.0,100.0,100.0
L220,Abdomen,102,test/L220/Low_Dose/00000112.dcm,130.0,262144,3.5073065757751465,263,1.6504560695401616,31.1787072243346,61.97718631178707,100.0,100.0,100.0,0,,,,,,,141,1.6374909962322695,33.333333333333336,63.12056737588652,100.0,100.0,100.0,122,1.6654402936091188,28.688524590163933,60.65573770491803,100.0,100.0,100.0
L220,Abdomen,103,test/L220/Low_Dose/00000140.dcm,130.0,262144,3.4971227645874023,235,1.666768824800532,29.361702127659573,62.5531914893617,100.0,100.0,100.0,0,,,,,,,117,1.6769550030048077,28.205128205128204,61.53846153846154,100.0,100.0,100.0,118,1.65666897014036,30.508474576271187,63.559322033898304,100.0,100.0,100.0
L220,Abdomen,104,test/L220/Low_Dose/00000138.dcm,130.0,262144,3.4987571239471436,278,1.6688008479934802,32.014388489208635,60.79136690647482,100.0,100.0,100.0,0,,,,,,,152,1.6699596204255756,29.605263157894736,63.1578947368421,100.0,100.0,100.0,126,1.6674029637896826,34.92063492063492,57.93650793650794,100.0,100.0,100.0
L220,Abdomen,105,test/L220/Low_Dose/00000113.dcm,130.0,262144,3.4989380836486816,230,1.6771091627038044,30.434782608695652,58.26086956521739,100.0,100.0,100.0,0,,,,,,,116,1.7052812247440732,26.724137931034484,56.03448275862069,100.0,100.0,100.0,114,1.6484428539610745,34.21052631578947,60.526315789473685,100.0,100.0,100.0
L220,Abdomen,106,test/L220/Low_Dose/00000125.dcm,130.0,262144,3.4802746772766113,198,1.7262980143229167,30.303030303030305,56.56565656565657,100.0,100.0,100.0,0,,,,,,,96,1.6958122253417969,32.291666666666664,58.333333333333336,100.0,100.0,100.0,102,1.7549905215992647,28.431372549019606,54.90196078431372,100.0,100.0,100.0
L220,Abdomen,107,test/L220/Low_Dose/00000088.dcm,130.0,262144,3.417119264602661,144,1.734180874294705,29.86111111111111,54.166666666666664,100.0,100.0,100.0,0,,,,,,,74,1.780372413429054,31.08108108108108,50.0,100.0,100.0,100.0,70,1.6853498186383928,28.571428571428573,58.57142857142857,100.0,100.0,100.0
L220,Abdomen,108,test/L220/Low_Dose/00000035.dcm,130.0,262144,3.343336820602417,138,1.5356056102807971,36.231884057971016,63.768115942028984,100.0,100.0,100.0,0,,,,,,,72,1.6154937744140625,31.944444444444443,61.111111111111114,100.0,100.0,100.0,66,1.4484548857717803,40.90909090909091,66.66666666666667,100.0,100.0,100.0
L220,Abdomen,109,test/L220/Low_Dose/00000141.dcm,130.0,262144,3.3003344535827637,126,1.7713952442956349,23.80952380952381,55.55555555555556,100.0,100.0,100.0,0,,,,,,,84,1.8053225562686013,22.61904761904762,55.95238095238095,100.0,100.0,100.0,42,1.7035406203497023,26.19047619047619,54.76190476190476,100.0,100.0,100.0
L220,Abdomen,110,test/L220/Low_Dose/00000077.dcm,130.0,262144,3.261789321899414,88,1.5183341286399148,31.818181818181817,62.5,100.0,100.0,100.0,0,,,,,,,49,1.5558733258928572,28.571428571428573,59.183673469387756,100.0,100.0,100.0,39,1.4711694961939104,35.8974358974359,66.66666666666667,100.0,100.0,100.0
L220,Abdomen,111,test/L220/Low_Dose/00000081.dcm,130.0,262144,3.255983591079712,112,1.4694224766322546,38.392857142857146,66.07142857142857,100.0,100.0,100.0,0,,,,,,,58,1.4942184974407327,41.37931034482759,63.793103448275865,100.0,100.0,100.0,54,1.4427897135416667,35.18518518518518,68.51851851851852,100.0,100.0,100.0
L220,Abdomen,112,test/L220/Low_Dose/00000065.dcm,130.0,262144,3.2470650672912598,67,1.633881981693097,31.34328358208955,58.208955223880594,100.0,100.0,100.0,0,,,,,,,37,1.7353680584881757,27.027027027027028,51.351351351351354,100.0,100.0,100.0,30,1.5087158203125,36.666666666666664,66.66666666666667,100.0,100.0,100.0
L220,Abdomen,113,test/L220/Low_Dose/00000149.dcm,130.0,262144,3.2448132038116455,66,1.2073956113873106,45.45454545454545,83.33333333333333,100.0,100.0,100.0,0,,,,,,,40,1.20675048828125,50.0,82.5,100.0,100.0,100.0,26,1.2083881084735577,38.46153846153846,84.61538461538461,100.0,100.0,100.0
L220,Abdomen,114,test/L220/Low_Dose/00000096.dcm,130.0,262144,3.2480251789093018,77,1.6803010222199675,31.16883116883117,61.03896103896104,100.0,100.0,100.0,0,,,,,,,44,1.7975019975142046,25.0,61.36363636363637,100.0,100.0,100.0,33,1.5240330551609849,39.39393939393939,60.60606060606061,100.0,100.0,100.0
L220,Abdomen,115,test/L220/Low_Dose/00000091.dcm,130.0,262144,3.2511706352233887,61,1.6236952484631149,32.78688524590164,62.295081967213115,100.0,100.0,100.0,0,,,,,,,40,1.5859649658203125,32.5,65.0,100.0,100.0,100.0,21,1.6955624534970237,33.333333333333336,57.142857142857146,100.0,100.0,100.0
L220,Abdomen,116,test/L220/Low_Dose/00000100.dcm,130.0,262144,3.248030185699463,62,1.6712587418094758,30.64516129032258,56.45161290322581,100.0,100.0,100.0,0,,,,,,,34,1.7342421587775736,29.41176470588235,50.0,100.0,100.0,100.0,28,1.5947788783482142,32.142857142857146,64.28571428571429,100.0,100.0,100.0
L220,Abdomen,117,test/L220/Low_Dose/00000127.dcm,130.0,262144,3.2480671405792236,91,1.6203277923248627,27.47252747252747,64.83516483516483,100.0,100.0,100.0,0,,,,,,,52,1.6423128568209135,25.0,63.46153846153846,100.0,100.0,100.0,39,1.591014372996795,30.76923076923077,66.66666666666667,100.0,100.0,100.0
L220,Abdomen,118,test/L220/Low_Dose/00000099.dcm,130.0,262144,3.2408831119537354,91,1.5846698467548077,30.76923076923077,62.637362637362635,100.0,100.0,100.0,0,,,,,,,51,1.7103127872242647,23.529411764705884,62.745098039215684,100.0,100.0,100.0,40,1.42447509765625,40.0,62.5,100.0,100.0,100.0
L220,Abdomen,119,test/L220/Low_Dose/00000037.dcm,130.0,262144,3.2215895652770996,89,1.6373839646242978,28.089887640449437,60.674157303370784,100.0,100.0,100.0,0,,,,,,,50,1.63699951171875,24.0,62.0,100.0,100.0,100.0,39,1.6378768529647436,33.333333333333336,58.97435897435897,100.0,100.0,100.0
L220,Abdomen,120,test/L220/Low_Dose/00000020.dcm,130.0,262144,3.2212018966674805,99,1.5455852470012625,34.343434343434346,62.62626262626262,100.0,100.0,100.0,0,,,,,,,50,1.6345361328125,24.0,64.0,100.0,100.0,100.0,49,1.454819036989796,44.89795918367347,61.224489795918366,100.0,100.0,100.0
L220,Abdomen,121,test/L220/Low_Dose/00000015.dcm,130.0,262144,3.225477457046509,107,1.4604937116676402,40.18691588785047,68.22429906542057,100.0,100.0,100.0,0,,,,,,,49,1.6112035634566326,32.6530612244898,65.3061224489796,100.0,100.0,100.0,58,1.3331698713631466,46.55172413793103,70.6896551724138,100.0,100.0,100.0
L220,Abdomen,122,test/L220/Low_Dose/00000059.dcm,130.0,262144,3.2222886085510254,116,1.6826340247844827,25.862068965517242,58.62068965517241,100.0,100.0,100.0,0,,,,,,,66,1.7844515713778408,22.727272727272727,50.0,100.0,100.0,100.0,50,1.54823486328125,30.0,70.0,100.0,100.0,100.0
L220,Abdomen,123,test/L220/Low_Dose/00000002.dcm,130.0,262144,3.2121145725250244,114,1.6794090940241229,29.82456140350877,54.3859649122807,100.0,100.0,100.0,0,,,,,,,67,1.739350731693097,28.35820895522388,52.23880597014925,100.0,100.0,100.0,47,1.5939603764960106,31.914893617021278,57.4468085106383,100.0,100.0,100.0
L220,Abdomen,124,test/L220/Low_Dose/00000108.dcm,130.0,262144,3.1817209720611572,122,1.5148185354764345,29.508196721311474,63.9344262295082,100.0,100.0,100.0,0,,,,,,,48,1.4025828043619792,33.333333333333336,70.83333333333333,100.0,100.0,100.0,74,1.5876200907939189,27.027027027027028,59.45945945945946,100.0,100.0,100.0
L220,Abdomen,125,test/L220/Low_Dose/00000078.dcm,130.0,262144,3.176339626312256,124,1.6217995920488912,30.64516129032258,62.903225806451616,100.0,100.0,100.0,0,,,,,,,63,1.730988033234127,28.571428571428573,60.317460317460316,100.0,100.0,100.0,61,1.509031201972336,32.78688524590164,65.57377049180327,100.0,100.0,100.0
L220,Abdomen,126,test/L220/Low_Dose/00000143.dcm,130.0,262144,3.168895959854126,151,1.531133588576159,33.11258278145695,70.19867549668874,100.0,100.0,100.0,0,,,,,,,87,1.6109913793103448,28.735632183908045,67.816091954023,100.0,100.0,100.0,64,1.422576904296875,39.0625,73.4375,100.0,100.0,100.0
L220,Abdomen,127,test/L220/Low_Dose/00000114.dcm,130.0,262144,3.1777753829956055,187,1.4873549517463236,35.294117647058826,68.44919786096257,100.0,100.0,100.0,0,,,,,,,100,1.5355908203125,32.0,65.0,100.0,100.0,100.0,87,1.4319114246587643,39.08045977011494,72.41379310344827,100.0,100.0,100.0
L220,Abdomen,128,test/L220/Low_Dose/00000024.dcm,130.0,262144,3.2006423473358154,162,1.5288892204378859,32.098765432098766,66.66666666666667,100.0,100.0,100.0,0,,,,,,,87,1.5388814991918103,32.18390804597701,63.2183908045977,100.0,100.0,100.0,75,1.5172981770833334,32.0,70.66666666666667,100.0,100.0,100.0
L220,Abdomen,129,test/L220/Low_Dose/00000043.dcm,130.0,262144,3.21669602394104,181,1.701291922047652,25.96685082872928,56.9060773480663,100.0,100.0,100.0,0,,,,,,,100,1.702672119140625,27.0,57.0,100.0,100.0,100.0,81,1.6995879750192902,24.691358024691358,56.79012345679013,100.0,100.0,100.0
L220,Abdomen,130,test/L220/Low_Dose/00000057.dcm,130.0,262144,3.2174737453460693,198,1.49334655145202,33.333333333333336,69.6969696969697,100.0,100.0,100.0,0,,,,,,,99,1.5439897017045454,28.282828282828284,67.67676767676768,100.0,100.0,100.0,99,1.442703401199495,38.38383838383838,71.71717171717172,100.0,100.0,100.0
L220,Abdomen,131,test/L220/Low_Dose/00000072.dcm,130.0,262144,3.212514638900757,229,1.667222468613537,29.694323144104803,58.51528384279476,100.0,100.0,100.0,0,,,,,,,99,1.7614277541035352,26.262626262626263,55.55555555555556,100.0,100.0,100.0,130,1.5954815204326922,32.30769230769231,60.76923076923077,100.0,100.0,100.0
L220,Abdomen,132,test/L220/Low_Dose/00000106.dcm,130.0,262144,3.1978676319122314,213,1.5663798873973005,34.27230046948357,65.72769953051643,100.0,100.0,100.0,0,,,,,,,103,1.5588497421116505,33.00970873786408,64.07766990291262,100.0,100.0,100.0,110,1.5734308416193181,35.45454545454545,67.27272727272727,100.0,100.0,100.0
L220,Abdomen,133,test/L220/Low_Dose/00000095.dcm,130.0,262144,3.1879026889801025,216,1.4416543466073495,39.81481481481482,68.98148148148148,100.0,100.0,100.0,0,,,,,,,103,1.4850979406856797,37.86407766990291,67.96116504854369,100.0,100.0,100.0,113,1.4020553183766593,41.5929203539823,69.91150442477876,100.0,100.0,100.0
L220,Abdomen,134,test/L220/Low_Dose/00000145.dcm,130.0,262144,3.1520700454711914,210,1.497900390625,35.23809523809524,66.66666666666667,100.0,100.0,100.0,0,,,,,,,121,1.57992780701188,33.05785123966942,61.98347107438016,100.0,100.0,100.0,89,1.3863799705933988,38.20224719101124,73.03370786516854,100.0,100.0,100.0
L220,Abdomen,135,test/L220/Low_Dose/00000026.dcm,130.0,262144,3.1208744049072266,197,1.52987500495717,32.994923857868024,68.02030456852792,100.0,100.0,100.0,0,,,,,,,98,1.5723901865433674,29.591836734693878,67.34693877551021,100.0,100.0,100.0,99,1.487789269649621,36.36363636363637,68.68686868686869,100.0,100.0,100.0
L220,Abdomen,136,test/L220/Low_Dose/00000103.dcm,130.0,262144,3.098886728286743,193,1.488701854962759,32.64248704663213,66.32124352331606,100.0,100.0,100.0,0,,,,,,,90,1.5211181640625,33.333333333333336,63.333333333333336,100.0,100.0,100.0,103,1.460376924681432,32.03883495145631,68.93203883495146,100.0,100.0,100.0
L220,Abdomen,137,test/L220/Low_Dose/00000079.dcm,130.0,262144,3.0809314250946045,159,1.5333996658805031,31.446540880503143,67.29559748427673,100.0,100.0,100.0,0,,,,,,,79,1.5670954064477849,32.91139240506329,64.55696202531645,100.0,100.0,100.0,80,1.5001251220703125,30.0,70.0,100.0,100.0,100.0
L220,Abdomen,138,test/L220/Low_Dose/00000004.dcm,130.0,262144,3.0649051666259766,149,1.5093248610528522,32.88590604026846,61.74496644295302,100.0,100.0,100.0,0,,,,,,,76,1.5614768580386513,34.21052631578947,56.578947368421055,100.0,100.0,100.0,73,1.4550296313142124,31.506849315068493,67.12328767123287,100.0,100.0,100.0
L220,Abdomen,139,test/L220/Low_Dose/00000122.dcm,130.0,262144,3.056408643722534,118,1.471733481197034,32.20338983050848,69.49152542372882,100.0,100.0,100.0,0,,,,,,,61,1.4092177094006149,32.78688524590164,72.1311475409836,100.0,100.0,100.0,57,1.538636324698465,31.57894736842105,66.66666666666667,100.0,100.0,100.0
L220,Abdomen,140,test/L220/Low_Dose/00000023.dcm,130.0,262144,3.0430197715759277,107,1.426738418151285,40.18691588785047,66.35514018691589,100.0,100.0,100.0,0,,,,,,,39,1.4338003305288463,46.15384615384615,61.53846153846154,100.0,100.0,100.0,68,1.4226882036994486,36.76470588235294,69.11764705882354,100.0,100.0,100.0
L220,Abdomen,141,test/L220/Low_Dose/00000016.dcm,130.0,262144,3.0190823078155518,98,1.559993821747449,29.591836734693878,60.204081632653065,100.0,100.0,100.0,0,,,,,,,56,1.470583234514509,30.357142857142858,64.28571428571429,100.0,100.0,100.0,42,1.6792079380580358,28.571428571428573,54.76190476190476,100.0,100.0,100.0
L220,Abdomen,142,test/L220/Low_Dose/00000148.dcm,130.0,262144,2.9989986419677734,88,1.3905057040127842,40.90909090909091,70.45454545454545,100.0,100.0,100.0,0,,,,,,,39,1.4152894631410255,41.02564102564103,66.66666666666667,100.0,100.0,100.0,49,1.3707798549107142,40.816326530612244,73.46938775510205,100.0,100.0,100.0
L220,Abdomen,143,test/L220/Low_Dose/00000136.dcm,130.0,262144,2.9967339038848877,86,1.562579487645349,31.3953488372093,61.627906976744185,100.0,100.0,100.0,0,,,,,,,45,1.7048882378472223,26.666666666666668,53.333333333333336,100.0,100.0,100.0,41,1.4063869569359757,36.58536585365854,70.73170731707317,100.0,100.0,100.0
L220,Abdomen,144,test/L220/Low_Dose/00000142.dcm,130.0,262144,2.97664737701416,96,1.3213348388671875,42.708333333333336,71.875,100.0,100.0,100.0,0,,,,,,,45,1.3742838541666667,40.0,68.88888888888889,100.0,100.0,100.0,51,1.2746151194852942,45.09803921568628,74.50980392156863,100.0,100.0,100.0
L220,Abdomen,145,test/L220/Low_Dose/00000018.dcm,130.0,262144,2.95507550239563,99,1.4979359019886365,30.303030303030305,73.73737373737374,100.0,100.0,100.0,0,,,,,,,38,1.67010498046875,18.42105263157895,65.78947368421052,100.0,100.0,100.0,61,1.3906830334272542,37.704918032786885,78.68852459016394,100.0,100.0,100.0
L220,Abdomen,146,test/L220/Low_Dose/00000061.dcm,130.0,262144,2.932811975479126,116,1.4550191945043103,32.758620689655174,70.6896551724138,100.0,100.0,100.0,0,,,,,,,44,1.3821522105823865,43.18181818181818,68.18181818181819,100.0,100.0,100.0,72,1.4995490180121527,26.38888888888889,72.22222222222223,100.0,100.0,100.0
L220,Abdomen,147,test/L220/Low_Dose/00000109.dcm,130.0,262144,2.9125263690948486,92,1.6125846531080164,20.652173913043477,66.30434782608695,100.0,100.0,100.0,0,,,,,,,39,1.6897504757612178,20.512820512820515,58.97435897435897,100.0,100.0,100.0,53,1.5558022553066038,20.754716981132077,71.69811320754717,100.0,100.0,100.0
L220,Abdomen,148,test/L220/Low_Dose/00000156.dcm,130.0,262144,2.88139009475708,76,1.2924387078536184,40.78947368421053,78.94736842105263,100.0,100.0,100.0,0,,,,,,,38,1.545275236430921,26.31578947368421,73.6842105263158,100.0,100.0,100.0,38,1.0396021792763157,55.26315789473684,84.21052631578948,100.0,100.0,100.0
L220,Abdomen,149,test/L220/Low_Dose/00000152.dcm,130.0,262144,2.8443098068237305,67,1.425327585704291,31.34328358208955,67.16417910447761,100.0,100.0,100.0,0,,,,,,,34,1.6173634248621322,26.470588235294116,52.94117647058823,100.0,100.0,100.0,33,1.2274724786931819,36.36363636363637,81.81818181818181,100.0,100.0,100.0
L220,Abdomen,150,test/L220/Low_Dose/00000019.dcm,130.0,262144,2.8091633319854736,51,1.2515079273897058,47.05882352941177,72.54901960784314,100.0,100.0,100.0,0,,,,,,,21,1.1200474330357142,57.142857142857146,71.42857142857143,100.0,100.0,100.0,30,1.3435302734375,40.0,73.33333333333333,100.0,100.0,100.0
L220,Abdomen,151,test/L220/Low_Dose/00000126.dcm,130.0,262144,2.783609628677368,41,1.524193740472561,24.390243902439025,70.73170731707317,100.0,100.0,100.0,0,,,,,,,28,1.6502685546875,21.428571428571427,67.85714285714286,100.0,100.0,100.0,13,1.2526479867788463,30.76923076923077,76.92307692307692,100.0,100.0,100.0
L220,Abdomen,152,test/L220/Low_Dose/00000134.dcm,130.0,262144,2.750814437866211,48,1.3072306315104167,41.666666666666664,66.66666666666667,100.0,100.0,100.0,0,,,,,,,30,1.2298828125,46.666666666666664,70.0,100.0,100.0,100.0,18,1.4361436631944444,33.333333333333336,61.111111111111114,100.0,100.0,100.0
L220,Abdomen,153,test/L220/Low_Dose/00000027.dcm,130.0,262144,2.7231109142303467,37,1.5273107580236487,32.432432432432435,67.56756756756756,100.0,100.0,100.0,0,,,,,,,24,1.4824625651041667,33.333333333333336,70.83333333333333,100.0,100.0,100.0,13,1.610107421875,30.76923076923077,61.53846153846154,100.0,100.0,100.0
L220,Abdomen,154,test/L220/Low_Dose/00000104.dcm,130.0,262144,2.7013611793518066,27,1.1378580729166667,44.44444444444444,85.18518518518519,100.0,100.0,100.0,0,,,,,,,12,1.0053914388020833,50.0,100.0,100.0,100.0,100.0,15,1.2438313802083334,40.0,73.33333333333333,100.0,100.0,100.0
L220,Abdomen,155,test/L220/Low_Dose/00000012.dcm,130.0,262144,2.6914031505584717,27,1.2469889322916667,48.148148148148145,81.48148148148148,100.0,100.0,100.0,0,,,,,,,16,1.1878738403320312,56.25,81.25,100.0,100.0,100.0,11,1.3329745205965908,36.36363636363637,81.81818181818181,100.0,100.0,100.0
L221,Abdomen,0,test/L221/Low_Dose/00000078.dcm,130.0,262144,3.4075751304626465,796,1.7286422959524184,25.251256281407034,59.2964824120603,100.0,100.0,100.0,0,,,,,,,391,1.7241079813379157,25.831202046035806,59.33503836317136,100.0,100.0,100.0,405,1.7330198688271605,24.691358024691358,59.25925925925926,100.0,100.0,100.0
L221,Abdomen,1,test/L221/Low_Dose/00000098.dcm,130.0,262144,3.4274160861968994,927,1.7251891760635787,28.478964401294498,58.79180151024811,100.0,100.0,100.0,0,,,,,,,461,1.7671952320024404,26.89804772234273,57.26681127982646,100.0,100.0,100.0,466,1.683633828879426,30.042918454935624,60.30042918454936,100.0,100.0,100.0
L221,Abdomen,2,test/L221/Low_Dose/00000064.dcm,130.0,262144,3.440505266189575,879,1.650178980908703,32.76450511945392,61.31968145620023,100.0,100.0,100.0,0,,,,,,,428,1.6951907148985106,31.77570093457944,58.177570093457945,100.0,100.0,100.0,451,1.6074627455480877,33.70288248337029,64.30155210643015,100.0,100.0,100.0
L221,Abdomen,3,test/L221/Low_Dose/00000089.dcm,130.0,262144,3.4680819511413574,927,1.7286319012523597,27.831715210355988,56.09492988133765,100.0,100.0,100.0,0,,,,,,,445,1.8488415664501405,23.146067415730336,51.235955056179776,100.0,100.0,100.0,482,1.6176499489432055,32.15767634854772,60.58091286307054,100.0,100.0,100.0
L221,Abdomen,4,test/L221/Low_Dose/00000024.dcm,130.0,262144,3.470322847366333,862,1.6962223628280888,30.394431554524363,59.62877030162413,100.0,100.0,100.0,0,,,,,,,411,1.7340869021821776,28.953771289537713,58.6374695863747,100.0,100.0,100.0,451,1.6617160974743626,31.70731707317073,60.532150776053214,100.0,100.0,100.0
L221,Abdomen,5,test/L221/Low_Dose/00000067.dcm,130.0,262144,3.511347532272339,892,1.7355342574183716,29.14798206278027,56.16591928251121,100.0,100.0,100.0,0,,,,,,,413,1.7701800256318099,28.329297820823246,55.205811138014525,100.0,100.0,100.0,479,1.7056622276226514,29.853862212943632,56.9937369519833,100.0,100.0,100.0
L221,Abdomen,6,test/L221/Low_Dose/00000052.dcm,130.0,262144,3.5701351165771484,837,1.7272968178296744,31.063321385902032,56.511350059737154,100.0,100.0,100.0,0,,,,,,,397,1.8074022576550692,27.707808564231737,53.40050377833753,100.0,100.0,100.0,440,1.6550198641690341,34.09090909090909,59.31818181818182,100.0,100.0,100.0
L221,Abdomen,7,test/L221/Low_Dose/00000018.dcm,130.0,262144,3.5675599575042725,827,1.8053613222207527,26.360338573155985,55.259975816203145,100.0,100.0,100.0,0,,,,,,,414,1.9341931918968902,22.463768115942027,48.55072463768116,100.0,100.0,100.0,413,1.6762175109715496,30.26634382566586,61.98547215496368,100.0,100.0,100.0
L221,Abdomen,8,test/L221/Low_Dose/00000029.dcm,130.0,262144,3.5476620197296143,746,1.705393446035104,30.96514745308311,58.44504021447721,100.0,100.0,100.0,0,,,,,,,352,1.742384823885831,30.397727272727273,56.25,100.0,100.0,100.0,394,1.672345311508566,31.472081218274113,60.40609137055838,100.0,100.0,100.0
L221,Abdomen,9,test/L221/Low_Dose/00000012.dcm,130.0,262144,3.5630111694335938,958,1.6679607224115998,28.70563674321503,62.31732776617954,100.0,100.0,100.0,0,,,,,,,470,1.7235382729388298,26.595744680851062,59.57446808510638,100.0,100.0,100.0,488,1.6144331635021774,30.737704918032787,64.95901639344262,100.0,100.0,100.0
L221,Abdomen,10,test/L221/Low_Dose/00000014.dcm,130.0,262144,3.5475997924804688,1128,1.7434168605939717,28.81205673758865,58.86524822695036,100.0,100.0,100.0,0,,,,,,,582,1.813136569413123,26.632302405498283,55.154639175257735,100.0,100.0,100.0,546,1.6691002478966346,31.135531135531135,62.82051282051282,100.0,100.0,100.0
L221,Abdomen,11,test/L221/Low_Dose/00000002.dcm,130.0,262144,3.570979595184326,979,1.737235859295199,30.13278855975485,58.12053115423902,100.0,100.0,100.0,0,,,,,,,504,1.7891387939453125,28.571428571428573,55.15873015873016,100.0,100.0,100.0,475,1.6821641138980263,31.789473684210527,61.26315789473684,100.0,100.0,100.0
L221,Abdomen,12,test/L221/Low_Dose/00000038.dcm,130.0,262144,3.5933847427368164,907,1.7625027186552509,29.217199558985666,54.79603087100331,100.0,100.0,100.0,0,,,,,,,430,1.8837731649709302,23.72093023255814,50.46511627906977,100.0,100.0,100.0,477,1.6531813519555818,34.17190775681342,58.700209643605874,100.0,100.0,100.0
L221,Abdomen,13,test/L221/Low_Dose/00000016.dcm,130.0,262144,3.603456497192383,905,1.7934442172392955,26.740331491712706,55.13812154696133,100.0,100.0,100.0,0,,,,,,,458,1.8443723453704968,26.419213973799128,53.056768558951966,100.0,100.0,100.0,447,1.7412628242100112,27.069351230425056,57.27069351230425,100.0,100.0,100.0
L221,Abdomen,14,test/L221/Low_Dose/00000055.dcm,130.0,262144,3.6252760887145996,885,1.8122678595074153,26.779661016949152,56.045197740113,100.0,100.0,100.0,0,,,,,,,449,1.8751720946721881,25.835189309576837,53.229398663697104,100.0,100.0,100.0,436,1.7474880393491972,27.75229357798165,58.944954128440365,100.0,100.0,100.0
L221,Abdomen,15,test/L221/Low_Dose/00000068.dcm,130.0,262144,3.6828112602233887,758,1.7930301072415074,28.496042216358838,56.20052770448549,100.0,100.0,100.0,0,,,,,,,362,1.8959414655991023,23.204419889502763,53.591160220994475,100.0,100.0,100.0,396,1.6989545725812816,33.333333333333336,58.58585858585859,100.0,100.0,100.0
L221,Abdomen,16,test/L221/Low_Dose/00000070.dcm,130.0,262144,3.810605764389038,1020,1.9086291743259804,23.92156862745098,52.94117647058823,100.0,100.0,100.0,0,,,,,,,488,2.047825547515369,19.057377049180328,47.74590163934426,100.0,100.0,100.0,532,1.7809452831296992,28.383458646616543,57.70676691729323,100.0,100.0,100.0
L221,Abdomen,17,test/L221/Low_Dose/00000083.dcm,130.0,262144,3.7797303199768066,789,1.877645785062183,25.602027883396705,51.837769328263626,100.0,100.0,100.0,0,,,,,,,404,1.9746643670714727,23.019801980198018,48.76237623762376,100.0,100.0,100.0,385,1.775839273031656,28.31168831168831,55.064935064935064,100.0,100.0,100.0
L221,Abdomen,18,test/L221/Low_Dose/00000069.dcm,130.0,262144,3.6859655380249023,475,1.9697355571546054,22.526315789473685,48.421052631578945,100.0,100.0,100.0,0,,,,,,,220,2.050518798828125,20.454545454545453,44.54545454545455,100.0,100.0,100.0,255,1.900040211397059,24.313725490196077,51.76470588235294,100.0,100.0,100.0
L221,Abdomen,19,test/L221/Low_Dose/00000060.dcm,130.0,262144,3.6791059970855713,341,1.8380513568777492,26.979472140762464,55.42521994134897,100.0,100.0,100.0,0,,,,,,,169,1.8921743539663463,24.2603550295858,53.25443786982248,100.0,100.0,100.0,172,1.7848723655523255,29.651162790697676,57.55813953488372,100.0,100.0,100.0
L221,Abdomen,20,test/L221/Low_Dose/00000006.dcm,130.0,262144,3.67941951751709,325,1.7988018329326922,26.153846153846153,55.69230769230769,100.0,100.0,100.0,0,,,,,,,151,1.8997293434395695,25.165562913907284,49.00662251655629,100.0,100.0,100.0,174,1.7112153151939655,27.011494252873565,61.49425287356322,100.0,100.0,100.0
L221,Abdomen,21,test/L221/Low_Dose/00000017.dcm,130.0,262144,3.695039749145508,388,1.8974360829776096,25.515463917525775,50.51546391752577,100.0,100.0,100.0,0,,,,,,,203,2.012893751924261,23.15270935960591,46.30541871921182,100.0,100.0,100.0,185,1.7707446948902028,28.10810810810811,55.13513513513514,100.0,100.0,100.0
L221,Abdomen,22,test/L221/Low_Dose/00000050.dcm,130.0,262144,3.7183799743652344,475,1.8251431435032894,28.42105263157895,57.89473684210526,100.0,100.0,100.0,0,,,,,,,224,1.9097938537597656,27.232142857142858,55.80357142857143,100.0,100.0,100.0,251,1.7495982865413346,29.48207171314741,59.7609561752988,100.0,100.0,100.0
L221,Abdomen,23,test/L221/Low_Dose/00000079.dcm,130.0,262144,3.750128746032715,489,1.9424389798217025,26.584867075664622,50.715746421267895,100.0,100.0,100.0,0,,,,,,,215,2.133797011264535,22.325581395348838,42.7906976744186,100.0,100.0,100.0,274,1.7922857799669252,29.927007299270073,56.934306569343065,100.0,100.0,100.0
L221,Abdomen,24,test/L221/Low_Dose/00000045.dcm,130.0,262144,3.7819855213165283,687,1.956048823860535,22.561863173216885,51.819505094614264,100.0,100.0,100.0,0,,,,,,,335,2.0626931261660446,19.402985074626866,46.865671641791046,100.0,100.0,100.0,352,1.8545549566095525,25.568181818181817,56.53409090909091,100.0,100.0,100.0
L221,Abdomen,25,test/L221/Low_Dose/00000049.dcm,130.0,262144,3.812009811401367,699,2.0127456075643777,21.745350500715308,48.497854077253216,100.0,100.0,100.0,0,,,,,,,364,2.1557647369720123,18.956043956043956,42.857142857142854,100.0,100.0,100.0,335,1.8573457177005597,24.776119402985074,54.62686567164179,100.0,100.0,100.0
L221,Abdomen,26,test/L221/Low_Dose/00000075.dcm,130.0,262144,3.8170793056488037,646,2.0502124703705493,21.362229102167184,46.59442724458204,100.0,100.0,100.0,0,,,,,,,312,2.1413186880258412,19.23076923076923,42.94871794871795,100.0,100.0,100.0,334,1.9651072610638098,23.353293413173652,50.0,100.0,100.0,100.0
L221,Abdomen,27,test/L221/Low_Dose/00000020.dcm,130.0,262144,3.803831100463867,647,1.9667334814528594,23.338485316846985,48.53168469860896,100.0,100.0,100.0,0,,,,,,,344,2.0821362872456395,18.6046511627907,45.05813953488372,100.0,100.0,100.0,303,1.835715114480198,28.712871287128714,52.475247524752476,100.0,100.0,100.0
L221,Abdomen,28,test/L221/Low_Dose/00000076.dcm,130.0,262144,3.759514093399048,428,1.954133791344188,23.130841121495326,49.06542056074766,100.0,100.0,100.0,0,,,,,,,246,2.000019848831301,21.951219512195124,46.34146341463415,100.0,100.0,100.0,182,1.8921119773780906,24.725274725274726,52.747252747252745,100.0,100.0,100.0
L221,Abdomen,29,test/L221/Low_Dose/00000034.dcm,130.0,262144,3.7509193420410156,379,1.9504217384358509,22.95514511873351,48.284960422163586,100.0,100.0,100.0,0,,,,,,,183,2.057900017076503,17.48633879781421,43.71584699453552,100.0,100.0,100.0,196,1.8500721211336097,28.06122448979592,52.55102040816327,100.0,100.0,100.0
L221,Abdomen,30,test/L221/Low_Dose/00000053.dcm,130.0,262144,3.748260259628296,439,1.9924488806235763,21.867881548974943,48.747152619589976,100.0,100.0,100.0,0,,,,,,,231,2.0256765126149894,19.48051948051948,46.753246753246756,100.0,100.0,100.0,208,1.9555470393254206,24.51923076923077,50.96153846153846,100.0,100.0,100.0
L221,Abdomen,31,test/L221/Low_Dose/00000021.dcm,130.0,262144,3.7258496284484863,449,1.9392848365290924,23.16258351893096,50.334075723830736,100.0,100.0,100.0,0,,,,,,,216,2.063200208875868,19.444444444444443,43.51851851851852,100.0,100.0,100.0,233,1.82441049993294,26.609442060085836,56.652360515021456,100.0,100.0,100.0
L221,Abdomen,32,test/L221/Low_Dose/00000066.dcm,130.0,262144,3.711552143096924,408,1.972636802523744,22.30392156862745,47.794117647058826,100.0,100.0,100.0,0,,,,,,,204,2.0841914158241424,19.607843137254903,42.64705882352941,100.0,100.0,100.0,204,1.8610821892233456,25.0,52.94117647058823,100.0,100.0,100.0
L221,Abdomen,33,test/L221/Low_Dose/00000080.dcm,130.0,262144,3.717402219772339,372,1.854471186155914,25.806451612903224,55.376344086021504,100.0,100.0,100.0,0,,,,,,,188,1.9056863987699468,23.93617021276596,53.191489361702125,100.0,100.0,100.0,184,1.8021425993546196,27.717391304347824,57.608695652173914,100.0,100.0,100.0
L221,Abdomen,34,test/L221/Low_Dose/00000062.dcm,130.0,262144,3.7344882488250732,370,1.9491187843116553,23.783783783783782,49.729729729729726,100.0,100.0,100.0,0,,,,,,,186,2.0528702274445565,22.580645161290324,42.473118279569896,100.0,100.0,100.0,184,1.844239608101223,25.0,57.06521739130435,100.0,100.0,100.0
L221,Abdomen,35,test/L221/Low_Dose/00000023.dcm,130.0,262144,3.771050214767456,331,1.8309274540927114,29.909365558912388,53.77643504531722,100.0,100.0,100.0,0,,,,,,,155,1.9454369329637098,23.870967741935484,50.96774193548387,100.0,100.0,100.0,176,1.7300810380415483,35.22727272727273,56.25,100.0,100.0,100.0
L221,Abdomen,36,test/L221/Low_Dose/00000061.dcm,130.0,262144,3.786353588104248,422,1.8504196094675651,27.01421800947867,55.45023696682465,100.0,100.0,100.0,0,,,,,,,188,2.0137413511884974,21.80851063829787,48.93617021276596,100.0,100.0,100.0,234,1.719203851161859,31.196581196581196,60.68376068376068,100.0,100.0,100.0
L221,Abdomen,37,test/L221/Low_Dose/00000040.dcm,130.0,262144,3.8140599727630615,454,1.851122078916575,27.75330396475771,54.84581497797357,100.0,100.0,100.0,0,,,,,,,219,1.9070063900185503,25.114155251141554,52.51141552511415,100.0,100.0,100.0,235,1.799042657081117,30.21276595744681,57.02127659574468,100.0,100.0,100.0
L221,Abdomen,38,test/L221/Low_Dose/00000094.dcm,130.0,262144,3.820329427719116,419,1.9100854550454953,26.968973747016708,49.88066825775656,100.0,100.0,100.0,0,,,,,,,185,1.924196975295608,26.486486486486488,51.351351351351354,100.0,100.0,100.0,234,1.8989289112580128,27.35042735042735,48.717948717948715,100.0,100.0,100.0
L221,Abdomen,39,test/L221/Low_Dose/00000051.dcm,130.0,262144,3.8203258514404297,369,1.8718129393207994,28.18428184281843,52.03252032520325,100.0,100.0,100.0,0,,,,,,,160,2.001221466064453,25.625,50.0,100.0,100.0,100.0,209,1.7727442107132176,30.14354066985646,53.588516746411486,100.0,100.0,100.0
L221,Abdomen,40,test/L221/Low_Dose/00000085.dcm,130.0,262144,3.761866331100464,376,1.9380879503615358,23.404255319148938,51.06382978723404,100.0,100.0,100.0,0,,,,,,,155,2.0339308215725804,20.64516129032258,46.45161290322581,100.0,100.0,100.0,221,1.8708678370687217,25.339366515837103,54.29864253393665,100.0,100.0,100.0
L221,Abdomen,41,test/L221/Low_Dose/00000037.dcm,130.0,262144,3.743906259536743,358,1.802391691580831,28.77094972067039,56.42458100558659,100.0,100.0,100.0,0,,,,,,,152,1.8322737844366777,25.657894736842106,55.26315789473684,100.0,100.0,100.0,206,1.7803427686969053,31.067961165048544,57.28155339805825,100.0,100.0,100.0
L221,Abdomen,42,test/L221/Low_Dose/00000003.dcm,130.0,262144,3.7266104221343994,307,1.9089637781199105,26.384364820846905,51.465798045602604,100.0,100.0,100.0,0,,,,,,,141,1.9702165752437943,26.95035460992908,47.5177304964539,100.0,100.0,100.0,166,1.856935799839985,25.903614457831324,54.81927710843374,100.0,100.0,100.0
L221,Abdomen,43,test/L221/Low_Dose/00000046.dcm,130.0,262144,3.7012085914611816,366,1.8130406447447063,28.415300546448087,54.6448087431694,100.0,100.0,100.0,0,,,,,,,145,1.8886861866918103,24.82758620689655,51.724137931034484,100.0,100.0,100.0,221,1.7634089543269231,30.76923076923077,56.56108597285068,100.0,100.0,100.0
L221,Abdomen,44,test/L221/Low_Dose/00000093.dcm,130.0,262144,3.6818153858184814,449,1.733484348900334,30.066815144766146,58.797327394209354,100.0,100.0,100.0,0,,,,,,,206,1.7768797642976335,29.12621359223301,57.28155339805825,100.0,100.0,100.0,243,1.6966964658886317,30.864197530864196,60.08230452674897,100.0,100.0,100.0
L221,Abdomen,45,test/L221/Low_Dose/00000099.dcm,130.0,262144,3.6967930793762207,448,1.8193176814488001,26.5625,54.017857142857146,100.0,100.0,100.0,0,,,,,,,204,1.9344973096660538,21.568627450980394,51.96078431372549,100.0,100.0,100.0,244,1.72301995949667,30.737704918032787,55.73770491803279,100.0,100.0,100.0
L221,Abdomen,46,test/L221/Low_Dose/00000005.dcm,130.0,262144,3.6926496028900146,346,1.752347560287211,30.346820809248555,56.64739884393064,100.0,100.0,100.0,0,,,,,,,169,1.8673247388128698,26.035502958579883,50.887573964497044,100.0,100.0,100.0,177,1.6425670903954803,34.463276836158194,62.14689265536723,100.0,100.0,100.0
L221,Abdomen,47,test/L221/Low_Dose/00000030.dcm,130.0,262144,3.6774635314941406,302,1.6389002515780215,33.443708609271525,63.57615894039735,100.0,100.0,100.0,0,,,,,,,129,1.7642850654069768,31.007751937984494,56.58914728682171,100.0,100.0,100.0,173,1.5454052169888006,35.26011560693642,68.78612716763006,100.0,100.0,100.0
L221,Abdomen,48,test/L221/Low_Dose/00000065.dcm,130.0,262144,3.654365301132202,324,1.6889757697964891,31.790123456790123,57.407407407407405,100.0,100.0,100.0,0,,,,,,,152,1.6998058118318256,30.92105263157895,56.578947368421055,100.0,100.0,100.0,172,1.679405034974564,32.55813953488372,58.13953488372093,100.0,100.0,100.0
L221,Abdomen,49,test/L221/Low_Dose/00000031.dcm,130.0,262144,3.6340126991271973,294,1.7504367958120748,27.891156462585034,59.523809523809526,100.0,100.0,100.0,0,,,,,,,147,1.7999948514562074,26.53061224489796,57.82312925170068,100.0,100.0,100.0,147,1.7008787401679422,29.25170068027211,61.224489795918366,100.0,100.0,100.0
L221,Abdomen,50,test/L221/Low_Dose/00000028.dcm,130.0,262144,3.637254476547241,288,1.7261996799045138,30.90277777777778,60.06944444444444,100.0,100.0,100.0,0,,,,,,,129,1.754551613977713,28.68217054263566,58.91472868217054,100.0,100.0,100.0,159,1.7031971673545598,32.704402515723274,61.0062893081761,100.0,100.0,100.0
L221,Abdomen,51,test/L221/Low_Dose/00000042.dcm,130.0,262144,3.6311891078948975,305,1.699155113345287,31.475409836065573,60.32786885245902,100.0,100.0,100.0,0,,,,,,,146,1.7579262093321917,29.45205479452055,58.9041095890411,100.0,100.0,100.0,159,1.6451892013069969,33.333333333333336,61.63522012578616,100.0,100.0,100.0
L221,Abdomen,52,test/L221/Low_Dose/00000013.dcm,130.0,262144,3.6378748416900635,281,1.7573958970473755,28.82562277580071,57.65124555160142,100.0,100.0,100.0,0,,,,,,,141,1.8176650459884751,27.659574468085108,54.60992907801418,100.0,100.0,100.0,140,1.696696254185268,30.0,60.714285714285715,100.0,100.0,100.0
L221,Abdomen,53,test/L221/Low_Dose/00000091.dcm,130.0,262144,3.6292929649353027,278,1.6407409228866907,32.73381294964029,61.510791366906474,100.0,100.0,100.0,0,,,,,,,139,1.5699884428394784,35.97122302158273,64.74820143884892,100.0,100.0,100.0,139,1.7114934029339028,29.496402877697843,58.273381294964025,100.0,100.0,100.0
L221,Abdomen,54,test/L221/Low_Dose/00000047.dcm,130.0,262144,3.634664297103882,273,1.7243849087110805,28.937728937728938,58.97435897435897,100.0,100.0,100.0,0,,,,,,,122,1.8709226514472337,19.672131147540984,53.278688524590166,100.0,100.0,100.0,151,1.605990176169288,36.42384105960265,63.57615894039735,100.0,100.0,100.0
L221,Abdomen,55,test/L221/Low_Dose/00000077.dcm,130.0,262144,3.632145881652832,250,1.82452392578125,26.8,54.0,100.0,100.0,100.0,0,,,,,,,117,1.8480537610176282,29.914529914529915,52.136752136752136,100.0,100.0,100.0,133,1.8038247474154134,24.06015037593985,55.6390977443609,100.0,100.0,100.0
L221,Abdomen,56,test/L221/Low_Dose/00000097.dcm,130.0,262144,3.6239588260650635,291,1.715870231287586,31.27147766323024,58.07560137457045,100.0,100.0,100.0,0,,,,,,,138,1.7628978784533516,28.985507246376812,56.52173913043478,100.0,100.0,100.0,153,1.6734531377655228,33.333333333333336,59.47712418300654,100.0,100.0,100.0
L221,Abdomen,57,test/L221/Low_Dose/00000087.dcm,130.0,262144,3.604923725128174,248,1.6695192398563508,30.241935483870968,61.693548387096776,100.0,100.0,100.0,0,,,,,,,118,1.6740629551774364,31.35593220338983,63.559322033898304,100.0,100.0,100.0,130,1.6653949444110576,29.23076923076923,60.0,100.0,100.0,100.0
L221,Abdomen,58,test/L221/Low_Dose/00000072.dcm,130.0,262144,3.601323366165161,245,1.6680918168048469,33.46938775510204,59.59183673469388,100.0,100.0,100.0,0,,,,,,,117,1.6774996243990385,31.623931623931625,61.53846153846154,100.0,100.0,100.0,128,1.6594924926757812,35.15625,57.8125,100.0,100.0,100.0
L221,Abdomen,59,test/L221/Low_Dose/00000092.dcm,130.0,262144,3.5812010765075684,239,1.7135224282492154,25.94142259414226,58.15899581589958,100.0,100.0,100.0,0,,,,,,,121,1.7844793146306819,23.140495867768596,55.37190082644628,100.0,100.0,100.0,118,1.6407615532309323,28.8135593220339,61.016949152542374,100.0,100.0,100.0
L221,Abdomen,60,test/L221/Low_Dose/00000025.dcm,130.0,262144,3.5662546157836914,261,1.7270353470725575,31.03448275862069,59.770114942528735,100.0,100.0,100.0,0,,,,,,,128,1.7406721115112305,27.34375,57.03125,100.0,100.0,100.0,133,1.7139112429511278,34.58646616541353,62.40601503759399,100.0,100.0,100.0
L221,Abdomen,61,test/L221/Low_Dose/00000001.dcm,130.0,262144,3.589709758758545,167,1.9022823493637724,24.550898203592816,49.70059880239521,100.0,100.0,100.0,0,,,,,,,85,2.0911893956801473,16.470588235294116,40.0,100.0,100.0,100.0,82,1.7064640696455793,32.926829268292686,59.75609756097561,100.0,100.0,100.0
L221,Abdomen,62,test/L221/Low_Dose/00000056.dcm,130.0,262144,3.594338893890381,141,1.7280256122562057,27.659574468085108,58.86524822695036,100.0,100.0,100.0,0,,,,,,,70,1.7226143973214285,28.571428571428573,61.42857142857143,100.0,100.0,100.0,71,1.7333606128961268,26.760563380281692,56.33802816901409,100.0,100.0,100.0
L221,Abdomen,63,test/L221/Low_Dose/00000036.dcm,130.0,262144,3.5758256912231445,177,1.759686313780014,28.24858757062147,55.932203389830505,100.0,100.0,100.0,0,,,,,,,87,1.7453472970545978,27.586206896551722,58.62068965517241,100.0,100.0,100.0,90,1.77354736328125,28.88888888888889,53.333333333333336,100.0,100.0,100.0
L221,Abdomen,64,test/L221/Low_Dose/00000054.dcm,130.0,262144,3.5728914737701416,178,1.8716917573735956,21.910112359550563,52.80898876404494,100.0,100.0,100.0,0,,,,,,,88,1.842286543412642,20.454545454545453,55.68181818181818,100.0,100.0,100.0,90,1.9004435221354166,23.333333333333332,50.0,100.0,100.0,100.0
L221,Abdomen,65,test/L221/Low_Dose/00000008.dcm,130.0,262144,3.5760490894317627,213,1.8090871891505282,26.291079812206572,56.33802816901409,100.0,100.0,100.0,0,,,,,,,98,1.9350386639030612,23.46938775510204,47.95918367346939,100.0,100.0,100.0,115,1.7017546280570652,28.695652173913043,63.47826086956522,100.0,100.0,100.0
L221,Abdomen,66,test/L221/Low_Dose/00000022.dcm,130.0,262144,3.584505796432495,174,1.5226538647180317,36.206896551724135,70.11494252873563,100.0,100.0,100.0,0,,,,,,,92,1.585410740064538,30.434782608695652,69.56521739130434,100.0,100.0,100.0,82,1.4522437118902438,42.68292682926829,70.73170731707317,100.0,100.0,100.0
L221,Abdomen,67,test/L221/Low_Dose/00000048.dcm,130.0,262144,3.555305242538452,262,1.7535670622614503,26.33587786259542,57.63358778625954,100.0,100.0,100.0,0,,,,,,,127,1.756725401390256,29.921259842519685,53.54330708661417,100.0,100.0,100.0,135,1.7505958839699074,22.962962962962962,61.48148148148148,100.0,100.0,100.0
L221,Abdomen,68,test/L221/Low_Dose/00000004.dcm,130.0,262144,3.542004108428955,214,1.7651321553738317,27.570093457943926,54.205607476635514,100.0,100.0,100.0,0,,,,,,,108,1.7906629774305556,29.62962962962963,53.7037037037037,100.0,100.0,100.0,106,1.7391196196933962,25.471698113207548,54.716981132075475,100.0,100.0,100.0
L221,Abdomen,69,test/L221/Low_Dose/00000063.dcm,130.0,262144,3.5056111812591553,153,1.6710715699040033,30.718954248366014,59.47712418300654,100.0,100.0,100.0,0,,,,,,,72,1.7402699788411458,29.166666666666668,54.166666666666664,100.0,100.0,100.0,81,1.6095618730709877,32.098765432098766,64.19753086419753,100.0,100.0,100.0
L221,Abdomen,70,test/L221/Low_Dose/00000033.dcm,130.0,262144,3.462204933166504,145,1.5310504781788794,33.10344827586207,68.27586206896552,100.0,100.0,100.0,0,,,,,,,74,1.6043915619721283,33.78378378378378,64.86486486486487,100.0,100.0,100.0,71,1.4546104753521127,32.394366197183096,71.83098591549296,100.0,100.0,100.0
L221,Abdomen,71,test/L221/Low_Dose/00000096.dcm,130.0,262144,3.441329002380371,120,1.727545166015625,25.833333333333332,61.666666666666664,100.0,100.0,100.0,0,,,,,,,60,1.839886474609375,25.0,56.666666666666664,100.0,100.0,100.0,60,1.615203857421875,26.666666666666668,66.66666666666667,100.0,100.0,100.0
L221,Abdomen,72,test/L221/Low_Dose/00000027.dcm,130.0,262144,3.430777072906494,104,1.755029531625601,25.96153846153846,55.76923076923077,100.0,100.0,100.0,0,,,,,,,41,1.5872802734375,26.829268292682926,65.85365853658537,100.0,100.0,100.0,63,1.8641996837797619,25.396825396825395,49.20634920634921,100.0,100.0,100.0
L221,Abdomen,73,test/L221/Low_Dose/00000032.dcm,130.0,262144,3.4237301349639893,66,1.6451970880681819,33.333333333333336,60.60606060606061,100.0,100.0,100.0,0,,,,,,,33,1.7367683179450757,21.21212121212121,60.60606060606061,100.0,100.0,100.0,33,1.5536258581912878,45.45454545454545,60.60606060606061,100.0,100.0,100.0
L221,Abdomen,74,test/L221/Low_Dose/00000057.dcm,130.0,262144,3.411565065383911,49,1.5545778858418366,36.734693877551024,61.224489795918366,100.0,100.0,100.0,0,,,,,,,26,1.7090313251201923,34.61538461538461,50.0,100.0,100.0,100.0,23,1.3799783457880435,39.130434782608695,73.91304347826087,100.0,100.0,100.0
L221,Abdomen,75,test/L221/Low_Dose/00000082.dcm,130.0,262144,3.368391990661621,98,1.585482850366709,34.69387755102041,61.224489795918366,100.0,100.0,100.0,0,,,,,,,38,1.8011795847039473,26.31578947368421,50.0,100.0,100.0,100.0,60,1.4488749186197916,40.0,68.33333333333333,100.0,100.0,100.0
L221,Abdomen,76,test/L221/Low_Dose/00000043.dcm,130.0,262144,3.3403894901275635,69,1.6146877122961956,30.434782608695652,60.869565217391305,100.0,100.0,100.0,0,,,,,,,30,1.69239501953125,26.666666666666668,56.666666666666664,100.0,100.0,100.0,39,1.5549128605769231,33.333333333333336,64.1025641025641,100.0,100.0,100.0
L221,Abdomen,77,test/L221/Low_Dose/00000010.dcm,130.0,262144,3.3204784393310547,63,1.6002468532986112,33.333333333333336,66.66666666666667,100.0,100.0,100.0,0,,,,,,,36,1.6262173122829862,30.555555555555557,69.44444444444444,100.0,100.0,100.0,27,1.5656195746527777,37.03703703703704,62.96296296296296,100.0,100.0,100.0
L221,Abdomen,78,test/L221/Low_Dose/00000019.dcm,130.0,262144,3.3102469444274902,77,1.6648329697646105,25.974025974025974,61.03896103896104,100.0,100.0,100.0,0,,,,,,,35,1.5861153738839286,28.571428571428573,62.857142857142854,100.0,100.0,100.0,42,1.7304309663318453,23.80952380952381,59.523809523809526,100.0,100.0,100.0
L221,Abdomen,79,test/L221/Low_Dose/00000074.dcm,130.0,262144,3.2846455574035645,63,1.6731170169890872,28.571428571428573,61.904761904761905,100.0,100.0,100.0,0,,,,,,,25,1.714072265625,28.0,56.0,100.0,100.0,100.0,38,1.6461727744654606,28.94736842105263,65.78947368421052,100.0,100.0,100.0
L221,Abdomen,80,test/L221/Low_Dose/00000015.dcm,130.0,262144,3.2433836460113525,107,1.419698269567757,44.85981308411215,67.28971962616822,100.0,100.0,100.0,0,,,,,,,55,1.4711581143465908,41.81818181818182,69.0909090909091,100.0,100.0,100.0,52,1.3652695875901442,48.07692307692308,65.38461538461539,100.0,100.0,100.0
L221,Abdomen,81,test/L221/Low_Dose/00000035.dcm,130.0,262144,3.2063629627227783,107,1.5410932023948598,34.57943925233645,64.48598130841121,100.0,100.0,100.0,0,,,,,,,59,1.5662221100370763,32.20338983050848,66.10169491525424,100.0,100.0,100.0,48,1.510205586751302,37.5,62.5,100.0,100.0,100.0
L221,Abdomen,82,test/L221/Low_Dose/00000009.dcm,130.0,262144,3.175330877304077,91,1.4247416401957418,37.362637362637365,71.42857142857143,100.0,100.0,100.0,0,,,,,,,41,1.3421928591844512,39.02439024390244,78.04878048780488,100.0,100.0,100.0,50,1.492431640625,36.0,66.0,100.0,100.0,100.0
L221,Abdomen,83,test/L221/Low_Dose/00000039.dcm,130.0,262144,3.148998975753784,81,1.5271282431520061,35.80246913580247,64.19753086419753,100.0,100.0,100.0,0,,,,,,,39,1.346664037459936,46.15384615384615,76.92307692307692,100.0,100.0,100.0,42,1.6947021484375,26.19047619047619,52.38095238095238,100.0,100.0,100.0
L221,Abdomen,84,test/L221/Low_Dose/00000084.dcm,130.0,262144,3.1447229385375977,59,1.4750190346927967,35.59322033898305,72.88135593220339,100.0,100.0,100.0,0,,,,,,,30,1.6696736653645834,26.666666666666668,63.333333333333336,100.0,100.0,100.0,29,1.2736521753771552,44.827586206896555,82.75862068965517,100.0,100.0,100.0
L221,Abdomen,85,test/L221/Low_Dose/00000011.dcm,130.0,262144,3.1513733863830566,71,1.571170430787852,32.394366197183096,61.971830985915496,100.0,100.0,100.0,0,,,,,,,32,1.4945945739746094,34.375,62.5,100.0,100.0,100.0,39,1.6340019030448718,30.76923076923077,61.53846153846154,100.0,100.0,100.0
L221,Abdomen,86,test/L221/Low_Dose/00000041.dcm,130.0,262144,3.1736955642700195,68,1.6233394847196692,29.41176470588235,60.294117647058826,100.0,100.0,100.0,0,,,,,,,36,1.7497931586371527,25.0,50.0,100.0,100.0,100.0,32,1.4810791015625,34.375,71.875,100.0,100.0,100.0
L221,Abdomen,87,test/L221/Low_Dose/00000090.dcm,130.0,262144,3.1728904247283936,84,1.6301400320870536,30.952380952380953,60.714285714285715,100.0,100.0,100.0,0,,,,,,,44,1.6378978382457385,29.545454545454547,61.36363636363637,100.0,100.0,100.0,40,1.6216064453125,32.5,60.0,100.0,100.0,100.0
L221,Abdomen,88,test/L221/Low_Dose/00000073.dcm,130.0,262144,3.159709930419922,84,1.6040910993303572,28.571428571428573,59.523809523809526,100.0,100.0,100.0,0,,,,,,,34,1.5786025103400736,26.470588235294116,58.8235294117647,100.0,100.0,100.0,50,1.62142333984375,30.0,60.0,100.0,100.0,100.0
L221,Abdomen,89,test/L221/Low_Dose/00000044.dcm,130.0,262144,3.1630873680114746,100,1.526778564453125,27.0,68.0,100.0,100.0,100.0,0,,,,,,,48,1.5524749755859375,27.083333333333332,64.58333333333333,100.0,100.0,100.0,52,1.5030588003305287,26.923076923076923,71.15384615384616,100.0,100.0,100.0
L221,Abdomen,90,test/L221/Low_Dose/00000081.dcm,130.0,262144,3.148979425430298,130,1.5763681265024039,30.76923076923077,61.53846153846154,100.0,100.0,100.0,0,,,,,,,70,1.6079153878348214,31.428571428571427,55.714285714285715,100.0,100.0,100.0,60,1.53956298828125,30.0,68.33333333333333,100.0,100.0,100.0
L221,Abdomen,91,test/L221/Low_Dose/00000007.dcm,130.0,262144,3.1435062885284424,113,1.461613747925885,31.858407079646017,70.79646017699115,100.0,100.0,100.0,0,,,,,,,45,1.3727077907986112,35.55555555555556,75.55555555555556,100.0,100.0,100.0,68,1.5204485724954044,29.41176470588235,67.6470588235294,100.0,100.0,100.0
L221,Abdomen,92,test/L221/Low_Dose/00000086.dcm,130.0,262144,3.149658679962158,141,1.6365767675088652,26.95035460992908,62.4113475177305,100.0,100.0,100.0,0,,,,,,,69,1.5853837607563406,31.884057971014492,63.768115942028984,100.0,100.0,100.0,72,1.685636732313368,22.22222222222222,61.111111111111114,100.0,100.0,100.0
L221,Abdomen,93,test/L221/Low_Dose/00000095.dcm,130.0,262144,3.1642398834228516,165,1.654733368844697,26.666666666666668,63.03030303030303,100.0,100.0,100.0,0,,,,,,,76,1.6447288111636513,28.94736842105263,57.89473684210526,100.0,100.0,100.0,89,1.6632765866397472,24.719101123595507,67.41573033707866,100.0,100.0,100.0
L221,Abdomen,94,test/L221/Low_Dose/00000026.dcm,130.0,262144,3.1613006591796875,155,1.6318319997479838,29.032258064516128,60.0,100.0,100.0,100.0,0,,,,,,,75,1.6806119791666667,26.666666666666668,62.666666666666664,100.0,100.0,100.0,80,1.5861007690429687,31.25,57.5,100.0,100.0,100.0
L221,Abdomen,95,test/L221/Low_Dose/00000059.dcm,130.0,262144,3.159118413925171,160,1.4949195861816407,40.0,65.625,100.0,100.0,100.0,0,,,,,,,76,1.413116455078125,43.421052631578945,69.73684210526316,100.0,100.0,100.0,84,1.5689319428943453,36.904761904761905,61.904761904761905,100.0,100.0,100.0
L221,Abdomen,96,test/L221/Low_Dose/00000088.dcm,130.0,262144,3.144299268722534,144,1.5892995198567708,31.25,60.416666666666664,100.0,100.0,100.0,0,,,,,,,69,1.5700648211050725,31.884057971014492,63.768115942028984,100.0,100.0,100.0,75,1.6069954427083333,30.666666666666668,57.333333333333336,100.0,100.0,100.0
L221,Abdomen,97,test/L221/Low_Dose/00000058.dcm,130.0,262144,3.135061740875244,127,1.4587133212352361,40.94488188976378,68.50393700787401,100.0,100.0,100.0,0,,,,,,,58,1.4137362776131466,39.6551724137931,68.96551724137932,100.0,100.0,100.0,69,1.496520111526268,42.028985507246375,68.1159420289855,100.0,100.0,100.0
L221,Abdomen,98,test/L221/Low_Dose/00000071.dcm,130.0,262144,3.1186723709106445,138,1.675383194633152,27.536231884057973,57.2463768115942,100.0,100.0,100.0,0,,,,,,,62,1.7890191847278225,22.580645161290324,53.225806451612904,100.0,100.0,100.0,76,1.582680150082237,31.57894736842105,60.526315789473685,100.0,100.0,100.0
L241,Abdomen,0,test/L241/Low_Dose/00000079.dcm,130.0,262144,4.9332451820373535,468,2.4975186861478367,20.085470085470085,38.46153846153846,100.0,100.0,100.0,0,,,,,,,246,2.607115706777185,18.29268292682927,34.552845528455286,100.0,100.0,100.0,222,2.376073338963964,22.07207207207207,42.792792792792795,100.0,100.0,100.0
L241,Abdomen,1,test/L241/Low_Dose/00000071.dcm,130.0,262144,4.941089630126953,511,2.390509857356898,22.309197651663403,42.857142857142854,100.0,100.0,100.0,0,,,,,,,291,2.4960060775075172,22.68041237113402,41.23711340206186,100.0,100.0,100.0,220,2.250967129794034,21.818181818181817,45.0,100.0,100.0,100.0
L241,Abdomen,2,test/L241/Low_Dose/00000113.dcm,130.0,262144,4.921026229858398,475,2.3046494654605265,23.36842105263158,44.8421052631579,100.0,100.0,100.0,0,,,,,,,293,2.3627954684833616,22.18430034129693,43.34470989761092,100.0,100.0,100.0,182,2.211040790264423,25.274725274725274,47.252747252747255,100.0,100.0,100.0
L241,Abdomen,3,test/L241/Low_Dose/00000041.dcm,130.0,262144,4.9135003089904785,522,2.4678026688966717,19.92337164750958,37.73946360153257,100.0,100.0,100.0,0,,,,,,,285,2.54528594435307,19.29824561403509,34.03508771929825,100.0,100.0,100.0,237,2.3746265781579643,20.675105485232066,42.19409282700422,100.0,100.0,100.0
L241,Abdomen,4,test/L241/Low_Dose/00000103.dcm,130.0,262144,4.867880344390869,466,2.455858484358235,19.313304721030043,41.63090128755365,100.0,100.0,100.0,0,,,,,,,260,2.621027080829327,16.153846153846153,35.76923076923077,100.0,100.0,100.0,206,2.2473932655112256,23.300970873786408,49.029126213592235,100.0,100.0,100.0
L241,Abdomen,5,test/L241/Low_Dose/00000152.dcm,130.0,262144,4.819026947021484,476,2.4221306808856355,18.907563025210084,40.7563025210084,100.0,100.0,100.0,0,,,,,,,275,2.520895330255682,16.0,38.18181818181818,100.0,100.0,100.0,201,2.287004916822139,22.885572139303484,44.27860696517413,100.0,100.0,100.0
L241,Abdomen,6,test/L241/Low_Dose/00000032.dcm,130.0,262144,4.824493885040283,452,2.482089962579508,18.58407079646018,37.16814159292036,100.0,100.0,100.0,0,,,,,,,286,2.580084527289117,16.783216783216783,34.61538461538461,100.0,100.0,100.0,166,2.313255953501506,21.686746987951807,41.566265060240966,100.0,100.0,100.0
L241,Abdomen,7,test/L241/Low_Dose/00000122.dcm,130.0,262144,4.795389652252197,423,2.3674128827755614,21.04018912529551,40.8983451536643,100.0,100.0,100.0,0,,,,,,,248,2.5491524973223285,18.548387096774192,32.66129032258065,100.0,100.0,100.0,175,2.109861886160714,24.571428571428573,52.57142857142857,100.0,100.0,100.0
L241,Abdomen,8,test/L241/Low_Dose/00000059.dcm,130.0,262144,4.6813578605651855,430,2.4153272052143895,18.372093023255815,40.93023255813954,100.0,100.0,100.0,0,,,,,,,279,2.4671031446012543,17.921146953405017,39.784946236559136,100.0,100.0,100.0,151,2.3196617278042218,19.205298013245034,43.04635761589404,100.0,100.0,100.0
L241,Abdomen,9,test/L241/Low_Dose/00000047.dcm,130.0,262144,4.616988658905029,442,2.249198257653422,20.58823529411765,45.70135746606335,100.0,100.0,100.0,0,,,,,,,257,2.3387289678076364,19.455252918287936,42.80155642023346,100.0,100.0,100.0,185,2.1248231630067567,22.16216216216216,49.729729729729726,100.0,100.0,100.0
L241,Abdomen,10,test/L241/Low_Dose/00000009.dcm,130.0,262144,4.56336784362793,524,2.2854271808653386,20.99236641221374,43.51145038167939,100.0,100.0,100.0,0,,,,,,,323,2.3954541469137,16.71826625386997,38.39009287925697,100.0,100.0,100.0,201,2.10861767821051,27.860696517412936,51.74129353233831,100.0,100.0,100.0
L241,Abdomen,11,test/L241/Low_Dose/00000065.dcm,130.0,262144,4.515134334564209,608,2.1027171486302425,25.986842105263158,49.83552631578947,100.0,100.0,100.0,0,,,,,,,365,2.15628879494863,24.65753424657534,48.49315068493151,100.0,100.0,100.0,243,2.0222494494277266,27.983539094650205,51.851851851851855,100.0,100.0,100.0
L241,Abdomen,12,test/L241/Low_Dose/00000112.dcm,130.0,262144,4.466056823730469,635,2.162714920644685,24.251968503937007,46.45669291338583,100.0,100.0,100.0,0,,,,,,,348,2.206347936871408,22.701149425287355,44.54022988505747,100.0,100.0,100.0,287,2.109807988077091,26.13240418118467,48.78048780487805,100.0,100.0,100.0
L241,Abdomen,13,test/L241/Low_Dose/00000003.dcm,130.0,262144,4.484302043914795,614,2.1909573334436074,24.429967426710096,45.60260586319218,100.0,100.0,100.0,0,,,,,,,310,2.342682869203629,21.29032258064516,40.645161290322584,100.0,100.0,100.0,304,2.0362372147409538,27.63157894736842,50.6578947368421,100.0,100.0,100.0
L241,Abdomen,14,test/L241/Low_Dose/00000075.dcm,130.0,262144,4.5187602043151855,735,2.2877436423788264,20.0,43.945578231292515,100.0,100.0,100.0,0,,,,,,,395,2.4341753609572785,16.962025316455698,38.48101265822785,100.0,100.0,100.0,340,2.117624439912684,23.529411764705884,50.294117647058826,100.0,100.0,100.0
L241,Abdomen,15,test/L241/Low_Dose/00000130.dcm,130.0,262144,4.5777740478515625,650,2.508319373497596,16.615384615384617,35.84615384615385,100.0,100.0,100.0,0,,,,,,,328,2.5889773485137195,15.853658536585366,33.53658536585366,100.0,100.0,100.0,322,2.426158454847632,17.391304347826086,38.19875776397515,100.0,100.0,100.0
L241,Abdomen,16,test/L241/Low_Dose/00000154.dcm,130.0,262144,4.603267669677734,689,2.3297716204417633,21.915820029027575,41.509433962264154,100.0,100.0,100.0,0,,,,,,,377,2.3858205456316313,19.893899204244033,38.726790450928384,100.0,100.0,100.0,312,2.26204583583734,24.358974358974358,44.87179487179487,100.0,100.0,100.0
L241,Abdomen,17,test/L241/Low_Dose/00000027.dcm,130.0,262144,4.704284191131592,874,2.5000335204519453,16.933638443935926,37.18535469107552,100.0,100.0,100.0,0,,,,,,,513,2.6277433696546053,13.840155945419104,33.13840155945419,100.0,100.0,100.0,361,2.318551103163954,21.329639889196677,42.93628808864266,100.0,100.0,100.0
L241,Abdomen,18,test/L241/Low_Dose/00000084.dcm,130.0,262144,4.760814189910889,788,2.5127396172073286,19.67005076142132,36.29441624365482,100.0,100.0,100.0,0,,,,,,,448,2.5296377454485213,20.3125,35.714285714285715,100.0,100.0,100.0,340,2.4904738482306987,18.823529411764707,37.05882352941177,100.0,100.0,100.0
L241,Abdomen,19,test/L241/Low_Dose/00000155.dcm,130.0,262144,4.79156494140625,900,2.504829644097222,18.555555555555557,37.333333333333336,100.0,100.0,100.0,0,,,,,,,484,2.623934659090909,15.082644628099173,34.09090909090909,100.0,100.0,100.0,416,2.366255833552434,22.596153846153847,41.10576923076923,100.0,100.0,100.0
L241,Abdomen,20,test/L241/Low_Dose/00000011.dcm,130.0,262144,4.8318071365356445,1136,2.563570264359595,17.429577464788732,35.12323943661972,100.0,100.0,100.0,0,,,,,,,669,2.584800731619021,15.097159940209268,34.23019431988042,100.0,100.0,100.0,467,2.533156597129283,20.77087794432548,36.40256959314775,100.0,100.0,100.0
L241,Abdomen,21,test/L241/Low_Dose/00000088.dcm,130.0,262144,4.908309459686279,1492,2.5633155475033513,18.230563002680967,36.46112600536193,100.0,100.0,100.0,0,,,,,,,839,2.6935639409825685,15.613825983313468,32.06197854588796,100.0,100.0,100.0,653,2.395967118407829,21.592649310872893,42.11332312404288,100.0,100.0,100.0
L241,Abdomen,22,test/L241/Low_Dose/00000091.dcm,130.0,262144,4.996429920196533,1575,2.562261904761905,18.73015873015873,36.95238095238095,100.0,100.0,100.0,0,,,,,,,921,2.6143739184649837,17.58957654723127,35.07057546145494,100.0,100.0,100.0,654,2.488874802895642,20.33639143730887,39.60244648318043,100.0,100.0,100.0
L241,Abdomen,23,test/L241/Low_Dose/00000039.dcm,130.0,262144,5.1006388664245605,1923,2.5679063881305253,18.720748829953198,37.70150806032241,99.68798751950078,100.0,100.0,0,,,,,,,1085,2.6649114793346773,17.05069124423963,35.2073732718894,99.63133640552995,100.0,100.0,838,2.4423088128356207,20.883054892601432,40.930787589498806,99.76133651551312,100.0,100.0
L241,Abdomen,24,test/L241/Low_Dose/00000023.dcm,130.0,262144,5.133240222930908,2034,2.5314823777040316,20.00983284169125,38.64306784660767,99.26253687315634,100.0,100.0,0,,,,,,,1146,2.6436567323162086,17.62652705061082,35.602094240837694,99.21465968586388,100.0,100.0,888,2.3867171004011825,23.085585585585587,42.567567567567565,99.32432432432432,100.0,100.0
L241,Abdomen,25,test/L241/Low_Dose/00000029.dcm,130.0,262144,5.14247465133667,2142,2.5689048731471757,18.207282913165265,37.81512605042017,99.11297852474323,100.0,100.0,0,,,,,,,1207,2.658446861083782,16.652858326429165,35.12841756420878,98.75724937862469,100.0,100.0,935,2.453314306901738,20.21390374331551,41.283422459893046,99.57219251336899,100.0,100.0
L241,Abdomen,26,test/L241/Low_Dose/00000121.dcm,130.0,262144,5.1698126792907715,2226,2.5451886090521114,19.137466307277627,39.892183288409704,98.24797843665768,100.0,100.0,0,,,,,,,1206,2.630013385222326,17.412935323383085,37.39635157545605,98.17578772802653,100.0,100.0,1020,2.4448960248161766,21.176470588235293,42.84313725490196,98.33333333333333,100.0,100.0
L241,Abdomen,27,test/L241/Low_Dose/00000078.dcm,130.0,262144,5.214367389678955,1939,2.5433507627159617,19.64930376482723,39.14388860237236,97.73078906652914,100.0,100.0,0,,,,,,,968,2.6686726719879905,18.59504132231405,35.84710743801653,97.31404958677686,100.0,100.0,971,2.418416299240474,20.700308959835223,42.43048403707518,98.14624098867148,100.0,100.0
L241,Abdomen,28,test/L241/Low_Dose/00000107.dcm,130.0,262144,5.249939918518066,2182,2.641394792621448,16.91109074243813,37.305224564619614,96.33363886342805,100.0,100.0,0,,,,,,,1099,2.7204494320120562,15.468607825295724,34.121929026387626,95.90536851683349,100.0,100.0,1083,2.5611726685133887,18.37488457987073,40.53554939981533,96.76823638042475,100.0,100.0
L241,Abdomen,29,test/L241/Low_Dose/00000150.dcm,130.0,262144,5.278963088989258,2231,2.62054965892537,17.929179740026893,39.30972658000896,96.14522635589422,100.0,100.0,0,,,,,,,1120,2.67975093296596,17.410714285714285,37.94642857142857,96.33928571428571,100.0,100.0,1111,2.560868586858686,18.45184518451845,40.68406840684069,95.94959495949595,100.0,100.0
L241,Abdomen,30,test/L241/Low_Dose/00000096.dcm,130.0,262144,5.30508279800415,2395,2.6393617888830896,18.204592901878915,36.49269311064718,95.90814196242171,100.0,100.0,0,,,,,,,1278,2.6978761675958527,16.74491392801252,35.0547730829421,95.38341158059468,100.0,100.0,1117,2.5724133770702777,19.874664279319607,38.137869292748434,96.50850492390332,100.0,100.0
L241,Abdomen,31,test/L241/Low_Dose/00000038.dcm,130.0,262144,5.336840629577637,2292,2.63622535585733,18.673647469458988,38.089005235602095,94.72076788830715,100.0,100.0,0,,,,,,,1214,2.7564685199366763,16.474464579901152,35.502471169686984,93.08072487644152,100.0,100.0,1078,2.500812141262755,21.150278293135436,41.001855287569576,96.56771799628943,100.0,100.0
L241,Abdomen,32,test/L241/Low_Dose/00000102.dcm,130.0,262144,5.359347820281982,2327,2.6123735127041257,18.865492049849593,37.85990545767082,94.9290932531156,100.0,100.0,0,,,,,,,1226,2.7589181025693312,16.802610114192497,34.176182707993476,93.6378466557912,100.0,100.0,1101,2.4491908102009536,21.162579473206176,41.961852861035425,96.3669391462307,100.0,100.0
L241,Abdomen,33,test/L241/Low_Dose/00000076.dcm,130.0,262144,5.369900703430176,2338,2.715641958270958,17.365269461077844,35.885372112917025,94.61077844311377,100.0,100.0,0,,,,,,,1163,2.7949865313306104,16.93895098882201,33.10404127257094,94.1530524505589,100.0,100.0,1175,2.637107504986702,17.78723404255319,38.638297872340424,95.06382978723404,100.0,100.0
L241,Abdomen,34,test/L241/Low_Dose/00000073.dcm,130.0,262144,5.400599002838135,2104,2.5878103277982416,21.15019011406844,39.448669201520914,94.43916349809886,100.0,100.0,0,,,,,,,1089,2.6441088799931127,19.375573921028465,37.83287419651056,93.66391184573003,100.0,100.0,1015,2.5274070100831283,23.054187192118228,41.18226600985221,95.27093596059113,100.0,100.0
L241,Abdomen,35,test/L241/Low_Dose/00000098.dcm,130.0,262144,5.424180030822754,1945,2.635072903277635,20.46272493573265,37.73778920308483,93.31619537275064,100.0,100.0,0,,,,,,,990,2.716898230350379,18.88888888888889,35.15151515151515,92.82828282828282,100.0,100.0,955,2.5502489978730365,22.094240837696336,40.41884816753927,93.82198952879581,100.0,100.0
L241,Abdomen,36,test/L241/Low_Dose/00000138.dcm,130.0,262144,5.4459943771362305,1934,2.644777662874871,19.33815925542916,37.849017580144775,93.53671147880041,100.0,100.0,0,,,,,,,1022,2.750162441903131,17.80821917808219,35.22504892367906,93.24853228962817,100.0,100.0,912,2.526682000411184,21.05263157894737,40.78947368421053,93.85964912280701,100.0,100.0
L241,Abdomen,37,test/L241/Low_Dose/00000054.dcm,130.0,262144,5.452985763549805,1899,2.664944440330437,19.115323854660346,36.96682464454976,94.681411269089,100.0,100.0,0,,,,,,,997,2.768442044884654,16.850551654964896,34.503510531594785,94.18254764292878,100.0,100.0,902,2.550546312014967,21.61862527716186,39.689578713968956,95.23281596452328,100.0,100.0
L241,Abdomen,38,test/L241/Low_Dose/00000114.dcm,130.0,262144,5.452025890350342,1830,2.6307406399419397,19.89071038251366,39.18032786885246,93.71584699453553,100.0,100.0,0,,,,,,,960,2.696857706705729,17.708333333333332,36.666666666666664,93.75,100.0,100.0,870,2.557783876616379,22.298850574712645,41.95402298850575,93.67816091954023,100.0,100.0
L241,Abdomen,39,test/L241/Low_Dose/00000033.dcm,130.0,262144,5.463252067565918,1746,2.653228584979954,19.93127147766323,38.373424971363114,93.69988545246277,100.0,100.0,0,,,,,,,893,2.7737838898901175,17.91713325867861,35.162374020156776,93.28107502799553,100.0,100.0,853,2.5270200418559496,22.039859320046894,41.73505275498241,94.13833528722157,100.0,100.0
L241,Abdomen,40,test/L241/Low_Dose/00000051.dcm,130.0,262144,5.4771575927734375,1705,2.6185409411656893,19.765395894428153,39.41348973607038,93.19648093841643,100.0,100.0,0,,,,,,,836,2.797135202508224,16.148325358851675,35.16746411483253,91.38755980861244,100.0,100.0,869,2.4467290213247987,23.24510932105869,43.49827387802071,94.9367088607595,100.0,100.0
L241,Abdomen,41,test/L241/Low_Dose/00000057.dcm,130.0,262144,5.490632057189941,1511,2.6002598780815687,20.251489080079416,39.245532759761744,92.19060225016545,100.0,100.0,0,,,,,,,738,2.751510496061992,17.344173441734416,36.449864498644985,90.92140921409214,100.0,100.0,773,2.4558577642403785,23.027166882276845,41.91461836998706,93.40232858990944,100.0,100.0
L241,Abdomen,42,test/L241/Low_Dose/00000055.dcm,130.0,262144,5.500415802001953,1524,2.638207623339075,19.028871391076116,37.79527559055118,92.97900262467192,100.0,100.0,0,,,,,,,754,2.738925599925398,16.843501326259947,34.48275862068966,93.36870026525199,100.0,100.0,770,2.539582329291802,21.16883116883117,41.03896103896104,92.59740259740259,100.0,100.0
L241,Abdomen,43,test/L241/Low_Dose/00000058.dcm,130.0,262144,5.503922939300537,1535,2.747938085301303,18.306188925081432,36.02605863192182,92.37785016286645,100.0,100.0,0,,,,,,,739,2.8236049295923547,17.591339648173207,34.37077131258457,91.2043301759134,100.0,100.0,796,2.677689595438128,18.969849246231156,37.562814070351756,93.46733668341709,100.0,100.0
L241,Abdomen,44,test/L241/Low_Dose/00000006.dcm,130.0,262144,5.532872676849365,1601,2.6488833883119924,19.737663960024985,39.163023110555905,91.69269206745784,100.0,100.0,0,,,,,,,828,2.6948074119678442,18.47826086956522,39.009661835748794,91.42512077294685,100.0,100.0,773,2.5996918079923996,21.08667529107374,39.32729624838292,91.97930142302717,100.0,100.0
L241,Abdomen,45,test/L241/Low_Dose/00000046.dcm,130.0,262144,5.55440092086792,1532,2.7057330975644582,19.908616187989555,37.010443864229764,91.38381201044386,100.0,100.0,0,,,,,,,780,2.8167151817908653,18.71794871794872,35.0,89.35897435897436,100.0,100.0,752,2.5906190263464097,21.143617021276597,39.09574468085106,93.48404255319149,100.0,100.0
L241,Abdomen,46,test/L241/Low_Dose/00000137.dcm,130.0,262144,5.560303211212158,1403,2.700840205697612,19.10192444761226,37.704918032786885,91.66072701354241,100.0,100.0,0,,,,,,,704,2.8217619115656074,16.619318181818183,34.09090909090909,91.19318181818181,100.0,100.0,699,2.579053363063305,21.602288984263232,41.3447782546495,92.13161659513591,100.0,100.0
L241,Abdomen,47,test/L241/Low_Dose/00000015.dcm,130.0,262144,5.573004245758057,1440,2.7064063178168403,19.23611111111111,36.80555555555556,92.36111111111111,100.0,100.0,0,,,,,,,702,2.7704304317463495,18.66096866096866,34.33048433048433,91.88034188034187,100.0,100.0,738,2.6455053313960875,19.78319783197832,39.15989159891599,92.81842818428184,100.0,100.0
L241,Abdomen,48,test/L241/Low_Dose/00000141.dcm,130.0,262144,5.598384380340576,1310,2.657618305701336,19.61832061068702,37.55725190839695,91.6030534351145,100.0,100.0,0,,,,,,,700,2.7450889369419644,18.571428571428573,34.714285714285715,89.85714285714286,100.0,100.0,610,2.557242371606045,20.81967213114754,40.81967213114754,93.60655737704919,100.0,100.0
L241,Abdomen,49,test/L241/Low_Dose/00000093.dcm,130.0,262144,5.632610321044922,1274,2.750594446011578,17.50392464678179,36.891679748822604,90.97331240188383,100.0,100.0,0,,,,,,,626,2.89092042575629,13.578274760383387,31.309904153354633,89.93610223642173,100.0,100.0,648,2.6150326199001737,21.296296296296298,42.28395061728395,91.9753086419753,100.0,100.0
L241,Abdomen,50,test/L241/Low_Dose/00000097.dcm,130.0,262144,5.662720680236816,1256,2.6645006313445463,19.904458598726116,39.17197452229299,90.92356687898089,100.0,100.0,0,,,,,,,639,2.775660364094288,18.309859154929576,37.8716744913928,88.41940532081377,100.0,100.0,617,2.5493773424837927,21.555915721231766,40.51863857374392,93.51701782820098,100.0,100.0
L241,Abdomen,51,test/L241/Low_Dose/00000101.dcm,130.0,262144,5.696976661682129,1357,2.7174992515659544,18.79145173176124,37.95136330140015,90.49373618275608,100.0,100.0,0,,,,,,,742,2.8093853973635445,18.059299191374663,35.98382749326146,88.40970350404312,100.0,100.0,615,2.606637846163618,19.67479674796748,40.32520325203252,93.00813008130082,100.0,100.0
L241,Abdomen,52,test/L241/Low_Dose/00000085.dcm,130.0,262144,5.703934669494629,1226,2.7388111506550774,18.270799347471453,37.60195758564437,90.1305057096248,100.0,100.0,0,,,,,,,641,2.8606608326833074,16.692667706708267,34.477379095163805,89.0795631825273,100.0,100.0,585,2.6052972255608973,20.0,41.02564102564103,91.28205128205128,100.0,100.0
L241,Abdomen,53,test/L241/Low_Dose/00000143.dcm,130.0,262144,5.692431926727295,1198,2.7558259534119367,18.697829716193656,36.56093489148581,91.56928213689483,100.0,100.0,0,,,,,,,629,2.860141190133148,16.216216216216218,34.65818759936407,90.14308426073131,100.0,100.0,569,2.6405108674758346,21.441124780316343,38.66432337434095,93.14586994727593,100.0,100.0
L241,Abdomen,54,test/L241/Low_Dose/00000139.dcm,130.0,262144,5.7052531242370605,1038,2.8191607113288777,18.786127167630056,34.296724470134876,89.88439306358381,100.0,100.0,0,,,,,,,522,2.8612684929507903,17.049808429118773,34.48275862068966,90.22988505747126,100.0,100.0,516,2.7765633043392683,20.54263565891473,34.10852713178294,89.53488372093024,100.0,100.0
L241,Abdomen,55,test/L241/Low_Dose/00000142.dcm,130.0,262144,5.7122602462768555,940,2.8331153382646277,17.76595744680851,34.255319148936174,89.04255319148936,100.0,100.0,0,,,,,,,509,2.971016334878438,15.717092337917485,30.25540275049116,88.40864440078586,100.0,100.0,431,2.6702574975529294,20.185614849187935,38.97911832946636,89.79118329466357,100.0,100.0
L241,Abdomen,56,test/L241/Low_Dose/00000117.dcm,130.0,262144,5.7041916847229,889,2.8883895616563553,14.173228346456693,32.62092238470191,89.08886389201349,100.0,100.0,0,,,,,,,467,2.965293606547778,12.633832976445396,32.11991434689507,87.15203426124197,100.0,100.0,422,2.8032848484708235,15.876777251184834,33.175355450236964,91.23222748815166,100.0,100.0
L241,Abdomen,57,test/L241/Low_Dose/00000148.dcm,130.0,262144,5.700290203094482,768,2.934878349304199,16.276041666666668,34.505208333333336,85.41666666666667,100.0,100.0,0,,,,,,,435,2.9827490795617817,16.7816091954023,32.41379310344828,84.82758620689656,100.0,100.0,333,2.8723445124812312,15.615615615615615,37.23723723723724,86.18618618618619,100.0,100.0
L241,Abdomen,58,test/L241/Low_Dose/00000008.dcm,130.0,262144,5.730688095092773,684,2.9072858130025585,16.228070175438596,32.748538011695906,87.86549707602339,100.0,100.0,0,,,,,,,392,3.028553865393814,14.540816326530612,29.081632653061224,87.75510204081633,100.0,100.0,292,2.744487605682791,18.493150684931507,37.67123287671233,88.01369863013699,100.0,100.0
L241,Abdomen,59,test/L241/Low_Dose/00000134.dcm,130.0,262144,5.753122806549072,485,2.7890212226159794,19.38144329896907,37.31958762886598,88.24742268041237,100.0,100.0,0,,,,,,,280,2.9531624930245535,15.714285714285714,31.428571428571427,85.71428571428571,100.0,100.0,205,2.5648282679115852,24.390243902439025,45.36585365853659,91.70731707317073,100.0,100.0
L241,Abdomen,60,test/L241/Low_Dose/00000144.dcm,130.0,262144,5.745538711547852,443,2.997764707957111,16.252821670428894,31.151241534988714,87.13318284424379,100.0,100.0,0,,,,,,,255,3.0678471583946076,15.686274509803921,30.19607843137255,87.05882352941177,100.0,100.0,188,2.9027060650764627,17.02127659574468,32.4468085106383,87.23404255319149,100.0,100.0
L241,Abdomen,61,test/L241/Low_Dose/00000004.dcm,130.0,262144,5.717113018035889,427,2.8489990234375,16.627634660421545,32.78688524590164,89.69555035128806,100.0,100.0,0,,,,,,,261,2.9336297630806993,13.026819923371647,29.118773946360154,89.65517241379311,100.0,100.0,166,2.715935029179217,22.289156626506024,38.55421686746988,89.75903614457832,100.0,100.0
L241,Abdomen,62,test/L241/Low_Dose/00000111.dcm,130.0,262144,5.673755645751953,397,2.7584179318521724,17.632241813602015,35.51637279596977,89.92443324937028,100.0,100.0,0,,,,,,,240,2.732927449544271,19.583333333333332,37.916666666666664,88.75,100.0,100.0,157,2.7973842742336785,14.64968152866242,31.84713375796178,91.71974522292993,100.0,100.0
L241,Abdomen,63,test/L241/Low_Dose/00000050.dcm,130.0,262144,5.6354217529296875,366,2.8610432942708335,17.759562841530055,32.240437158469945,90.43715846994536,100.0,100.0,0,,,,,,,219,3.0013806765482305,16.894977168949772,29.22374429223744,88.12785388127854,100.0,100.0,147,2.651969234959609,19.047619047619047,36.734693877551024,93.87755102040816,100.0,100.0
L241,Abdomen,64,test/L241/Low_Dose/00000104.dcm,130.0,262144,5.585110664367676,337,2.78967393824184,17.80415430267062,37.0919881305638,89.61424332344214,100.0,100.0,0,,,,,,,204,2.761068306717218,19.607843137254903,35.78431372549019,92.15686274509804,100.0,100.0,133,2.8335502452420114,15.037593984962406,39.097744360902254,85.71428571428571,100.0,100.0
L241,Abdomen,65,test/L241/Low_Dose/00000064.dcm,130.0,262144,5.522861957550049,355,2.8661253163512326,15.492957746478874,30.704225352112676,91.83098591549296,100.0,100.0,0,,,,,,,212,2.95736348853921,15.09433962264151,31.132075471698112,89.15094339622641,100.0,100.0,143,2.7308631310096154,16.083916083916083,30.06993006993007,95.8041958041958,100.0,100.0
L241,Abdomen,66,test/L241/Low_Dose/00000020.dcm,130.0,262144,5.478708744049072,281,2.6504114768683276,20.640569395017792,40.569395017793596,94.30604982206405,100.0,100.0,0,,,,,,,171,2.827548913788377,17.54385964912281,36.8421052631579,92.98245614035088,100.0,100.0,110,2.375043279474432,25.454545454545453,46.36363636363637,96.36363636363636,100.0,100.0
L241,Abdomen,67,test/L241/Low_Dose/00000146.dcm,130.0,262144,5.45402193069458,255,2.8293993183210784,18.431372549019606,33.72549019607843,90.19607843137256,100.0,100.0,0,,,,,,,149,2.9134169200922817,16.778523489932887,32.88590604026846,89.93288590604027,100.0,100.0,106,2.7112991045106134,20.754716981132077,34.905660377358494,90.56603773584905,100.0,100.0
L241,Abdomen,68,test/L241/Low_Dose/00000049.dcm,130.0,262144,5.433181285858154,325,2.665035682091346,19.692307692307693,36.92307692307692,94.15384615384616,100.0,100.0,0,,,,,,,199,2.6562279169283918,19.09547738693467,35.678391959798994,93.46733668341709,100.0,100.0,126,2.6789463588169644,20.634920634920636,38.888888888888886,95.23809523809524,100.0,100.0
L241,Abdomen,69,test/L241/Low_Dose/00000110.dcm,130.0,262144,5.430817127227783,283,2.662849561064488,18.72791519434629,37.80918727915194,96.81978798586573,100.0,100.0,0,,,,,,,167,2.7745134730538923,14.37125748502994,35.32934131736527,95.80838323353294,100.0,100.0,116,2.5020920325969827,25.0,41.37931034482759,98.27586206896552,100.0,100.0
L241,Abdomen,70,test/L241/Low_Dose/00000119.dcm,130.0,262144,5.416573524475098,275,2.7225066583806816,17.818181818181817,34.18181818181818,96.36363636363636,100.0,100.0,0,,,,,,,170,2.869061638327206,16.470588235294116,30.58823529411765,95.88235294117646,100.0,100.0,105,2.4852271670386905,20.0,40.0,97.14285714285714,100.0,100.0
L241,Abdomen,71,test/L241/Low_Dose/00000100.dcm,130.0,262144,5.426619052886963,230,2.7481477156929346,15.217391304347826,35.21739130434783,93.04347826086956,100.0,100.0,0,,,,,,,133,2.747902776961936,15.789473684210526,33.08270676691729,93.98496240601504,100.0,100.0,97,2.748483559519974,14.43298969072165,38.144329896907216,91.75257731958763,100.0,100.0
L241,Abdomen,72,test/L241/Low_Dose/00000105.dcm,130.0,262144,5.407746315002441,281,2.666620763595418,17.437722419928825,36.654804270462634,93.95017793594306,100.0,100.0,0,,,,,,,164,2.6393053008288874,18.902439024390244,37.80487804878049,95.73170731707317,100.0,100.0,117,2.7049091045673075,15.384615384615385,35.042735042735046,91.45299145299145,100.0,100.0
L241,Abdomen,73,test/L241/Low_Dose/00000118.dcm,130.0,262144,5.3642473220825195,286,2.6827623060533217,16.783216783216783,34.96503496503497,96.15384615384616,100.0,100.0,0,,,,,,,165,2.870103870738636,14.545454545454545,30.303030303030305,94.54545454545455,100.0,100.0,121,2.4272965360278924,19.834710743801654,41.32231404958678,98.34710743801652,100.0,100.0
L241,Abdomen,74,test/L241/Low_Dose/00000007.dcm,130.0,262144,5.343693256378174,272,2.5351154102998623,20.220588235294116,44.11764705882353,95.22058823529412,100.0,100.0,0,,,,,,,164,2.667011540110518,16.463414634146343,40.853658536585364,95.73170731707317,100.0,100.0,108,2.3348286946614585,25.925925925925927,49.074074074074076,94.44444444444444,100.0,100.0
L241,Abdomen,75,test/L241/Low_Dose/00000086.dcm,130.0,262144,5.323410511016846,219,2.8035409309003994,16.894977168949772,33.789954337899545,95.4337899543379,100.0,100.0,0,,,,,,,132,2.925209738991477,13.636363636363637,29.545454545454547,94.6969696969697,100.0,100.0,87,2.618939980693247,21.839080459770116,40.229885057471265,96.55172413793103,100.0,100.0
L241,Abdomen,76,test/L241/Low_Dose/00000089.dcm,130.0,262144,5.320528030395508,238,2.777049858029149,17.647058823529413,32.773109243697476,96.63865546218487,100.0,100.0,0,,,,,,,139,2.946237248482464,13.66906474820144,26.618705035971225,96.40287769784173,100.0,100.0,99,2.5395039259785355,23.232323232323232,41.41414141414141,96.96969696969697,100.0,100.0
L241,Abdomen,77,test/L241/Low_Dose/00000040.dcm,130.0,262144,5.266879558563232,367,2.6408970804240464,19.07356948228883,38.14713896457766,95.91280653950953,100.0,100.0,0,,,,,,,206,2.672152917361954,18.446601941747574,39.320388349514566,95.14563106796116,100.0,100.0,161,2.600905139994177,19.875776397515526,36.64596273291925,96.8944099378882,100.0,100.0
L241,Abdomen,78,test/L241/Low_Dose/00000045.dcm,130.0,262144,5.270127773284912,433,2.688941444590791,18.937644341801384,36.72055427251732,94.91916859122402,100.0,100.0,0,,,,,,,249,2.7878741528614457,15.662650602409638,33.734939759036145,95.9839357429719,100.0,100.0,184,2.555059681768003,23.369565217391305,40.76086956521739,93.47826086956522,100.0,100.0
L241,Abdomen,79,test/L241/Low_Dose/00000072.dcm,130.0,262144,5.242726802825928,456,2.7798202246950385,17.32456140350877,32.675438596491226,95.6140350877193,100.0,100.0,0,,,,,,,271,2.933932033412131,14.022140221402214,29.88929889298893,94.8339483394834,100.0,100.0,185,2.5540672508445947,22.16216216216216,36.75675675675676,96.75675675675676,100.0,100.0
L241,Abdomen,80,test/L241/Low_Dose/00000017.dcm,130.0,262144,5.224356651306152,480,2.5857777913411457,20.208333333333332,37.083333333333336,96.875,100.0,100.0,0,,,,,,,270,2.680321361400463,18.88888888888889,32.96296296296296,97.77777777777777,100.0,100.0,210,2.4642217726934526,21.904761904761905,42.38095238095238,95.71428571428571,100.0,100.0
L241,Abdomen,81,test/L241/Low_Dose/00000135.dcm,130.0,262144,5.214885234832764,382,2.605329423674738,20.157068062827225,34.81675392670157,96.33507853403141,100.0,100.0,0,,,,,,,220,2.6091103293678977,18.181818181818183,33.18181818181818,95.9090909090909,100.0,100.0,162,2.6001948603877314,22.839506172839506,37.03703703703704,96.91358024691358,100.0,100.0
L241,Abdomen,82,test/L241/Low_Dose/00000053.dcm,130.0,262144,5.1997857093811035,374,2.596871605531417,20.053475935828878,35.82887700534759,97.32620320855615,100.0,100.0,0,,,,,,,212,2.6772743081146815,18.867924528301888,33.0188679245283,95.75471698113208,100.0,100.0,162,2.4916532540027005,21.604938271604937,39.50617283950617,99.38271604938272,100.0,100.0
L241,Abdomen,83,test/L241/Low_Dose/00000036.dcm,130.0,262144,5.185876369476318,411,2.368295340062348,22.871046228710462,43.552311435523116,97.08029197080292,100.0,100.0,0,,,,,,,231,2.4071710759943183,21.645021645021647,42.857142857142854,96.96969696969697,100.0,100.0,180,2.318404812282986,24.444444444444443,44.44444444444444,97.22222222222223,100.0,100.0
L241,Abdomen,84,test/L241/Low_Dose/00000001.dcm,130.0,262144,5.130858421325684,405,2.532006534529321,18.02469135802469,40.74074074074074,100.0,100.0,100.0,0,,,,,,,228,2.6042180646929824,14.912280701754385,38.1578947368421,100.0,100.0,100.0,177,2.4389882922846047,22.033898305084747,44.067796610169495,100.0,100.0,100.0
L241,Abdomen,85,test/L241/Low_Dose/00000037.dcm,130.0,262144,5.099401950836182,475,2.6466421669407896,17.263157894736842,35.578947368421055,99.78947368421052,100.0,100.0,0,,,,,,,301,2.692431478405316,17.940199335548172,33.88704318936877,100.0,100.0,100.0,174,2.567431921246408,16.091954022988507,38.50574712643678,99.42528735632185,100.0,100.0
L241,Abdomen,86,test/L241/Low_Dose/00000126.dcm,130.0,262144,5.074180603027344,539,2.501945198356331,18.181818181818183,38.5899814471243,100.0,100.0,100.0,0,,,,,,,302,2.579381273282285,17.880794701986755,37.086092715231786,100.0,100.0,100.0,237,2.403271381362078,18.565400843881857,40.50632911392405,100.0,100.0,100.0
L241,Abdomen,87,test/L241/Low_Dose/00000060.dcm,130.0,262144,5.058742046356201,526,2.520696951862524,19.581749049429657,40.3041825095057,100.0,100.0,100.0,0,,,,,,,286,2.541582867815778,19.23076923076923,40.20979020979021,100.0,100.0,100.0,240,2.495807902018229,20.0,40.416666666666664,100.0,100.0,100.0
L241,Abdomen,88,test/L241/Low_Dose/00000077.dcm,130.0,262144,5.049803733825684,579,2.5874483045930483,16.580310880829014,37.82383419689119,100.0,100.0,100.0,0,,,,,,,330,2.6038651899857954,16.363636363636363,36.96969696969697,100.0,100.0,100.0,249,2.5656909866026605,16.867469879518072,38.95582329317269,100.0,100.0,100.0
L241,Abdomen,89,test/L241/Low_Dose/00000063.dcm,130.0,262144,5.076590538024902,541,2.5679530004476665,19.963031423290204,39.00184842883549,100.0,100.0,100.0,0,,,,,,,300,2.7461665852864585,17.666666666666668,35.666666666666664,100.0,100.0,100.0,241,2.34611036371888,22.821576763485478,43.15352697095436,100.0,100.0,100.0
L241,Abdomen,90,test/L241/Low_Dose/00000030.dcm,130.0,262144,5.104937553405762,564,2.6936652000914227,18.085106382978722,35.815602836879435,99.29078014184397,100.0,100.0,0,,,,,,,302,2.8075496850424253,17.549668874172184,33.443708609271525,98.67549668874172,100.0,100.0,262,2.5623937708730917,18.702290076335878,38.54961832061068,100.0,100.0,100.0
L241,Abdomen,91,test/L241/Low_Dose/00000087.dcm,130.0,262144,5.115006923675537,503,2.615745225910164,17.09741550695825,37.97216699801193,99.6023856858847,100.0,100.0,0,,,,,,,278,2.6922387870953237,16.546762589928058,33.093525179856115,99.64028776978417,100.0,100.0,225,2.5212331814236113,17.77777777777778,44.0,99.55555555555556,100.0,100.0
L241,Abdomen,92,test/L241/Low_Dose/00000035.dcm,130.0,262144,5.127101898193359,489,2.6414904760192996,17.177914110429448,34.56032719836401,99.38650306748467,100.0,100.0,0,,,,,,,291,2.797070480294244,13.745704467353951,30.240549828178693,99.3127147766323,100.0,100.0,198,2.4128350151909723,22.22222222222222,40.90909090909091,99.4949494949495,100.0,100.0
L241,Abdomen,93,test/L241/Low_Dose/00000062.dcm,130.0,262144,5.1452813148498535,377,2.5910939183728448,16.71087533156499,36.87002652519894,99.73474801061008,100.0,100.0,0,,,,,,,238,2.669692608488708,15.546218487394958,34.87394957983193,99.5798319327731,100.0,100.0,139,2.4565148662320144,18.705035971223023,40.28776978417266,100.0,100.0,100.0
L241,Abdomen,94,test/L241/Low_Dose/00000042.dcm,130.0,262144,5.1607770919799805,444,2.555269258516329,20.045045045045047,37.387387387387385,98.64864864864865,100.0,100.0,0,,,,,,,259,2.619460647170608,18.91891891891892,37.45173745173745,98.06949806949807,100.0,100.0,185,2.4654013144003377,21.62162162162162,37.2972972972973,99.45945945945945,100.0,100.0
L241,Abdomen,95,test/L241/Low_Dose/00000048.dcm,130.0,262144,5.181858062744141,453,2.456609528059465,21.41280353200883,41.94260485651214,97.7924944812362,100.0,100.0,0,,,,,,,256,2.6264352798461914,17.1875,35.546875,97.265625,100.0,100.0,197,2.2359222567020938,26.903553299492387,50.253807106598984,98.4771573604061,100.0,100.0
L241,Abdomen,96,test/L241/Low_Dose/00000010.dcm,130.0,262144,5.187623023986816,421,2.46292078013658,18.052256532066508,41.80522565320665,97.86223277909738,100.0,100.0,0,,,,,,,220,2.6442638050426135,15.454545454545455,36.81818181818182,97.27272727272727,100.0,100.0,201,2.2644358772543534,20.895522388059703,47.2636815920398,98.50746268656717,100.0,100.0
L241,Abdomen,97,test/L241/Low_Dose/00000028.dcm,130.0,262144,5.219452381134033,375,2.5920641276041665,20.0,40.0,96.8,100.0,100.0,0,,,,,,,203,2.5865779181419337,18.7192118226601,41.87192118226601,97.53694581280789,100.0,100.0,172,2.5985391306322674,21.511627906976745,37.7906976744186,95.93023255813954,100.0,100.0
L241,Abdomen,98,test/L241/Low_Dose/00000061.dcm,130.0,262144,5.242105484008789,378,2.6140508096684854,16.402116402116402,37.03703703703704,97.61904761904762,100.0,100.0,0,,,,,,,218,2.65451189793578,16.513761467889907,36.69724770642202,97.24770642201835,100.0,100.0,160,2.5589225769042967,16.25,37.5,98.125,100.0,100.0
L241,Abdomen,99,test/L241/Low_Dose/00000140.dcm,130.0,262144,5.24068021774292,316,2.599510482594937,15.822784810126583,38.29113924050633,96.51898734177215,100.0,100.0,0,,,,,,,191,2.605161337328207,17.277486910994764,36.12565445026178,97.38219895287958,100.0,100.0,125,2.5908759765625,13.6,41.6,95.2,100.0,100.0
L241,Abdomen,100,test/L241/Low_Dose/00000115.dcm,130.0,262144,5.212075233459473,309,2.581591164795712,22.33009708737864,38.51132686084142,97.73462783171522,100.0,100.0,0,,,,,,,158,2.5848203248615507,19.620253164556964,37.34177215189873,96.83544303797468,100.0,100.0,151,2.5782123085678808,25.165562913907284,39.735099337748345,98.67549668874172,100.0,100.0
L241,Abdomen,101,test/L241/Low_Dose/00000012.dcm,130.0,262144,5.162969589233398,298,2.7078726339660233,16.778523489932887,34.56375838926174,97.98657718120805,100.0,100.0,0,,,,,,,188,2.869521770071476,12.23404255319149,31.382978723404257,97.34042553191489,100.0,100.0,110,2.4315995649857953,24.545454545454547,40.0,99.0909090909091,100.0,100.0
L241,Abdomen,102,test/L241/Low_Dose/00000070.dcm,130.0,262144,5.121093273162842,304,2.5261431242290295,19.407894736842106,38.48684210526316,99.01315789473684,100.0,100.0,0,,,,,,,177,2.52760444253178,20.338983050847457,35.59322033898305,99.43502824858757,100.0,100.0,127,2.5241064837598426,18.11023622047244,42.51968503937008,98.4251968503937,100.0,100.0
L241,Abdomen,103,test/L241/Low_Dose/00000151.dcm,130.0,262144,5.089888095855713,326,2.686913613161426,17.791411042944784,34.355828220858896,100.0,100.0,100.0,0,,,,,,,173,2.7505249729046244,16.184971098265898,33.52601156069364,100.0,100.0,100.0,153,2.614987042994281,19.607843137254903,35.294117647058826,100.0,100.0,100.0
L241,Abdomen,104,test/L241/Low_Dose/00000026.dcm,130.0,262144,5.042235374450684,328,2.5150206030868905,20.121951219512194,40.853658536585364,100.0,100.0,100.0,0,,,,,,,194,2.5830474538901416,20.103092783505154,38.65979381443299,100.0,100.0,100.0,134,2.4165339683418843,20.149253731343283,44.02985074626866,100.0,100.0,100.0
L241,Abdomen,105,test/L241/Low_Dose/00000005.dcm,130.0,262144,5.0129475593566895,246,2.721084718781758,16.260162601626018,32.926829268292686,100.0,100.0,100.0,0,,,,,,,122,2.7940143522669056,15.573770491803279,31.9672131147541,100.0,100.0,100.0,124,2.6493313697076615,16.93548387096774,33.87096774193548,100.0,100.0,100.0
L241,Abdomen,106,test/L241/Low_Dose/00000153.dcm,130.0,262144,4.989814281463623,212,2.516136889187795,17.92452830188679,39.15094339622642,100.0,100.0,100.0,0,,,,,,,133,2.488499691611842,17.293233082706767,39.849624060150376,100.0,100.0,100.0,79,2.562665335739715,18.9873417721519,37.9746835443038,100.0,100.0,100.0
L241,Abdomen,107,test/L241/Low_Dose/00000109.dcm,130.0,262144,4.974854469299316,197,2.6112698782519037,16.751269035532996,39.59390862944162,100.0,100.0,100.0,0,,,,,,,128,2.745591163635254,16.40625,35.15625,100.0,100.0,100.0,69,2.3620941604393115,17.391304347826086,47.82608695652174,100.0,100.0,100.0
L241,Abdomen,108,test/L241/Low_Dose/00000092.dcm,130.0,262144,4.9585371017456055,188,2.2807091246259974,26.06382978723404,43.61702127659574,100.0,100.0,100.0,0,,,,,,,125,2.3433251953125,25.6,42.4,100.0,100.0,100.0,63,2.1564708891369047,26.984126984126984,46.03174603174603,100.0,100.0,100.0
L241,Abdomen,109,test/L241/Low_Dose/00000069.dcm,130.0,262144,4.9587721824646,184,2.46520531695822,20.652173913043477,42.391304347826086,100.0,100.0,100.0,0,,,,,,,107,2.3999388507593458,21.49532710280374,42.99065420560748,100.0,100.0,100.0,77,2.555900276481331,19.48051948051948,41.55844155844156,100.0,100.0,100.0
L241,Abdomen,110,test/L241/Low_Dose/00000056.dcm,130.0,262144,4.974849224090576,182,2.441428383628091,26.373626373626372,37.91208791208791,100.0,100.0,100.0,0,,,,,,,110,2.5519830877130683,22.727272727272727,34.54545454545455,100.0,100.0,100.0,72,2.272525363498264,31.944444444444443,43.05555555555556,100.0,100.0,100.0
L241,Abdomen,111,test/L241/Low_Dose/00000002.dcm,130.0,262144,5.002894878387451,165,2.3614095052083335,20.606060606060606,44.84848484848485,100.0,100.0,100.0,0,,,,,,,92,2.487879214079484,18.47826086956522,43.47826086956522,100.0,100.0,100.0,73,2.2020230227953768,23.28767123287671,46.57534246575342,100.0,100.0,100.0
L241,Abdomen,112,test/L241/Low_Dose/00000145.dcm,130.0,262144,4.998972415924072,150,2.5743587239583334,17.333333333333332,43.333333333333336,100.0,100.0,100.0,0,,,,,,,88,2.4868885387073862,19.318181818181817,48.86363636363637,100.0,100.0,100.0,62,2.698509954637097,14.516129032258064,35.483870967741936,100.0,100.0,100.0
L241,Abdomen,113,test/L241/Low_Dose/00000125.dcm,130.0,262144,4.977177619934082,168,2.569159371512277,21.428571428571427,35.11904761904762,100.0,100.0,100.0,0,,,,,,,111,2.747433224239865,16.216216216216218,30.63063063063063,100.0,100.0,100.0,57,2.221994500411184,31.57894736842105,43.85964912280702,100.0,100.0,100.0
L241,Abdomen,114,test/L241/Low_Dose/00000019.dcm,130.0,262144,4.95839262008667,170,2.544833553538603,17.647058823529413,35.294117647058826,100.0,100.0,100.0,0,,,,,,,107,2.6437897013726634,16.822429906542055,32.71028037383178,100.0,100.0,100.0,63,2.3767651754712302,19.047619047619047,39.682539682539684,100.0,100.0,100.0
L241,Abdomen,115,test/L241/Low_Dose/00000013.dcm,130.0,262144,4.960598468780518,190,2.444973273026316,16.842105263157894,35.78947368421053,100.0,100.0,100.0,0,,,,,,,116,2.567456475619612,16.379310344827587,32.758620689655174,100.0,100.0,100.0,74,2.2529725770692566,17.56756756756757,40.54054054054054,100.0,100.0,100.0
L241,Abdomen,116,test/L241/Low_Dose/00000052.dcm,130.0,262144,4.945046901702881,227,2.5295921023196586,14.977973568281937,36.12334801762115,100.0,100.0,100.0,0,,,,,,,124,2.6526331747731855,16.129032258064516,32.25806451612903,100.0,100.0,100.0,103,2.3814649859678396,13.592233009708737,40.77669902912621,100.0,100.0,100.0
L241,Abdomen,117,test/L241/Low_Dose/00000025.dcm,130.0,262144,4.9162187576293945,253,2.5151709756361167,18.57707509881423,34.78260869565217,100.0,100.0,100.0,0,,,,,,,157,2.5327031809812897,17.8343949044586,33.75796178343949,100.0,100.0,100.0,96,2.4864985148111978,19.791666666666668,36.458333333333336,100.0,100.0,100.0
L241,Abdomen,118,test/L241/Low_Dose/00000131.dcm,130.0,262144,4.867815017700195,202,2.3899221892404086,21.782178217821784,40.0990099009901,100.0,100.0,100.0,0,,,,,,,114,2.346914190995066,19.29824561403509,42.10526315789474,100.0,100.0,100.0,88,2.4456370960582388,25.0,37.5,100.0,100.0,100.0
L241,Abdomen,119,test/L241/Low_Dose/00000120.dcm,130.0,262144,4.82549524307251,198,2.540582213738952,20.2020202020202,38.888888888888886,100.0,100.0,100.0,0,,,,,,,114,2.5470987955729165,17.54385964912281,39.473684210526315,100.0,100.0,100.0,84,2.53173828125,23.80952380952381,38.095238095238095,100.0,100.0,100.0
L241,Abdomen,120,test/L241/Low_Dose/00000108.dcm,130.0,262144,4.7901716232299805,170,2.3970473345588235,21.764705882352942,43.529411764705884,100.0,100.0,100.0,0,,,,,,,85,2.444341681985294,18.823529411764707,40.0,100.0,100.0,100.0,85,2.349752987132353,24.705882352941178,47.05882352941177,100.0,100.0,100.0
L241,Abdomen,121,test/L241/Low_Dose/00000031.dcm,130.0,262144,4.752929210662842,162,2.323192455150463,22.22222222222222,45.06172839506173,100.0,100.0,100.0,0,,,,,,,94,2.295221856299867,22.340425531914892,44.680851063829785,100.0,100.0,100.0,68,2.3618576947380516,22.058823529411764,45.588235294117645,100.0,100.0,100.0
L241,Abdomen,122,test/L241/Low_Dose/00000044.dcm,130.0,262144,4.723234176635742,197,2.2395657766894037,27.918781725888326,47.71573604060914,100.0,100.0,100.0,0,,,,,,,116,2.2785686624461206,24.137931034482758,48.275862068965516,100.0,100.0,100.0,81,2.1837097921489197,33.333333333333336,46.91358024691358,100.0,100.0,100.0
L241,Abdomen,123,test/L241/Low_Dose/00000034.dcm,130.0,262144,4.699891090393066,173,2.2730324805816475,20.809248554913296,45.08670520231214,100.0,100.0,100.0,0,,,,,,,91,2.400027096926511,17.582417582417584,40.65934065934066,100.0,100.0,100.0,82,2.132099430735518,24.390243902439025,50.0,100.0,100.0,100.0
L241,Abdomen,124,test/L241/Low_Dose/00000149.dcm,130.0,262144,4.683681488037109,219,2.1825508570562215,22.374429223744293,47.03196347031963,100.0,100.0,100.0,0,,,,,,,118,2.2353650109242587,19.491525423728813,44.067796610169495,100.0,100.0,100.0,101,2.120847192141089,25.742574257425744,50.495049504950494,100.0,100.0,100.0
L241,Abdomen,125,test/L241/Low_Dose/00000021.dcm,130.0,262144,4.6592488288879395,189,2.3211824931795637,22.22222222222222,44.44444444444444,100.0,100.0,100.0,0,,,,,,,102,2.2910347732843137,23.529411764705884,46.07843137254902,100.0,100.0,100.0,87,2.3565280958153734,20.689655172413794,42.52873563218391,100.0,100.0,100.0
L241,Abdomen,126,test/L241/Low_Dose/00000136.dcm,130.0,262144,4.583149433135986,270,2.2253318504050927,21.48148148148148,47.407407407407405,100.0,100.0,100.0,0,,,,,,,139,2.322433361904227,22.302158273381295,43.884892086330936,100.0,100.0,100.0,131,2.1223004756083017,20.610687022900763,51.14503816793893,100.0,100.0,100.0
L241,Abdomen,127,test/L241/Low_Dose/00000094.dcm,130.0,262144,4.508002758026123,265,2.2845643241450473,19.245283018867923,43.0188679245283,100.0,100.0,100.0,0,,,,,,,123,2.2781019753556913,16.260162601626018,41.46341463414634,100.0,100.0,100.0,142,2.290161992462588,21.830985915492956,44.36619718309859,100.0,100.0,100.0
L241,Abdomen,128,test/L241/Low_Dose/00000133.dcm,130.0,262144,4.426867961883545,227,2.218577380747522,25.991189427312776,44.93392070484582,100.0,100.0,100.0,0,,,,,,,121,2.2218713681559916,26.446280991735538,44.62809917355372,100.0,100.0,100.0,106,2.214817263045401,25.471698113207548,45.283018867924525,100.0,100.0,100.0
L241,Abdomen,129,test/L241/Low_Dose/00000082.dcm,130.0,262144,4.337402820587158,227,1.99784629250413,29.515418502202643,49.779735682819386,100.0,100.0,100.0,0,,,,,,,130,2.0612623948317306,30.76923076923077,46.15384615384615,100.0,100.0,100.0,97,1.9128556399001289,27.835051546391753,54.63917525773196,100.0,100.0,100.0
L241,Abdomen,130,test/L241/Low_Dose/00000090.dcm,130.0,262144,4.243056297302246,190,2.0235178094161186,24.736842105263158,52.63157894736842,100.0,100.0,100.0,0,,,,,,,111,2.0419415998029278,24.324324324324323,54.054054054054056,100.0,100.0,100.0,79,1.9976312178599684,25.31645569620253,50.63291139240506,100.0,100.0,100.0
L241,Abdomen,131,test/L241/Low_Dose/00000018.dcm,130.0,262144,4.188472270965576,146,2.1401576212007707,26.71232876712329,45.205479452054796,100.0,100.0,100.0,0,,,,,,,84,2.0523841494605657,32.142857142857146,44.04761904761905,100.0,100.0,100.0,62,2.2590765183971775,19.35483870967742,46.774193548387096,100.0,100.0,100.0
L241,Abdomen,132,test/L241/Low_Dose/00000074.dcm,130.0,262144,4.16717004776001,132,1.9932972301136365,23.484848484848484,50.0,100.0,100.0,100.0,0,,,,,,,85,2.059228515625,23.529411764705884,45.88235294117647,100.0,100.0,100.0,47,1.8740597988696808,23.404255319148938,57.4468085106383,100.0,100.0,100.0
L241,Abdomen,133,test/L241/Low_Dose/00000022.dcm,130.0,262144,4.111449241638184,149,2.2871921206480703,18.120805369127517,39.59731543624161,100.0,100.0,100.0,0,,,,,,,86,2.2730088344840116,18.6046511627907,43.02325581395349,100.0,100.0,100.0,63,2.306553431919643,17.46031746031746,34.92063492063492,100.0,100.0,100.0
L241,Abdomen,134,test/L241/Low_Dose/00000080.dcm,130.0,262144,4.074125289916992,151,1.800683432067467,25.827814569536425,61.58940397350993,100.0,100.0,100.0,0,,,,,,,83,1.8551907826618976,24.096385542168676,61.44578313253012,100.0,100.0,100.0,68,1.734152401194853,27.941176470588236,61.76470588235294,100.0,100.0,100.0
L241,Abdomen,135,test/L241/Low_Dose/00000066.dcm,130.0,262144,3.986680030822754,115,1.9465225883152173,20.869565217391305,54.78260869565217,100.0,100.0,100.0,0,,,,,,,63,2.061004154265873,23.80952380952381,47.61904761904762,100.0,100.0,100.0,52,1.8078237680288463,17.307692307692307,63.46153846153846,100.0,100.0,100.0
L241,Abdomen,136,test/L241/Low_Dose/00000081.dcm,130.0,262144,3.951218843460083,116,1.9485757761988147,23.275862068965516,54.310344827586206,100.0,100.0,100.0,0,,,,,,,59,2.0596985897775424,15.254237288135593,50.847457627118644,100.0,100.0,100.0,57,1.8335539165296053,31.57894736842105,57.89473684210526,100.0,100.0,100.0
L241,Abdomen,137,test/L241/Low_Dose/00000123.dcm,130.0,262144,3.9521565437316895,105,1.7988071986607144,29.523809523809526,56.19047619047619,100.0,100.0,100.0,0,,,,,,,57,1.8827054207785088,28.07017543859649,52.63157894736842,100.0,100.0,100.0,48,1.6991780598958333,31.25,60.416666666666664,100.0,100.0,100.0
L241,Abdomen,138,test/L241/Low_Dose/00000016.dcm,130.0,262144,3.9236958026885986,86,1.790332882903343,25.58139534883721,59.30232558139535,100.0,100.0,100.0,0,,,,,,,44,1.9306696111505681,22.727272727272727,56.81818181818182,100.0,100.0,100.0,42,1.6433134533110119,28.571428571428573,61.904761904761905,100.0,100.0,100.0
L241,Abdomen,139,test/L241/Low_Dose/00000099.dcm,130.0,262144,3.8771209716796875,98,2.05532151825574,25.510204081632654,45.91836734693877,100.0,100.0,100.0,0,,,,,,,60,2.1351582845052084,25.0,41.666666666666664,100.0,100.0,100.0,38,1.9292634662828947,26.31578947368421,52.63157894736842,100.0,100.0,100.0
L241,Abdomen,140,test/L241/Low_Dose/00000147.dcm,130.0,262144,3.849062919616699,108,2.165985107421875,16.666666666666668,43.51851851851852,100.0,100.0,100.0,0,,,,,,,57,2.2089886581688596,17.54385964912281,45.6140350877193,100.0,100.0,100.0,51,2.117922315410539,15.686274509803921,41.1764705882353,100.0,100.0,100.0
L241,Abdomen,141,test/L241/Low_Dose/00000083.dcm,130.0,262144,3.8384671211242676,105,1.9536783854166666,22.857142857142858,51.42857142857143,100.0,100.0,100.0,0,,,,,,,55,1.8723677201704545,27.272727272727273,50.90909090909091,100.0,100.0,100.0,50,2.0431201171875,18.0,52.0,100.0,100.0,100.0
L241,Abdomen,142,test/L241/Low_Dose/00000129.dcm,130.0,262144,3.8139030933380127,77,1.671794148234578,35.064935064935064,64.93506493506493,100.0,100.0,100.0,0,,,,,,,38,1.667625025699013,39.473684210526315,63.1578947368421,100.0,100.0,100.0,39,1.6758563701923077,30.76923076923077,66.66666666666667,100.0,100.0,100.0
L241,Abdomen,143,test/L241/Low_Dose/00000014.dcm,130.0,262144,3.7850658893585205,79,1.9256978095332278,20.253164556962027,54.43037974683544,100.0,100.0,100.0,0,,,,,,,48,1.97174072265625,20.833333333333332,52.083333333333336,100.0,100.0,100.0,31,1.8544055569556452,19.35483870967742,58.064516129032256,100.0,100.0,100.0
L241,Abdomen,144,test/L241/Low_Dose/00000095.dcm,130.0,262144,3.743368625640869,79,1.7811959182159811,30.379746835443036,59.49367088607595,100.0,100.0,100.0,0,,,,,,,45,1.9919894748263889,31.11111111111111,48.888888888888886,100.0,100.0,100.0,34,1.5022044462316178,29.41176470588235,73.52941176470588,100.0,100.0,100.0
L241,Abdomen,145,test/L241/Low_Dose/00000067.dcm,130.0,262144,3.7036595344543457,60,1.940179443359375,25.0,51.666666666666664,100.0,100.0,100.0,0,,,,,,,37,2.108256572001689,18.91891891891892,48.648648648648646,100.0,100.0,100.0,23,1.6697944972826086,34.78260869565217,56.52173913043478,100.0,100.0,100.0
L241,Abdomen,146,test/L241/Low_Dose/00000116.dcm,130.0,262144,3.670675039291382,45,1.930002170138889,28.88888888888889,46.666666666666664,100.0,100.0,100.0,0,,,,,,,32,1.8343124389648438,37.5,46.875,100.0,100.0,100.0,13,2.165546123798077,7.6923076923076925,46.15384615384615,100.0,100.0,100.0
L241,Abdomen,147,test/L241/Low_Dose/00000043.dcm,130.0,262144,3.635207176208496,38,1.831748560855263,23.68421052631579,55.26315789473684,100.0,100.0,100.0,0,,,,,,,24,2.0193684895833335,20.833333333333332,45.833333333333336,100.0,100.0,100.0,14,1.5101143973214286,28.571428571428573,71.42857142857143,100.0,100.0,100.0
L241,Abdomen,148,test/L241/Low_Dose/00000068.dcm,130.0,262144,3.6049301624298096,41,1.8538848132621952,24.390243902439025,48.78048780487805,100.0,100.0,100.0,0,,,,,,,24,2.07666015625,25.0,41.666666666666664,100.0,100.0,100.0,17,1.5393784466911764,23.529411764705884,58.8235294117647,100.0,100.0,100.0
L241,Abdomen,149,test/L241/Low_Dose/00000106.dcm,130.0,262144,3.5845935344696045,49,1.7980483697385203,30.612244897959183,51.02040816326531,100.0,100.0,100.0,0,,,,,,,34,1.6863690544577206,29.41176470588235,52.94117647058823,100.0,100.0,100.0,15,2.0511881510416665,33.333333333333336,46.666666666666664,100.0,100.0,100.0
L241,Abdomen,150,test/L241/Low_Dose/00000024.dcm,130.0,262144,3.5556352138519287,56,1.6741136823381697,32.142857142857146,58.92857142857143,100.0,100.0,100.0,0,,,,,,,45,1.7217827690972223,28.88888888888889,60.0,100.0,100.0,100.0,11,1.4791037819602273,45.45454545454545,54.54545454545455,100.0,100.0,100.0
L241,Abdomen,151,test/L241/Low_Dose/00000127.dcm,130.0,262144,3.5237584114074707,43,1.9571277707122092,18.6046511627907,53.48837209302326,100.0,100.0,100.0,0,,,,,,,33,2.014896277225379,18.181818181818183,48.484848484848484,100.0,100.0,100.0,10,1.76649169921875,20.0,70.0,100.0,100.0,100.0
L241,Abdomen,152,test/L241/Low_Dose/00000124.dcm,130.0,262144,3.4864916801452637,59,1.8456203654661016,23.728813559322035,52.54237288135593,100.0,100.0,100.0,0,,,,,,,46,1.9409153150475544,21.73913043478261,47.82608695652174,100.0,100.0,100.0,13,1.5084228515625,30.76923076923077,69.23076923076923,100.0,100.0,100.0
L241,Abdomen,153,test/L241/Low_Dose/00000132.dcm,130.0,262144,3.4431955814361572,43,1.9740075399709303,20.930232558139537,44.18604651162791,100.0,100.0,100.0,0,,,,,,,26,2.0278602013221154,19.23076923076923,42.30769230769231,100.0,100.0,100.0,17,1.8916446461397058,23.529411764705884,47.05882352941177,100.0,100.0,100.0
L241,Abdomen,154,test/L241/Low_Dose/00000128.dcm,130.0,262144,3.385793924331665,37,1.864234718116554,18.91891891891892,56.75675675675676,100.0,100.0,100.0,0,,,,,,,23,1.951994522758152,13.043478260869565,52.17391304347826,100.0,100.0,100.0,14,1.7200578962053572,28.571428571428573,64.28571428571429,100.0,100.0,100.0
